symbol,fundingTime,fundingRate,markPrice,datetime
ETHUSDT,1727654400000,6.161e-05,2656.53223485,2024-09-30 00:00:00.000
ETHUSDT,1727683200001,8.62e-05,2636.7,2024-09-30 08:00:00.001
ETHUSDT,1727712000000,0.0001,2595.04,2024-09-30 16:00:00.000
ETHUSDT,1727740800000,0.0001,2601.50855303,2024-10-01 00:00:00.000
ETHUSDT,1727769600000,0.0001,2644.79,2024-10-01 08:00:00.000
ETHUSDT,1727798400001,8.397e-05,2524.43405303,2024-10-01 16:00:00.001
ETHUSDT,1727827200000,0.0001,2447.37462121,2024-10-02 00:00:00.000
ETHUSDT,1727856000000,6.859e-05,2480.93055303,2024-10-02 08:00:00.000
ETHUSDT,1727884800000,0.0001,2459.84993182,2024-10-02 16:00:00.000
ETHUSDT,1727913600000,2.418e-05,2363.05760606,2024-10-03 00:00:00.000
ETHUSDT,1727942400000,4.124e-05,2363.74407576,2024-10-03 08:00:00.000
ETHUSDT,1727971200000,4.621e-05,2339.54,2024-10-03 16:00:00.000
ETHUSDT,1728000000000,5.138e-05,2348.74142424,2024-10-04 00:00:00.000
ETHUSDT,1728028800000,3.739e-05,2380.55,2024-10-04 08:00:00.000
ETHUSDT,1728057600001,3.9e-05,2415.86506061,2024-10-04 16:00:00.001
ETHUSDT,1728086400000,0.0001,2413.38,2024-10-05 00:00:00.000
ETHUSDT,1728115200000,7.909e-05,2414.26390909,2024-10-05 08:00:00.000
ETHUSDT,1728144000000,5.458e-05,2414.17883333,2024-10-05 16:00:00.000
ETHUSDT,1728172800000,9.056e-05,2413.61399687,2024-10-06 00:00:00.000
ETHUSDT,1728201600001,5.234e-05,2416.25,2024-10-06 08:00:00.001
ETHUSDT,1728230400000,3.309e-05,2445.67,2024-10-06 16:00:00.000
ETHUSDT,1728259200000,3.36e-05,2439.00112121,2024-10-07 00:00:00.000
ETHUSDT,1728288000000,9.258e-05,2479.56,2024-10-07 08:00:00.000
ETHUSDT,1728316800001,2.612e-05,2473.23508333,2024-10-07 16:00:00.001
ETHUSDT,1728345600000,6.592e-05,2421.75,2024-10-08 00:00:00.000
ETHUSDT,1728374400000,0.0001,2427.54,2024-10-08 08:00:00.000
ETHUSDT,1728403200000,8.377e-05,2418.43456061,2024-10-08 16:00:00.000
ETHUSDT,1728432000000,0.0001,2439.9455303,2024-10-09 00:00:00.000
ETHUSDT,1728460800000,3.64e-05,2434.91602273,2024-10-09 08:00:00.000
ETHUSDT,1728489600000,0.0001,2460.34,2024-10-09 16:00:00.000
ETHUSDT,1728518400000,6.663e-05,2369.63528997,2024-10-10 00:00:00.000
ETHUSDT,1728547200000,0.0001,2394.70969697,2024-10-10 08:00:00.000
ETHUSDT,1728576000000,0.0001,2403.95,2024-10-10 16:00:00.000
ETHUSDT,1728604800000,0.0001,2385.24,2024-10-11 00:00:00.000
ETHUSDT,1728633600000,9.474e-05,2406.74475758,2024-10-11 08:00:00.000
ETHUSDT,1728662400001,5.977e-05,2443.01857576,2024-10-11 16:00:00.001
ETHUSDT,1728691200000,4.445e-05,2438.46,2024-10-12 00:00:00.000
ETHUSDT,1728720000001,0.0001,2445.52084091,2024-10-12 08:00:00.001
ETHUSDT,1728748800000,7.35e-05,2471.79351515,2024-10-12 16:00:00.000
ETHUSDT,1728777600000,7.928e-05,2475.09,2024-10-13 00:00:00.000
ETHUSDT,1728806400000,3.958e-05,2463.98,2024-10-13 08:00:00.000
ETHUSDT,1728835200000,1.763e-05,2439.30859848,2024-10-13 16:00:00.000
ETHUSDT,1728864000000,6.559e-05,2467.88007576,2024-10-14 00:00:00.000
ETHUSDT,1728892800000,0.0001,2534.75,2024-10-14 08:00:00.000
ETHUSDT,1728921600000,0.0001,2634.95,2024-10-14 16:00:00.000
ETHUSDT,1728950400000,0.0001,2629.02475,2024-10-15 00:00:00.000
ETHUSDT,1728979200000,0.0001,2615.2,2024-10-15 08:00:00.000
ETHUSDT,1729008000000,0.0001,2572.58,2024-10-15 16:00:00.000
ETHUSDT,1729036800000,0.0001,2606.85259091,2024-10-16 00:00:00.000
ETHUSDT,1729065600001,0.0001,2606.13990596,2024-10-16 08:00:00.001
ETHUSDT,1729094400000,0.0001,2606.71,2024-10-16 16:00:00.000
ETHUSDT,1729123200000,0.0001,2610.39,2024-10-17 00:00:00.000
ETHUSDT,1729152000000,0.0001,2627.87656061,2024-10-17 08:00:00.000
ETHUSDT,1729180800001,0.0001,2630.41,2024-10-17 16:00:00.001
ETHUSDT,1729209600010,0.0001,2605.01,2024-10-18 00:00:00.010
ETHUSDT,1729238400001,0.0001,2643.73988245,2024-10-18 08:00:00.001
ETHUSDT,1729267200000,0.0001,2652.12,2024-10-18 16:00:00.000
ETHUSDT,1729296000000,0.0001,2641.11,2024-10-19 00:00:00.000
ETHUSDT,1729324800000,0.0001,2640.05533575,2024-10-19 08:00:00.000
ETHUSDT,1729353600000,0.0001,2644.9637931,2024-10-19 16:00:00.000
ETHUSDT,1729382400000,0.0001,2647.45,2024-10-20 00:00:00.000
ETHUSDT,1729411200000,0.0001,2645.39,2024-10-20 08:00:00.000
ETHUSDT,1729440000000,0.0001,2705.92874242,2024-10-20 16:00:00.000
ETHUSDT,1729468800000,0.0001,2746.99113636,2024-10-21 00:00:00.000
ETHUSDT,1729497600000,0.0001,2722.69,2024-10-21 08:00:00.000
ETHUSDT,1729526400000,0.0001,2680.2,2024-10-21 16:00:00.000
ETHUSDT,1729555200000,0.0001,2666.60318182,2024-10-22 00:00:00.000
ETHUSDT,1729584000000,0.0001,2646.60909091,2024-10-22 08:00:00.000
ETHUSDT,1729612800000,0.0001,2624.00577273,2024-10-22 16:00:00.000
ETHUSDT,1729641600000,0.0001,2621.77483333,2024-10-23 00:00:00.000
ETHUSDT,1729670400000,0.0001,2602.15659875,2024-10-23 08:00:00.000
ETHUSDT,1729699200000,0.0001,2539.59437879,2024-10-23 16:00:00.000
ETHUSDT,1729728000000,0.0001,2523.84,2024-10-24 00:00:00.000
ETHUSDT,1729756800000,0.0001,2544.08723354,2024-10-24 08:00:00.000
ETHUSDT,1729785600000,0.0001,2525.31296212,2024-10-24 16:00:00.000
ETHUSDT,1729814400000,0.0001,2535.40438636,2024-10-25 00:00:00.000
ETHUSDT,1729843200000,0.0001,2483.3,2024-10-25 08:00:00.000
ETHUSDT,1729872000000,0.0001,2524.56563636,2024-10-25 16:00:00.000
ETHUSDT,1729900800000,0.0001,2440.19591693,2024-10-26 00:00:00.000
ETHUSDT,1729929600001,0.0001,2464.72,2024-10-26 08:00:00.001
ETHUSDT,1729958400000,0.0001,2456.86,2024-10-26 16:00:00.000
ETHUSDT,1729987200000,0.0001,2482.04,2024-10-27 00:00:00.000
ETHUSDT,1730016000000,0.0001,2480.12572727,2024-10-27 08:00:00.000
ETHUSDT,1730044800000,0.0001,2501.09,2024-10-27 16:00:00.000
ETHUSDT,1730073600000,0.0001,2507.43,2024-10-28 00:00:00.000
ETHUSDT,1730102400001,0.0001,2511.06,2024-10-28 08:00:00.001
ETHUSDT,1730131200000,0.0001,2500.3,2024-10-28 16:00:00.000
ETHUSDT,1730160000000,0.0001,2566.49,2024-10-29 00:00:00.000
ETHUSDT,1730188800000,0.0001,2612.70363636,2024-10-29 08:00:00.000
ETHUSDT,1730217600004,0.0001,2648.46282576,2024-10-29 16:00:00.004
ETHUSDT,1730246400000,0.0001,2639.28,2024-10-30 00:00:00.000
ETHUSDT,1730275200000,0.0001,2669.43,2024-10-30 08:00:00.000
ETHUSDT,1730304000013,0.0001,2683.58,2024-10-30 16:00:00.013
ETHUSDT,1730332800000,0.0001,2659.36,2024-10-31 00:00:00.000
ETHUSDT,1730361600000,0.0001,2647.04,2024-10-31 08:00:00.000
ETHUSDT,1730390400000,0.0001,2562.98285266,2024-10-31 16:00:00.000
ETHUSDT,1730419200000,0.0001,2518.59175758,2024-11-01 00:00:00.000
ETHUSDT,1730448000000,0.0001,2504.22762879,2024-11-01 08:00:00.000
ETHUSDT,1730476800000,0.0001,2500.03,2024-11-01 16:00:00.000
ETHUSDT,1730505600000,0.0001,2511.6423433,2024-11-02 00:00:00.000
ETHUSDT,1730534400000,0.0001,2507.47772727,2024-11-02 08:00:00.000
ETHUSDT,1730563200000,0.0001,2488.35234848,2024-11-02 16:00:00.000
ETHUSDT,1730592000000,0.0001,2493.71793182,2024-11-03 00:00:00.000
ETHUSDT,1730620800000,0.0001,2449.71112281,2024-11-03 08:00:00.000
ETHUSDT,1730649600000,0.0001,2442.84556818,2024-11-03 16:00:00.000
ETHUSDT,1730678400000,0.0001,2457.33609848,2024-11-04 00:00:00.000
ETHUSDT,1730707200000,0.0001,2458.97773171,2024-11-04 08:00:00.000
ETHUSDT,1730736000000,0.0001,2442.03068939,2024-11-04 16:00:00.000
ETHUSDT,1730764800000,0.0001,2397.69198485,2024-11-05 00:00:00.000
ETHUSDT,1730793600003,0.0001,2442.41237879,2024-11-05 08:00:00.003
ETHUSDT,1730822400001,0.0001,2439.95318182,2024-11-05 16:00:00.001
ETHUSDT,1730851200000,9.511e-05,2421.41,2024-11-06 00:00:00.000
ETHUSDT,1730880000000,0.0001,2594.62043182,2024-11-06 08:00:00.000
ETHUSDT,1730908800000,0.0001,2634.31947727,2024-11-06 16:00:00.000
ETHUSDT,1730937600000,0.0001,2722.59809848,2024-11-07 00:00:00.000
ETHUSDT,1730966400000,0.00014885,2821.55919697,2024-11-07 08:00:00.000
ETHUSDT,1730995200000,0.0001,2848.17,2024-11-07 16:00:00.000
ETHUSDT,1731024000000,0.0001,2895.32496212,2024-11-08 00:00:00.000
ETHUSDT,1731052800000,0.0001,2912.93,2024-11-08 08:00:00.000
ETHUSDT,1731081600000,0.0001,2937.37760188,2024-11-08 16:00:00.000
ETHUSDT,1731110400000,0.0001,2961.99611364,2024-11-09 00:00:00.000
ETHUSDT,1731139200000,0.0001,3030.61,2024-11-09 08:00:00.000
ETHUSDT,1731168000000,0.0001,3041.29,2024-11-09 16:00:00.000
ETHUSDT,1731196800000,0.0001,3127.02,2024-11-10 00:00:00.000
ETHUSDT,1731225600000,0.0001,3186.94784848,2024-11-10 08:00:00.000
ETHUSDT,1731254400000,0.00026708,3212.08415152,2024-11-10 16:00:00.000
ETHUSDT,1731283200001,0.00028976,3185.19,2024-11-11 00:00:00.001
ETHUSDT,1731312000000,0.0001881,3141.41,2024-11-11 08:00:00.000
ETHUSDT,1731340800000,0.00017298,3239.51057576,2024-11-11 16:00:00.000
ETHUSDT,1731369600002,0.00017687,3375.01,2024-11-12 00:00:00.002
ETHUSDT,1731398400000,0.0005762,3371.20585606,2024-11-12 08:00:00.000
ETHUSDT,1731427200000,0.00046001,3263.00402038,2024-11-12 16:00:00.000
ETHUSDT,1731456000000,0.00013607,3245.38177273,2024-11-13 00:00:00.000
ETHUSDT,1731484800010,0.00033556,3162.23196384,2024-11-13 08:00:00.010
ETHUSDT,1731513600000,0.00012894,3312.07,2024-11-13 16:00:00.000
ETHUSDT,1731542400001,0.0001058,3188.9,2024-11-14 00:00:00.001
ETHUSDT,1731571200000,0.0001,3219.52860163,2024-11-14 08:00:00.000
ETHUSDT,1731600000000,0.0001,3079.25,2024-11-14 16:00:00.000
ETHUSDT,1731628800000,0.00013133,3061.03,2024-11-15 00:00:00.000
ETHUSDT,1731657600000,0.00013108,3041.09,2024-11-15 08:00:00.000
ETHUSDT,1731686400000,0.0001,3025.0,2024-11-15 16:00:00.000
ETHUSDT,1731715200001,0.00018215,3091.75,2024-11-16 00:00:00.001
ETHUSDT,1731744000001,0.0001,3108.59,2024-11-16 08:00:00.001
ETHUSDT,1731772800000,0.00011351,3143.18,2024-11-16 16:00:00.000
ETHUSDT,1731801600000,0.0001,3134.03664634,2024-11-17 00:00:00.000
ETHUSDT,1731830400000,0.0001,3138.7166748,2024-11-17 08:00:00.000
ETHUSDT,1731859200001,0.00019685,3088.26,2024-11-17 16:00:00.001
ETHUSDT,1731888000000,0.00019865,3077.96172358,2024-11-18 00:00:00.000
ETHUSDT,1731916800000,0.00031651,3133.17667368,2024-11-18 08:00:00.000
ETHUSDT,1731945600000,0.00019762,3146.4,2024-11-18 16:00:00.000
ETHUSDT,1731974400000,0.00040458,3210.48,2024-11-19 00:00:00.000
ETHUSDT,1732003200000,0.00021234,3120.42,2024-11-19 08:00:00.000
ETHUSDT,1732032000000,0.00015353,3106.47,2024-11-19 16:00:00.000
ETHUSDT,1732060800003,0.00017369,3109.0372439,2024-11-20 00:00:00.003
ETHUSDT,1732089600000,0.00019505,3111.12,2024-11-20 08:00:00.000
ETHUSDT,1732118400000,0.00013619,3131.98,2024-11-20 16:00:00.000
ETHUSDT,1732147200001,0.0001,3070.99,2024-11-21 00:00:00.001
ETHUSDT,1732176000000,0.0001,3139.03,2024-11-21 08:00:00.000
ETHUSDT,1732204800001,0.00020146,3278.67979394,2024-11-21 16:00:00.001
ETHUSDT,1732233600000,0.0003418,3358.68,2024-11-22 00:00:00.000
ETHUSDT,1732262400000,0.00029201,3365.52929545,2024-11-22 08:00:00.000
ETHUSDT,1732291200001,0.00022123,3316.36,2024-11-22 16:00:00.001
ETHUSDT,1732320000000,0.00015103,3329.61233333,2024-11-23 00:00:00.000
ETHUSDT,1732348800000,0.00032558,3343.76475,2024-11-23 08:00:00.000
ETHUSDT,1732377600000,0.00037006,3463.05068182,2024-11-23 16:00:00.000
ETHUSDT,1732406400001,0.00027011,3396.10584091,2024-11-24 00:00:00.001
ETHUSDT,1732435200000,0.00023721,3424.98,2024-11-24 08:00:00.000
ETHUSDT,1732464000000,0.00027264,3296.86402821,2024-11-24 16:00:00.000
ETHUSDT,1732492800000,0.00017259,3362.97,2024-11-25 00:00:00.000
ETHUSDT,1732521600000,0.00023935,3401.66,2024-11-25 08:00:00.000
ETHUSDT,1732550400000,0.00031797,3521.34,2024-11-25 16:00:00.000
ETHUSDT,1732579200000,0.0002448,3416.46168939,2024-11-26 00:00:00.000
ETHUSDT,1732608000000,0.0001227,3396.99,2024-11-26 08:00:00.000
ETHUSDT,1732636800000,0.0001819,3298.08,2024-11-26 16:00:00.000
ETHUSDT,1732665600000,0.00021068,3327.17,2024-11-27 00:00:00.000
ETHUSDT,1732694400000,0.00020895,3426.06,2024-11-27 08:00:00.000
ETHUSDT,1732723200001,0.00015706,3554.42,2024-11-27 16:00:00.001
ETHUSDT,1732752000000,0.00015948,3655.59450758,2024-11-28 00:00:00.000
ETHUSDT,1732780800000,0.0001647,3594.47405303,2024-11-28 08:00:00.000
ETHUSDT,1732809600000,0.0001,3542.64016667,2024-11-28 16:00:00.000
ETHUSDT,1732838400000,0.0001,3581.44333072,2024-11-29 00:00:00.000
ETHUSDT,1732867200000,0.00015354,3547.16385606,2024-11-29 08:00:00.000
ETHUSDT,1732896000000,0.0001,3615.2,2024-11-29 16:00:00.000
ETHUSDT,1732924800000,0.00017097,3594.51,2024-11-30 00:00:00.000
ETHUSDT,1732953600000,0.0002474,3705.28774242,2024-11-30 08:00:00.000
ETHUSDT,1732982400000,0.00012425,3676.6,2024-11-30 16:00:00.000
ETHUSDT,1733011200000,0.00011863,3705.41968182,2024-12-01 00:00:00.000
ETHUSDT,1733040000000,0.00013737,3704.67849242,2024-12-01 08:00:00.000
ETHUSDT,1733068800000,0.00015064,3730.99,2024-12-01 16:00:00.000
ETHUSDT,1733097600001,0.00036131,3711.24,2024-12-02 00:00:00.001
ETHUSDT,1733126400001,0.0002931,3669.22102273,2024-12-02 08:00:00.001
ETHUSDT,1733155200000,0.00028383,3674.54,2024-12-02 16:00:00.000
ETHUSDT,1733184000000,0.00026464,3646.27,2024-12-03 00:00:00.000
ETHUSDT,1733212800000,0.00034689,3619.6,2024-12-03 08:00:00.000
ETHUSDT,1733241600000,0.00014297,3573.61879545,2024-12-03 16:00:00.000
ETHUSDT,1733270400000,0.00018732,3616.78947727,2024-12-04 00:00:00.000
ETHUSDT,1733299200000,0.00015899,3717.78,2024-12-04 08:00:00.000
ETHUSDT,1733328000000,0.00019842,3824.29992424,2024-12-04 16:00:00.000
ETHUSDT,1733356800001,0.00023652,3841.13,2024-12-05 00:00:00.001
ETHUSDT,1733385600000,0.00049482,3852.64968182,2024-12-05 08:00:00.000
ETHUSDT,1733414400000,0.00031177,3890.4,2024-12-05 16:00:00.000
ETHUSDT,1733443200000,0.00014294,3787.3,2024-12-06 00:00:00.000
ETHUSDT,1733472000000,0.0002554,3896.68563636,2024-12-06 08:00:00.000
ETHUSDT,1733500800000,0.0002635,3996.27962121,2024-12-06 16:00:00.000
ETHUSDT,1733529600000,0.0003059,4001.74286364,2024-12-07 00:00:00.000
ETHUSDT,1733558400000,0.00024299,3989.09,2024-12-07 08:00:00.000
ETHUSDT,1733587200000,0.00023099,4007.67,2024-12-07 16:00:00.000
ETHUSDT,1733616000000,0.00020864,3999.36495455,2024-12-08 00:00:00.000
ETHUSDT,1733644800000,0.00023941,3983.18,2024-12-08 08:00:00.000
ETHUSDT,1733673600000,0.00018574,3993.64846212,2024-12-08 16:00:00.000
ETHUSDT,1733702400000,0.00020272,4006.47402273,2024-12-09 00:00:00.000
ETHUSDT,1733731200000,0.0001,3919.89340152,2024-12-09 08:00:00.000
ETHUSDT,1733760000001,0.00013421,3826.04,2024-12-09 16:00:00.001
ETHUSDT,1733788800007,0.0001,3714.03181818,2024-12-10 00:00:00.007
ETHUSDT,1733817600000,0.0001,3734.51,2024-12-10 08:00:00.000
ETHUSDT,1733846400000,0.0001,3566.68454545,2024-12-10 16:00:00.000
ETHUSDT,1733875200000,0.0001,3628.34049242,2024-12-11 00:00:00.000
ETHUSDT,1733904000000,0.0001,3652.17,2024-12-11 08:00:00.000
ETHUSDT,1733932800001,0.0001,3786.25952273,2024-12-11 16:00:00.001
ETHUSDT,1733961600001,0.0001,3830.46375,2024-12-12 00:00:00.001
ETHUSDT,1733990400000,0.0001,3904.09295455,2024-12-12 08:00:00.000
ETHUSDT,1734019200001,0.0001,3956.9,2024-12-12 16:00:00.001
ETHUSDT,1734048000000,0.0001,3880.57898485,2024-12-13 00:00:00.000
ETHUSDT,1734076800000,0.0001,3884.14,2024-12-13 08:00:00.000
ETHUSDT,1734105600001,0.0001,3885.2,2024-12-13 16:00:00.001
ETHUSDT,1734134400000,0.0001,3905.59,2024-12-14 00:00:00.000
ETHUSDT,1734163200000,0.0001,3920.31,2024-12-14 08:00:00.000
ETHUSDT,1734192000000,0.0001,3887.45480303,2024-12-14 16:00:00.000
ETHUSDT,1734220800000,0.0001,3868.89247687,2024-12-15 00:00:00.000
ETHUSDT,1734249600000,0.0001,3843.45,2024-12-15 08:00:00.000
ETHUSDT,1734278400000,9.404e-05,3893.85392424,2024-12-15 16:00:00.000
ETHUSDT,1734307200000,8.662e-05,3958.27,2024-12-16 00:00:00.000
ETHUSDT,1734336000001,0.0001,3973.40130303,2024-12-16 08:00:00.001
ETHUSDT,1734364800000,0.0001,3940.78566667,2024-12-16 16:00:00.000
ETHUSDT,1734393600000,0.0001,3984.95412879,2024-12-17 00:00:00.000
ETHUSDT,1734422400000,0.0001,3993.12712879,2024-12-17 08:00:00.000
ETHUSDT,1734451200000,0.0001,3937.66,2024-12-17 16:00:00.000
ETHUSDT,1734480000000,8.046e-05,3891.04875,2024-12-18 00:00:00.000
ETHUSDT,1734508800000,0.0001,3845.84731061,2024-12-18 08:00:00.000
ETHUSDT,1734537600000,0.0001,3867.00562121,2024-12-18 16:00:00.000
ETHUSDT,1734566400000,6.104e-05,3625.66968939,2024-12-19 00:00:00.000
ETHUSDT,1734595200000,7.438e-05,3691.68740909,2024-12-19 08:00:00.000
ETHUSDT,1734624000000,7.373e-05,3614.08556061,2024-12-19 16:00:00.000
ETHUSDT,1734652800000,0.0001,3416.7,2024-12-20 00:00:00.000
ETHUSDT,1734681600001,0.0001,3390.32762121,2024-12-20 08:00:00.001
ETHUSDT,1734710400014,0.0001,3373.10965909,2024-12-20 16:00:00.014
ETHUSDT,1734739200000,6.352e-05,3470.94545455,2024-12-21 00:00:00.000
ETHUSDT,1734768000000,0.0001,3521.66,2024-12-21 08:00:00.000
ETHUSDT,1734796800001,0.0001,3389.12,2024-12-21 16:00:00.001
ETHUSDT,1734825600000,0.0001,3337.53,2024-12-22 00:00:00.000
ETHUSDT,1734854400000,0.0001,3331.32,2024-12-22 08:00:00.000
ETHUSDT,1734883200000,5.37e-05,3300.95,2024-12-22 16:00:00.000
ETHUSDT,1734912000000,5.686e-05,3280.74,2024-12-23 00:00:00.000
ETHUSDT,1734940800000,5.398e-05,3303.43,2024-12-23 08:00:00.000
ETHUSDT,1734969600001,8.674e-05,3276.4,2024-12-23 16:00:00.001
ETHUSDT,1734998400000,0.0001,3420.95183333,2024-12-24 00:00:00.000
ETHUSDT,1735027200000,8.121e-05,3399.92,2024-12-24 08:00:00.000
ETHUSDT,1735056000001,2.757e-05,3491.42672727,2024-12-24 16:00:00.001
ETHUSDT,1735084800001,4.454e-05,3491.97,2024-12-25 00:00:00.001
ETHUSDT,1735113600000,6.55e-05,3488.08760606,2024-12-25 08:00:00.000
ETHUSDT,1735142400000,1.254e-05,3471.58,2024-12-25 16:00:00.000
ETHUSDT,1735171200000,0.0001,3495.39,2024-12-26 00:00:00.000
ETHUSDT,1735200000000,0.0001,3420.83,2024-12-26 08:00:00.000
ETHUSDT,1735228800000,6.305e-05,3342.43617424,2024-12-26 16:00:00.000
ETHUSDT,1735257600000,0.0001,3333.53222727,2024-12-27 00:00:00.000
ETHUSDT,1735286400000,8.428e-05,3324.55045455,2024-12-27 08:00:00.000
ETHUSDT,1735315200000,5.349e-05,3325.0,2024-12-27 16:00:00.000
ETHUSDT,1735344000001,0.0001,3332.09,2024-12-28 00:00:00.001
ETHUSDT,1735372800000,0.0001,3334.44495574,2024-12-28 08:00:00.000
ETHUSDT,1735401600000,9.336e-05,3366.7,2024-12-28 16:00:00.000
ETHUSDT,1735430400000,5.941e-05,3402.98461364,2024-12-29 00:00:00.000
ETHUSDT,1735459200000,5.146e-05,3405.79325235,2024-12-29 08:00:00.000
ETHUSDT,1735488000000,9.485e-05,3372.38333333,2024-12-29 16:00:00.000
ETHUSDT,1735516800000,0.0001,3355.47,2024-12-30 00:00:00.000
ETHUSDT,1735545600001,0.0001,3426.63934848,2024-12-30 08:00:00.001
ETHUSDT,1735574400000,0.0001,3323.48,2024-12-30 16:00:00.000
ETHUSDT,1735603200000,0.0001,3360.23223485,2024-12-31 00:00:00.000
ETHUSDT,1735632000000,8.514e-05,3352.6,2024-12-31 08:00:00.000
ETHUSDT,1735660800000,0.0001,3412.90488636,2024-12-31 16:00:00.000
ETHUSDT,1735689600015,0.0001,3336.65582576,2025-01-01 00:00:00.015
ETHUSDT,1735718400000,0.0001,3345.84,2025-01-01 08:00:00.000
ETHUSDT,1735747200001,0.0001,3352.09496411,2025-01-01 16:00:00.001
ETHUSDT,1735776000000,0.0001,3359.36,2025-01-02 00:00:00.000
ETHUSDT,1735804800006,0.0001,3419.70487879,2025-01-02 08:00:00.006
ETHUSDT,1735833600000,0.0001,3462.76,2025-01-02 16:00:00.000
ETHUSDT,1735862400000,0.0001,3455.04366746,2025-01-03 00:00:00.000
ETHUSDT,1735891200000,0.0001,3432.56215517,2025-01-03 08:00:00.000
ETHUSDT,1735920000000,0.0001,3564.4834697,2025-01-03 16:00:00.000
ETHUSDT,1735948800000,0.0001,3607.89,2025-01-04 00:00:00.000
ETHUSDT,1735977600000,0.0001,3593.04,2025-01-04 08:00:00.000
ETHUSDT,1736006400000,0.0001,3606.81199242,2025-01-04 16:00:00.000
ETHUSDT,1736035200000,0.0001,3655.99,2025-01-05 00:00:00.000
ETHUSDT,1736064000000,0.0001,3630.37,2025-01-05 08:00:00.000
ETHUSDT,1736092800000,0.0001,3628.45,2025-01-05 16:00:00.000
ETHUSDT,1736121600000,0.0001,3634.96,2025-01-06 00:00:00.000
ETHUSDT,1736150400001,0.0001,3649.43421212,2025-01-06 08:00:00.001
ETHUSDT,1736179200000,0.0001,3712.15,2025-01-06 16:00:00.000
ETHUSDT,1736208000000,0.0001,3686.16854545,2025-01-07 00:00:00.000
ETHUSDT,1736236800000,0.0001,3666.62087719,2025-01-07 08:00:00.000
ETHUSDT,1736265600008,0.0001,3462.06815909,2025-01-07 16:00:00.008
ETHUSDT,1736294400001,9.658e-05,3379.66537121,2025-01-08 00:00:00.001
ETHUSDT,1736323200000,0.0001,3353.51190909,2025-01-08 08:00:00.000
ETHUSDT,1736352000000,0.0001,3345.99,2025-01-08 16:00:00.000
ETHUSDT,1736380800000,6.609e-05,3325.60962121,2025-01-09 00:00:00.000
ETHUSDT,1736409600000,0.0001,3288.17,2025-01-09 08:00:00.000
ETHUSDT,1736438400000,0.0001,3318.79,2025-01-09 16:00:00.000
ETHUSDT,1736467200000,7.573e-05,3218.24,2025-01-10 00:00:00.000
ETHUSDT,1736496000000,6.162e-05,3294.73666928,2025-01-10 08:00:00.000
ETHUSDT,1736524800000,0.0001,3243.7,2025-01-10 16:00:00.000
ETHUSDT,1736553600000,6.574e-05,3265.64516667,2025-01-11 00:00:00.000
ETHUSDT,1736582400000,5.65e-05,3234.79,2025-01-11 08:00:00.000
ETHUSDT,1736611200000,0.0001,3270.07,2025-01-11 16:00:00.000
ETHUSDT,1736640000000,0.0001,3281.85,2025-01-12 00:00:00.000
ETHUSDT,1736668800000,0.0001,3265.74,2025-01-12 08:00:00.000
ETHUSDT,1736697600000,8.134e-05,3284.4,2025-01-12 16:00:00.000
ETHUSDT,1736726400000,0.0001,3265.7,2025-01-13 00:00:00.000
ETHUSDT,1736755200000,9.353e-05,3200.54,2025-01-13 08:00:00.000
ETHUSDT,1736784000000,3.392e-05,3048.0626748,2025-01-13 16:00:00.000
ETHUSDT,1736812800000,5.423e-05,3136.13,2025-01-14 00:00:00.000
ETHUSDT,1736841600000,7.452e-05,3170.39,2025-01-14 08:00:00.000
ETHUSDT,1736870400000,7.652e-05,3197.87,2025-01-14 16:00:00.000
ETHUSDT,1736899200000,4.503e-05,3223.99,2025-01-15 00:00:00.000
ETHUSDT,1736928000000,5.924e-05,3231.31,2025-01-15 08:00:00.000
ETHUSDT,1736956800000,5.443e-05,3333.19,2025-01-15 16:00:00.000
ETHUSDT,1736985600000,0.0001,3449.8,2025-01-16 00:00:00.000
ETHUSDT,1737014400000,8.311e-05,3382.61535772,2025-01-16 08:00:00.000
ETHUSDT,1737043200000,5.275e-05,3332.05626423,2025-01-16 16:00:00.000
ETHUSDT,1737072000004,0.0001,3306.94,2025-01-17 00:00:00.004
ETHUSDT,1737100800000,0.0001,3371.64284693,2025-01-17 08:00:00.000
ETHUSDT,1737129600008,0.0001,3420.44,2025-01-17 16:00:00.008
ETHUSDT,1737158400000,0.0001,3472.37,2025-01-18 00:00:00.000
ETHUSDT,1737187200007,0.0001,3286.58371545,2025-01-18 08:00:00.007
ETHUSDT,1737216000000,0.0001,3305.47,2025-01-18 16:00:00.000
ETHUSDT,1737244800000,0.0001,3306.79597561,2025-01-19 00:00:00.000
ETHUSDT,1737273600000,0.0001,3275.02,2025-01-19 08:00:00.000
ETHUSDT,1737302400000,0.0001,3383.98005046,2025-01-19 16:00:00.000
ETHUSDT,1737331200000,0.0001,3213.98,2025-01-20 00:00:00.000
ETHUSDT,1737360000009,0.0001,3381.85902439,2025-01-20 08:00:00.009
ETHUSDT,1737388800000,0.0001,3335.67609756,2025-01-20 16:00:00.000
ETHUSDT,1737417600000,0.0001,3283.2,2025-01-21 00:00:00.000
ETHUSDT,1737446400000,0.0001,3254.31536179,2025-01-21 08:00:00.000
ETHUSDT,1737475200000,0.0001,3294.29530894,2025-01-21 16:00:00.000
ETHUSDT,1737504000000,0.0001,3326.91778385,2025-01-22 00:00:00.000
ETHUSDT,1737532800000,0.0001,3286.92,2025-01-22 08:00:00.000
ETHUSDT,1737561600000,0.0001,3277.47,2025-01-22 16:00:00.000
ETHUSDT,1737590400001,0.0001,3241.99,2025-01-23 00:00:00.001
ETHUSDT,1737619200000,0.0001,3232.07,2025-01-23 08:00:00.000
ETHUSDT,1737648000000,0.0001,3258.51,2025-01-23 16:00:00.000
ETHUSDT,1737676800000,0.0001,3337.88,2025-01-24 00:00:00.000
ETHUSDT,1737705600000,0.0001,3380.59,2025-01-24 08:00:00.000
ETHUSDT,1737734400000,0.0001,3382.95525397,2025-01-24 16:00:00.000
ETHUSDT,1737763200000,6.904e-05,3308.62136508,2025-01-25 00:00:00.000
ETHUSDT,1737792000000,7.065e-05,3289.99,2025-01-25 08:00:00.000
ETHUSDT,1737820800001,8.41e-05,3333.22352381,2025-01-25 16:00:00.001
ETHUSDT,1737849600000,9.663e-05,3317.9,2025-01-26 00:00:00.000
ETHUSDT,1737878400000,9.725e-05,3337.74384127,2025-01-26 08:00:00.000
ETHUSDT,1737907200000,3.849e-05,3313.92919841,2025-01-26 16:00:00.000
ETHUSDT,1737936000000,-2.76e-06,3231.86504762,2025-01-27 00:00:00.000
ETHUSDT,1737964800000,3.922e-05,3069.2219127,2025-01-27 08:00:00.000
ETHUSDT,1737993600000,3.069e-05,3131.06,2025-01-27 16:00:00.000
ETHUSDT,1738022400000,0.0001,3180.78452381,2025-01-28 00:00:00.000
ETHUSDT,1738051200000,4.046e-05,3194.6612619,2025-01-28 08:00:00.000
ETHUSDT,1738080000000,5.904e-05,3180.16,2025-01-28 16:00:00.000
ETHUSDT,1738108800000,0.0001,3075.95,2025-01-29 00:00:00.000
ETHUSDT,1738137600000,6.567e-05,3155.64,2025-01-29 08:00:00.000
ETHUSDT,1738166400000,8.686e-05,3099.82631746,2025-01-29 16:00:00.000
ETHUSDT,1738195200000,2.287e-05,3112.54,2025-01-30 00:00:00.000
ETHUSDT,1738224000000,0.0001,3189.70955556,2025-01-30 08:00:00.000
ETHUSDT,1738252800000,7.055e-05,3254.0,2025-01-30 16:00:00.000
ETHUSDT,1738281600000,9.386e-05,3245.86,2025-01-31 00:00:00.000
ETHUSDT,1738310400000,7.998e-05,3240.6643254,2025-01-31 08:00:00.000
ETHUSDT,1738339200000,0.0001,3427.0,2025-01-31 16:00:00.000
ETHUSDT,1738368000000,8.432e-05,3299.5,2025-02-01 00:00:00.000
ETHUSDT,1738396800000,9.742e-05,3279.0,2025-02-01 08:00:00.000
ETHUSDT,1738425600000,3.573e-05,3249.4,2025-02-01 16:00:00.000
ETHUSDT,1738454400001,7.609e-05,3116.38138889,2025-02-02 00:00:00.001
ETHUSDT,1738483200000,0.0001,3100.08,2025-02-02 08:00:00.000
ETHUSDT,1738512000000,2.6e-05,3079.51029365,2025-02-02 16:00:00.000
ETHUSDT,1738540800000,3.237e-05,2868.28196032,2025-02-03 00:00:00.000
ETHUSDT,1738569600000,-0.00016657,2619.54513492,2025-02-03 08:00:00.000
ETHUSDT,1738598400000,-0.00025121,2699.12,2025-02-03 16:00:00.000
ETHUSDT,1738627200000,-0.00010653,2878.85095238,2025-02-04 00:00:00.000
ETHUSDT,1738656000001,1.07e-05,2701.90771429,2025-02-04 08:00:00.001
ETHUSDT,1738684800000,-8.177e-05,2775.6,2025-02-04 16:00:00.000
ETHUSDT,1738713600001,-8.329e-05,2729.84,2025-02-05 00:00:00.001
ETHUSDT,1738742400001,5.754e-05,2758.18,2025-02-05 08:00:00.001
ETHUSDT,1738771200000,-2.404e-05,2772.15,2025-02-05 16:00:00.000
ETHUSDT,1738800000001,4.939e-05,2787.0,2025-02-06 00:00:00.001
ETHUSDT,1738828800001,-5.35e-06,2830.4,2025-02-06 08:00:00.001
ETHUSDT,1738857600000,-7.747e-05,2704.38,2025-02-06 16:00:00.000
ETHUSDT,1738886400000,2.439e-05,2685.49575397,2025-02-07 00:00:00.000
ETHUSDT,1738915200000,2.905e-05,2711.75472085,2025-02-07 08:00:00.000
ETHUSDT,1738944000000,-1.197e-05,2720.66266667,2025-02-07 16:00:00.000
ETHUSDT,1738972800000,-1.894e-05,2620.66288095,2025-02-08 00:00:00.000
ETHUSDT,1739001600000,9.532e-05,2628.33,2025-02-08 08:00:00.000
ETHUSDT,1739030400000,6.93e-05,2604.17014286,2025-02-08 16:00:00.000
ETHUSDT,1739059200000,-3.64e-06,2631.0,2025-02-09 00:00:00.000
ETHUSDT,1739088000000,5.479e-05,2661.3,2025-02-09 08:00:00.000
ETHUSDT,1739116800000,5.02e-05,2651.97135714,2025-02-09 16:00:00.000
ETHUSDT,1739145600000,9.11e-06,2626.0,2025-02-10 00:00:00.000
ETHUSDT,1739174400000,7.074e-05,2636.11,2025-02-10 08:00:00.000
ETHUSDT,1739203200000,5.396e-05,2657.38649206,2025-02-10 16:00:00.000
ETHUSDT,1739232000000,-5.72e-06,2660.077,2025-02-11 00:00:00.000
ETHUSDT,1739260800000,4.26e-05,2711.35780159,2025-02-11 08:00:00.000
ETHUSDT,1739289600000,-1.236e-05,2661.42,2025-02-11 16:00:00.000
ETHUSDT,1739318400000,6.151e-05,2601.52231746,2025-02-12 00:00:00.000
ETHUSDT,1739347200000,3.35e-05,2617.51,2025-02-12 08:00:00.000
ETHUSDT,1739376000001,8.407e-05,2605.99,2025-02-12 16:00:00.001
ETHUSDT,1739404800001,9.54e-05,2737.14,2025-02-13 00:00:00.001
ETHUSDT,1739433600000,0.0001,2680.13588889,2025-02-13 08:00:00.000
ETHUSDT,1739462400001,1.027e-05,2646.97477833,2025-02-13 16:00:00.001
ETHUSDT,1739491200000,2.39e-06,2674.52,2025-02-14 00:00:00.000
ETHUSDT,1739520000001,8.242e-05,2698.21374603,2025-02-14 08:00:00.001
ETHUSDT,1739548800000,7.834e-05,2733.36,2025-02-14 16:00:00.000
ETHUSDT,1739577600000,4.385e-05,2724.41,2025-02-15 00:00:00.000
ETHUSDT,1739606400000,3.822e-05,2696.89234921,2025-02-15 08:00:00.000
ETHUSDT,1739635200000,8.44e-06,2689.85,2025-02-15 16:00:00.000
ETHUSDT,1739664000000,3.859e-05,2691.90181746,2025-02-16 00:00:00.000
ETHUSDT,1739692800000,5.945e-05,2694.55437302,2025-02-16 08:00:00.000
ETHUSDT,1739721600000,3.775e-05,2693.10178571,2025-02-16 16:00:00.000
ETHUSDT,1739750400000,3.649e-05,2660.36088095,2025-02-17 00:00:00.000
ETHUSDT,1739779200000,5.61e-05,2680.76096032,2025-02-17 08:00:00.000
ETHUSDT,1739808000000,0.0001,2755.01133333,2025-02-17 16:00:00.000
ETHUSDT,1739836800000,4.742e-05,2742.99604762,2025-02-18 00:00:00.000
ETHUSDT,1739865600000,-1.595e-05,2671.01,2025-02-18 08:00:00.000
ETHUSDT,1739894400000,5.441e-05,2672.38,2025-02-18 16:00:00.000
ETHUSDT,1739923200000,4.964e-05,2670.57,2025-02-19 00:00:00.000
ETHUSDT,1739952000000,7.273e-05,2707.09558292,2025-02-19 08:00:00.000
ETHUSDT,1739980800000,3.185e-05,2695.61807143,2025-02-19 16:00:00.000
ETHUSDT,1740009600000,-2.07e-06,2714.23273016,2025-02-20 00:00:00.000
ETHUSDT,1740038400000,5.629e-05,2729.18799206,2025-02-20 08:00:00.000
ETHUSDT,1740067200000,6.405e-05,2710.93,2025-02-20 16:00:00.000
ETHUSDT,1740096000001,3.574e-05,2736.87,2025-02-21 00:00:00.001
ETHUSDT,1740124800000,6.624e-05,2754.9,2025-02-21 08:00:00.000
ETHUSDT,1740153600000,4.228e-05,2722.25,2025-02-21 16:00:00.000
ETHUSDT,1740182400000,3.254e-05,2661.00246032,2025-02-22 00:00:00.000
ETHUSDT,1740211200000,-1.427e-05,2682.81,2025-02-22 08:00:00.000
ETHUSDT,1740240000000,3.41e-05,2774.99,2025-02-22 16:00:00.000
ETHUSDT,1740268800000,9.726e-05,2762.16142063,2025-02-23 00:00:00.000
ETHUSDT,1740297600000,3.796e-05,2823.78114286,2025-02-23 08:00:00.000
ETHUSDT,1740326400000,2.13e-06,2781.67002381,2025-02-23 16:00:00.000
ETHUSDT,1740355200000,7.127e-05,2818.55,2025-02-24 00:00:00.000
ETHUSDT,1740384000000,9.24e-06,2720.74977778,2025-02-24 08:00:00.000
ETHUSDT,1740412800000,3.082e-05,2657.59,2025-02-24 16:00:00.000
ETHUSDT,1740441600000,-3.589e-05,2513.088,2025-02-25 00:00:00.000
ETHUSDT,1740470400000,4.71e-06,2368.46179803,2025-02-25 08:00:00.000
ETHUSDT,1740499200000,2.913e-05,2408.56378489,2025-02-25 16:00:00.000
ETHUSDT,1740528000000,1.86e-05,2494.21,2025-02-26 00:00:00.000
ETHUSDT,1740556800000,6.103e-05,2482.67,2025-02-26 08:00:00.000
ETHUSDT,1740585600000,3.433e-05,2427.58,2025-02-26 16:00:00.000
ETHUSDT,1740614400001,8.515e-05,2335.43765079,2025-02-27 00:00:00.001
ETHUSDT,1740643200000,0.0001,2355.38,2025-02-27 08:00:00.000
ETHUSDT,1740672000000,5.027e-05,2322.58465079,2025-02-27 16:00:00.000
ETHUSDT,1740700800001,4.097e-05,2306.65,2025-02-28 00:00:00.001
ETHUSDT,1740729600000,1.219e-05,2105.62862698,2025-02-28 08:00:00.000
ETHUSDT,1740758400000,1.248e-05,2221.68,2025-02-28 16:00:00.000
ETHUSDT,1740787200000,4.855e-05,2236.07630952,2025-03-01 00:00:00.000
ETHUSDT,1740816000000,-1.061e-05,2228.15,2025-03-01 08:00:00.000
ETHUSDT,1740844800001,-9.31e-06,2172.35,2025-03-01 16:00:00.001
ETHUSDT,1740873600000,3.173e-05,2216.5,2025-03-02 00:00:00.000
ETHUSDT,1740902400000,6.221e-05,2220.24,2025-03-02 08:00:00.000
ETHUSDT,1740931200000,6.102e-05,2228.34704762,2025-03-02 16:00:00.000
ETHUSDT,1740960000001,-7.88e-06,2517.34928571,2025-03-03 00:00:00.001
ETHUSDT,1740988800000,3.061e-05,2386.8,2025-03-03 08:00:00.000
ETHUSDT,1741017600000,6.25e-06,2286.32,2025-03-03 16:00:00.000
ETHUSDT,1741046400001,-4.308e-05,2148.22,2025-03-04 00:00:00.001
ETHUSDT,1741075200005,-3.762e-05,2079.65,2025-03-04 08:00:00.005
ETHUSDT,1741104000000,2.04e-06,2073.64,2025-03-04 16:00:00.000
ETHUSDT,1741132800000,6.417e-05,2170.51,2025-03-05 00:00:00.000
ETHUSDT,1741161600000,7.146e-05,2206.99475397,2025-03-05 08:00:00.000
ETHUSDT,1741190400000,2.539e-05,2185.7850873,2025-03-05 16:00:00.000
ETHUSDT,1741219200000,-1.037e-05,2240.45,2025-03-06 00:00:00.000
ETHUSDT,1741248000001,1.125e-05,2285.20772222,2025-03-06 08:00:00.001
ETHUSDT,1741276800000,2.685e-05,2256.60609524,2025-03-06 16:00:00.000
ETHUSDT,1741305600000,-2.474e-05,2201.34,2025-03-07 00:00:00.000
ETHUSDT,1741334400001,2.874e-05,2191.78992857,2025-03-07 08:00:00.001
ETHUSDT,1741363200000,5.628e-05,2208.49550794,2025-03-07 16:00:00.000
ETHUSDT,1741392000000,3.124e-05,2140.72,2025-03-08 00:00:00.000
ETHUSDT,1741420800001,3.76e-05,2136.91946032,2025-03-08 08:00:00.001
ETHUSDT,1741449600001,6.837e-05,2180.4,2025-03-08 16:00:00.001
ETHUSDT,1741478400001,6.871e-05,2202.84,2025-03-09 00:00:00.001
ETHUSDT,1741507200000,3.637e-05,2184.1795,2025-03-09 08:00:00.000
ETHUSDT,1741536000000,-1.3e-07,2096.15786508,2025-03-09 16:00:00.000
ETHUSDT,1741564800000,-4.249e-05,2019.25,2025-03-10 00:00:00.000
ETHUSDT,1741593600000,2.575e-05,2074.40057937,2025-03-10 08:00:00.000
ETHUSDT,1741622400000,3.433e-05,2016.94127778,2025-03-10 16:00:00.000
ETHUSDT,1741651200000,-4.045e-05,1864.36,2025-03-11 00:00:00.000
ETHUSDT,1741680000000,2.173e-05,1903.50981938,2025-03-11 08:00:00.000
ETHUSDT,1741708800001,7.553e-05,1913.58,2025-03-11 16:00:00.001
ETHUSDT,1741737600000,1.672e-05,1922.6,2025-03-12 00:00:00.000
ETHUSDT,1741766400000,1.107e-05,1910.49414286,2025-03-12 08:00:00.000
ETHUSDT,1741795200001,-3.413e-05,1868.99963492,2025-03-12 16:00:00.001
ETHUSDT,1741824000000,2.931e-05,1907.37,2025-03-13 00:00:00.000
ETHUSDT,1741852800000,-5e-08,1871.2,2025-03-13 08:00:00.000
ETHUSDT,1741881600000,4.218e-05,1874.72,2025-03-13 16:00:00.000
ETHUSDT,1741910400000,2.744e-05,1863.9895156,2025-03-14 00:00:00.000
ETHUSDT,1741939200000,7.681e-05,1892.13,2025-03-14 08:00:00.000
ETHUSDT,1741968000000,5.537e-05,1921.17,2025-03-14 16:00:00.000
ETHUSDT,1741996800000,2.924e-05,1910.98,2025-03-15 00:00:00.000
ETHUSDT,1742025600000,5.445e-05,1916.86,2025-03-15 08:00:00.000
ETHUSDT,1742054400000,1.25e-05,1936.8,2025-03-15 16:00:00.000
ETHUSDT,1742083200000,-3.041e-05,1936.27,2025-03-16 00:00:00.000
ETHUSDT,1742112000000,-2.357e-05,1925.21,2025-03-16 08:00:00.000
ETHUSDT,1742140800000,-2.967e-05,1894.21,2025-03-16 16:00:00.000
ETHUSDT,1742169600000,2.057e-05,1886.2012906,2025-03-17 00:00:00.000
ETHUSDT,1742198400000,5.669e-05,1900.13,2025-03-17 08:00:00.000
ETHUSDT,1742227200000,3.697e-05,1918.5,2025-03-17 16:00:00.000
ETHUSDT,1742256000000,5.319e-05,1925.37789819,2025-03-18 00:00:00.000
ETHUSDT,1742284800000,4.099e-05,1904.15778571,2025-03-18 08:00:00.000
ETHUSDT,1742313600000,1.465e-05,1879.97,2025-03-18 16:00:00.000
ETHUSDT,1742342400000,5.983e-05,1930.68823016,2025-03-19 00:00:00.000
ETHUSDT,1742371200000,8.986e-05,1930.98,2025-03-19 08:00:00.000
ETHUSDT,1742400000000,6.676e-05,2047.87,2025-03-19 16:00:00.000
ETHUSDT,1742428800000,-1.704e-05,2055.29887302,2025-03-20 00:00:00.000
ETHUSDT,1742457600000,1.553e-05,2006.47,2025-03-20 08:00:00.000
ETHUSDT,1742486400000,-8.57e-06,1971.3601746,2025-03-20 16:00:00.000
ETHUSDT,1742515200000,5.235e-05,1982.98311111,2025-03-21 00:00:00.000
ETHUSDT,1742544000000,6.749e-05,1976.0,2025-03-21 08:00:00.000
ETHUSDT,1742572800000,2.613e-05,1949.78,2025-03-21 16:00:00.000
ETHUSDT,1742601600000,-1.402e-05,1964.8896746,2025-03-22 00:00:00.000
ETHUSDT,1742630400004,-2.617e-05,1983.15,2025-03-22 08:00:00.004
ETHUSDT,1742659200000,2.587e-05,1985.42480159,2025-03-22 16:00:00.000
ETHUSDT,1742688000000,1.553e-05,1979.84956349,2025-03-23 00:00:00.000
ETHUSDT,1742716800000,6.053e-05,2007.2,2025-03-23 08:00:00.000
ETHUSDT,1742745600000,-3.36e-06,2006.25524603,2025-03-23 16:00:00.000
ETHUSDT,1742774400000,-1.29e-05,2005.0,2025-03-24 00:00:00.000
ETHUSDT,1742803200000,9.456e-05,2068.4,2025-03-24 08:00:00.000
ETHUSDT,1742832000000,3.069e-05,2088.8,2025-03-24 16:00:00.000
ETHUSDT,1742860800001,6.736e-05,2080.41,2025-03-25 00:00:00.001
ETHUSDT,1742889600000,1.456e-05,2054.8,2025-03-25 08:00:00.000
ETHUSDT,1742918400000,-4.75e-06,2066.59089683,2025-03-25 16:00:00.000
ETHUSDT,1742947200000,2.976e-05,2065.24099343,2025-03-26 00:00:00.000
ETHUSDT,1742976000000,1.074e-05,2068.54289683,2025-03-26 08:00:00.000
ETHUSDT,1743004800001,-2.235e-05,2011.88234921,2025-03-26 16:00:00.001
ETHUSDT,1743033600001,4.542e-05,2008.69,2025-03-27 00:00:00.001
ETHUSDT,1743062400001,7.427e-05,2025.49000794,2025-03-27 08:00:00.001
ETHUSDT,1743091200002,3.127e-05,2004.54466667,2025-03-27 16:00:00.002
ETHUSDT,1743120000001,6.551e-05,2002.8,2025-03-28 00:00:00.001
ETHUSDT,1743148800001,-2.896e-05,1909.08424603,2025-03-28 08:00:00.001
ETHUSDT,1743177600000,-1.109e-05,1871.49325397,2025-03-28 16:00:00.000
ETHUSDT,1743206400000,3.56e-06,1896.03,2025-03-29 00:00:00.000
ETHUSDT,1743235200000,4.498e-05,1879.5548254,2025-03-29 08:00:00.000
ETHUSDT,1743264000000,3.469e-05,1838.4,2025-03-29 16:00:00.000
ETHUSDT,1743292800000,-1.072e-05,1827.32,2025-03-30 00:00:00.000
ETHUSDT,1743321600000,-1.999e-05,1836.69,2025-03-30 08:00:00.000
ETHUSDT,1743350400000,1.191e-05,1812.82,2025-03-30 16:00:00.000
ETHUSDT,1743379200000,-3.26e-06,1807.0,2025-03-31 00:00:00.000
ETHUSDT,1743408000000,2.663e-05,1798.05,2025-03-31 08:00:00.000
ETHUSDT,1743436800000,2.009e-05,1841.39123016,2025-03-31 16:00:00.000
ETHUSDT,1743465600000,-6.52e-06,1821.59,2025-04-01 00:00:00.000
ETHUSDT,1743494400001,2.877e-05,1853.39356349,2025-04-01 08:00:00.001
ETHUSDT,1743523200000,3.314e-05,1917.9,2025-04-01 16:00:00.000
ETHUSDT,1743552000001,3.676e-05,1904.2,2025-04-02 00:00:00.001
ETHUSDT,1743580800000,-4.5e-07,1864.30988889,2025-04-02 08:00:00.000
ETHUSDT,1743609600000,4.262e-05,1900.1,2025-04-02 16:00:00.000
ETHUSDT,1743638400000,-6.39e-06,1794.26434127,2025-04-03 00:00:00.000
ETHUSDT,1743667200000,6.39e-05,1814.69311987,2025-04-03 08:00:00.000
ETHUSDT,1743696000000,-6.15e-06,1781.23825944,2025-04-03 16:00:00.000
ETHUSDT,1743724800000,6.701e-05,1816.3,2025-04-04 00:00:00.000
ETHUSDT,1743753600000,-2.093e-05,1816.87,2025-04-04 08:00:00.000
ETHUSDT,1743782400000,3.78e-05,1794.47,2025-04-04 16:00:00.000
ETHUSDT,1743811200000,2.181e-05,1816.1850873,2025-04-05 00:00:00.000
ETHUSDT,1743840000000,5.939e-05,1812.4,2025-04-05 08:00:00.000
ETHUSDT,1743868800000,-7.82e-06,1781.10160317,2025-04-05 16:00:00.000
ETHUSDT,1743897600000,2.389e-05,1805.04,2025-04-06 00:00:00.000
ETHUSDT,1743926400000,5.41e-05,1796.86100794,2025-04-06 08:00:00.000
ETHUSDT,1743955200002,-2.372e-05,1759.59,2025-04-06 16:00:00.002
ETHUSDT,1743984000000,-3.784e-05,1579.98,2025-04-07 00:00:00.000
ETHUSDT,1744012800000,-9.65e-06,1459.71,2025-04-07 08:00:00.000
ETHUSDT,1744041600000,-3.451e-05,1556.02875397,2025-04-07 16:00:00.000
ETHUSDT,1744070400000,-4.38e-06,1552.44,2025-04-08 00:00:00.000
ETHUSDT,1744099200000,1.155e-05,1569.98,2025-04-08 08:00:00.000
ETHUSDT,1744128000000,-1.429e-05,1530.89,2025-04-08 16:00:00.000
ETHUSDT,1744156800000,-4.82e-05,1472.68,2025-04-09 00:00:00.000
ETHUSDT,1744185600001,-6.596e-05,1482.9,2025-04-09 08:00:00.001
ETHUSDT,1744214400000,1.591e-05,1484.58,2025-04-09 16:00:00.000
ETHUSDT,1744243200000,0.0001,1668.69,2025-04-10 00:00:00.000
ETHUSDT,1744272000000,3.042e-05,1595.02,2025-04-10 08:00:00.000
ETHUSDT,1744300800000,-7.8e-07,1494.94,2025-04-10 16:00:00.000
ETHUSDT,1744329600001,-9.18e-06,1521.79074603,2025-04-11 00:00:00.001
ETHUSDT,1744358400000,-5.857e-05,1551.99,2025-04-11 08:00:00.000
ETHUSDT,1744387200000,-4.61e-06,1564.8,2025-04-11 16:00:00.000
ETHUSDT,1744416000000,2.511e-05,1565.96,2025-04-12 00:00:00.000
ETHUSDT,1744444800001,-6e-06,1581.23,2025-04-12 08:00:00.001
ETHUSDT,1744473600000,2.416e-05,1655.20279146,2025-04-12 16:00:00.000
ETHUSDT,1744502400000,7.676e-05,1643.6,2025-04-13 00:00:00.000
ETHUSDT,1744531200000,5.203e-05,1612.9486164,2025-04-13 08:00:00.000
ETHUSDT,1744560000000,5.299e-05,1586.15506349,2025-04-13 16:00:00.000
ETHUSDT,1744588800000,7.387e-05,1596.93,2025-04-14 00:00:00.000
ETHUSDT,1744617600000,5.913e-05,1634.92172222,2025-04-14 08:00:00.000
ETHUSDT,1744646400000,5.384e-05,1627.19251232,2025-04-14 16:00:00.000
ETHUSDT,1744675200000,2.56e-05,1623.03,2025-04-15 00:00:00.000
ETHUSDT,1744704000000,1.812e-05,1644.24902778,2025-04-15 08:00:00.000
ETHUSDT,1744732800001,3.35e-06,1620.11,2025-04-15 16:00:00.001
ETHUSDT,1744761600000,4.294e-05,1588.05889163,2025-04-16 00:00:00.000
ETHUSDT,1744790400000,-2.96e-05,1563.51188013,2025-04-16 08:00:00.000
ETHUSDT,1744819200000,-2.514e-05,1589.76,2025-04-16 16:00:00.000
ETHUSDT,1744848000001,4.479e-05,1576.74085714,2025-04-17 00:00:00.001
ETHUSDT,1744876800000,5.184e-05,1600.99,2025-04-17 08:00:00.000
ETHUSDT,1744905600001,-1.791e-05,1582.34,2025-04-17 16:00:00.001
ETHUSDT,1744934400000,-3.125e-05,1582.88586243,2025-04-18 00:00:00.000
ETHUSDT,1744963200000,2.747e-05,1583.45,2025-04-18 08:00:00.000
ETHUSDT,1744992000000,-1.492e-05,1582.35157143,2025-04-18 16:00:00.000
ETHUSDT,1745020800000,-2.388e-05,1587.92270252,2025-04-19 00:00:00.000
ETHUSDT,1745049600000,8.846e-05,1600.28,2025-04-19 08:00:00.000
ETHUSDT,1745078400000,7.189e-05,1606.66150583,2025-04-19 16:00:00.000
ETHUSDT,1745107200000,5.765e-05,1612.66,2025-04-20 00:00:00.000
ETHUSDT,1745136000000,7.724e-05,1596.67526984,2025-04-20 08:00:00.000
ETHUSDT,1745164800000,-5.358e-05,1572.81,2025-04-20 16:00:00.000
ETHUSDT,1745193600000,-1.24e-06,1586.62694048,2025-04-21 00:00:00.000
ETHUSDT,1745222400005,0.0001,1645.12210317,2025-04-21 08:00:00.005
ETHUSDT,1745251200003,8.017e-05,1622.5,2025-04-21 16:00:00.003
ETHUSDT,1745280000008,-3.6e-05,1578.67764286,2025-04-22 00:00:00.008
ETHUSDT,1745308800000,2.2e-07,1618.74385714,2025-04-22 08:00:00.000
ETHUSDT,1745337600000,8.105e-05,1702.0647619,2025-04-22 16:00:00.000
ETHUSDT,1745366400000,6.679e-05,1755.58,2025-04-23 00:00:00.000
ETHUSDT,1745395200002,9.616e-05,1791.51582102,2025-04-23 08:00:00.002
ETHUSDT,1745424000000,0.0001,1794.38221127,2025-04-23 16:00:00.000
ETHUSDT,1745452800000,0.0001,1794.46,2025-04-24 00:00:00.000
ETHUSDT,1745481600001,7.229e-05,1755.61,2025-04-24 08:00:00.001
ETHUSDT,1745510400001,6.2e-06,1763.83,2025-04-24 16:00:00.001
ETHUSDT,1745539200007,5.922e-05,1768.8,2025-04-25 00:00:00.007
ETHUSDT,1745568000002,7.829e-05,1776.59313615,2025-04-25 08:00:00.002
ETHUSDT,1745596800003,-9.65e-06,1805.7,2025-04-25 16:00:00.003
ETHUSDT,1745625600002,8.3e-06,1783.77,2025-04-26 00:00:00.002
ETHUSDT,1745654400000,-2.999e-05,1799.44,2025-04-26 08:00:00.000
ETHUSDT,1745683200002,7.28e-06,1799.38,2025-04-26 16:00:00.002
ETHUSDT,1745712000001,5.635e-05,1819.99,2025-04-27 00:00:00.001
ETHUSDT,1745740800000,-6.737e-05,1802.97,2025-04-27 08:00:00.000
ETHUSDT,1745769600000,-3.852e-05,1792.89,2025-04-27 16:00:00.000
ETHUSDT,1745798400001,1.32e-06,1790.27458993,2025-04-28 00:00:00.001
ETHUSDT,1745827200003,-4.703e-05,1803.96,2025-04-28 08:00:00.003
ETHUSDT,1745856000005,-8.681e-05,1762.19,2025-04-28 16:00:00.005
ETHUSDT,1745884800000,8.281e-05,1799.17,2025-04-29 00:00:00.000
ETHUSDT,1745913600000,5.79e-05,1820.79297674,2025-04-29 08:00:00.000
ETHUSDT,1745942400010,-1.396e-05,1814.21,2025-04-29 16:00:00.010
ETHUSDT,1745971200001,-7.371e-05,1797.10017054,2025-04-30 00:00:00.001
ETHUSDT,1746000000000,9.04e-06,1795.55,2025-04-30 08:00:00.000
ETHUSDT,1746028800003,-6.069e-05,1764.03953101,2025-04-30 16:00:00.003
ETHUSDT,1746057600000,5.43e-05,1792.8135969,2025-05-01 00:00:00.000
ETHUSDT,1746086400000,4.5e-05,1809.74,2025-05-01 08:00:00.000
ETHUSDT,1746115200001,7.23e-06,1851.99,2025-05-01 16:00:00.001
ETHUSDT,1746144000000,-5.91e-06,1837.35080746,2025-05-02 00:00:00.000
ETHUSDT,1746172800000,-5.797e-05,1815.24087597,2025-05-02 08:00:00.000
ETHUSDT,1746201600003,-5.88e-06,1840.38514729,2025-05-02 16:00:00.003
ETHUSDT,1746230400000,4.901e-05,1841.21,2025-05-03 00:00:00.000
ETHUSDT,1746259200000,1.565e-05,1825.66213178,2025-05-03 08:00:00.000
ETHUSDT,1746288000000,2.092e-05,1833.71244186,2025-05-03 16:00:00.000
ETHUSDT,1746316800001,6.708e-05,1832.81789922,2025-05-04 00:00:00.001
ETHUSDT,1746345600001,3.289e-05,1840.24,2025-05-04 08:00:00.001
ETHUSDT,1746374400002,-2.67e-05,1829.85,2025-05-04 16:00:00.002
ETHUSDT,1746403200000,1.81e-06,1807.88,2025-05-05 00:00:00.000
ETHUSDT,1746432000000,1.998e-05,1825.74,2025-05-05 08:00:00.000
ETHUSDT,1746460800006,1.194e-05,1800.17766667,2025-05-05 16:00:00.006
ETHUSDT,1746489600002,6.899e-05,1819.43,2025-05-06 00:00:00.002
ETHUSDT,1746518400005,-1.836e-05,1805.07810078,2025-05-06 08:00:00.005
ETHUSDT,1746547200000,-3.589e-05,1769.25,2025-05-06 16:00:00.000
ETHUSDT,1746576000002,3.273e-05,1816.22,2025-05-07 00:00:00.002
ETHUSDT,1746604800000,8.548e-05,1837.32937984,2025-05-07 08:00:00.000
ETHUSDT,1746633600006,-6.48e-06,1816.73,2025-05-07 16:00:00.006
ETHUSDT,1746662400000,4.564e-05,1810.30300775,2025-05-08 00:00:00.000
ETHUSDT,1746691200001,0.0001,1927.6653062,2025-05-08 08:00:00.001
ETHUSDT,1746720000002,8.717e-05,2050.93411628,2025-05-08 16:00:00.002
ETHUSDT,1746748800001,0.0001,2207.38250388,2025-05-09 00:00:00.001
ETHUSDT,1746777600006,0.0001,2364.22,2025-05-09 08:00:00.006
ETHUSDT,1746806400000,0.0001,2300.55,2025-05-09 16:00:00.000
ETHUSDT,1746835200001,0.0001,2344.29,2025-05-10 00:00:00.001
ETHUSDT,1746864000000,9.797e-05,2398.56,2025-05-10 08:00:00.000
ETHUSDT,1746892800001,9.016e-05,2433.0,2025-05-10 16:00:00.001
ETHUSDT,1746921600000,0.0001,2583.07662403,2025-05-11 00:00:00.000
ETHUSDT,1746950400001,7.363e-05,2472.7371531,2025-05-11 08:00:00.001
ETHUSDT,1746979200001,2.438e-05,2461.22,2025-05-11 16:00:00.001
ETHUSDT,1747008000004,7.088e-05,2513.58951938,2025-05-12 00:00:00.004
ETHUSDT,1747036800000,0.0001,2553.45,2025-05-12 08:00:00.000
ETHUSDT,1747065600000,5.717e-05,2486.74,2025-05-12 16:00:00.000
ETHUSDT,1747094400000,6.233e-05,2494.35227132,2025-05-13 00:00:00.000
ETHUSDT,1747123200008,0.0001,2459.93641085,2025-05-13 08:00:00.008
ETHUSDT,1747152000001,0.0001,2564.75327519,2025-05-13 16:00:00.001
ETHUSDT,1747180800007,0.0001,2678.83579845,2025-05-14 00:00:00.007
ETHUSDT,1747209600000,5.48e-05,2639.65352132,2025-05-14 08:00:00.000
ETHUSDT,1747238400002,4.737e-05,2596.28,2025-05-14 16:00:00.002
ETHUSDT,1747267200000,0.0001,2608.71,2025-05-15 00:00:00.000
ETHUSDT,1747296000003,0.0001,2529.71,2025-05-15 08:00:00.003
ETHUSDT,1747324800000,5.698e-05,2563.09405814,2025-05-15 16:00:00.000
ETHUSDT,1747353600001,6.801e-05,2547.44981395,2025-05-16 00:00:00.001
ETHUSDT,1747382400000,0.0001,2600.60682558,2025-05-16 08:00:00.000
ETHUSDT,1747411200000,7.202e-05,2594.43856202,2025-05-16 16:00:00.000
ETHUSDT,1747440000000,2.543e-05,2536.20335271,2025-05-17 00:00:00.000
ETHUSDT,1747468800001,-1.883e-05,2491.5,2025-05-17 08:00:00.001
ETHUSDT,1747497600004,2.339e-05,2473.24241667,2025-05-17 16:00:00.004
ETHUSDT,1747526400000,5.366e-05,2474.09,2025-05-18 00:00:00.000
ETHUSDT,1747555200000,4.909e-05,2507.83256799,2025-05-18 08:00:00.000
ETHUSDT,1747584000000,1.3e-06,2577.87,2025-05-18 16:00:00.000
ETHUSDT,1747612800000,-4.925e-05,2496.74,2025-05-19 00:00:00.000
ETHUSDT,1747641600006,6.531e-05,2402.61575969,2025-05-19 08:00:00.006
ETHUSDT,1747670400010,9.181e-05,2465.55531783,2025-05-19 16:00:00.010
ETHUSDT,1747699200000,8.013e-05,2526.47294574,2025-05-20 00:00:00.000
ETHUSDT,1747728000002,6.807e-05,2531.79813756,2025-05-20 08:00:00.002
ETHUSDT,1747756800000,1.174e-05,2481.4,2025-05-20 16:00:00.000
ETHUSDT,1747785600000,3.663e-05,2523.08,2025-05-21 00:00:00.000
ETHUSDT,1747814400001,9.338e-05,2550.72,2025-05-21 08:00:00.001
ETHUSDT,1747843200004,6.47e-06,2566.0,2025-05-21 16:00:00.004
ETHUSDT,1747872000001,1.141e-05,2550.01,2025-05-22 00:00:00.001
ETHUSDT,1747900800000,0.0001,2633.82,2025-05-22 08:00:00.000
ETHUSDT,1747929600002,0.0001,2662.86,2025-05-22 16:00:00.002
ETHUSDT,1747958400006,0.0001,2663.73,2025-05-23 00:00:00.006
ETHUSDT,1747987200000,0.0001,2654.7,2025-05-23 08:00:00.000
ETHUSDT,1748016000007,-7.26e-06,2567.15597287,2025-05-23 16:00:00.007
ETHUSDT,1748044800010,0.0001,2525.58,2025-05-24 00:00:00.010
ETHUSDT,1748073600000,4.033e-05,2545.79,2025-05-24 08:00:00.000
ETHUSDT,1748102400003,2.114e-05,2554.51168992,2025-05-24 16:00:00.003
ETHUSDT,1748131200004,6.041e-05,2529.27,2025-05-25 00:00:00.004
ETHUSDT,1748160000000,3.75e-05,2493.29,2025-05-25 08:00:00.000
ETHUSDT,1748188800000,8.487e-05,2510.47,2025-05-25 16:00:00.000
ETHUSDT,1748217600000,3.85e-06,2549.92378295,2025-05-26 00:00:00.000
ETHUSDT,1748246400000,8.047e-05,2579.7,2025-05-26 08:00:00.000
ETHUSDT,1748275200002,4.711e-05,2564.76,2025-05-26 16:00:00.002
ETHUSDT,1748304000003,4.026e-05,2562.70241821,2025-05-27 00:00:00.003
ETHUSDT,1748332800001,0.0001,2606.56,2025-05-27 08:00:00.001
ETHUSDT,1748361600005,0.0001,2667.09,2025-05-27 16:00:00.005
ETHUSDT,1748390400002,0.0001,2659.89356202,2025-05-28 00:00:00.002
ETHUSDT,1748419200003,0.0001,2635.36,2025-05-28 08:00:00.003
ETHUSDT,1748448000002,0.0001,2625.99,2025-05-28 16:00:00.002
ETHUSDT,1748476800000,0.0001,2680.5734031,2025-05-29 00:00:00.000
ETHUSDT,1748505600006,0.0001,2730.0,2025-05-29 08:00:00.006
ETHUSDT,1748534400000,8.321e-05,2642.45,2025-05-29 16:00:00.000
ETHUSDT,1748563200003,7.477e-05,2630.57163566,2025-05-30 00:00:00.003
ETHUSDT,1748592000003,0.0001,2617.68,2025-05-30 08:00:00.003
ETHUSDT,1748620800000,5.699e-05,2596.91371502,2025-05-30 16:00:00.000
ETHUSDT,1748649600000,3.389e-05,2529.90736628,2025-05-31 00:00:00.000
ETHUSDT,1748678400000,8.054e-05,2520.0,2025-05-31 08:00:00.000
ETHUSDT,1748707200000,2.739e-05,2535.05310078,2025-05-31 16:00:00.000
ETHUSDT,1748736000001,7.52e-05,2527.09,2025-06-01 00:00:00.001
ETHUSDT,1748764800002,3.946e-05,2507.65977519,2025-06-01 08:00:00.002
ETHUSDT,1748793600000,3.37e-05,2522.0,2025-06-01 16:00:00.000
ETHUSDT,1748822400001,1.586e-05,2538.09462016,2025-06-02 00:00:00.001
ETHUSDT,1748851200000,5.378e-05,2505.79,2025-06-02 08:00:00.000
ETHUSDT,1748880000000,8.588e-05,2543.24,2025-06-02 16:00:00.000
ETHUSDT,1748908800000,3.263e-05,2606.48,2025-06-03 00:00:00.000
ETHUSDT,1748937600000,6.067e-05,2608.68,2025-06-03 08:00:00.000
ETHUSDT,1748966400001,5.397e-05,2622.56,2025-06-03 16:00:00.001
ETHUSDT,1748995200000,4.39e-05,2592.16,2025-06-04 00:00:00.000
ETHUSDT,1749024000000,7.623e-05,2626.51640991,2025-06-04 08:00:00.000
ETHUSDT,1749052800000,7.897e-05,2666.91,2025-06-04 16:00:00.000
ETHUSDT,1749081600016,2.359e-05,2606.63,2025-06-05 00:00:00.016
ETHUSDT,1749110400000,8.508e-05,2603.21,2025-06-05 08:00:00.000
ETHUSDT,1749139200000,6.396e-05,2588.34,2025-06-05 16:00:00.000
ETHUSDT,1749168000002,-1.147e-05,2412.9336124,2025-06-06 00:00:00.002
ETHUSDT,1749196800000,2.643e-05,2454.18,2025-06-06 08:00:00.000
ETHUSDT,1749225600006,2.684e-05,2508.55342442,2025-06-06 16:00:00.006
ETHUSDT,1749254400000,8.699e-05,2475.37,2025-06-07 00:00:00.000
ETHUSDT,1749283200000,5.456e-05,2490.21,2025-06-07 08:00:00.000
ETHUSDT,1749312000002,6.753e-05,2518.77600775,2025-06-07 16:00:00.002
ETHUSDT,1749340800000,0.0001,2523.68777132,2025-06-08 00:00:00.000
ETHUSDT,1749369600000,9.522e-05,2513.55530233,2025-06-08 08:00:00.000
ETHUSDT,1749398400000,4.695e-05,2513.39986434,2025-06-08 16:00:00.000
ETHUSDT,1749427200000,2.206e-05,2508.49123256,2025-06-09 00:00:00.000
ETHUSDT,1749456000001,1.95e-05,2490.55416667,2025-06-09 08:00:00.001
ETHUSDT,1749484800001,8.643e-05,2532.98,2025-06-09 16:00:00.001
ETHUSDT,1749513600000,0.0001,2679.23765891,2025-06-10 00:00:00.000
ETHUSDT,1749542400001,0.0001,2676.48,2025-06-10 08:00:00.001
ETHUSDT,1749571200003,0.0001,2731.83,2025-06-10 16:00:00.003
ETHUSDT,1749600000000,0.0001,2815.75,2025-06-11 00:00:00.000
ETHUSDT,1749628800000,0.0001,2790.85,2025-06-11 08:00:00.000
ETHUSDT,1749657600010,0.0001,2864.21,2025-06-11 16:00:00.010
ETHUSDT,1749686400002,6.036e-05,2770.61909933,2025-06-12 00:00:00.002
ETHUSDT,1749715200003,0.0001,2739.9903625,2025-06-12 08:00:00.003
ETHUSDT,1749744000001,5.333e-05,2718.25,2025-06-12 16:00:00.001
ETHUSDT,1749772800000,-1.372e-05,2641.31365116,2025-06-13 00:00:00.000
ETHUSDT,1749801600001,-1.069e-05,2525.0,2025-06-13 08:00:00.001
ETHUSDT,1749830400004,2.083e-05,2550.26,2025-06-13 16:00:00.004
ETHUSDT,1749859200000,4.572e-05,2578.08,2025-06-14 00:00:00.000
ETHUSDT,1749888000000,1.962e-05,2536.12897714,2025-06-14 08:00:00.000
ETHUSDT,1749916800000,4.4e-06,2518.30475581,2025-06-14 16:00:00.000
ETHUSDT,1749945600005,1.767e-05,2529.67,2025-06-15 00:00:00.005
ETHUSDT,1749974400009,8.487e-05,2527.49070155,2025-06-15 08:00:00.009
ETHUSDT,1750003200000,7.131e-05,2540.80593023,2025-06-15 16:00:00.000
ETHUSDT,1750032000000,4.573e-05,2546.33974031,2025-06-16 00:00:00.000
ETHUSDT,1750060800000,9.06e-05,2627.71,2025-06-16 08:00:00.000
ETHUSDT,1750089600003,3.96e-05,2630.87,2025-06-16 16:00:00.003
ETHUSDT,1750118400000,-9.06e-06,2542.89843992,2025-06-17 00:00:00.000
ETHUSDT,1750147200006,0.0001,2581.28983333,2025-06-17 08:00:00.006
ETHUSDT,1750176000001,5.558e-05,2497.82614729,2025-06-17 16:00:00.001
ETHUSDT,1750204800001,5.83e-05,2508.98,2025-06-18 00:00:00.001
ETHUSDT,1750233600001,6.782e-05,2532.33,2025-06-18 08:00:00.001
ETHUSDT,1750262400001,2.338e-05,2507.99563566,2025-06-18 16:00:00.001
ETHUSDT,1750291200005,5.403e-05,2523.80623643,2025-06-19 00:00:00.005
ETHUSDT,1750320000003,4.793e-05,2517.80142248,2025-06-19 08:00:00.003
ETHUSDT,1750348800000,4.883e-05,2491.89,2025-06-19 16:00:00.000
ETHUSDT,1750377600000,8.145e-05,2520.18,2025-06-20 00:00:00.000
ETHUSDT,1750406400002,8.963e-05,2548.35,2025-06-20 08:00:00.002
ETHUSDT,1750435200001,2.59e-05,2492.46,2025-06-20 16:00:00.001
ETHUSDT,1750464000002,-4.99e-05,2405.43,2025-06-21 00:00:00.002
ETHUSDT,1750492800005,-1.379e-05,2425.65727132,2025-06-21 08:00:00.005
ETHUSDT,1750521600000,5.011e-05,2422.48512791,2025-06-21 16:00:00.000
ETHUSDT,1750550400005,-7.98e-06,2294.25720142,2025-06-22 00:00:00.005
ETHUSDT,1750579200000,-1.761e-05,2269.63,2025-06-22 08:00:00.000
ETHUSDT,1750608000003,4.714e-05,2174.25338195,2025-06-22 16:00:00.003
ETHUSDT,1750636800000,2.289e-05,2226.66781783,2025-06-23 00:00:00.000
ETHUSDT,1750665600004,-1.401e-05,2257.83166667,2025-06-23 08:00:00.004
ETHUSDT,1750694400013,1.3e-06,2247.35465504,2025-06-23 16:00:00.013
ETHUSDT,1750723200003,2.127e-05,2410.39,2025-06-24 00:00:00.003
ETHUSDT,1750752000000,1.201e-05,2392.05589535,2025-06-24 08:00:00.000
ETHUSDT,1750780800000,4.46e-06,2436.85,2025-06-24 16:00:00.000
ETHUSDT,1750809600005,-8.33e-06,2447.58,2025-06-25 00:00:00.005
ETHUSDT,1750838400000,-2.6e-07,2443.44,2025-06-25 08:00:00.000
ETHUSDT,1750867200005,1.198e-05,2404.64666667,2025-06-25 16:00:00.005
ETHUSDT,1750896000000,2.757e-05,2417.27,2025-06-26 00:00:00.000
ETHUSDT,1750924800006,8.057e-05,2489.24298837,2025-06-26 08:00:00.006
ETHUSDT,1750953600007,9.06e-06,2432.17414147,2025-06-26 16:00:00.007
ETHUSDT,1750982400000,3.79e-06,2414.93,2025-06-27 00:00:00.000
ETHUSDT,1751011200000,5.06e-06,2441.19,2025-06-27 08:00:00.000
ETHUSDT,1751040000009,5.546e-05,2437.43,2025-06-27 16:00:00.009
ETHUSDT,1751068800001,8.436e-05,2421.99,2025-06-28 00:00:00.001
ETHUSDT,1751097600002,6.58e-06,2430.45193411,2025-06-28 08:00:00.002
ETHUSDT,1751126400000,4.011e-05,2435.08,2025-06-28 16:00:00.000
ETHUSDT,1751155200004,6.176e-05,2434.8,2025-06-29 00:00:00.004
ETHUSDT,1751184000001,8.777e-05,2439.10803876,2025-06-29 08:00:00.001
ETHUSDT,1751212800001,4.2e-07,2435.6,2025-06-29 16:00:00.001
ETHUSDT,1751241600000,5.102e-05,2499.38032171,2025-06-30 00:00:00.000
ETHUSDT,1751270400005,9.119e-05,2479.70235271,2025-06-30 08:00:00.005
ETHUSDT,1751299200002,3.94e-06,2473.80902519,2025-06-30 16:00:00.002
ETHUSDT,1751328000007,8.191e-05,2484.33713566,2025-07-01 00:00:00.007
ETHUSDT,1751356800002,1.541e-05,2463.71,2025-07-01 08:00:00.002
ETHUSDT,1751385600000,-1.429e-05,2422.48,2025-07-01 16:00:00.000
ETHUSDT,1751414400001,1.952e-05,2403.7404031,2025-07-02 00:00:00.001
ETHUSDT,1751443200000,4.864e-05,2445.88160078,2025-07-02 08:00:00.000
ETHUSDT,1751472000003,5.236e-05,2498.33576357,2025-07-02 16:00:00.003
ETHUSDT,1751500800006,0.0001,2569.56654651,2025-07-03 00:00:00.006
ETHUSDT,1751529600003,9.82e-05,2599.24,2025-07-03 08:00:00.003
ETHUSDT,1751558400003,4.398e-05,2569.31682558,2025-07-03 16:00:00.003
ETHUSDT,1751587200005,1.353e-05,2590.17,2025-07-04 00:00:00.005
ETHUSDT,1751616000003,6.619e-05,2533.84,2025-07-04 08:00:00.003
ETHUSDT,1751644800001,2.691e-05,2499.61877132,2025-07-04 16:00:00.001
ETHUSDT,1751673600004,1.406e-05,2506.87,2025-07-05 00:00:00.004
ETHUSDT,1751702400009,3.958e-05,2520.36,2025-07-05 08:00:00.009
ETHUSDT,1751731200006,5.542e-05,2506.89,2025-07-05 16:00:00.006
ETHUSDT,1751760000001,3.909e-05,2515.26,2025-07-06 00:00:00.001
ETHUSDT,1751788800002,6.583e-05,2516.9,2025-07-06 08:00:00.002
ETHUSDT,1751817600004,8.149e-05,2557.7,2025-07-06 16:00:00.004
ETHUSDT,1751846400000,0.0001,2569.50603101,2025-07-07 00:00:00.000
ETHUSDT,1751875200007,0.0001,2577.57985659,2025-07-07 08:00:00.007
ETHUSDT,1751904000000,-3.011e-05,2532.61,2025-07-07 16:00:00.000
ETHUSDT,1751932800010,7.589e-05,2541.20732946,2025-07-08 00:00:00.010
ETHUSDT,1751961600003,2.787e-05,2552.16904651,2025-07-08 08:00:00.003
ETHUSDT,1751990400000,6.466e-05,2563.6,2025-07-08 16:00:00.000
ETHUSDT,1752019200002,4.903e-05,2613.98,2025-07-09 00:00:00.002
ETHUSDT,1752048000006,6.771e-05,2623.77394186,2025-07-09 08:00:00.006
ETHUSDT,1752076800001,6.268e-05,2655.4,2025-07-09 16:00:00.001
ETHUSDT,1752105600003,0.0001,2767.79068217,2025-07-10 00:00:00.003
ETHUSDT,1752134400000,2.808e-05,2789.75650775,2025-07-10 08:00:00.000
ETHUSDT,1752163200004,3.187e-05,2768.34,2025-07-10 16:00:00.004
ETHUSDT,1752192000004,0.0001,2951.00392196,2025-07-11 00:00:00.004
ETHUSDT,1752220800007,0.0001,2968.35,2025-07-11 08:00:00.007
ETHUSDT,1752249600001,0.0001,2950.2799192,2025-07-11 16:00:00.001
ETHUSDT,1752278400000,8.032e-05,2957.03212403,2025-07-12 00:00:00.000
ETHUSDT,1752307200001,7.671e-05,2961.79344574,2025-07-12 08:00:00.001
ETHUSDT,1752336000002,6.119e-05,2914.74546899,2025-07-12 16:00:00.002
ETHUSDT,1752364800006,4.151e-05,2941.87,2025-07-13 00:00:00.006
ETHUSDT,1752393600001,4.407e-05,2961.48118605,2025-07-13 08:00:00.001
ETHUSDT,1752422400003,7.205e-05,2991.26778682,2025-07-13 16:00:00.003
ETHUSDT,1752451200000,9.98e-06,2970.48246124,2025-07-14 00:00:00.000
ETHUSDT,1752480000000,0.0001,3043.65,2025-07-14 08:00:00.000
ETHUSDT,1752508800000,0.0001,3011.18300388,2025-07-14 16:00:00.000
ETHUSDT,1752537600002,6.134e-05,3012.55427519,2025-07-15 00:00:00.002
ETHUSDT,1752566400000,0.0001,2976.35,2025-07-15 08:00:00.000
ETHUSDT,1752595200000,0.0001,3038.99,2025-07-15 16:00:00.000
ETHUSDT,1752624000000,0.0001,3138.47018605,2025-07-16 00:00:00.000
ETHUSDT,1752652800000,0.0001,3160.84107752,2025-07-16 08:00:00.000
ETHUSDT,1752681600008,0.0001,3243.4,2025-07-16 16:00:00.008
ETHUSDT,1752710400003,0.0001,3371.07215891,2025-07-17 00:00:00.003
ETHUSDT,1752739200000,0.0001,3448.202,2025-07-17 08:00:00.000
ETHUSDT,1752768000000,0.0001,3420.15697674,2025-07-17 16:00:00.000
ETHUSDT,1752796800004,0.0001,3476.66,2025-07-18 00:00:00.004
ETHUSDT,1752825600000,0.0001,3608.01628876,2025-07-18 08:00:00.000
ETHUSDT,1752854400000,0.0001,3565.0,2025-07-18 16:00:00.000
ETHUSDT,1752883200009,0.0001,3546.36,2025-07-19 00:00:00.009
ETHUSDT,1752912000000,0.0001,3570.57573643,2025-07-19 08:00:00.000
ETHUSDT,1752940800002,0.0001,3551.36022093,2025-07-19 16:00:00.002
ETHUSDT,1752969600000,0.0001,3591.31,2025-07-20 00:00:00.000
ETHUSDT,1752998400000,0.0001,3667.19986434,2025-07-20 08:00:00.000
ETHUSDT,1753027200000,0.0001,3785.38,2025-07-20 16:00:00.000
ETHUSDT,1753056000001,0.0001,3755.99508915,2025-07-21 00:00:00.001
ETHUSDT,1753084800000,0.0001,3786.97,2025-07-21 08:00:00.000
ETHUSDT,1753113600001,0.0001,3808.9,2025-07-21 16:00:00.001
ETHUSDT,1753142400000,0.0001,3760.96,2025-07-22 00:00:00.000
ETHUSDT,1753171200010,0.0001,3676.29012403,2025-07-22 08:00:00.010
ETHUSDT,1753200000007,0.0001,3717.78744186,2025-07-22 16:00:00.007
ETHUSDT,1753228800000,0.0001,3746.14636047,2025-07-23 00:00:00.000
ETHUSDT,1753257600004,0.0001,3672.59889922,2025-07-23 08:00:00.004
ETHUSDT,1753286400002,0.0001,3643.58769574,2025-07-23 16:00:00.002
ETHUSDT,1753315200000,0.0001,3627.41,2025-07-24 00:00:00.000
ETHUSDT,1753344000001,0.0001,3590.44418992,2025-07-24 08:00:00.001
ETHUSDT,1753372800000,0.0001,3730.4,2025-07-24 16:00:00.000
ETHUSDT,1753401600000,0.0001,3705.61,2025-07-25 00:00:00.000
ETHUSDT,1753430400000,0.0001,3631.66711628,2025-07-25 08:00:00.000
ETHUSDT,1753459200000,0.0001,3632.12027907,2025-07-25 16:00:00.000
ETHUSDT,1753488000001,0.0001,3724.17,2025-07-26 00:00:00.001
ETHUSDT,1753516800005,0.0001,3741.03,2025-07-26 08:00:00.005
ETHUSDT,1753545600001,0.0001,3734.52,2025-07-26 16:00:00.001
ETHUSDT,1753574400001,9.322e-05,3740.0,2025-07-27 00:00:00.001
ETHUSDT,1753603200000,8.879e-05,3766.68744961,2025-07-27 08:00:00.000
ETHUSDT,1753632000008,0.0001,3817.84531977,2025-07-27 16:00:00.008
ETHUSDT,1753660800005,0.0001,3871.48,2025-07-28 00:00:00.005
ETHUSDT,1753689600000,0.0001,3892.24032171,2025-07-28 08:00:00.000
ETHUSDT,1753718400000,0.0001,3806.41156504,2025-07-28 16:00:00.000
ETHUSDT,1753747200001,4.494e-05,3796.29532927,2025-07-29 00:00:00.001
ETHUSDT,1753776000000,0.0001,3876.53,2025-07-29 08:00:00.000
ETHUSDT,1753804800000,0.0001,3760.15457752,2025-07-29 16:00:00.000
ETHUSDT,1753833600011,2.488e-05,3791.72222093,2025-07-30 00:00:00.011
ETHUSDT,1753862400000,5.083e-05,3809.50083721,2025-07-30 08:00:00.000
ETHUSDT,1753891200008,1.54e-05,3795.76,2025-07-30 16:00:00.008
ETHUSDT,1753920000000,5.162e-05,3808.66,2025-07-31 00:00:00.000
ETHUSDT,1753948800009,0.0001,3862.30686822,2025-07-31 08:00:00.009
ETHUSDT,1753977600000,-1.18e-05,3786.17831395,2025-07-31 16:00:00.000
ETHUSDT,1754006400001,-3.749e-05,3696.57,2025-08-01 00:00:00.001
ETHUSDT,1754035200003,1.113e-05,3649.40456589,2025-08-01 08:00:00.003
ETHUSDT,1754064000000,4.859e-05,3614.54152713,2025-08-01 16:00:00.000
ETHUSDT,1754092800004,5.795e-05,3486.42,2025-08-02 00:00:00.004
ETHUSDT,1754121600000,6.57e-06,3517.54,2025-08-02 08:00:00.000
ETHUSDT,1754150400000,7.965e-05,3457.78,2025-08-02 16:00:00.000
ETHUSDT,1754179200000,6.733e-05,3392.41,2025-08-03 00:00:00.000
ETHUSDT,1754208000000,5.752e-05,3454.28105814,2025-08-03 08:00:00.000
ETHUSDT,1754236800003,3.767e-05,3474.8,2025-08-03 16:00:00.003
ETHUSDT,1754265600004,1.719e-05,3495.01,2025-08-04 00:00:00.004
ETHUSDT,1754294400000,1.113e-05,3550.47,2025-08-04 08:00:00.000
ETHUSDT,1754323200002,3.611e-05,3646.9009031,2025-08-04 16:00:00.002
ETHUSDT,1754352000000,1.47e-06,3719.41,2025-08-05 00:00:00.000
ETHUSDT,1754380800000,3.116e-05,3611.75,2025-08-05 08:00:00.000
ETHUSDT,1754409600000,1.37e-05,3569.54463953,2025-08-05 16:00:00.000
ETHUSDT,1754438400005,2.413e-05,3610.19,2025-08-06 00:00:00.005
ETHUSDT,1754467200000,8.2e-05,3638.4,2025-08-06 08:00:00.000
ETHUSDT,1754496000000,6.246e-05,3663.51893411,2025-08-06 16:00:00.000
ETHUSDT,1754524800003,6.227e-05,3681.32459302,2025-08-07 00:00:00.003
ETHUSDT,1754553600002,4.285e-05,3701.0,2025-08-07 08:00:00.002
ETHUSDT,1754582400002,0.0001,3835.15,2025-08-07 16:00:00.002
ETHUSDT,1754611200002,4.26e-05,3908.70249885,2025-08-08 00:00:00.002
ETHUSDT,1754640000004,0.0001,3914.88,2025-08-08 08:00:00.004
ETHUSDT,1754668800000,0.0001,3953.00564865,2025-08-08 16:00:00.000
ETHUSDT,1754697600005,0.0001,4009.04,2025-08-09 00:00:00.005
ETHUSDT,1754726400000,0.0001,4169.71,2025-08-09 08:00:00.000
ETHUSDT,1754755200007,0.0001,4207.61204505,2025-08-09 16:00:00.007
ETHUSDT,1754784000003,9.916e-05,4259.25177027,2025-08-10 00:00:00.003
ETHUSDT,1754812800005,0.0001,4184.36,2025-08-10 08:00:00.005
ETHUSDT,1754841600002,0.0001,4216.37707658,2025-08-10 16:00:00.002
ETHUSDT,1754870400000,8.873e-05,4248.78,2025-08-11 00:00:00.000
ETHUSDT,1754899200000,9.354e-05,4273.17322868,2025-08-11 08:00:00.000
ETHUSDT,1754928000000,0.0001,4328.87,2025-08-11 16:00:00.000
ETHUSDT,1754956800000,3.659e-05,4221.31,2025-08-12 00:00:00.000
ETHUSDT,1754985600001,0.0001,4314.23,2025-08-12 08:00:00.001
ETHUSDT,1755014400005,0.0001,4470.98,2025-08-12 16:00:00.005
ETHUSDT,1755043200000,0.0001,4589.31,2025-08-13 00:00:00.000
ETHUSDT,1755072000002,0.0001,4624.29,2025-08-13 08:00:00.002
ETHUSDT,1755100800006,0.0001,4664.3895407,2025-08-13 16:00:00.006
ETHUSDT,1755129600002,0.0001,4748.37,2025-08-14 00:00:00.002
ETHUSDT,1755158400003,0.0001,4747.72583333,2025-08-14 08:00:00.003
ETHUSDT,1755187200000,0.0001,4618.0,2025-08-14 16:00:00.000
ETHUSDT,1755216000000,0.0001,4545.65822868,2025-08-15 00:00:00.000
ETHUSDT,1755244800000,9.765e-05,4639.52553876,2025-08-15 08:00:00.000
ETHUSDT,1755273600000,6.474e-05,4428.82236822,2025-08-15 16:00:00.000
ETHUSDT,1755302400004,5.967e-05,4437.36567568,2025-08-16 00:00:00.004
ETHUSDT,1755331200000,8.99e-05,4449.25,2025-08-16 08:00:00.000
ETHUSDT,1755360000002,1.968e-05,4398.62610811,2025-08-16 16:00:00.002
ETHUSDT,1755388800000,4.669e-05,4420.21,2025-08-17 00:00:00.000
ETHUSDT,1755417600001,-6.68e-06,4465.0,2025-08-17 08:00:00.001
ETHUSDT,1755446400007,5.334e-05,4559.57,2025-08-17 16:00:00.007
ETHUSDT,1755475200000,6.32e-06,4470.87273874,2025-08-18 00:00:00.000
ETHUSDT,1755504000001,9.191e-05,4255.03,2025-08-18 08:00:00.001
ETHUSDT,1755532800002,8.959e-05,4343.33752713,2025-08-18 16:00:00.002
ETHUSDT,1755561600000,0.0001,4311.97,2025-08-19 00:00:00.000
ETHUSDT,1755590400001,0.0001,4232.6,2025-08-19 08:00:00.001
ETHUSDT,1755619200000,0.0001,4190.33,2025-08-19 16:00:00.000
ETHUSDT,1755648000000,0.0001,4073.93,2025-08-20 00:00:00.000
ETHUSDT,1755676800000,3.18e-06,4183.66,2025-08-20 08:00:00.000
ETHUSDT,1755705600000,9.07e-05,4253.61408915,2025-08-20 16:00:00.000
ETHUSDT,1755734400006,6.232e-05,4334.5,2025-08-21 00:00:00.006
ETHUSDT,1755763200000,5.834e-05,4309.0,2025-08-21 08:00:00.000
ETHUSDT,1755792000003,2.689e-05,4240.9,2025-08-21 16:00:00.003
ETHUSDT,1755820800010,6.376e-05,4223.69,2025-08-22 00:00:00.010
ETHUSDT,1755849600007,6.67e-05,4326.35375388,2025-08-22 08:00:00.007
ETHUSDT,1755878400001,6.004e-05,4613.93,2025-08-22 16:00:00.001
ETHUSDT,1755907200004,0.0001,4829.83,2025-08-23 00:00:00.004
ETHUSDT,1755936000006,0.0001,4712.85,2025-08-23 08:00:00.006
ETHUSDT,1755964800000,0.0001,4749.5566938,2025-08-23 16:00:00.000
ETHUSDT,1755993600001,0.0001,4777.4249054,2025-08-24 00:00:00.001
ETHUSDT,1756022400002,0.0001,4757.66,2025-08-24 08:00:00.002
ETHUSDT,1756051200001,0.0001,4796.45056589,2025-08-24 16:00:00.001
ETHUSDT,1756080000000,4.932e-05,4778.33,2025-08-25 00:00:00.000
ETHUSDT,1756108800002,4.567e-05,4589.77243023,2025-08-25 08:00:00.002
ETHUSDT,1756137600002,1.732e-05,4610.84970543,2025-08-25 16:00:00.002
ETHUSDT,1756166400000,-7.39e-06,4374.3599845,2025-08-26 00:00:00.000
ETHUSDT,1756195200000,1.08e-05,4427.38,2025-08-26 08:00:00.000
ETHUSDT,1756224000000,1.029e-05,4517.19067829,2025-08-26 16:00:00.000
ETHUSDT,1756252800003,-8.19e-06,4598.68597674,2025-08-27 00:00:00.003
ETHUSDT,1756281600000,1.933e-05,4578.6,2025-08-27 08:00:00.000
ETHUSDT,1756310400009,4.152e-05,4655.31,2025-08-27 16:00:00.009
ETHUSDT,1756339200000,5.965e-05,4504.9385814,2025-08-28 00:00:00.000
ETHUSDT,1756368000005,2.643e-05,4594.81,2025-08-28 08:00:00.005
ETHUSDT,1756396800004,2.175e-05,4502.0005155,2025-08-28 16:00:00.004
ETHUSDT,1756425600000,1.728e-05,4509.34136822,2025-08-29 00:00:00.000
ETHUSDT,1756454400000,4.981e-05,4379.50601938,2025-08-29 08:00:00.000
ETHUSDT,1756483200005,1.496e-05,4313.86,2025-08-29 16:00:00.005
ETHUSDT,1756512000000,4.162e-05,4358.64,2025-08-30 00:00:00.000
ETHUSDT,1756540800002,-1.108e-05,4400.08,2025-08-30 08:00:00.002
ETHUSDT,1756569600003,4.057e-05,4374.27,2025-08-30 16:00:00.003
ETHUSDT,1756598400016,-1.39e-05,4371.99,2025-08-31 00:00:00.016
ETHUSDT,1756627200000,5.543e-05,4449.41955039,2025-08-31 08:00:00.000
ETHUSDT,1756656000001,-1.154e-05,4482.69935271,2025-08-31 16:00:00.001
ETHUSDT,1756684800000,-2.114e-05,4390.47237485,2025-09-01 00:00:00.000
ETHUSDT,1756713600000,-1.3e-05,4461.17395349,2025-09-01 08:00:00.000
ETHUSDT,1756742400001,1.22e-06,4360.43208915,2025-09-01 16:00:00.001
ETHUSDT,1756771200000,4.06e-06,4313.01,2025-09-02 00:00:00.000
ETHUSDT,1756800000005,5.513e-05,4376.35,2025-09-02 08:00:00.005
ETHUSDT,1756828800007,3.026e-05,4293.55,2025-09-02 16:00:00.007
ETHUSDT,1756857600006,1.812e-05,4324.59,2025-09-03 00:00:00.006
ETHUSDT,1756886400002,-1.11e-06,4308.4251124,2025-09-03 08:00:00.002
ETHUSDT,1756915200002,3.174e-05,4477.11681783,2025-09-03 16:00:00.002
ETHUSDT,1756944000002,2.311e-05,4448.63827907,2025-09-04 00:00:00.002
ETHUSDT,1756972800000,-2.012e-05,4368.81,2025-09-04 08:00:00.000
ETHUSDT,1757001600000,-2.527e-05,4303.2879186,2025-09-04 16:00:00.000
ETHUSDT,1757030400001,-5.54e-05,4296.12586822,2025-09-05 00:00:00.001
ETHUSDT,1757059200006,-3.456e-05,4415.35654651,2025-09-05 08:00:00.006
ETHUSDT,1757088000000,2.866e-05,4280.61,2025-09-05 16:00:00.000
ETHUSDT,1757116800000,-2.104e-05,4305.7,2025-09-06 00:00:00.000
ETHUSDT,1757145600005,3.956e-05,4310.42317442,2025-09-06 08:00:00.005
ETHUSDT,1757174400000,4.06e-05,4267.82208915,2025-09-06 16:00:00.000
ETHUSDT,1757203200000,5.946e-05,4271.31,2025-09-07 00:00:00.000
ETHUSDT,1757232000000,8.938e-05,4292.99,2025-09-07 08:00:00.000
ETHUSDT,1757260800000,3.335e-05,4297.20504651,2025-09-07 16:00:00.000
ETHUSDT,1757289600007,2.556e-05,4304.15389147,2025-09-08 00:00:00.007
ETHUSDT,1757318400000,2.063e-05,4289.82,2025-09-08 08:00:00.000
ETHUSDT,1757347200000,9.082e-05,4369.83,2025-09-08 16:00:00.000
ETHUSDT,1757376000000,4.706e-05,4303.98665891,2025-09-09 00:00:00.000
ETHUSDT,1757404800000,0.0001,4360.43,2025-09-09 08:00:00.000
ETHUSDT,1757433600000,6.645e-05,4282.78335659,2025-09-09 16:00:00.000
ETHUSDT,1757462400000,6.156e-05,4308.55254264,2025-09-10 00:00:00.000
ETHUSDT,1757491200002,8.82e-05,4327.97353876,2025-09-10 08:00:00.002
ETHUSDT,1757520000000,0.0001,4403.5,2025-09-10 16:00:00.000
ETHUSDT,1757548800000,1.341e-05,4347.83,2025-09-11 00:00:00.000
ETHUSDT,1757577600000,0.0001,4439.0,2025-09-11 08:00:00.000
ETHUSDT,1757606400001,8.501e-05,4410.41,2025-09-11 16:00:00.001
ETHUSDT,1757635200002,4.858e-05,4456.91765504,2025-09-12 00:00:00.002
ETHUSDT,1757664000001,0.0001,4524.39,2025-09-12 08:00:00.001
ETHUSDT,1757692800005,0.0001,4540.16,2025-09-12 16:00:00.005
ETHUSDT,1757721600005,0.0001,4710.92940698,2025-09-13 00:00:00.005
ETHUSDT,1757750400002,9.815e-05,4709.88593023,2025-09-13 08:00:00.002
ETHUSDT,1757779200000,0.0001,4651.44,2025-09-13 16:00:00.000
ETHUSDT,1757808000006,3.75e-06,4664.46632946,2025-09-14 00:00:00.006
ETHUSDT,1757836800000,8.307e-05,4648.8,2025-09-14 08:00:00.000
ETHUSDT,1757865600001,5.553e-05,4580.66847655,2025-09-14 16:00:00.001
ETHUSDT,1757894400006,7.366e-05,4602.25855426,2025-09-15 00:00:00.006
ETHUSDT,1757923200002,6.603e-05,4595.07828682,2025-09-15 08:00:00.002
ETHUSDT,1757952000001,3.563e-05,4498.4076938,2025-09-15 16:00:00.001
ETHUSDT,1757980800001,4.54e-05,4521.54,2025-09-16 00:00:00.001
ETHUSDT,1758009600000,4.526e-05,4510.65,2025-09-16 08:00:00.000
ETHUSDT,1758038400000,2.037e-05,4465.73,2025-09-16 16:00:00.000
ETHUSDT,1758067200001,2.419e-05,4499.53808915,2025-09-17 00:00:00.001
ETHUSDT,1758096000000,5.358e-05,4542.26,2025-09-17 08:00:00.000
ETHUSDT,1758124800003,4.406e-05,4487.65,2025-09-17 16:00:00.003
ETHUSDT,1758153600006,5.15e-05,4588.68344186,2025-09-18 00:00:00.006
ETHUSDT,1758182400002,4.292e-05,4573.1,2025-09-18 08:00:00.002
ETHUSDT,1758211200000,1.971e-05,4597.16415504,2025-09-18 16:00:00.000
ETHUSDT,1758240000000,5.745e-05,4585.31,2025-09-19 00:00:00.000
ETHUSDT,1758268800005,-9.04e-06,4536.85290698,2025-09-19 08:00:00.005
ETHUSDT,1758297600000,-4.324e-05,4472.12543411,2025-09-19 16:00:00.000
ETHUSDT,1758326400000,-4.366e-05,4466.49,2025-09-20 00:00:00.000
ETHUSDT,1758355200000,-5.97e-06,4480.82192248,2025-09-20 08:00:00.000
ETHUSDT,1758384000002,4.189e-05,4496.36,2025-09-20 16:00:00.002
ETHUSDT,1758412800000,-2.372e-05,4478.27366667,2025-09-21 00:00:00.000
ETHUSDT,1758441600000,4.828e-05,4475.86645736,2025-09-21 08:00:00.000
ETHUSDT,1758470400000,3.039e-05,4480.9202093,2025-09-21 16:00:00.000
ETHUSDT,1758499200005,-2.051e-05,4443.33,2025-09-22 00:00:00.005
ETHUSDT,1758528000003,-5.18e-06,4191.68,2025-09-22 08:00:00.003
ETHUSDT,1758556800000,5.08e-06,4165.82,2025-09-22 16:00:00.000
ETHUSDT,1758585600000,-1.93e-06,4196.97614729,2025-09-23 00:00:00.000
ETHUSDT,1758614400001,5.594e-05,4203.24,2025-09-23 08:00:00.001
ETHUSDT,1758643200000,-2.189e-05,4179.12,2025-09-23 16:00:00.000
ETHUSDT,1758672000003,9.73e-06,4162.24,2025-09-24 00:00:00.003
ETHUSDT,1758700800001,7.19e-06,4173.43,2025-09-24 08:00:00.001
ETHUSDT,1758729600002,-3.616e-05,4163.81,2025-09-24 16:00:00.002
ETHUSDT,1758758400000,-8.602e-05,4150.51304651,2025-09-25 00:00:00.000
ETHUSDT,1758787200001,-8.11e-05,4006.94,2025-09-25 08:00:00.001
ETHUSDT,1758816000000,0.0001,4000.97,2025-09-25 16:00:00.000
ETHUSDT,1758844800000,8.976e-05,3873.1,2025-09-26 00:00:00.000
ETHUSDT,1758873600000,3.202e-05,3936.6,2025-09-26 08:00:00.000
ETHUSDT,1758902400008,4.775e-05,3944.84769767,2025-09-26 16:00:00.008
ETHUSDT,1758931200000,-1.608e-05,4030.50897674,2025-09-27 00:00:00.000
ETHUSDT,1758960000010,4.387e-05,4005.99,2025-09-27 08:00:00.010
ETHUSDT,1758988800003,0.0001,4017.2,2025-09-27 16:00:00.003
ETHUSDT,1759017600000,7.975e-05,4017.01,2025-09-28 00:00:00.000
ETHUSDT,1759046400000,4.229e-05,4013.0,2025-09-28 08:00:00.000
ETHUSDT,1759075200000,8.2e-05,4019.93404651,2025-09-28 16:00:00.000
ETHUSDT,1759104000000,3.512e-05,4140.63316279,2025-09-29 00:00:00.000
ETHUSDT,1759132800002,3.842e-05,4106.69554264,2025-09-29 08:00:00.002
ETHUSDT,1759161600001,-3.49e-05,4162.67086822,2025-09-29 16:00:00.001
ETHUSDT,1759190400002,9.16e-06,4213.26955814,2025-09-30 00:00:00.002
ETHUSDT,1759219200005,-1.307e-05,4181.0,2025-09-30 08:00:00.005
ETHUSDT,1759248000000,4.72e-06,4118.09,2025-09-30 16:00:00.000
ETHUSDT,1759276800000,-1.572e-05,4142.98,2025-10-01 00:00:00.000
ETHUSDT,1759305600000,2.569e-05,4144.52900962,2025-10-01 08:00:00.000
ETHUSDT,1759334400000,-7.44e-06,4325.01,2025-10-01 16:00:00.000
ETHUSDT,1759363200000,1.487e-05,4346.06,2025-10-02 00:00:00.000
ETHUSDT,1759392000013,3.033e-05,4373.65557364,2025-10-02 08:00:00.013
ETHUSDT,1759420800000,3.733e-05,4435.81462791,2025-10-02 16:00:00.000
ETHUSDT,1759449600006,1.312e-05,4481.7,2025-10-03 00:00:00.006
ETHUSDT,1759478400006,7.933e-05,4460.84,2025-10-03 08:00:00.006
ETHUSDT,1759507200000,5.593e-05,4532.88,2025-10-03 16:00:00.000
ETHUSDT,1759536000001,5.57e-05,4510.94,2025-10-04 00:00:00.001
ETHUSDT,1759564800000,7.25e-06,4496.24,2025-10-04 08:00:00.000
ETHUSDT,1759593600000,4.8e-05,4452.22,2025-10-04 16:00:00.000
ETHUSDT,1759622400000,5.761e-05,4485.3270155,2025-10-05 00:00:00.000
ETHUSDT,1759651200003,0.0001,4604.91,2025-10-05 08:00:00.003
ETHUSDT,1759680000009,9.708e-05,4530.6,2025-10-05 16:00:00.009
ETHUSDT,1759708800004,7.894e-05,4512.5046124,2025-10-06 00:00:00.004
ETHUSDT,1759737600002,0.0001,4531.3,2025-10-06 08:00:00.002
ETHUSDT,1759766400004,0.0001,4671.46368992,2025-10-06 16:00:00.004
ETHUSDT,1759795200000,0.0001,4682.42,2025-10-07 00:00:00.000
ETHUSDT,1759824000003,0.0001,4676.83,2025-10-07 08:00:00.003
ETHUSDT,1759852800000,0.0001,4510.41339535,2025-10-07 16:00:00.000
ETHUSDT,1759881600000,1.254e-05,4445.6,2025-10-08 00:00:00.000
ETHUSDT,1759910400006,6.038e-05,4461.08,2025-10-08 08:00:00.006
ETHUSDT,1759939200002,1.261e-05,4445.23296124,2025-10-08 16:00:00.002
ETHUSDT,1759968000001,3.613e-05,4523.67,2025-10-09 00:00:00.001
ETHUSDT,1759996800000,-2.26e-06,4424.43,2025-10-09 08:00:00.000
ETHUSDT,1760025600000,5.752e-05,4313.13313953,2025-10-09 16:00:00.000
ETHUSDT,1760054400005,2.565e-05,4365.89155974,2025-10-10 00:00:00.005
ETHUSDT,1760083200002,2.511e-05,4321.08889147,2025-10-10 08:00:00.002
ETHUSDT,1760112000014,-5.147e-05,4100.48,2025-10-10 16:00:00.014
ETHUSDT,1760140800000,0.0001,3820.04284109,2025-10-11 00:00:00.000
ETHUSDT,1760169600003,-0.00013094,3757.27,2025-10-11 08:00:00.003
ETHUSDT,1760198400000,-1.73e-06,3822.65671318,2025-10-11 16:00:00.000
ETHUSDT,1760227200004,-6.965e-05,3744.54,2025-10-12 00:00:00.004
ETHUSDT,1760256000002,8.39e-06,3825.69493023,2025-10-12 08:00:00.002
ETHUSDT,1760284800000,-4.563e-05,4033.07592248,2025-10-12 16:00:00.000
ETHUSDT,1760313600003,-2.591e-05,4150.0,2025-10-13 00:00:00.003
ETHUSDT,1760342400002,5.255e-05,4176.37485271,2025-10-13 08:00:00.002
ETHUSDT,1760371200003,5.202e-05,4133.44,2025-10-13 16:00:00.003
ETHUSDT,1760400000000,5.602e-05,4239.7,2025-10-14 00:00:00.000
ETHUSDT,1760428800000,3.52e-06,3979.88,2025-10-14 08:00:00.000
ETHUSDT,1760457600000,2.693e-05,4084.13926357,2025-10-14 16:00:00.000
ETHUSDT,1760486400006,1.42e-05,4123.05,2025-10-15 00:00:00.006
ETHUSDT,1760515200002,4.258e-05,4120.11372093,2025-10-15 08:00:00.002
ETHUSDT,1760544000000,2.5e-05,3979.78179845,2025-10-15 16:00:00.000
ETHUSDT,1760572800000,-4.99e-06,3983.8,2025-10-16 00:00:00.000
ETHUSDT,1760601600003,7.65e-06,4003.38165891,2025-10-16 08:00:00.003
ETHUSDT,1760630400002,6.18e-06,3906.25694186,2025-10-16 16:00:00.002
ETHUSDT,1760659200001,3.354e-05,3892.18452713,2025-10-17 00:00:00.001
ETHUSDT,1760688000005,5.63e-05,3755.06874419,2025-10-17 08:00:00.005
ETHUSDT,1760716800003,2.963e-05,3796.16006977,2025-10-17 16:00:00.003
ETHUSDT,1760745600000,1.423e-05,3830.02745736,2025-10-18 00:00:00.000
ETHUSDT,1760774400002,1.51e-05,3890.47,2025-10-18 08:00:00.002
ETHUSDT,1760803200001,6.086e-05,3876.05548062,2025-10-18 16:00:00.001
ETHUSDT,1760832000001,6.239e-05,3887.01,2025-10-19 00:00:00.001
ETHUSDT,1760860800001,2.101e-05,3886.7,2025-10-19 08:00:00.001
ETHUSDT,1760889600001,3.514e-05,3977.55,2025-10-19 16:00:00.001
ETHUSDT,1760918400004,2.481e-05,3980.85823256,2025-10-20 00:00:00.004
ETHUSDT,1760947200001,5.413e-05,4053.55528682,2025-10-20 08:00:00.001
ETHUSDT,1760976000000,5.999e-05,4002.92856202,2025-10-20 16:00:00.000
ETHUSDT,1761004800009,3.53e-05,3977.55,2025-10-21 00:00:00.009
ETHUSDT,1761033600000,4.7e-07,3890.72004651,2025-10-21 08:00:00.000
ETHUSDT,1761062400000,7.724e-05,4080.4207907,2025-10-21 16:00:00.000
ETHUSDT,1761091200004,-2.491e-05,3871.11,2025-10-22 00:00:00.004
ETHUSDT,1761120000000,2.192e-05,3866.99136728,2025-10-22 08:00:00.000
ETHUSDT,1761148800000,2.392e-05,3839.72,2025-10-22 16:00:00.000
ETHUSDT,1761177600000,5.29e-06,3803.71,2025-10-23 00:00:00.000
ETHUSDT,1761206400001,4.173e-05,3879.85388372,2025-10-23 08:00:00.001
ETHUSDT,1761235200004,5.185e-05,3874.88,2025-10-23 16:00:00.004
ETHUSDT,1761264000000,8.88e-06,3855.43300775,2025-10-24 00:00:00.000
ETHUSDT,1761292800000,9.418e-05,3947.65,2025-10-24 08:00:00.000
ETHUSDT,1761321600009,3.074e-05,3887.1,2025-10-24 16:00:00.009
ETHUSDT,1761350400000,1.282e-05,3933.2,2025-10-25 00:00:00.000
ETHUSDT,1761379200001,1.546e-05,3927.29,2025-10-25 08:00:00.001
ETHUSDT,1761408000001,6.413e-05,3931.491,2025-10-25 16:00:00.001
ETHUSDT,1761436800001,0.0001,3952.26246899,2025-10-26 00:00:00.001
ETHUSDT,1761465600001,2.079e-05,3949.72,2025-10-26 08:00:00.001
ETHUSDT,1761494400000,0.0001,4073.54621705,2025-10-26 16:00:00.000
ETHUSDT,1761523200000,0.0001,4157.36870543,2025-10-27 00:00:00.000
ETHUSDT,1761552000005,0.0001,4199.99,2025-10-27 08:00:00.005
ETHUSDT,1761580800000,7.827e-05,4171.24,2025-10-27 16:00:00.000
ETHUSDT,1761609600000,3.936e-05,4118.47,2025-10-28 00:00:00.000
ETHUSDT,1761638400000,4.615e-05,4115.70196899,2025-10-28 08:00:00.000
ETHUSDT,1761667200004,1.796e-05,4095.35,2025-10-28 16:00:00.004
ETHUSDT,1761696000004,-5.159e-05,3977.58941085,2025-10-29 00:00:00.004
ETHUSDT,1761724800005,-1.008e-05,4022.83,2025-10-29 08:00:00.005
ETHUSDT,1761753600000,3.915e-05,3950.23,2025-10-29 16:00:00.000
ETHUSDT,1761782400004,-3.389e-05,3900.84131783,2025-10-30 00:00:00.004
ETHUSDT,1761811200008,-2.243e-05,3938.48378295,2025-10-30 08:00:00.008
ETHUSDT,1761840000001,-6.394e-05,3771.81851938,2025-10-30 16:00:00.001
ETHUSDT,1761868800000,3.219e-05,3802.31,2025-10-31 00:00:00.000
ETHUSDT,1761897600008,7.777e-05,3829.62250388,2025-10-31 08:00:00.008
ETHUSDT,1761926400007,-1.283e-05,3859.04427132,2025-10-31 16:00:00.007
ETHUSDT,1761955200001,6.032e-05,3846.41,2025-11-01 00:00:00.001
ETHUSDT,1761984000000,7.748e-05,3859.28,2025-11-01 08:00:00.000
ETHUSDT,1762012800000,0.0001,3893.1211668,2025-11-01 16:00:00.000
ETHUSDT,1762041600007,6.688e-05,3872.13,2025-11-02 00:00:00.007
ETHUSDT,1762070400000,9.258e-05,3905.13814729,2025-11-02 08:00:00.000
ETHUSDT,1762099200001,3.269e-05,3851.64,2025-11-02 16:00:00.001
ETHUSDT,1762128000000,8.937e-05,3905.02096124,2025-11-03 00:00:00.000
ETHUSDT,1762156800010,2.373e-05,3713.1191938,2025-11-03 08:00:00.010
ETHUSDT,1762185600000,5.24e-06,3587.37,2025-11-03 16:00:00.000
ETHUSDT,1762214400002,7.89e-05,3602.37986822,2025-11-04 00:00:00.002
ETHUSDT,1762243200004,8.984e-05,3492.95644186,2025-11-04 08:00:00.004
ETHUSDT,1762272000000,4.875e-05,3505.85,2025-11-04 16:00:00.000
ETHUSDT,1762300800000,1.174e-05,3285.29,2025-11-05 00:00:00.000
ETHUSDT,1762329600000,6.56e-06,3329.26889147,2025-11-05 08:00:00.000
ETHUSDT,1762358400004,4.337e-05,3396.32,2025-11-05 16:00:00.004
ETHUSDT,1762387200001,4.919e-05,3423.3660969,2025-11-06 00:00:00.001
ETHUSDT,1762416000000,4.986e-05,3379.0,2025-11-06 08:00:00.000
ETHUSDT,1762444800001,7.1e-07,3300.0,2025-11-06 16:00:00.001
ETHUSDT,1762473600005,7.583e-05,3313.86843411,2025-11-07 00:00:00.005
ETHUSDT,1762502400003,4.78e-05,3356.5094587,2025-11-07 08:00:00.003
ETHUSDT,1762531200005,8.277e-05,3296.61312403,2025-11-07 16:00:00.005
ETHUSDT,1762560000011,7.722e-05,3434.90193023,2025-11-08 00:00:00.011
ETHUSDT,1762588800015,8.414e-05,3446.59017054,2025-11-08 08:00:00.015
ETHUSDT,1762617600001,6.487e-05,3375.68,2025-11-08 16:00:00.001
ETHUSDT,1762646400004,1.158e-05,3400.07,2025-11-09 00:00:00.004
ETHUSDT,1762675200000,6.622e-05,3421.21175194,2025-11-09 08:00:00.000
ETHUSDT,1762704000005,4.71e-05,3514.06362791,2025-11-09 16:00:00.005
ETHUSDT,1762732800000,3.686e-05,3581.40451938,2025-11-10 00:00:00.000
ETHUSDT,1762761600000,9.099e-05,3608.31591473,2025-11-10 08:00:00.000
ETHUSDT,1762790400003,7.806e-05,3518.59824806,2025-11-10 16:00:00.003
ETHUSDT,1762819200007,2.962e-05,3566.38,2025-11-11 00:00:00.007
ETHUSDT,1762848000000,-2.557e-05,3542.83,2025-11-11 08:00:00.000
ETHUSDT,1762876800009,2.827e-05,3479.61,2025-11-11 16:00:00.009
ETHUSDT,1762905600000,3.618e-05,3416.32,2025-11-12 00:00:00.000
ETHUSDT,1762934400002,-3.94e-05,3426.89084496,2025-11-12 08:00:00.002
ETHUSDT,1762963200000,7.04e-05,3427.16393023,2025-11-12 16:00:00.000
ETHUSDT,1762992000002,6.967e-05,3413.45,2025-11-13 00:00:00.002
ETHUSDT,1763020800000,0.0001,3538.14021705,2025-11-13 08:00:00.000
ETHUSDT,1763049600001,2.321e-05,3386.08135659,2025-11-13 16:00:00.001
ETHUSDT,1763078400000,-3.82e-06,3230.12706977,2025-11-14 00:00:00.000
ETHUSDT,1763107200000,3.573e-05,3214.12926357,2025-11-14 08:00:00.000
ETHUSDT,1763136000001,7.962e-05,3195.87,2025-11-14 16:00:00.001
ETHUSDT,1763164800005,4.979e-05,3111.41544106,2025-11-15 00:00:00.005
ETHUSDT,1763193600000,4.397e-05,3174.99,2025-11-15 08:00:00.000
ETHUSDT,1763222400001,4.679e-05,3184.5,2025-11-15 16:00:00.001
ETHUSDT,1763251200001,0.0001,3166.55,2025-11-16 00:00:00.001
ETHUSDT,1763280000000,0.0001,3218.40003101,2025-11-16 08:00:00.000
ETHUSDT,1763308800000,7.779e-05,3103.51,2025-11-16 16:00:00.000
ETHUSDT,1763337600003,0.0001,3095.01727132,2025-11-17 00:00:00.003
ETHUSDT,1763366400003,0.0001,3197.29,2025-11-17 08:00:00.003
ETHUSDT,1763395200000,5.992e-05,3119.24,2025-11-17 16:00:00.000
ETHUSDT,1763424000002,9.056e-05,3030.07,2025-11-18 00:00:00.002
ETHUSDT,1763452800004,0.0001,3024.38991473,2025-11-18 08:00:00.004
ETHUSDT,1763481600000,5.928e-05,3105.25403769,2025-11-18 16:00:00.000
ETHUSDT,1763510400000,0.0001,3122.2,2025-11-19 00:00:00.000
ETHUSDT,1763539200000,6.727e-05,3083.92845736,2025-11-19 08:00:00.000
ETHUSDT,1763568000008,3.204e-05,2972.28232558,2025-11-19 16:00:00.008
ETHUSDT,1763596800000,7.097e-05,3024.09,2025-11-20 00:00:00.000
ETHUSDT,1763625600000,7.838e-05,3038.21689147,2025-11-20 08:00:00.000
ETHUSDT,1763654400000,6.788e-05,2954.52,2025-11-20 16:00:00.000
ETHUSDT,1763683200001,3.335e-05,2833.48894574,2025-11-21 00:00:00.001
ETHUSDT,1763712000000,1.947e-05,2719.22072868,2025-11-21 08:00:00.000
ETHUSDT,1763740800001,5.44e-05,2703.69,2025-11-21 16:00:00.001
ETHUSDT,1763769600004,1.859e-05,2764.63,2025-11-22 00:00:00.004
ETHUSDT,1763798400000,7.195e-05,2755.13,2025-11-22 08:00:00.000
ETHUSDT,1763827200000,4.657e-05,2737.64817054,2025-11-22 16:00:00.000
ETHUSDT,1763856000000,6.445e-05,2769.13278295,2025-11-23 00:00:00.000
ETHUSDT,1763884800008,-2.356e-05,2792.32,2025-11-23 08:00:00.008
ETHUSDT,1763913600003,-5.87e-06,2835.31565116,2025-11-23 16:00:00.003
ETHUSDT,1763942400004,-1e-07,2800.96685245,2025-11-24 00:00:00.004
ETHUSDT,1763971200000,7.615e-05,2828.77,2025-11-24 08:00:00.000
ETHUSDT,1764000000006,4.931e-05,2845.26537209,2025-11-24 16:00:00.006
ETHUSDT,1764028800000,4.02e-05,2952.18,2025-11-25 00:00:00.000
ETHUSDT,1764057600009,3.624e-05,2901.54,2025-11-25 08:00:00.009
ETHUSDT,1764086400007,5.56e-06,2894.18,2025-11-25 16:00:00.007
ETHUSDT,1764115200001,4.707e-05,2958.29194574,2025-11-26 00:00:00.001
ETHUSDT,1764144000001,-9.2e-06,2943.11770543,2025-11-26 08:00:00.001
ETHUSDT,1764172800000,1.886e-05,2926.63055814,2025-11-26 16:00:00.000
ETHUSDT,1764201600013,2.467e-05,3025.05,2025-11-27 00:00:00.013
ETHUSDT,1764230400000,1.646e-05,3032.24509302,2025-11-27 08:00:00.000
ETHUSDT,1764259200004,9.88e-06,3009.75889922,2025-11-27 16:00:00.004
ETHUSDT,1764288000008,-1.45e-06,3013.89,2025-11-28 00:00:00.008
ETHUSDT,1764316800000,2.638e-05,3000.26055,2025-11-28 08:00:00.000
ETHUSDT,1764345600008,-9.03e-06,3072.13665196,2025-11-28 16:00:00.008
ETHUSDT,1764374400000,2.574e-05,3029.8,2025-11-29 00:00:00.000
ETHUSDT,1764403200005,5.1e-06,3003.23,2025-11-29 08:00:00.005
ETHUSDT,1764432000001,-1.52e-06,3006.09641139,2025-11-29 16:00:00.001
ETHUSDT,1764460800003,7.916e-05,2987.96,2025-11-30 00:00:00.003
ETHUSDT,1764489600000,4.019e-05,3003.55172093,2025-11-30 08:00:00.000
ETHUSDT,1764518400004,3.707e-05,3027.88,2025-11-30 16:00:00.004
ETHUSDT,1764547200000,5.374e-05,2990.24148837,2025-12-01 00:00:00.000
ETHUSDT,1764576000004,7.757e-05,2838.6039575,2025-12-01 08:00:00.004
ETHUSDT,1764604800000,-2.535e-05,2745.14208527,2025-12-01 16:00:00.000
ETHUSDT,1764633600004,6.949e-05,2797.62505426,2025-12-02 00:00:00.004
ETHUSDT,1764662400000,5.552e-05,2804.33772093,2025-12-02 08:00:00.000
ETHUSDT,1764691200000,4.147e-05,3005.55,2025-12-02 16:00:00.000
ETHUSDT,1764720000000,4.698e-05,2994.63,2025-12-03 00:00:00.000
ETHUSDT,1764748800000,1.107e-05,3056.4,2025-12-03 08:00:00.000
ETHUSDT,1764777600005,5.015e-05,3084.84,2025-12-03 16:00:00.005
ETHUSDT,1764806400012,6.305e-05,3187.29982946,2025-12-04 00:00:00.012
ETHUSDT,1764835200000,0.0001,3189.02,2025-12-04 08:00:00.000
ETHUSDT,1764864000011,9.628e-05,3206.7,2025-12-04 16:00:00.011
ETHUSDT,1764892800000,2.405e-05,3132.0,2025-12-05 00:00:00.000
ETHUSDT,1764921600000,9.771e-05,3172.27,2025-12-05 08:00:00.000
ETHUSDT,1764950400010,4.884e-05,3105.37104264,2025-12-05 16:00:00.010
ETHUSDT,1764979200001,4.481e-05,3020.3345814,2025-12-06 00:00:00.001
ETHUSDT,1765008000001,4.55e-06,3024.98,2025-12-06 08:00:00.001
ETHUSDT,1765036800008,3.188e-05,3040.1,2025-12-06 16:00:00.008
ETHUSDT,1765065600000,3.716e-05,3036.53,2025-12-07 00:00:00.000
ETHUSDT,1765094400004,-9.74e-06,3036.0,2025-12-07 08:00:00.004
ETHUSDT,1765123200000,1.448e-05,3027.5372093,2025-12-07 16:00:00.000
ETHUSDT,1765152000000,2.807e-05,3058.13,2025-12-08 00:00:00.000
ETHUSDT,1765180800000,7.24e-05,3132.81955814,2025-12-08 08:00:00.000
ETHUSDT,1765209600001,4.139e-05,3099.69,2025-12-08 16:00:00.001
ETHUSDT,1765238400001,5.283e-05,3123.15,2025-12-09 00:00:00.001
ETHUSDT,1765267200001,6.214e-05,3120.99,2025-12-09 08:00:00.001
ETHUSDT,1765296000007,3.873e-05,3244.57465116,2025-12-09 16:00:00.007
ETHUSDT,1765324800007,0.0001,3316.5,2025-12-10 00:00:00.007
ETHUSDT,1765353600002,7.429e-05,3325.6694186,2025-12-10 08:00:00.002
ETHUSDT,1765382400012,3.462e-05,3326.70315504,2025-12-10 16:00:00.012
ETHUSDT,1765411200001,6.92e-05,3322.84322481,2025-12-11 00:00:00.001
ETHUSDT,1765440000000,1.38e-06,3200.04512831,2025-12-11 08:00:00.000
ETHUSDT,1765468800000,2.616e-05,3178.20453488,2025-12-11 16:00:00.000
ETHUSDT,1765497600005,-2.48e-06,3235.78,2025-12-12 00:00:00.005
ETHUSDT,1765526400007,3.217e-05,3245.0,2025-12-12 08:00:00.007
ETHUSDT,1765555200002,-2.36e-06,3072.10405814,2025-12-12 16:00:00.002
ETHUSDT,1765584000001,1.07e-06,3083.34,2025-12-13 00:00:00.001
ETHUSDT,1765612800006,-1.354e-05,3093.20392793,2025-12-13 08:00:00.006
ETHUSDT,1765641600000,3.292e-05,3108.6523327,2025-12-13 16:00:00.000
ETHUSDT,1765670400000,8.266e-05,3113.00076744,2025-12-14 00:00:00.000
ETHUSDT,1765699200003,4.872e-05,3113.8825814,2025-12-14 08:00:00.003
ETHUSDT,1765728000005,8.259e-05,3083.33,2025-12-14 16:00:00.005
ETHUSDT,1765756800000,6.154e-05,3061.33,2025-12-15 00:00:00.000
ETHUSDT,1765785600000,3.415e-05,3127.34,2025-12-15 08:00:00.000
ETHUSDT,1765814400000,2.051e-05,3009.47985565,2025-12-15 16:00:00.000
ETHUSDT,1765843200002,-6.41e-06,2963.26,2025-12-16 00:00:00.002
ETHUSDT,1765872000000,2.281e-05,2922.62,2025-12-16 08:00:00.000
ETHUSDT,1765900800002,-1.87e-05,2961.85,2025-12-16 16:00:00.002
ETHUSDT,1765929600004,3.52e-06,2960.73833333,2025-12-17 00:00:00.004
ETHUSDT,1765958400000,3.718e-05,2946.59,2025-12-17 08:00:00.000
ETHUSDT,1765987200000,8.6e-07,2903.39,2025-12-17 16:00:00.000
ETHUSDT,1766016000005,-1.833e-05,2832.0,2025-12-18 00:00:00.005
ETHUSDT,1766044800007,-3.186e-05,2834.98,2025-12-18 08:00:00.007
ETHUSDT,1766073600001,5.89e-05,2964.16,2025-12-18 16:00:00.001
ETHUSDT,1766102400000,5.783e-05,2827.28557364,2025-12-19 00:00:00.000
ETHUSDT,1766131200001,7.285e-05,2950.56593023,2025-12-19 08:00:00.001
ETHUSDT,1766160000000,9.196e-05,2963.53419006,2025-12-19 16:00:00.000
ETHUSDT,1766188800005,1.997e-05,2978.40965891,2025-12-20 00:00:00.005
ETHUSDT,1766217600000,1.909e-05,2980.30465891,2025-12-20 08:00:00.000
ETHUSDT,1766246400002,9.03e-06,2975.58,2025-12-20 16:00:00.002
ETHUSDT,1766275200000,1.836e-05,2976.54,2025-12-21 00:00:00.000
ETHUSDT,1766304000009,4.198e-05,2979.86175194,2025-12-21 08:00:00.009
ETHUSDT,1766332800000,3.37e-06,2973.41665891,2025-12-21 16:00:00.000
ETHUSDT,1766361600000,-2.332e-05,3000.72510853,2025-12-22 00:00:00.000
ETHUSDT,1766390400005,5.76e-06,3028.38,2025-12-22 08:00:00.005
ETHUSDT,1766419200009,-5.69e-06,3051.42631783,2025-12-22 16:00:00.009
ETHUSDT,1766448000000,3.812e-05,3008.1,2025-12-23 00:00:00.000
ETHUSDT,1766476800000,6.79e-05,2963.57,2025-12-23 08:00:00.000
ETHUSDT,1766505600001,2.64e-05,2927.74589922,2025-12-23 16:00:00.001
ETHUSDT,1766534400001,2.584e-05,2963.29,2025-12-24 00:00:00.001
ETHUSDT,1766563200001,6.186e-05,2931.36,2025-12-24 08:00:00.001
ETHUSDT,1766592000000,5.629e-05,2924.43882171,2025-12-24 16:00:00.000
ETHUSDT,1766620800000,6.527e-05,2946.23,2025-12-25 00:00:00.000
ETHUSDT,1766649600001,6.688e-05,2940.84,2025-12-25 08:00:00.001
ETHUSDT,1766678400005,4.97e-05,2959.48,2025-12-25 16:00:00.005
ETHUSDT,1766707200004,5.028e-05,2902.63771318,2025-12-26 00:00:00.004
ETHUSDT,1766736000001,6.473e-05,2955.52842636,2025-12-26 08:00:00.001
ETHUSDT,1766764800007,3.451e-05,2921.51,2025-12-26 16:00:00.007
ETHUSDT,1766793600000,4.038e-05,2926.82235365,2025-12-27 00:00:00.000
ETHUSDT,1766822400000,-5.19e-06,2931.47,2025-12-27 08:00:00.000
ETHUSDT,1766851200011,8.133e-05,2925.53,2025-12-27 16:00:00.011
ETHUSDT,1766880000008,5.105e-05,2947.61,2025-12-28 00:00:00.008
ETHUSDT,1766908800000,7.91e-05,2937.78866667,2025-12-28 08:00:00.000
ETHUSDT,1766937600000,4.862e-05,2948.08154264,2025-12-28 16:00:00.000
ETHUSDT,1766966400016,9.172e-05,2949.59,2025-12-29 00:00:00.016
ETHUSDT,1766995200001,8.496e-05,3018.46,2025-12-29 08:00:00.001
ETHUSDT,1767024000000,1.862e-05,2934.04247287,2025-12-29 16:00:00.000
ETHUSDT,1767052800005,-1.536e-05,2936.46,2025-12-30 00:00:00.005
ETHUSDT,1767081600001,3.92e-05,2949.50734964,2025-12-30 08:00:00.001
ETHUSDT,1767110400003,0.0001,2988.49,2025-12-30 16:00:00.003
ETHUSDT,1767139200004,5.157e-05,2972.28718605,2025-12-31 00:00:00.004
ETHUSDT,1767168000001,1.205e-05,2975.56608527,2025-12-31 08:00:00.001
ETHUSDT,1767196800001,3.527e-05,2984.3,2025-12-31 16:00:00.001
ETHUSDT,1767225600008,0.0001,2970.4651982,2026-01-01 00:00:00.008
ETHUSDT,1767254400002,8.799e-05,2977.34010078,2026-01-01 08:00:00.002
ETHUSDT,1767283200001,-5.6e-06,2988.45,2026-01-01 16:00:00.001
ETHUSDT,1767312000006,5.053e-05,3002.5,2026-01-02 00:00:00.006
ETHUSDT,1767340800007,3.09e-05,3016.99,2026-01-02 08:00:00.007
ETHUSDT,1767369600000,0.0001,3085.09,2026-01-02 16:00:00.000
ETHUSDT,1767398400001,5.187e-05,3123.89,2026-01-03 00:00:00.001
ETHUSDT,1767427200000,3.421e-05,3089.51,2026-01-03 08:00:00.000
ETHUSDT,1767456000000,3.231e-05,3099.91,2026-01-03 16:00:00.000
ETHUSDT,1767484800000,7.598e-05,3125.59455039,2026-01-04 00:00:00.000
ETHUSDT,1767513600000,2.12e-06,3139.60639535,2026-01-04 08:00:00.000
ETHUSDT,1767542400001,7.231e-05,3134.42257364,2026-01-04 16:00:00.001
ETHUSDT,1767571200000,7.926e-05,3143.75382171,2026-01-05 00:00:00.000
ETHUSDT,1767600000000,9.66e-06,3156.17,2026-01-05 08:00:00.000
ETHUSDT,1767628800000,5.085e-05,3195.50585806,2026-01-05 16:00:00.000
ETHUSDT,1767657600010,8.035e-05,3223.72,2026-01-06 00:00:00.010
ETHUSDT,1767686400000,6.876e-05,3218.05831783,2026-01-06 08:00:00.000
ETHUSDT,1767715200000,4.25e-05,3270.74,2026-01-06 16:00:00.000
ETHUSDT,1767744000001,7.658e-05,3295.45,2026-01-07 00:00:00.001
ETHUSDT,1767772800001,7.268e-05,3254.0,2026-01-07 08:00:00.001
ETHUSDT,1767801600001,3.902e-05,3163.52,2026-01-07 16:00:00.001
ETHUSDT,1767830400001,7.044e-05,3167.31,2026-01-08 00:00:00.001
ETHUSDT,1767859200000,7.658e-05,3126.43916279,2026-01-08 08:00:00.000
ETHUSDT,1767888000000,4.9e-07,3103.45,2026-01-08 16:00:00.000
ETHUSDT,1767916800003,6.634e-05,3105.14,2026-01-09 00:00:00.003
ETHUSDT,1767945600000,3.789e-05,3109.75,2026-01-09 08:00:00.000
ETHUSDT,1767974400001,5.562e-05,3111.39,2026-01-09 16:00:00.001
ETHUSDT,1768003200000,8.959e-05,3087.15,2026-01-10 00:00:00.000
ETHUSDT,1768032000002,0.0001,3091.5,2026-01-10 08:00:00.002
ETHUSDT,1768060800001,5.277e-05,3094.12,2026-01-10 16:00:00.001
ETHUSDT,1768089600003,9.824e-05,3085.47162016,2026-01-11 00:00:00.003
ETHUSDT,1768118400006,6.573e-05,3094.03,2026-01-11 08:00:00.006
ETHUSDT,1768147200000,5.876e-05,3117.21564341,2026-01-11 16:00:00.000
ETHUSDT,1768176000005,0.0001,3122.46500775,2026-01-12 00:00:00.005
ETHUSDT,1768204800000,3.472e-05,3133.95,2026-01-12 08:00:00.000
ETHUSDT,1768233600000,6.663e-05,3128.99,2026-01-12 16:00:00.000
ETHUSDT,1768262400007,4.704e-05,3093.98831783,2026-01-13 00:00:00.007
ETHUSDT,1768291200009,9.164e-05,3121.08,2026-01-13 08:00:00.009
ETHUSDT,1768320000002,2.672e-05,3183.1,2026-01-13 16:00:00.002
ETHUSDT,1768348800000,0.0001,3324.69,2026-01-14 00:00:00.000
ETHUSDT,1768377600001,0.0001,3334.88,2026-01-14 08:00:00.001
ETHUSDT,1768406400004,8.331e-05,3344.2,2026-01-14 16:00:00.004
ETHUSDT,1768435200000,5.358e-05,3353.28,2026-01-15 00:00:00.000
ETHUSDT,1768464000004,6.58e-06,3328.64,2026-01-15 08:00:00.004
ETHUSDT,1768492800002,9.722e-05,3330.13646124,2026-01-15 16:00:00.002
ETHUSDT,1768521600000,3.284e-05,3317.02828682,2026-01-16 00:00:00.000
ETHUSDT,1768550400000,3.558e-05,3308.16,2026-01-16 08:00:00.000
ETHUSDT,1768579200001,2.767e-05,3263.05,2026-01-16 16:00:00.001
ETHUSDT,1768608000000,8.371e-05,3294.69,2026-01-17 00:00:00.000
ETHUSDT,1768636800000,8.079e-05,3290.17573643,2026-01-17 08:00:00.000
ETHUSDT,1768665600002,6.017e-05,3328.13,2026-01-17 16:00:00.002
ETHUSDT,1768694400001,3.761e-05,3308.91089147,2026-01-18 00:00:00.001
ETHUSDT,1768723200000,1.351e-05,3305.66,2026-01-18 08:00:00.000
ETHUSDT,1768752000000,2.477e-05,3332.52959941,2026-01-18 16:00:00.000
ETHUSDT,1768780800007,5.221e-05,3283.1032093,2026-01-19 00:00:00.007
ETHUSDT,1768809600007,-1.14e-05,3205.71,2026-01-19 08:00:00.007
ETHUSDT,1768838400007,1.428e-05,3214.56658915,2026-01-19 16:00:00.007
ETHUSDT,1768867200005,8.611e-05,3188.17400901,2026-01-20 00:00:00.005
ETHUSDT,1768896000001,6.101e-05,3121.56937209,2026-01-20 08:00:00.001
ETHUSDT,1768924800009,1.232e-05,3031.71069767,2026-01-20 16:00:00.009
ETHUSDT,1768953600001,5.52e-06,2938.29662016,2026-01-21 00:00:00.001
ETHUSDT,1768982400011,5.3e-06,2969.25408527,2026-01-21 08:00:00.011
ETHUSDT,1769011200011,1.113e-05,3001.22,2026-01-21 16:00:00.011
ETHUSDT,1769040000010,2.119e-05,2980.80246512,2026-01-22 00:00:00.010
ETHUSDT,1769068800003,7.681e-05,3000.01,2026-01-22 08:00:00.003
ETHUSDT,1769097600005,-2.933e-05,2941.55707752,2026-01-22 16:00:00.005
ETHUSDT,1769126400005,1.674e-05,2951.21,2026-01-23 00:00:00.005
ETHUSDT,1769155200000,2.868e-05,2946.97571318,2026-01-23 08:00:00.000
ETHUSDT,1769184000011,5.045e-05,2951.24,2026-01-23 16:00:00.011
ETHUSDT,1769212800011,3.675e-05,2955.08,2026-01-24 00:00:00.011
ETHUSDT,1769241600002,1.171e-05,2956.0,2026-01-24 08:00:00.002
ETHUSDT,1769270400001,1.292e-05,2955.54,2026-01-24 16:00:00.001
ETHUSDT,1769299200002,4.065e-05,2952.08,2026-01-25 00:00:00.002
ETHUSDT,1769328000011,6.759e-05,2938.43,2026-01-25 08:00:00.011
ETHUSDT,1769356800005,4.059e-05,2925.57100775,2026-01-25 16:00:00.005
ETHUSDT,1769385600000,-0.00013629,2815.96,2026-01-26 00:00:00.000
ETHUSDT,1769414400003,6.54e-05,2903.0,2026-01-26 08:00:00.003
ETHUSDT,1769443200000,1.326e-05,2898.08531008,2026-01-26 16:00:00.000
ETHUSDT,1769472000002,7.255e-05,2928.9,2026-01-27 00:00:00.002
ETHUSDT,1769500800000,8.694e-05,2927.95,2026-01-27 08:00:00.000
ETHUSDT,1769529600000,9.488e-05,2936.46734964,2026-01-27 16:00:00.000
ETHUSDT,1769558400000,8.698e-05,3024.92,2026-01-28 00:00:00.000
ETHUSDT,1769587200000,9.559e-05,3004.06,2026-01-28 08:00:00.000
ETHUSDT,1769616000000,4.501e-05,3006.11,2026-01-28 16:00:00.000
ETHUSDT,1769644800000,4.731e-05,3009.43262791,2026-01-29 00:00:00.000
ETHUSDT,1769673600009,4.078e-05,2960.11,2026-01-29 08:00:00.009
ETHUSDT,1769702400000,-1.167e-05,2822.9803769,2026-01-29 16:00:00.000
ETHUSDT,1769731200008,4.73e-06,2821.16860465,2026-01-30 00:00:00.008
ETHUSDT,1769760000000,-3.08e-06,2738.97818605,2026-01-30 08:00:00.000
ETHUSDT,1769788800001,-5.6e-07,2728.23081395,2026-01-30 16:00:00.001
ETHUSDT,1769817600000,-7.003e-05,2705.70828682,2026-01-31 00:00:00.000
ETHUSDT,1769846400001,1.854e-05,2678.85,2026-01-31 08:00:00.001
ETHUSDT,1769875200009,-8.908e-05,2532.73,2026-01-31 16:00:00.009
ETHUSDT,1769904000001,-0.00016427,2450.28496124,2026-02-01 00:00:00.001
ETHUSDT,1769932800004,1.415e-05,2410.09168992,2026-02-01 08:00:00.004
ETHUSDT,1769961600000,-7.308e-05,2313.97,2026-02-01 16:00:00.000
ETHUSDT,1769990400000,-0.00015302,2269.04,2026-02-02 00:00:00.000
ETHUSDT,1770019200014,-8.208e-05,2227.81549612,2026-02-02 08:00:00.014
ETHUSDT,1770048000000,-0.00010921,2370.86,2026-02-02 16:00:00.000
ETHUSDT,1770076800000,-0.00015482,2345.61148757,2026-02-03 00:00:00.000
ETHUSDT,1770105600007,1.01e-05,2322.0,2026-02-03 08:00:00.007
ETHUSDT,1770134400000,-3.903e-05,2302.36555814,2026-02-03 16:00:00.000
ETHUSDT,1770163200002,-2.474e-05,2232.23,2026-02-04 00:00:00.002
ETHUSDT,1770192000007,2.076e-05,2282.97981395,2026-02-04 08:00:00.007
ETHUSDT,1770220800000,-6.117e-05,2150.2983761,2026-02-04 16:00:00.000
ETHUSDT,1770249600011,5.503e-05,2147.46,2026-02-05 00:00:00.011
ETHUSDT,1770278400000,-5.04e-06,2090.27147955,2026-02-05 08:00:00.000
ETHUSDT,1770307200007,-7.797e-05,1959.31603876,2026-02-05 16:00:00.007
ETHUSDT,1770336000000,-0.00027709,1825.43212403,2026-02-06 00:00:00.000
ETHUSDT,1770364800001,-8.43e-05,1897.98374419,2026-02-06 08:00:00.001
ETHUSDT,1770393600000,1.852e-05,1979.44,2026-02-06 16:00:00.000
ETHUSDT,1770422400003,0.0001,2062.55,2026-02-07 00:00:00.003
ETHUSDT,1770451200000,-1.83e-06,2027.29,2026-02-07 08:00:00.000
ETHUSDT,1770480000010,1.636e-05,2051.48,2026-02-07 16:00:00.010
ETHUSDT,1770508800003,2.665e-05,2086.11494387,2026-02-08 00:00:00.003
ETHUSDT,1770537600000,-3.046e-05,2083.49,2026-02-08 08:00:00.000
ETHUSDT,1770566400000,-5.398e-05,2107.3,2026-02-08 16:00:00.000
ETHUSDT,1770595200002,-4.033e-05,2088.75428682,2026-02-09 00:00:00.002
ETHUSDT,1770624000001,-4.865e-05,2064.47652713,2026-02-09 08:00:00.001
ETHUSDT,1770652800007,-3.34e-06,2060.83712403,2026-02-09 16:00:00.007
ETHUSDT,1770681600000,4.269e-05,2103.96,2026-02-10 00:00:00.000
ETHUSDT,1770710400007,-0.0001521,2006.06,2026-02-10 08:00:00.007
ETHUSDT,1770739200000,-0.00019437,2021.35,2026-02-10 16:00:00.000
ETHUSDT,1770768000000,-8.436e-05,2021.51,2026-02-11 00:00:00.000
ETHUSDT,1770796800006,-0.00012968,1949.68625581,2026-02-11 08:00:00.006
ETHUSDT,1770825600000,-0.00012326,1928.52912403,2026-02-11 16:00:00.000
ETHUSDT,1770854400000,-2.549e-05,1941.76651938,2026-02-12 00:00:00.000
ETHUSDT,1770883200001,2.239e-05,1968.92914729,2026-02-12 08:00:00.001
ETHUSDT,1770912000001,-4.103e-05,1947.61516279,2026-02-12 16:00:00.001
ETHUSDT,1770940800007,-0.00010652,1947.15,2026-02-13 00:00:00.007
ETHUSDT,1770969600003,-2.874e-05,1934.88,2026-02-13 08:00:00.003
ETHUSDT,1770998400005,4.26e-05,2033.96,2026-02-13 16:00:00.005
ETHUSDT,1771027200002,-2.68e-06,2047.88078619,2026-02-14 00:00:00.002
ETHUSDT,1771056000004,1.442e-05,2056.14024806,2026-02-14 08:00:00.004
ETHUSDT,1771084800002,-1.921e-05,2086.68243384,2026-02-14 16:00:00.002
ETHUSDT,1771113600000,-6.367e-05,2085.43,2026-02-15 00:00:00.000
ETHUSDT,1771142400002,6.204e-05,2090.58,2026-02-15 08:00:00.002
ETHUSDT,1771171200000,-7.55e-05,2010.49714729,2026-02-15 16:00:00.000
ETHUSDT,1771200000001,-5.314e-05,1965.48,2026-02-16 00:00:00.001
ETHUSDT,1771228800003,-5.925e-05,1970.21229457,2026-02-16 08:00:00.003
ETHUSDT,1771257600000,-3.499e-05,1955.64,2026-02-16 16:00:00.000
ETHUSDT,1771286400008,5.298e-05,1997.35,2026-02-17 00:00:00.008
ETHUSDT,1771315200001,8.43e-06,1984.85,2026-02-17 08:00:00.001
ETHUSDT,1771344000002,-4.733e-05,1967.7,2026-02-17 16:00:00.002
ETHUSDT,1771372800000,1.121e-05,1990.67,2026-02-18 00:00:00.000
ETHUSDT,1771401600000,-3.783e-05,2017.19,2026-02-18 08:00:00.000
ETHUSDT,1771430400011,-8.66e-06,1984.71284496,2026-02-18 16:00:00.011
ETHUSDT,1771459200013,-0.00010561,1954.81500775,2026-02-19 00:00:00.013
ETHUSDT,1771488000000,-3.009e-05,1980.92974419,2026-02-19 08:00:00.000
ETHUSDT,1771516800003,-7.865e-05,1925.28112403,2026-02-19 16:00:00.003
ETHUSDT,1771545600000,-4.637e-05,1948.15,2026-02-20 00:00:00.000
ETHUSDT,1771574400000,-3.19e-05,1959.93202326,2026-02-20 08:00:00.000
ETHUSDT,1771603200000,-7.16e-05,1963.06,2026-02-20 16:00:00.000
ETHUSDT,1771632000004,3.05e-05,1967.91587597,2026-02-21 00:00:00.004
ETHUSDT,1771660800000,4.592e-05,1962.01,2026-02-21 08:00:00.000
ETHUSDT,1771689600005,6.628e-05,1987.20836006,2026-02-21 16:00:00.005
ETHUSDT,1771718400001,3.845e-05,1972.79506202,2026-02-22 00:00:00.001
ETHUSDT,1771747200004,1.584e-05,1975.0,2026-02-22 08:00:00.004
ETHUSDT,1771776000000,-4.379e-05,1953.10791099,2026-02-22 16:00:00.000
ETHUSDT,1771804800001,-3.343e-05,1957.01,2026-02-23 00:00:00.001
ETHUSDT,1771833600000,-0.00036526,1884.2925814,2026-02-23 08:00:00.000
ETHUSDT,1771862400000,1.654e-05,1895.00985271,2026-02-23 16:00:00.000
ETHUSDT,1771891200007,2.61e-05,1855.60082171,2026-02-24 00:00:00.007
ETHUSDT,1771920000000,-4.446e-05,1824.77,2026-02-24 08:00:00.000
ETHUSDT,1771948800001,-2.974e-05,1846.81313953,2026-02-24 16:00:00.001
ETHUSDT,1771977600001,-2.455e-05,1851.1,2026-02-25 00:00:00.001
ETHUSDT,1772006400007,4.558e-05,1892.48311628,2026-02-25 08:00:00.007
ETHUSDT,1772035200000,5.753e-05,2012.98563566,2026-02-25 16:00:00.000
ETHUSDT,1772064000000,7.787e-05,2056.85373643,2026-02-26 00:00:00.000
ETHUSDT,1772092800006,-2.591e-05,2052.48,2026-02-26 08:00:00.006
ETHUSDT,1772121600002,3.926e-05,2032.33,2026-02-26 16:00:00.002
ETHUSDT,1772150400007,1.39e-05,2026.7,2026-02-27 00:00:00.007
ETHUSDT,1772179200000,3.34e-06,2031.54,2026-02-27 08:00:00.000
ETHUSDT,1772208000001,-0.00011015,1947.49694066,2026-02-27 16:00:00.001
ETHUSDT,1772236800000,-8.821e-05,1928.71803128,2026-02-28 00:00:00.000
ETHUSDT,1772265600000,-9.456e-05,1865.63,2026-02-28 08:00:00.000
ETHUSDT,1772294400004,-7.186e-05,1897.78,2026-02-28 16:00:00.004
ETHUSDT,1772323200005,-3.406e-05,1963.60241085,2026-03-01 00:00:00.005
ETHUSDT,1772352000000,4.986e-05,2006.28889147,2026-03-01 08:00:00.000
ETHUSDT,1772380800002,5.291e-05,1992.1,2026-03-01 16:00:00.002
ETHUSDT,1772409600001,-7.621e-05,1938.57,2026-03-02 00:00:00.001
ETHUSDT,1772438400007,-4.31e-05,1940.25,2026-03-02 08:00:00.007
ETHUSDT,1772467200000,-6.736e-05,2046.41481395,2026-03-02 16:00:00.000
ETHUSDT,1772496000000,4.93e-05,2026.7,2026-03-03 00:00:00.000
ETHUSDT,1772524800000,-2.809e-05,1995.33233761,2026-03-03 08:00:00.000
ETHUSDT,1772553600007,-9.532e-05,1968.23864074,2026-03-03 16:00:00.007
ETHUSDT,1772582400001,-3.92e-06,1981.85,2026-03-04 00:00:00.001
ETHUSDT,1772611200005,-7.107e-05,2006.39296124,2026-03-04 08:00:00.005
ETHUSDT,1772640000000,6.615e-05,2149.3,2026-03-04 16:00:00.000
ETHUSDT,1772668800000,-1.331e-05,2126.39948837,2026-03-05 00:00:00.000
ETHUSDT,1772697600000,-8.37e-06,2104.43954264,2026-03-05 08:00:00.000
ETHUSDT,1772726400004,-1.463e-05,2086.19674419,2026-03-05 16:00:00.004
ETHUSDT,1772755200001,4.376e-05,2072.10115504,2026-03-06 00:00:00.001
ETHUSDT,1772784000001,-2.383e-05,2081.89,2026-03-06 08:00:00.001
ETHUSDT,1772812800004,-9.858e-05,1976.7294186,2026-03-06 16:00:00.004
ETHUSDT,1772841600001,-4.995e-05,1977.78678295,2026-03-07 00:00:00.001
ETHUSDT,1772870400012,-9.16e-06,1982.18,2026-03-07 08:00:00.012
ETHUSDT,1772899200001,-2.26e-05,1980.18,2026-03-07 16:00:00.001
ETHUSDT,1772928000001,-4.775e-05,1968.4,2026-03-08 00:00:00.001
ETHUSDT,1772956800000,-8.766e-05,1954.22631783,2026-03-08 08:00:00.000
ETHUSDT,1772985600002,-7.522e-05,1942.16876744,2026-03-08 16:00:00.002
ETHUSDT,1773014400000,-0.00022545,1936.1790417,2026-03-09 00:00:00.000
ETHUSDT,1773043200004,2.557e-05,1982.61,2026-03-09 08:00:00.004
ETHUSDT,1773072000003,5.482e-05,2021.88922481,2026-03-09 16:00:00.003
ETHUSDT,1773100800012,4.253e-05,1992.63307752,2026-03-10 00:00:00.012
ETHUSDT,1773129600002,5.082e-05,2049.99,2026-03-10 08:00:00.002
ETHUSDT,1773158400001,2.672e-05,2078.40825581,2026-03-10 16:00:00.001
ETHUSDT,1773187200000,-3.94e-06,2035.59637984,2026-03-11 00:00:00.000
ETHUSDT,1773216000007,-7.4e-07,2011.58,2026-03-11 08:00:00.007
ETHUSDT,1773244800010,2.992e-05,2048.84,2026-03-11 16:00:00.010
ETHUSDT,1773273600000,9.02e-06,2051.23,2026-03-12 00:00:00.000
ETHUSDT,1773302400000,-6.811e-05,2039.95117054,2026-03-12 08:00:00.000
ETHUSDT,1773331200000,-1.513e-05,2071.52148062,2026-03-12 16:00:00.000
ETHUSDT,1773360000006,2.264e-05,2072.68,2026-03-13 00:00:00.006
ETHUSDT,1773388800001,-6.3e-07,2098.45,2026-03-13 08:00:00.001
ETHUSDT,1773417600000,2.099e-05,2127.21085271,2026-03-13 16:00:00.000
ETHUSDT,1773446400001,2.679e-05,2091.60681395,2026-03-14 00:00:00.001
ETHUSDT,1773475200000,-2.367e-05,2076.46232663,2026-03-14 08:00:00.000
ETHUSDT,1773504000007,-4.1e-05,2073.66222481,2026-03-14 16:00:00.007
ETHUSDT,1773532800000,-4.662e-05,2095.28,2026-03-15 00:00:00.000
ETHUSDT,1773561600000,1.371e-05,2104.96,2026-03-15 08:00:00.000
ETHUSDT,1773590400000,3.459e-05,2092.93,2026-03-15 16:00:00.000
ETHUSDT,1773619200000,7.611e-05,2177.73,2026-03-16 00:00:00.000
ETHUSDT,1773648000010,0.0001,2248.44,2026-03-16 08:00:00.010
ETHUSDT,1773676800000,7.073e-05,2272.54772868,2026-03-16 16:00:00.000
ETHUSDT,1773705600000,5.155e-05,2351.67,2026-03-17 00:00:00.000
ETHUSDT,1773734400002,1.964e-05,2327.07070543,2026-03-17 08:00:00.002
ETHUSDT,1773763200011,-1.057e-05,2314.99991473,2026-03-17 16:00:00.011
ETHUSDT,1773792000002,1.504e-05,2316.45,2026-03-18 00:00:00.002
ETHUSDT,1773820800002,1.301e-05,2316.6,2026-03-18 08:00:00.002
ETHUSDT,1773849600005,-1.399e-05,2186.25,2026-03-18 16:00:00.005
ETHUSDT,1773878400000,-3.8e-06,2202.12897674,2026-03-19 00:00:00.000
ETHUSDT,1773907200003,-8.71e-06,2165.24121318,2026-03-19 08:00:00.003
ETHUSDT,1773936000003,6.6e-07,2117.61,2026-03-19 16:00:00.003
ETHUSDT,1773964800002,-6.348e-05,2136.68,2026-03-20 00:00:00.002
ETHUSDT,1773993600000,-5.947e-05,2149.38421705,2026-03-20 08:00:00.000
ETHUSDT,1774022400000,-7.2e-07,2133.08,2026-03-20 16:00:00.000
ETHUSDT,1774051200000,2.359e-05,2145.21475969,2026-03-21 00:00:00.000
ETHUSDT,1774080000000,1.136e-05,2154.4,2026-03-21 08:00:00.000
ETHUSDT,1774108800014,2.063e-05,2154.26,2026-03-21 16:00:00.014
ETHUSDT,1774137600012,-1.052e-05,2084.01704651,2026-03-22 00:00:00.012
ETHUSDT,1774166400007,1.14e-05,2092.89450388,2026-03-22 08:00:00.007
ETHUSDT,1774195200002,-7.418e-05,2082.05246512,2026-03-22 16:00:00.002
ETHUSDT,1774224000000,-5.929e-05,2052.99970543,2026-03-23 00:00:00.000
ETHUSDT,1774252800003,-3.16e-06,2043.32076744,2026-03-23 08:00:00.003
ETHUSDT,1774281600002,6.11e-05,2127.55,2026-03-23 16:00:00.002
