symbol,fundingTime,fundingRate,markPrice,datetime
BTCUSDT,1727654400000,3.077e-05,65571.63404255,2024-09-30 00:00:00.000
BTCUSDT,1727683200001,7.939e-05,64539.0,2024-09-30 08:00:00.001
BTCUSDT,1727712000000,0.0001,63535.7,2024-09-30 16:00:00.000
BTCUSDT,1727740800000,0.0001,63313.79948227,2024-10-01 00:00:00.000
BTCUSDT,1727769600000,0.0001,64017.0,2024-10-01 08:00:00.000
BTCUSDT,1727798400001,0.0001,62631.58188652,2024-10-01 16:00:00.001
BTCUSDT,1727827200000,6.632e-05,60789.16184397,2024-10-02 00:00:00.000
BTCUSDT,1727856000000,8.409e-05,61703.76278014,2024-10-02 08:00:00.000
BTCUSDT,1727884800000,8.191e-05,61851.6402695,2024-10-02 16:00:00.000
BTCUSDT,1727913600000,4.381e-05,60622.6,2024-10-03 00:00:00.000
BTCUSDT,1727942400000,3.746e-05,60908.25041844,2024-10-03 08:00:00.000
BTCUSDT,1727971200000,4.99e-05,60606.4,2024-10-03 16:00:00.000
BTCUSDT,1728000000000,7.097e-05,60727.2,2024-10-04 00:00:00.000
BTCUSDT,1728028800000,2.119e-05,61405.54564539,2024-10-04 08:00:00.000
BTCUSDT,1728057600001,2.43e-06,61839.9,2024-10-04 16:00:00.001
BTCUSDT,1728086400000,-1.596e-05,62056.3,2024-10-05 00:00:00.000
BTCUSDT,1728115200000,1.088e-05,62049.40834043,2024-10-05 08:00:00.000
BTCUSDT,1728144000000,8.61e-06,62137.44147431,2024-10-05 16:00:00.000
BTCUSDT,1728172800000,5.72e-06,62030.7846515,2024-10-06 00:00:00.000
BTCUSDT,1728201600001,3.288e-05,61921.90959612,2024-10-06 08:00:00.001
BTCUSDT,1728230400000,4.18e-05,62692.35314894,2024-10-06 16:00:00.000
BTCUSDT,1728259200000,4.573e-05,62791.83731206,2024-10-07 00:00:00.000
BTCUSDT,1728288000000,-9.52e-06,63510.0,2024-10-07 08:00:00.000
BTCUSDT,1728316800001,2.177e-05,63633.19230496,2024-10-07 16:00:00.001
BTCUSDT,1728345600000,-1.678e-05,62199.75722695,2024-10-08 00:00:00.000
BTCUSDT,1728374400000,7.094e-05,62291.4,2024-10-08 08:00:00.000
BTCUSDT,1728403200000,8.1e-05,62259.9,2024-10-08 16:00:00.000
BTCUSDT,1728432000000,0.0001,62133.03330496,2024-10-09 00:00:00.000
BTCUSDT,1728460800000,5.138e-05,62243.96385816,2024-10-09 08:00:00.000
BTCUSDT,1728489600000,7.939e-05,62285.3,2024-10-09 16:00:00.000
BTCUSDT,1728518400000,2.09e-05,60607.48575935,2024-10-10 00:00:00.000
BTCUSDT,1728547200000,1.532e-05,60874.85382979,2024-10-10 08:00:00.000
BTCUSDT,1728576000000,0.0001,60768.62359574,2024-10-10 16:00:00.000
BTCUSDT,1728604800000,2.231e-05,60293.8080044,2024-10-11 00:00:00.000
BTCUSDT,1728633600000,-1.874e-05,60648.44046099,2024-10-11 08:00:00.000
BTCUSDT,1728662400001,1.2e-06,62225.57043262,2024-10-11 16:00:00.001
BTCUSDT,1728691200000,4.558e-05,62509.0,2024-10-12 00:00:00.000
BTCUSDT,1728720000001,7.664e-05,62734.47038298,2024-10-12 08:00:00.001
BTCUSDT,1728748800000,-1.489e-05,63124.8,2024-10-12 16:00:00.000
BTCUSDT,1728777600000,6.93e-06,63175.9,2024-10-13 00:00:00.000
BTCUSDT,1728806400000,1.638e-05,62818.9,2024-10-13 08:00:00.000
BTCUSDT,1728835200000,3.938e-05,62195.2,2024-10-13 16:00:00.000
BTCUSDT,1728864000000,5.429e-05,62841.10753191,2024-10-14 00:00:00.000
BTCUSDT,1728892800000,0.0001,64603.73577305,2024-10-14 08:00:00.000
BTCUSDT,1728921600000,0.0001,65853.81444681,2024-10-14 16:00:00.000
BTCUSDT,1728950400000,0.0001,66064.9,2024-10-15 00:00:00.000
BTCUSDT,1728979200000,0.0001,65638.3,2024-10-15 08:00:00.000
BTCUSDT,1729008000000,0.0001,65994.7,2024-10-15 16:00:00.000
BTCUSDT,1729036800000,8.325e-05,67048.63902128,2024-10-16 00:00:00.000
BTCUSDT,1729065600001,8.5e-05,66948.9,2024-10-16 08:00:00.001
BTCUSDT,1729094400000,0.0001,67726.0,2024-10-16 16:00:00.000
BTCUSDT,1729123200000,0.0001,67594.01401418,2024-10-17 00:00:00.000
BTCUSDT,1729152000000,0.0001,67281.31711348,2024-10-17 08:00:00.000
BTCUSDT,1729180800001,0.0001,67561.8,2024-10-17 16:00:00.001
BTCUSDT,1729209600010,0.0001,67406.17999291,2024-10-18 00:00:00.010
BTCUSDT,1729238400001,0.0001,67956.3708584,2024-10-18 08:00:00.001
BTCUSDT,1729267200000,0.0001,68710.0,2024-10-18 16:00:00.000
BTCUSDT,1729296000000,0.0001,68407.9,2024-10-19 00:00:00.000
BTCUSDT,1729324800000,0.0001,68328.8,2024-10-19 08:00:00.000
BTCUSDT,1729353600000,0.0001,68210.10911959,2024-10-19 16:00:00.000
BTCUSDT,1729382400000,0.0001,68357.1,2024-10-20 00:00:00.000
BTCUSDT,1729411200000,0.0001,68350.38066857,2024-10-20 08:00:00.000
BTCUSDT,1729440000000,0.0001,68605.0,2024-10-20 16:00:00.000
BTCUSDT,1729468800000,0.0001,69021.90495965,2024-10-21 00:00:00.000
BTCUSDT,1729497600000,0.0001,68513.8873617,2024-10-21 08:00:00.000
BTCUSDT,1729526400000,0.0001,67349.29462411,2024-10-21 16:00:00.000
BTCUSDT,1729555200000,0.0001,67368.7,2024-10-22 00:00:00.000
BTCUSDT,1729584000000,0.0001,67387.3,2024-10-22 08:00:00.000
BTCUSDT,1729612800000,0.0001,67271.54104965,2024-10-22 16:00:00.000
BTCUSDT,1729641600000,0.0001,67410.62232624,2024-10-23 00:00:00.000
BTCUSDT,1729670400000,0.0001,66838.0,2024-10-23 08:00:00.000
BTCUSDT,1729699200000,0.0001,66207.1077305,2024-10-23 16:00:00.000
BTCUSDT,1729728000000,0.0001,66649.66592908,2024-10-24 00:00:00.000
BTCUSDT,1729756800000,0.0001,67104.5,2024-10-24 08:00:00.000
BTCUSDT,1729785600000,0.0001,67672.84020567,2024-10-24 16:00:00.000
BTCUSDT,1729814400000,0.0001,68175.57805674,2024-10-25 00:00:00.000
BTCUSDT,1729843200000,0.0001,67503.6,2024-10-25 08:00:00.000
BTCUSDT,1729872000000,0.0001,67667.15595745,2024-10-25 16:00:00.000
BTCUSDT,1729900800000,4.755e-05,66679.84317682,2024-10-26 00:00:00.000
BTCUSDT,1729929600001,7.569e-05,66982.64575316,2024-10-26 08:00:00.001
BTCUSDT,1729958400000,0.0001,66864.2,2024-10-26 16:00:00.000
BTCUSDT,1729987200000,0.0001,67071.9,2024-10-27 00:00:00.000
BTCUSDT,1730016000000,9.724e-05,67174.8,2024-10-27 08:00:00.000
BTCUSDT,1730044800000,0.0001,67760.95565906,2024-10-27 16:00:00.000
BTCUSDT,1730073600000,9.425e-05,67997.2,2024-10-28 00:00:00.000
BTCUSDT,1730102400001,0.0001,68395.69875177,2024-10-28 08:00:00.001
BTCUSDT,1730131200000,8.946e-05,68463.4,2024-10-28 16:00:00.000
BTCUSDT,1730160000000,0.0001,69940.0,2024-10-29 00:00:00.000
BTCUSDT,1730188800000,0.0001,70992.0787234,2024-10-29 08:00:00.000
BTCUSDT,1730217600004,0.0001,72382.8202766,2024-10-29 16:00:00.004
BTCUSDT,1730246400000,0.0001,72738.79255319,2024-10-30 00:00:00.000
BTCUSDT,1730275200000,0.0001,72244.9,2024-10-30 08:00:00.000
BTCUSDT,1730304000013,0.0001,72060.36978723,2024-10-30 16:00:00.013
BTCUSDT,1730332800000,0.0001,72350.66829787,2024-10-31 00:00:00.000
BTCUSDT,1730361600000,0.0001,72417.8,2024-10-31 08:00:00.000
BTCUSDT,1730390400000,0.0001,70637.76350697,2024-10-31 16:00:00.000
BTCUSDT,1730419200000,0.0001,70318.15929787,2024-11-01 00:00:00.000
BTCUSDT,1730448000000,0.0001,69300.16876596,2024-11-01 08:00:00.000
BTCUSDT,1730476800000,0.0001,69380.64255319,2024-11-01 16:00:00.000
BTCUSDT,1730505600000,0.0001,69496.19465248,2024-11-02 00:00:00.000
BTCUSDT,1730534400000,0.0001,69813.99829787,2024-11-02 08:00:00.000
BTCUSDT,1730563200000,0.0001,69396.79744681,2024-11-02 16:00:00.000
BTCUSDT,1730592000000,0.0001,69366.6,2024-11-03 00:00:00.000
BTCUSDT,1730620800000,0.0001,68395.17851064,2024-11-03 08:00:00.000
BTCUSDT,1730649600000,0.0001,68096.02508511,2024-11-03 16:00:00.000
BTCUSDT,1730678400000,0.0001,68762.5,2024-11-04 00:00:00.000
BTCUSDT,1730707200000,0.0001,68602.86114394,2024-11-04 08:00:00.000
BTCUSDT,1730736000000,0.0001,68623.6691773,2024-11-04 16:00:00.000
BTCUSDT,1730764800000,0.0001,67836.62865957,2024-11-05 00:00:00.000
BTCUSDT,1730793600003,0.0001,68876.0,2024-11-05 08:00:00.003
BTCUSDT,1730822400001,0.0001,69604.99425532,2024-11-05 16:00:00.001
BTCUSDT,1730851200000,0.0001,69353.1,2024-11-06 00:00:00.000
BTCUSDT,1730880000000,0.0001,73423.50465248,2024-11-06 08:00:00.000
BTCUSDT,1730908800000,0.0001,74299.9077305,2024-11-06 16:00:00.000
BTCUSDT,1730937600000,0.0001,75575.32614894,2024-11-07 00:00:00.000
BTCUSDT,1730966400000,0.0001,74800.0,2024-11-07 08:00:00.000
BTCUSDT,1730995200000,0.0001,76075.60378723,2024-11-07 16:00:00.000
BTCUSDT,1731024000000,0.0001,75854.54638298,2024-11-08 00:00:00.000
BTCUSDT,1731052800000,0.0001,76170.9,2024-11-08 08:00:00.000
BTCUSDT,1731081600000,0.0001,76423.3,2024-11-08 16:00:00.000
BTCUSDT,1731110400000,0.0001,76485.96961235,2024-11-09 00:00:00.000
BTCUSDT,1731139200000,0.0001,76525.24098582,2024-11-09 08:00:00.000
BTCUSDT,1731168000000,0.0001,76305.6,2024-11-09 16:00:00.000
BTCUSDT,1731196800000,0.0001,76676.09297872,2024-11-10 00:00:00.000
BTCUSDT,1731225600000,0.00025603,78858.2,2024-11-10 08:00:00.000
BTCUSDT,1731254400000,0.00014113,79735.1,2024-11-10 16:00:00.000
BTCUSDT,1731283200001,0.00036878,80409.9,2024-11-11 00:00:00.001
BTCUSDT,1731312000000,0.0001,81147.8,2024-11-11 08:00:00.000
BTCUSDT,1731340800000,0.0001,84108.24075887,2024-11-11 16:00:00.000
BTCUSDT,1731369600002,0.00049133,88729.0,2024-11-12 00:00:00.002
BTCUSDT,1731398400000,0.00043737,89095.4,2024-11-12 08:00:00.000
BTCUSDT,1731427200000,0.00038754,86642.44216434,2024-11-12 16:00:00.000
BTCUSDT,1731456000000,0.0001,87964.81392908,2024-11-13 00:00:00.000
BTCUSDT,1731484800010,0.00013101,87398.5925627,2024-11-13 08:00:00.010
BTCUSDT,1731513600000,0.00021856,92602.7,2024-11-13 16:00:00.000
BTCUSDT,1731542400001,0.0001,90413.12446212,2024-11-14 00:00:00.001
BTCUSDT,1731571200000,0.0001,90818.9,2024-11-14 08:00:00.000
BTCUSDT,1731600000000,0.0001,87998.09286364,2024-11-14 16:00:00.000
BTCUSDT,1731628800000,0.0001,87376.26048485,2024-11-15 00:00:00.000
BTCUSDT,1731657600000,0.0001,87691.73393182,2024-11-15 08:00:00.000
BTCUSDT,1731686400000,0.00010977,88485.4,2024-11-15 16:00:00.000
BTCUSDT,1731715200001,0.0001,91074.6,2024-11-16 00:00:00.001
BTCUSDT,1731744000001,0.0001,91172.07627273,2024-11-16 08:00:00.001
BTCUSDT,1731772800000,0.00013231,90578.0,2024-11-16 16:00:00.000
BTCUSDT,1731801600000,0.00015765,90607.94334091,2024-11-17 00:00:00.000
BTCUSDT,1731830400000,0.0001,90599.9,2024-11-17 08:00:00.000
BTCUSDT,1731859200001,0.00010577,90309.7,2024-11-17 16:00:00.001
BTCUSDT,1731888000000,0.0001,89891.57867424,2024-11-18 00:00:00.000
BTCUSDT,1731916800000,0.0003645,91793.76963166,2024-11-18 08:00:00.000
BTCUSDT,1731945600000,0.00021318,92413.93032576,2024-11-18 16:00:00.000
BTCUSDT,1731974400000,0.00021606,90502.14808333,2024-11-19 00:00:00.000
BTCUSDT,1732003200000,0.00030216,91680.59587879,2024-11-19 08:00:00.000
BTCUSDT,1732032000000,0.00017959,92442.8,2024-11-19 16:00:00.000
BTCUSDT,1732060800003,0.0001,92314.05812121,2024-11-20 00:00:00.003
BTCUSDT,1732089600000,0.0001,92855.88699242,2024-11-20 08:00:00.000
BTCUSDT,1732118400000,0.0001,94737.5,2024-11-20 16:00:00.000
BTCUSDT,1732147200001,0.0001,94279.51894697,2024-11-21 00:00:00.001
BTCUSDT,1732176000000,0.0001,96950.0,2024-11-21 08:00:00.000
BTCUSDT,1732204800001,0.0001,96677.04645768,2024-11-21 16:00:00.001
BTCUSDT,1732233600000,0.0001,98365.10186364,2024-11-22 00:00:00.000
BTCUSDT,1732262400000,0.0001,99242.81251773,2024-11-22 08:00:00.000
BTCUSDT,1732291200001,0.0001,98699.9,2024-11-22 16:00:00.001
BTCUSDT,1732320000000,0.0001,98918.67765957,2024-11-23 00:00:00.000
BTCUSDT,1732348800000,0.0001,98599.83297163,2024-11-23 08:00:00.000
BTCUSDT,1732377600000,0.0001,98426.0,2024-11-23 16:00:00.000
BTCUSDT,1732406400001,0.0001,97725.5,2024-11-24 00:00:00.001
BTCUSDT,1732435200000,0.00016148,98483.95812057,2024-11-24 08:00:00.000
BTCUSDT,1732464000000,0.00023228,95996.21422597,2024-11-24 16:00:00.000
BTCUSDT,1732492800000,0.00021035,97960.5,2024-11-25 00:00:00.000
BTCUSDT,1732521600000,0.0001,98106.56588652,2024-11-25 08:00:00.000
BTCUSDT,1732550400000,0.00025233,96029.2038227,2024-11-25 16:00:00.000
BTCUSDT,1732579200000,0.00021902,93064.1,2024-11-26 00:00:00.000
BTCUSDT,1732608000000,0.00017936,93837.3,2024-11-26 08:00:00.000
BTCUSDT,1732636800000,0.00029599,92870.07960284,2024-11-26 16:00:00.000
BTCUSDT,1732665600000,0.00031205,92013.7,2024-11-27 00:00:00.000
BTCUSDT,1732694400000,0.00016795,93652.1,2024-11-27 08:00:00.000
BTCUSDT,1732723200001,0.0001,95605.8,2024-11-27 16:00:00.001
BTCUSDT,1732752000000,0.0001,95904.8955461,2024-11-28 00:00:00.000
BTCUSDT,1732780800000,0.00014326,95360.15442553,2024-11-28 08:00:00.000
BTCUSDT,1732809600000,0.00011859,95057.36946809,2024-11-28 16:00:00.000
BTCUSDT,1732838400000,0.00020619,95693.94427733,2024-11-29 00:00:00.000
BTCUSDT,1732867200000,0.00011747,95692.14071631,2024-11-29 08:00:00.000
BTCUSDT,1732896000000,0.00021921,98075.2,2024-11-29 16:00:00.000
BTCUSDT,1732924800000,0.0001,97516.3,2024-11-30 00:00:00.000
BTCUSDT,1732953600000,0.00015909,96843.3,2024-11-30 08:00:00.000
BTCUSDT,1732982400000,0.00012063,96707.4,2024-11-30 16:00:00.000
BTCUSDT,1733011200000,0.00015901,96462.19087234,2024-12-01 00:00:00.000
BTCUSDT,1733040000000,0.00019581,96522.20604965,2024-12-01 08:00:00.000
BTCUSDT,1733068800000,0.0001,97081.5,2024-12-01 16:00:00.000
BTCUSDT,1733097600001,0.00025726,97265.1,2024-12-02 00:00:00.001
BTCUSDT,1733126400001,0.00024556,96046.45249645,2024-12-02 08:00:00.001
BTCUSDT,1733155200000,0.00013387,97120.0,2024-12-02 16:00:00.000
BTCUSDT,1733184000000,0.00012779,95889.10653191,2024-12-03 00:00:00.000
BTCUSDT,1733212800000,0.00024926,95616.2,2024-12-03 08:00:00.000
BTCUSDT,1733241600000,0.00011952,95746.09226241,2024-12-03 16:00:00.000
BTCUSDT,1733270400000,0.00026634,95913.27097163,2024-12-04 00:00:00.000
BTCUSDT,1733299200000,0.00026254,96652.1,2024-12-04 08:00:00.000
BTCUSDT,1733328000000,0.00023234,95801.60480851,2024-12-04 16:00:00.000
BTCUSDT,1733356800001,0.00027625,98689.14430496,2024-12-05 00:00:00.001
BTCUSDT,1733385600000,0.00072446,102283.62766667,2024-12-05 08:00:00.000
BTCUSDT,1733414400000,0.00047059,101350.1,2024-12-05 16:00:00.000
BTCUSDT,1733443200000,0.0001,97001.6,2024-12-06 00:00:00.000
BTCUSDT,1733472000000,0.00014634,98207.61513475,2024-12-06 08:00:00.000
BTCUSDT,1733500800000,0.0001,99357.34402837,2024-12-06 16:00:00.000
BTCUSDT,1733529600000,0.00031972,99802.5,2024-12-07 00:00:00.000
BTCUSDT,1733558400000,0.00012374,99442.6,2024-12-07 08:00:00.000
BTCUSDT,1733587200000,0.0001409,99811.5,2024-12-07 16:00:00.000
BTCUSDT,1733616000000,0.00016985,99899.1,2024-12-08 00:00:00.000
BTCUSDT,1733644800000,0.00016572,99741.6,2024-12-08 08:00:00.000
BTCUSDT,1733673600000,0.0001758,99975.0,2024-12-08 16:00:00.000
BTCUSDT,1733702400000,0.00030413,101193.94399291,2024-12-09 00:00:00.000
BTCUSDT,1733731200000,0.00021032,99633.40225532,2024-12-09 08:00:00.000
BTCUSDT,1733760000001,0.00011115,97835.11267376,2024-12-09 16:00:00.001
BTCUSDT,1733788800007,0.0001,97349.1,2024-12-10 00:00:00.007
BTCUSDT,1733817600000,0.0001,97217.7,2024-12-10 08:00:00.000
BTCUSDT,1733846400000,0.0001,95657.98175887,2024-12-10 16:00:00.000
BTCUSDT,1733875200000,0.0001,96602.3,2024-12-11 00:00:00.000
BTCUSDT,1733904000000,0.0001,97336.1817305,2024-12-11 08:00:00.000
BTCUSDT,1733932800001,0.0001,100361.01297872,2024-12-11 16:00:00.001
BTCUSDT,1733961600001,0.0001,101106.9,2024-12-12 00:00:00.001
BTCUSDT,1733990400000,0.0001,100486.46369504,2024-12-12 08:00:00.000
BTCUSDT,1734019200001,0.0001,101775.1,2024-12-12 16:00:00.001
BTCUSDT,1734048000000,0.0001,99982.3,2024-12-13 00:00:00.000
BTCUSDT,1734076800000,0.0001,100099.9,2024-12-13 08:00:00.000
BTCUSDT,1734105600001,0.0001,99840.1,2024-12-13 16:00:00.001
BTCUSDT,1734134400000,6.75e-05,101371.9,2024-12-14 00:00:00.000
BTCUSDT,1734163200000,0.0001,101787.0,2024-12-14 08:00:00.000
BTCUSDT,1734192000000,0.0001,101610.85002837,2024-12-14 16:00:00.000
BTCUSDT,1734220800000,0.0001,101391.60376371,2024-12-15 00:00:00.000
BTCUSDT,1734249600000,8.194e-05,101673.93346099,2024-12-15 08:00:00.000
BTCUSDT,1734278400000,0.0001,102674.84886525,2024-12-15 16:00:00.000
BTCUSDT,1734307200000,0.0001,104449.0,2024-12-16 00:00:00.000
BTCUSDT,1734336000001,0.0001,104960.31446809,2024-12-16 08:00:00.001
BTCUSDT,1734364800000,9.181e-05,106285.31279433,2024-12-16 16:00:00.000
BTCUSDT,1734393600000,7.866e-05,106023.3,2024-12-17 00:00:00.000
BTCUSDT,1734422400000,0.0001,106789.01585106,2024-12-17 08:00:00.000
BTCUSDT,1734451200000,0.0001,106438.49711348,2024-12-17 16:00:00.000
BTCUSDT,1734480000000,0.0001,106083.97803546,2024-12-18 00:00:00.000
BTCUSDT,1734508800000,9.159e-05,104203.79516312,2024-12-18 08:00:00.000
BTCUSDT,1734537600000,0.0001,104395.1,2024-12-18 16:00:00.000
BTCUSDT,1734566400000,0.0001,100180.74653901,2024-12-19 00:00:00.000
BTCUSDT,1734595200000,0.0001,101625.15913475,2024-12-19 08:00:00.000
BTCUSDT,1734624000000,0.0001,100657.71907801,2024-12-19 16:00:00.000
BTCUSDT,1734652800000,0.0001,97434.4,2024-12-20 00:00:00.000
BTCUSDT,1734681600001,0.0001,97822.91234043,2024-12-20 08:00:00.001
BTCUSDT,1734710400014,0.0001,96968.4557305,2024-12-20 16:00:00.014
BTCUSDT,1734739200000,0.0001,97764.5,2024-12-21 00:00:00.000
BTCUSDT,1734768000000,1.206e-05,98985.40130496,2024-12-21 08:00:00.000
BTCUSDT,1734796800001,0.0001,97486.5,2024-12-21 16:00:00.001
BTCUSDT,1734825600000,0.0001,97261.8,2024-12-22 00:00:00.000
BTCUSDT,1734854400000,0.0001,96182.08468085,2024-12-22 08:00:00.000
BTCUSDT,1734883200000,9.629e-05,95340.9,2024-12-22 16:00:00.000
BTCUSDT,1734912000000,0.0001,95155.89321986,2024-12-23 00:00:00.000
BTCUSDT,1734940800000,0.0001,95360.4,2024-12-23 08:00:00.000
BTCUSDT,1734969600001,8.981e-05,93217.6,2024-12-23 16:00:00.001
BTCUSDT,1734998400000,0.0001,94861.1,2024-12-24 00:00:00.000
BTCUSDT,1735027200000,0.0001,94199.9,2024-12-24 08:00:00.000
BTCUSDT,1735056000001,0.0001,98246.90943972,2024-12-24 16:00:00.001
BTCUSDT,1735084800001,0.0001,98633.62231915,2024-12-25 00:00:00.001
BTCUSDT,1735113600000,0.0001,98052.3672695,2024-12-25 08:00:00.000
BTCUSDT,1735142400000,0.0001,98485.7,2024-12-25 16:00:00.000
BTCUSDT,1735171200000,9.827e-05,99379.6,2024-12-26 00:00:00.000
BTCUSDT,1735200000000,7.453e-05,97682.41824113,2024-12-26 08:00:00.000
BTCUSDT,1735228800000,8.585e-05,96006.0,2024-12-26 16:00:00.000
BTCUSDT,1735257600000,0.0001,95754.23556738,2024-12-27 00:00:00.000
BTCUSDT,1735286400000,0.0001,95074.97113475,2024-12-27 08:00:00.000
BTCUSDT,1735315200000,0.0001,94529.41337589,2024-12-27 16:00:00.000
BTCUSDT,1735344000001,0.0001,94263.83920567,2024-12-28 00:00:00.001
BTCUSDT,1735372800000,7.639e-05,94339.82516312,2024-12-28 08:00:00.000
BTCUSDT,1735401600000,5.173e-05,94407.8,2024-12-28 16:00:00.000
BTCUSDT,1735430400000,8.013e-05,95262.82075887,2024-12-29 00:00:00.000
BTCUSDT,1735459200000,0.0001,95233.3,2024-12-29 08:00:00.000
BTCUSDT,1735488000000,0.0001,94468.77931206,2024-12-29 16:00:00.000
BTCUSDT,1735516800000,-4.2e-07,93699.9,2024-12-30 00:00:00.000
BTCUSDT,1735545600001,8.791e-05,93700.13509929,2024-12-30 08:00:00.001
BTCUSDT,1735574400000,0.0001,92087.24777305,2024-12-30 16:00:00.000
BTCUSDT,1735603200000,0.0001,92760.38528369,2024-12-31 00:00:00.000
BTCUSDT,1735632000000,0.0001,92819.5,2024-12-31 08:00:00.000
BTCUSDT,1735660800000,0.0001,95389.4,2024-12-31 16:00:00.000
BTCUSDT,1735689600015,0.0001,93549.66175177,2025-01-01 00:00:00.015
BTCUSDT,1735718400000,0.0001,93660.97108511,2025-01-01 08:00:00.000
BTCUSDT,1735747200001,0.0001,94413.6,2025-01-01 16:00:00.001
BTCUSDT,1735776000000,0.0001,94581.0,2025-01-02 00:00:00.000
BTCUSDT,1735804800006,0.0001,95815.3,2025-01-02 08:00:00.006
BTCUSDT,1735833600000,0.0001,96438.3,2025-01-02 16:00:00.000
BTCUSDT,1735862400000,0.0001,96967.5,2025-01-03 00:00:00.000
BTCUSDT,1735891200000,0.0001,96275.0,2025-01-03 08:00:00.000
BTCUSDT,1735920000000,5.242e-05,97481.09407092,2025-01-03 16:00:00.000
BTCUSDT,1735948800000,7.699e-05,98145.8,2025-01-04 00:00:00.000
BTCUSDT,1735977600000,0.0001,98244.2,2025-01-04 08:00:00.000
BTCUSDT,1736006400000,7.98e-06,97632.05677305,2025-01-04 16:00:00.000
BTCUSDT,1736035200000,0.0001,98173.2,2025-01-05 00:00:00.000
BTCUSDT,1736064000000,0.0001,98225.73287943,2025-01-05 08:00:00.000
BTCUSDT,1736092800000,8.32e-05,97981.8,2025-01-05 16:00:00.000
BTCUSDT,1736121600000,0.0001,98340.1,2025-01-06 00:00:00.000
BTCUSDT,1736150400001,0.0001,99280.0,2025-01-06 08:00:00.001
BTCUSDT,1736179200000,0.0001,102091.31002128,2025-01-06 16:00:00.000
BTCUSDT,1736208000000,0.0001,102189.30633333,2025-01-07 00:00:00.000
BTCUSDT,1736236800000,8.903e-05,101649.3,2025-01-07 08:00:00.000
BTCUSDT,1736265600008,8.279e-05,97916.61911959,2025-01-07 16:00:00.008
BTCUSDT,1736294400001,0.0001,96920.2,2025-01-08 00:00:00.001
BTCUSDT,1736323200000,0.0001,95628.4,2025-01-08 08:00:00.000
BTCUSDT,1736352000000,0.0001,95454.56275887,2025-01-08 16:00:00.000
BTCUSDT,1736380800000,0.0001,95036.11944681,2025-01-09 00:00:00.000
BTCUSDT,1736409600000,9.834e-05,93180.20612057,2025-01-09 08:00:00.000
BTCUSDT,1736438400000,-5.44e-06,94195.1,2025-01-09 16:00:00.000
BTCUSDT,1736467200000,3.966e-05,92515.04219149,2025-01-10 00:00:00.000
BTCUSDT,1736496000000,-1.06e-05,94460.5,2025-01-10 08:00:00.000
BTCUSDT,1736524800000,8.078e-05,93697.9,2025-01-10 16:00:00.000
BTCUSDT,1736553600000,5.68e-05,94680.94309929,2025-01-11 00:00:00.000
BTCUSDT,1736582400000,4.055e-05,94211.97412183,2025-01-11 08:00:00.000
BTCUSDT,1736611200000,2.608e-05,94365.8,2025-01-11 16:00:00.000
BTCUSDT,1736640000000,5.009e-05,94565.09560993,2025-01-12 00:00:00.000
BTCUSDT,1736668800000,3.21e-05,94291.3,2025-01-12 08:00:00.000
BTCUSDT,1736697600000,6.647e-05,95036.75903546,2025-01-12 16:00:00.000
BTCUSDT,1736726400000,5.266e-05,94499.9,2025-01-13 00:00:00.000
BTCUSDT,1736755200000,6.989e-05,93557.9,2025-01-13 08:00:00.000
BTCUSDT,1736784000000,8.81e-06,92108.14175,2025-01-13 16:00:00.000
BTCUSDT,1736812800000,0.0001,94487.76413636,2025-01-14 00:00:00.000
BTCUSDT,1736841600000,0.0001,94824.19737879,2025-01-14 08:00:00.000
BTCUSDT,1736870400000,9.496e-05,96420.52184091,2025-01-14 16:00:00.000
BTCUSDT,1736899200000,4.989e-05,96515.0,2025-01-15 00:00:00.000
BTCUSDT,1736928000000,8.795e-05,97253.8,2025-01-15 08:00:00.000
BTCUSDT,1736956800000,5.844e-05,98943.3,2025-01-15 16:00:00.000
BTCUSDT,1736985600000,7.28e-06,100461.91109848,2025-01-16 00:00:00.000
BTCUSDT,1737014400000,7.568e-05,99762.5,2025-01-16 08:00:00.000
BTCUSDT,1737043200000,4.598e-05,99258.31843182,2025-01-16 16:00:00.000
BTCUSDT,1737072000004,4.597e-05,99937.4,2025-01-17 00:00:00.004
BTCUSDT,1737100800000,9.386e-05,101406.9,2025-01-17 08:00:00.000
BTCUSDT,1737129600008,3.432e-05,103946.3,2025-01-17 16:00:00.008
BTCUSDT,1737158400000,6.707e-05,104042.5,2025-01-18 00:00:00.000
BTCUSDT,1737187200007,0.0001,102781.74468182,2025-01-18 08:00:00.007
BTCUSDT,1737216000000,0.0001,104537.59208333,2025-01-18 16:00:00.000
BTCUSDT,1737244800000,0.0001,104535.24007576,2025-01-19 00:00:00.000
BTCUSDT,1737273600000,0.0001,105153.39980303,2025-01-19 08:00:00.000
BTCUSDT,1737302400000,0.0001,104957.60477273,2025-01-19 16:00:00.000
BTCUSDT,1737331200000,0.0001,101308.1,2025-01-20 00:00:00.000
BTCUSDT,1737360000009,0.0001,107128.89547022,2025-01-20 08:00:00.009
BTCUSDT,1737388800000,0.0001,104989.6,2025-01-20 16:00:00.000
BTCUSDT,1737417600000,0.0001,102253.89548485,2025-01-21 00:00:00.000
BTCUSDT,1737446400000,0.0001,101983.4947197,2025-01-21 08:00:00.000
BTCUSDT,1737475200000,0.0001,103929.1,2025-01-21 16:00:00.000
BTCUSDT,1737504000000,0.0001,106114.4,2025-01-22 00:00:00.000
BTCUSDT,1737532800000,0.0001,105063.8,2025-01-22 08:00:00.000
BTCUSDT,1737561600000,0.0001,104138.91605185,2025-01-22 16:00:00.000
BTCUSDT,1737590400001,8.654e-05,103665.0,2025-01-23 00:00:00.001
BTCUSDT,1737619200000,0.0001,102668.3,2025-01-23 08:00:00.000
BTCUSDT,1737648000000,8.616e-05,105209.9,2025-01-23 16:00:00.000
BTCUSDT,1737676800000,3.34e-06,103867.57431111,2025-01-24 00:00:00.000
BTCUSDT,1737705600000,7.537e-05,104999.9,2025-01-24 08:00:00.000
BTCUSDT,1737734400000,9.54e-05,105821.8,2025-01-24 16:00:00.000
BTCUSDT,1737763200000,5.702e-05,104811.52457037,2025-01-25 00:00:00.000
BTCUSDT,1737792000000,8.495e-05,104349.4,2025-01-25 08:00:00.000
BTCUSDT,1737820800001,7.782e-05,104856.23635556,2025-01-25 16:00:00.001
BTCUSDT,1737849600000,8.363e-05,104701.9,2025-01-26 00:00:00.000
BTCUSDT,1737878400000,0.0001,104963.8,2025-01-26 08:00:00.000
BTCUSDT,1737907200000,8.443e-05,104920.0,2025-01-26 16:00:00.000
BTCUSDT,1737936000000,9.084e-05,102590.39013333,2025-01-27 00:00:00.000
BTCUSDT,1737964800000,3.712e-05,98996.4,2025-01-27 08:00:00.000
BTCUSDT,1737993600000,9.8e-07,101075.16971111,2025-01-27 16:00:00.000
BTCUSDT,1738022400000,0.0001,102034.61963704,2025-01-28 00:00:00.000
BTCUSDT,1738051200000,3.714e-05,102748.81021481,2025-01-28 08:00:00.000
BTCUSDT,1738080000000,9.848e-05,102732.49048889,2025-01-28 16:00:00.000
BTCUSDT,1738108800000,0.0001,101296.47861481,2025-01-29 00:00:00.000
BTCUSDT,1738137600000,0.0001,102723.3,2025-01-29 08:00:00.000
BTCUSDT,1738166400000,9.949e-05,101942.29171111,2025-01-29 16:00:00.000
BTCUSDT,1738195200000,7.59e-05,103698.2,2025-01-30 00:00:00.000
BTCUSDT,1738224000000,0.0001,105085.2,2025-01-30 08:00:00.000
BTCUSDT,1738252800000,9.499e-05,105521.2,2025-01-30 16:00:00.000
BTCUSDT,1738281600000,1.225e-05,104677.0,2025-01-31 00:00:00.000
BTCUSDT,1738310400000,0.0001,104167.68758519,2025-01-31 08:00:00.000
BTCUSDT,1738339200000,0.0001,105417.4,2025-01-31 16:00:00.000
BTCUSDT,1738368000000,8.098e-05,102379.7,2025-02-01 00:00:00.000
BTCUSDT,1738396800000,5.369e-05,102127.0,2025-02-01 08:00:00.000
BTCUSDT,1738425600000,5.968e-05,102033.72678519,2025-02-01 16:00:00.000
BTCUSDT,1738454400001,5.824e-05,100603.6,2025-02-02 00:00:00.001
BTCUSDT,1738483200000,3.38e-05,99595.81932593,2025-02-02 08:00:00.000
BTCUSDT,1738512000000,-8.61e-06,99298.6,2025-02-02 16:00:00.000
BTCUSDT,1738540800000,0.0001,97665.05852593,2025-02-03 00:00:00.000
BTCUSDT,1738569600000,0.0001,95278.94922222,2025-02-03 08:00:00.000
BTCUSDT,1738598400000,4.845e-05,98799.9,2025-02-03 16:00:00.000
BTCUSDT,1738627200000,2.612e-05,101293.7,2025-02-04 00:00:00.000
BTCUSDT,1738656000001,6.8e-05,98428.05392593,2025-02-04 08:00:00.001
BTCUSDT,1738684800000,4.138e-05,99308.6556092,2025-02-04 16:00:00.000
BTCUSDT,1738713600001,-4.61e-06,97709.9,2025-02-05 00:00:00.001
BTCUSDT,1738742400001,4.774e-05,97816.06753333,2025-02-05 08:00:00.001
BTCUSDT,1738771200000,1.61e-05,98063.3,2025-02-05 16:00:00.000
BTCUSDT,1738800000001,2.186e-05,96558.0480963,2025-02-06 00:00:00.001
BTCUSDT,1738828800001,-2.38e-06,98164.9,2025-02-06 08:00:00.001
BTCUSDT,1738857600000,5.903e-05,97285.6,2025-02-06 16:00:00.000
BTCUSDT,1738886400000,7.983e-05,96515.0,2025-02-07 00:00:00.000
BTCUSDT,1738915200000,6.989e-05,96714.18992337,2025-02-07 08:00:00.000
BTCUSDT,1738944000000,5.167e-05,98249.7,2025-02-07 16:00:00.000
BTCUSDT,1738972800000,-4.1e-05,96456.01788889,2025-02-08 00:00:00.000
BTCUSDT,1739001600000,1.137e-05,96153.4,2025-02-08 08:00:00.000
BTCUSDT,1739030400000,3.24e-06,95798.35988889,2025-02-08 16:00:00.000
BTCUSDT,1739059200000,3.873e-05,96411.9,2025-02-09 00:00:00.000
BTCUSDT,1739088000000,9.6e-05,97019.9,2025-02-09 08:00:00.000
BTCUSDT,1739116800000,2.839e-05,96443.79991852,2025-02-09 16:00:00.000
BTCUSDT,1739145600000,1.802e-05,96425.48585185,2025-02-10 00:00:00.000
BTCUSDT,1739174400000,9.176e-05,97393.1,2025-02-10 08:00:00.000
BTCUSDT,1739203200000,7.457e-05,97187.7,2025-02-10 16:00:00.000
BTCUSDT,1739232000000,4.218e-05,97384.53994815,2025-02-11 00:00:00.000
BTCUSDT,1739260800000,7.09e-05,98230.70305185,2025-02-11 08:00:00.000
BTCUSDT,1739289600000,-2.446e-05,96963.3,2025-02-11 16:00:00.000
BTCUSDT,1739318400000,1.298e-05,95731.4,2025-02-12 00:00:00.000
BTCUSDT,1739347200000,4.899e-05,96032.1,2025-02-12 08:00:00.000
BTCUSDT,1739376000001,4.96e-05,95768.97002963,2025-02-12 16:00:00.001
BTCUSDT,1739404800001,0.0001,97828.7139037,2025-02-13 00:00:00.001
BTCUSDT,1739433600000,4.117e-05,96022.13023704,2025-02-13 08:00:00.000
BTCUSDT,1739462400001,8.05e-06,95950.0,2025-02-13 16:00:00.001
BTCUSDT,1739491200000,4.1e-05,96560.6,2025-02-14 00:00:00.000
BTCUSDT,1739520000001,5.51e-05,96894.3710963,2025-02-14 08:00:00.001
BTCUSDT,1739548800000,7.093e-05,96886.6,2025-02-14 16:00:00.000
BTCUSDT,1739577600000,5.5e-07,97449.10151111,2025-02-15 00:00:00.000
BTCUSDT,1739606400000,3.297e-05,97312.5,2025-02-15 08:00:00.000
BTCUSDT,1739635200000,3.735e-05,97594.4,2025-02-15 16:00:00.000
BTCUSDT,1739664000000,3.39e-05,97537.9,2025-02-16 00:00:00.000
BTCUSDT,1739692800000,1.82e-06,97207.4,2025-02-16 08:00:00.000
BTCUSDT,1739721600000,3.799e-05,96859.04847692,2025-02-16 16:00:00.000
BTCUSDT,1739750400000,6.239e-05,96073.53976296,2025-02-17 00:00:00.000
BTCUSDT,1739779200000,6.397e-05,96031.56637778,2025-02-17 08:00:00.000
BTCUSDT,1739808000000,2.009e-05,95610.58525185,2025-02-17 16:00:00.000
BTCUSDT,1739836800000,9.488e-05,95743.1,2025-02-18 00:00:00.000
BTCUSDT,1739865600000,0.0001,95416.39865926,2025-02-18 08:00:00.000
BTCUSDT,1739894400000,0.0001,95510.84027407,2025-02-18 16:00:00.000
BTCUSDT,1739923200000,7.007e-05,95621.9,2025-02-19 00:00:00.000
BTCUSDT,1739952000000,7.779e-05,95640.4,2025-02-19 08:00:00.000
BTCUSDT,1739980800000,8.96e-05,95895.5,2025-02-19 16:00:00.000
BTCUSDT,1740009600000,2.42e-05,96605.40166667,2025-02-20 00:00:00.000
BTCUSDT,1740038400000,3.269e-05,96825.7,2025-02-20 08:00:00.000
BTCUSDT,1740067200000,7.346e-05,96860.9,2025-02-20 16:00:00.000
BTCUSDT,1740096000001,1.23e-06,98252.9,2025-02-21 00:00:00.001
BTCUSDT,1740124800000,2.286e-05,98128.4,2025-02-21 08:00:00.000
BTCUSDT,1740153600000,-9.7e-07,98057.7,2025-02-21 16:00:00.000
BTCUSDT,1740182400000,0.0001,96131.40247407,2025-02-22 00:00:00.000
BTCUSDT,1740211200000,6.466e-05,96241.7,2025-02-22 08:00:00.000
BTCUSDT,1740240000000,2.318e-05,96552.6031037,2025-02-22 16:00:00.000
BTCUSDT,1740268800000,4.112e-05,96503.38967407,2025-02-23 00:00:00.000
BTCUSDT,1740297600000,3.14e-05,96455.9702,2025-02-23 08:00:00.000
BTCUSDT,1740326400000,1.478e-05,95392.57762963,2025-02-23 16:00:00.000
BTCUSDT,1740355200000,-2.97e-05,96218.4,2025-02-24 00:00:00.000
BTCUSDT,1740384000000,6.881e-05,95838.0239037,2025-02-24 08:00:00.000
BTCUSDT,1740412800000,2.05e-05,94296.0,2025-02-24 16:00:00.000
BTCUSDT,1740441600000,0.0001,91524.67726667,2025-02-25 00:00:00.000
BTCUSDT,1740470400000,5.245e-05,89304.14428352,2025-02-25 08:00:00.000
BTCUSDT,1740499200000,1.385e-05,87188.93212261,2025-02-25 16:00:00.000
BTCUSDT,1740528000000,3.521e-05,88639.1,2025-02-26 00:00:00.000
BTCUSDT,1740556800000,6.005e-05,88688.89924444,2025-02-26 08:00:00.000
BTCUSDT,1740585600000,0.0001,87534.92208148,2025-02-26 16:00:00.000
BTCUSDT,1740614400001,9.305e-05,84203.99431111,2025-02-27 00:00:00.001
BTCUSDT,1740643200000,-6.17e-06,86227.86960741,2025-02-27 08:00:00.000
BTCUSDT,1740672000000,9.433e-05,85473.85978519,2025-02-27 16:00:00.000
BTCUSDT,1740700800001,9.444e-05,84667.5,2025-02-28 00:00:00.001
BTCUSDT,1740729600000,9.521e-05,79174.50011852,2025-02-28 08:00:00.000
BTCUSDT,1740758400000,-3.73e-06,83971.85852874,2025-02-28 16:00:00.000
BTCUSDT,1740787200000,-1.4e-07,84300.62248148,2025-03-01 00:00:00.000
BTCUSDT,1740816000000,-6.108e-05,84707.63182963,2025-03-01 08:00:00.000
BTCUSDT,1740844800001,-8.58e-06,84758.97667407,2025-03-01 16:00:00.001
BTCUSDT,1740873600000,-1.094e-05,86017.75225185,2025-03-02 00:00:00.000
BTCUSDT,1740902400000,-2.783e-05,86191.4,2025-03-02 08:00:00.000
BTCUSDT,1740931200000,-2.869e-05,87376.32577037,2025-03-02 16:00:00.000
BTCUSDT,1740960000001,-5.518e-05,94228.90026667,2025-03-03 00:00:00.001
BTCUSDT,1740988800000,7.91e-06,92325.2,2025-03-03 08:00:00.000
BTCUSDT,1741017600000,5.272e-05,90009.4,2025-03-03 16:00:00.000
BTCUSDT,1741046400001,-1.526e-05,86181.9,2025-03-04 00:00:00.001
BTCUSDT,1741075200005,-2.7e-06,83159.4,2025-03-04 08:00:00.005
BTCUSDT,1741104000000,1.306e-05,82949.73682963,2025-03-04 16:00:00.000
BTCUSDT,1741132800000,4.113e-05,87246.0,2025-03-05 00:00:00.000
BTCUSDT,1741161600000,2.722e-05,87579.6,2025-03-05 08:00:00.000
BTCUSDT,1741190400000,5.028e-05,88312.6,2025-03-05 16:00:00.000
BTCUSDT,1741219200000,3.538e-05,90567.40845926,2025-03-06 00:00:00.000
BTCUSDT,1741248000001,6.413e-05,91314.75866667,2025-03-06 08:00:00.001
BTCUSDT,1741276800000,6.818e-05,90770.91326667,2025-03-06 16:00:00.000
BTCUSDT,1741305600000,-6.12e-06,89887.9,2025-03-07 00:00:00.000
BTCUSDT,1741334400001,-1.539e-05,88311.88999259,2025-03-07 08:00:00.001
BTCUSDT,1741363200000,2.028e-05,88417.95212593,2025-03-07 16:00:00.000
BTCUSDT,1741392000000,5.328e-05,86753.8,2025-03-08 00:00:00.000
BTCUSDT,1741420800001,3.73e-06,86159.9807037,2025-03-08 08:00:00.001
BTCUSDT,1741449600001,1.208e-05,86360.0,2025-03-08 16:00:00.001
BTCUSDT,1741478400001,-2.779e-05,86184.8,2025-03-09 00:00:00.001
BTCUSDT,1741507200000,3.218e-05,85973.77313333,2025-03-09 08:00:00.000
BTCUSDT,1741536000000,0.0001,83040.22277037,2025-03-09 16:00:00.000
BTCUSDT,1741564800000,3.952e-05,80688.7,2025-03-10 00:00:00.000
BTCUSDT,1741593600000,1.344e-05,82282.17518519,2025-03-10 08:00:00.000
BTCUSDT,1741622400000,4.037e-05,79999.21651111,2025-03-10 16:00:00.000
BTCUSDT,1741651200000,4.705e-05,78567.8,2025-03-11 00:00:00.000
BTCUSDT,1741680000000,3.26e-05,80395.9142069,2025-03-11 08:00:00.000
BTCUSDT,1741708800001,8.746e-05,81190.7,2025-03-11 16:00:00.001
BTCUSDT,1741737600000,5.76e-06,82896.0,2025-03-12 00:00:00.000
BTCUSDT,1741766400000,5.815e-05,82405.1,2025-03-12 08:00:00.000
BTCUSDT,1741795200001,4.013e-05,81703.59471111,2025-03-12 16:00:00.001
BTCUSDT,1741824000000,4.3e-06,83640.6,2025-03-13 00:00:00.000
BTCUSDT,1741852800000,2.069e-05,83118.5,2025-03-13 08:00:00.000
BTCUSDT,1741881600000,3.19e-05,81016.0,2025-03-13 16:00:00.000
BTCUSDT,1741910400000,5.386e-05,81085.4,2025-03-14 00:00:00.000
BTCUSDT,1741939200000,5.331e-05,82130.6268659,2025-03-14 08:00:00.000
BTCUSDT,1741968000000,3.57e-06,84687.30085824,2025-03-14 16:00:00.000
BTCUSDT,1741996800000,-6.035e-05,83939.8,2025-03-15 00:00:00.000
BTCUSDT,1742025600000,-2.389e-05,83799.028,2025-03-15 08:00:00.000
BTCUSDT,1742054400000,-3.21e-06,84295.7,2025-03-15 16:00:00.000
BTCUSDT,1742083200000,4.32e-06,84302.9,2025-03-16 00:00:00.000
BTCUSDT,1742112000000,4.236e-05,84242.0,2025-03-16 08:00:00.000
BTCUSDT,1742140800000,1.247e-05,83280.0,2025-03-16 16:00:00.000
BTCUSDT,1742169600000,1.065e-05,82541.6,2025-03-17 00:00:00.000
BTCUSDT,1742198400000,8.474e-05,83524.17527094,2025-03-17 08:00:00.000
BTCUSDT,1742227200000,8.59e-06,83499.1,2025-03-17 16:00:00.000
BTCUSDT,1742256000000,7.03e-06,83966.75136398,2025-03-18 00:00:00.000
BTCUSDT,1742284800000,2.059e-05,83124.7,2025-03-18 08:00:00.000
BTCUSDT,1742313600000,3.514e-05,81570.5,2025-03-18 16:00:00.000
BTCUSDT,1742342400000,2e-06,82670.47688148,2025-03-19 00:00:00.000
BTCUSDT,1742371200000,5.961e-05,83135.8,2025-03-19 08:00:00.000
BTCUSDT,1742400000000,5.024e-05,84693.1,2025-03-19 16:00:00.000
BTCUSDT,1742428800000,1.944e-05,86809.8,2025-03-20 00:00:00.000
BTCUSDT,1742457600000,3.79e-05,85769.99517778,2025-03-20 08:00:00.000
BTCUSDT,1742486400000,1.086e-05,84656.4,2025-03-20 16:00:00.000
BTCUSDT,1742515200000,1.615e-05,84183.6,2025-03-21 00:00:00.000
BTCUSDT,1742544000000,5.324e-05,83892.55460741,2025-03-21 08:00:00.000
BTCUSDT,1742572800000,2.518e-05,83525.9,2025-03-21 16:00:00.000
BTCUSDT,1742601600000,2.836e-05,84050.3,2025-03-22 00:00:00.000
BTCUSDT,1742630400004,-1.77e-05,84235.4,2025-03-22 08:00:00.004
BTCUSDT,1742659200000,5.092e-05,84073.5,2025-03-22 16:00:00.000
BTCUSDT,1742688000000,2.099e-05,83804.9,2025-03-23 00:00:00.000
BTCUSDT,1742716800000,-1.84e-06,84232.38148148,2025-03-23 08:00:00.000
BTCUSDT,1742745600000,4.02e-05,85153.69642963,2025-03-23 16:00:00.000
BTCUSDT,1742774400000,2.039e-05,86052.8628963,2025-03-24 00:00:00.000
BTCUSDT,1742803200000,5.512e-05,86831.20146667,2025-03-24 08:00:00.000
BTCUSDT,1742832000000,-3.422e-05,88291.95428148,2025-03-24 16:00:00.000
BTCUSDT,1742860800001,-2.47e-06,87463.3,2025-03-25 00:00:00.001
BTCUSDT,1742889600000,1.15e-05,86404.4,2025-03-25 08:00:00.000
BTCUSDT,1742918400000,-3.776e-05,87727.92137778,2025-03-25 16:00:00.000
BTCUSDT,1742947200000,-2.99e-05,87369.9,2025-03-26 00:00:00.000
BTCUSDT,1742976000000,1.659e-05,88106.7,2025-03-26 08:00:00.000
BTCUSDT,1743004800001,-3.082e-05,86704.27858519,2025-03-26 16:00:00.001
BTCUSDT,1743033600001,3.136e-05,86873.8,2025-03-27 00:00:00.001
BTCUSDT,1743062400001,5.512e-05,87363.2,2025-03-27 08:00:00.001
BTCUSDT,1743091200002,-3.76e-05,86931.84454074,2025-03-27 16:00:00.002
BTCUSDT,1743120000001,1.584e-05,87191.2,2025-03-28 00:00:00.001
BTCUSDT,1743148800001,-4.57e-06,85181.54060741,2025-03-28 08:00:00.001
BTCUSDT,1743177600000,8.118e-05,84011.1,2025-03-28 16:00:00.000
BTCUSDT,1743206400000,5.364e-05,84380.7,2025-03-29 00:00:00.000
BTCUSDT,1743235200000,8.214e-05,83699.76590769,2025-03-29 08:00:00.000
BTCUSDT,1743264000000,2.53e-05,82371.6,2025-03-29 16:00:00.000
BTCUSDT,1743292800000,3.41e-06,82608.11504215,2025-03-30 00:00:00.000
BTCUSDT,1743321600000,4.27e-06,83037.5,2025-03-30 08:00:00.000
BTCUSDT,1743350400000,4.588e-05,82699.9,2025-03-30 16:00:00.000
BTCUSDT,1743379200000,2.643e-05,82345.3,2025-03-31 00:00:00.000
BTCUSDT,1743408000000,6.02e-05,81895.2,2025-03-31 08:00:00.000
BTCUSDT,1743436800000,1.845e-05,83373.4,2025-03-31 16:00:00.000
BTCUSDT,1743465600000,3.961e-05,82517.67674815,2025-04-01 00:00:00.000
BTCUSDT,1743494400001,2.889e-05,83415.2,2025-04-01 08:00:00.001
BTCUSDT,1743523200000,3.573e-05,85245.4,2025-04-01 16:00:00.000
BTCUSDT,1743552000001,-2.112e-05,85120.9,2025-04-02 00:00:00.001
BTCUSDT,1743580800000,3.036e-05,84393.10059259,2025-04-02 08:00:00.000
BTCUSDT,1743609600000,7.33e-06,86716.9,2025-04-02 16:00:00.000
BTCUSDT,1743638400000,5.862e-05,82485.0,2025-04-03 00:00:00.000
BTCUSDT,1743667200000,5.038e-05,83423.97282759,2025-04-03 08:00:00.000
BTCUSDT,1743696000000,6.484e-05,82009.80792337,2025-04-03 16:00:00.000
BTCUSDT,1743724800000,4.283e-05,83168.7,2025-04-04 00:00:00.000
BTCUSDT,1743753600000,4.736e-05,83968.1,2025-04-04 08:00:00.000
BTCUSDT,1743782400000,8.038e-05,82822.0,2025-04-04 16:00:00.000
BTCUSDT,1743811200000,8.559e-05,83861.3,2025-04-05 00:00:00.000
BTCUSDT,1743840000000,7.437e-05,83490.0,2025-04-05 08:00:00.000
BTCUSDT,1743868800000,4.08e-06,82582.45056296,2025-04-05 16:00:00.000
BTCUSDT,1743897600000,2.21e-06,83501.91631852,2025-04-06 00:00:00.000
BTCUSDT,1743926400000,5.363e-05,82990.9,2025-04-06 08:00:00.000
BTCUSDT,1743955200002,-6.03e-06,82503.61944061,2025-04-06 16:00:00.002
BTCUSDT,1743984000000,4.946e-05,78392.35042912,2025-04-07 00:00:00.000
BTCUSDT,1744012800000,6.857e-05,75088.2541037,2025-04-07 08:00:00.000
BTCUSDT,1744041600000,4.998e-05,78465.57328148,2025-04-07 16:00:00.000
BTCUSDT,1744070400000,4.074e-05,79140.1,2025-04-08 00:00:00.000
BTCUSDT,1744099200000,3.575e-05,79455.76043704,2025-04-08 08:00:00.000
BTCUSDT,1744128000000,3.134e-05,78462.8292963,2025-04-08 16:00:00.000
BTCUSDT,1744156800000,9.568e-05,76297.9,2025-04-09 00:00:00.000
BTCUSDT,1744185600001,-2.252e-05,77645.5,2025-04-09 08:00:00.001
BTCUSDT,1744214400000,6.856e-05,77224.48104444,2025-04-09 16:00:00.000
BTCUSDT,1744243200000,7.705e-05,82588.0,2025-04-10 00:00:00.000
BTCUSDT,1744272000000,1.14e-06,81561.5,2025-04-10 08:00:00.000
BTCUSDT,1744300800000,6.775e-05,78726.3,2025-04-10 16:00:00.000
BTCUSDT,1744329600001,2.065e-05,79576.11047407,2025-04-11 00:00:00.001
BTCUSDT,1744358400000,-4.294e-05,81213.7,2025-04-11 08:00:00.000
BTCUSDT,1744387200000,3.29e-05,82486.7,2025-04-11 16:00:00.000
BTCUSDT,1744416000000,3.654e-05,83385.7,2025-04-12 00:00:00.000
BTCUSDT,1744444800001,5.64e-05,83685.4,2025-04-12 08:00:00.001
BTCUSDT,1744473600000,5.388e-05,84974.2,2025-04-12 16:00:00.000
BTCUSDT,1744502400000,5.057e-05,85240.01637778,2025-04-13 00:00:00.000
BTCUSDT,1744531200000,8.429e-05,84383.61757037,2025-04-13 08:00:00.000
BTCUSDT,1744560000000,9.642e-05,83820.1,2025-04-13 16:00:00.000
BTCUSDT,1744588800000,8.113e-05,83715.61378519,2025-04-14 00:00:00.000
BTCUSDT,1744617600000,7.127e-05,84545.16948148,2025-04-14 08:00:00.000
BTCUSDT,1744646400000,2.428e-05,84063.1,2025-04-14 16:00:00.000
BTCUSDT,1744675200000,-2.073e-05,84553.9,2025-04-15 00:00:00.000
BTCUSDT,1744704000000,6.606e-05,85691.3,2025-04-15 08:00:00.000
BTCUSDT,1744732800001,1.883e-05,84874.59705926,2025-04-15 16:00:00.001
BTCUSDT,1744761600000,2.428e-05,83608.7,2025-04-16 00:00:00.000
BTCUSDT,1744790400000,6.917e-05,83336.36678161,2025-04-16 08:00:00.000
BTCUSDT,1744819200000,1.978e-05,84801.7,2025-04-16 16:00:00.000
BTCUSDT,1744848000001,1.404e-05,83994.1836,2025-04-17 00:00:00.001
BTCUSDT,1744876800000,5.679e-05,84630.32499202,2025-04-17 08:00:00.000
BTCUSDT,1744905600001,3.425e-05,84495.5,2025-04-17 16:00:00.001
BTCUSDT,1744934400000,1.788e-05,84916.10982222,2025-04-18 00:00:00.000
BTCUSDT,1744963200000,7.071e-05,84622.9,2025-04-18 08:00:00.000
BTCUSDT,1744992000000,2.995e-05,84337.39696296,2025-04-18 16:00:00.000
BTCUSDT,1745020800000,2.93e-05,84429.71837548,2025-04-19 00:00:00.000
BTCUSDT,1745049600000,6.024e-05,85174.5,2025-04-19 08:00:00.000
BTCUSDT,1745078400000,-1.953e-05,85146.2,2025-04-19 16:00:00.000
BTCUSDT,1745107200000,-2.98e-06,85046.9,2025-04-20 00:00:00.000
BTCUSDT,1745136000000,-1.078e-05,84739.09365128,2025-04-20 08:00:00.000
BTCUSDT,1745164800000,-2.258e-05,84305.11534074,2025-04-20 16:00:00.000
BTCUSDT,1745193600000,5.232e-05,85142.30088148,2025-04-21 00:00:00.000
BTCUSDT,1745222400005,5.403e-05,87400.6,2025-04-21 08:00:00.005
BTCUSDT,1745251200003,1.553e-05,87998.12642222,2025-04-21 16:00:00.003
BTCUSDT,1745280000008,7.749e-05,87467.8227037,2025-04-22 00:00:00.008
BTCUSDT,1745308800000,-7.44e-06,88436.16399259,2025-04-22 08:00:00.000
BTCUSDT,1745337600000,-7.045e-05,90881.1,2025-04-22 16:00:00.000
BTCUSDT,1745366400000,-1.389e-05,93404.9,2025-04-23 00:00:00.000
BTCUSDT,1745395200002,1.374e-05,94110.36297318,2025-04-23 08:00:00.002
BTCUSDT,1745424000000,4.587e-05,93149.55929437,2025-04-23 16:00:00.000
BTCUSDT,1745452800000,-2.671e-05,93641.27053973,2025-04-24 00:00:00.000
BTCUSDT,1745481600001,5.21e-05,92167.24875325,2025-04-24 08:00:00.001
BTCUSDT,1745510400001,-2.165e-05,93148.88519481,2025-04-24 16:00:00.001
BTCUSDT,1745539200007,-1.764e-05,93931.6,2025-04-25 00:00:00.007
BTCUSDT,1745568000002,1.7e-06,93734.0,2025-04-25 08:00:00.002
BTCUSDT,1745596800003,1.2e-06,95000.28830833,2025-04-25 16:00:00.003
BTCUSDT,1745625600002,-0.00010085,94591.8,2025-04-26 00:00:00.002
BTCUSDT,1745654400000,-2.774e-05,94523.02069167,2025-04-26 08:00:00.000
BTCUSDT,1745683200002,2.855e-05,94326.89167892,2025-04-26 16:00:00.002
BTCUSDT,1745712000001,-1.5e-05,94575.7,2025-04-27 00:00:00.001
BTCUSDT,1745740800000,-6.6e-06,94027.7,2025-04-27 08:00:00.000
BTCUSDT,1745769600000,-4.21e-06,93857.8,2025-04-27 16:00:00.000
BTCUSDT,1745798400001,3.73e-06,93697.0,2025-04-28 00:00:00.001
BTCUSDT,1745827200003,2.46e-06,94641.5,2025-04-28 08:00:00.003
BTCUSDT,1745856000005,-5.821e-05,93782.5,2025-04-28 16:00:00.005
BTCUSDT,1745884800000,-7.73e-06,94969.0,2025-04-29 00:00:00.000
BTCUSDT,1745913600000,4.13e-06,94877.9,2025-04-29 08:00:00.000
BTCUSDT,1745942400010,1.305e-05,94800.87365217,2025-04-29 16:00:00.010
BTCUSDT,1745971200001,-5.181e-05,94211.74500725,2025-04-30 00:00:00.001
BTCUSDT,1746000000000,2.939e-05,94577.6,2025-04-30 08:00:00.000
BTCUSDT,1746028800003,-3.797e-05,93961.60732609,2025-04-30 16:00:00.003
BTCUSDT,1746057600000,3.519e-05,94130.75027536,2025-05-01 00:00:00.000
BTCUSDT,1746086400000,5.755e-05,94983.01632609,2025-05-01 08:00:00.000
BTCUSDT,1746115200001,-8.028e-05,96794.89389805,2025-05-01 16:00:00.001
BTCUSDT,1746144000000,-0.00012232,96433.84531159,2025-05-02 00:00:00.000
BTCUSDT,1746172800000,-9.382e-05,96302.1,2025-05-02 08:00:00.000
BTCUSDT,1746201600003,-8.689e-05,97277.00616667,2025-05-02 16:00:00.003
BTCUSDT,1746230400000,-5.953e-05,96831.65852586,2025-05-03 00:00:00.000
BTCUSDT,1746259200000,3.198e-05,96290.8,2025-05-03 08:00:00.000
BTCUSDT,1746288000000,-1.483e-05,96360.13496232,2025-05-03 16:00:00.000
BTCUSDT,1746316800001,3.7e-06,95819.52819239,2025-05-04 00:00:00.001
BTCUSDT,1746345600001,3.229e-05,95842.1,2025-05-04 08:00:00.001
BTCUSDT,1746374400002,3.745e-05,95421.1,2025-05-04 16:00:00.002
BTCUSDT,1746403200000,-2.404e-05,94240.51430435,2025-05-05 00:00:00.000
BTCUSDT,1746432000000,3.636e-05,94697.80169565,2025-05-05 08:00:00.000
BTCUSDT,1746460800006,-2.247e-05,93731.39948913,2025-05-05 16:00:00.006
BTCUSDT,1746489600002,1.978e-05,94696.8,2025-05-06 00:00:00.002
BTCUSDT,1746518400005,4.44e-05,94353.53756884,2025-05-06 08:00:00.005
BTCUSDT,1746547200000,7.57e-06,94511.8,2025-05-06 16:00:00.000
BTCUSDT,1746576000002,1.218e-05,96794.5,2025-05-07 00:00:00.002
BTCUSDT,1746604800000,-2.5e-07,96949.17783333,2025-05-07 08:00:00.000
BTCUSDT,1746633600006,1.32e-05,96888.9,2025-05-07 16:00:00.006
BTCUSDT,1746662400000,2.318e-05,96990.24909783,2025-05-08 00:00:00.000
BTCUSDT,1746691200001,4.608e-05,99215.08710145,2025-05-08 08:00:00.001
BTCUSDT,1746720000002,5.728e-05,100730.9,2025-05-08 16:00:00.002
BTCUSDT,1746748800001,0.0001,103241.74847826,2025-05-09 00:00:00.001
BTCUSDT,1746777600006,0.0001,103628.9027029,2025-05-09 08:00:00.006
BTCUSDT,1746806400000,4.378e-05,102852.4,2025-05-09 16:00:00.000
BTCUSDT,1746835200001,9.657e-05,102941.8,2025-05-10 00:00:00.001
BTCUSDT,1746864000000,0.0001,103721.7,2025-05-10 08:00:00.000
BTCUSDT,1746892800001,4.257e-05,103102.7,2025-05-10 16:00:00.001
BTCUSDT,1746921600000,0.0001,104789.0,2025-05-11 00:00:00.000
BTCUSDT,1746950400001,4.15e-05,103336.9,2025-05-11 08:00:00.001
BTCUSDT,1746979200001,0.0001,104089.06693841,2025-05-11 16:00:00.001
BTCUSDT,1747008000004,4.454e-05,104072.8,2025-05-12 00:00:00.004
BTCUSDT,1747036800000,0.0001,104426.2,2025-05-12 08:00:00.000
BTCUSDT,1747065600000,2.301e-05,102484.98667754,2025-05-12 16:00:00.000
BTCUSDT,1747094400000,6.847e-05,102739.98641667,2025-05-13 00:00:00.000
BTCUSDT,1747123200008,0.0001,102624.0,2025-05-13 08:00:00.008
BTCUSDT,1747152000001,7.256e-05,103642.21569565,2025-05-13 16:00:00.001
BTCUSDT,1747180800007,9.921e-05,104082.25016667,2025-05-14 00:00:00.007
BTCUSDT,1747209600000,7.542e-05,103662.2,2025-05-14 08:00:00.000
BTCUSDT,1747238400002,3.175e-05,103461.4,2025-05-14 16:00:00.002
BTCUSDT,1747267200000,2.978e-05,103458.2,2025-05-15 00:00:00.000
BTCUSDT,1747296000003,5.336e-05,101733.9,2025-05-15 08:00:00.003
BTCUSDT,1747324800000,1.439e-05,103212.64269928,2025-05-15 16:00:00.000
BTCUSDT,1747353600001,4.504e-05,103731.0,2025-05-16 00:00:00.001
BTCUSDT,1747382400000,7.535e-05,103646.6,2025-05-16 08:00:00.000
BTCUSDT,1747411200000,4.768e-05,104152.87767029,2025-05-16 16:00:00.000
BTCUSDT,1747440000000,2.821e-05,103420.88946739,2025-05-17 00:00:00.000
BTCUSDT,1747468800001,3.34e-05,103399.4,2025-05-17 08:00:00.001
BTCUSDT,1747497600004,5.97e-06,102900.0,2025-05-17 16:00:00.004
BTCUSDT,1747526400000,6.742e-05,103079.5,2025-05-18 00:00:00.000
BTCUSDT,1747555200000,5.903e-05,103891.4,2025-05-18 08:00:00.000
BTCUSDT,1747584000000,0.0001,105484.2,2025-05-18 16:00:00.000
BTCUSDT,1747612800000,5.99e-05,106415.65899638,2025-05-19 00:00:00.000
BTCUSDT,1747641600006,6.04e-05,103175.66738043,2025-05-19 08:00:00.006
BTCUSDT,1747670400010,2.11e-05,104740.4,2025-05-19 16:00:00.010
BTCUSDT,1747699200000,8.378e-05,105539.99272464,2025-05-20 00:00:00.000
BTCUSDT,1747728000002,7.107e-05,104998.20574797,2025-05-20 08:00:00.002
BTCUSDT,1747756800000,1.266e-05,105294.5,2025-05-20 16:00:00.000
BTCUSDT,1747785600000,8.767e-05,106800.4,2025-05-21 00:00:00.000
BTCUSDT,1747814400001,7.147e-05,106469.35994203,2025-05-21 08:00:00.001
BTCUSDT,1747843200004,5.119e-05,108936.7,2025-05-21 16:00:00.004
BTCUSDT,1747872000001,0.0001,109611.57980435,2025-05-22 00:00:00.001
BTCUSDT,1747900800000,0.0001,111005.8,2025-05-22 08:00:00.000
BTCUSDT,1747929600002,0.0001,111236.8,2025-05-22 16:00:00.002
BTCUSDT,1747958400006,9.321e-05,111663.50596536,2025-05-23 00:00:00.006
BTCUSDT,1747987200000,7.261e-05,110685.2,2025-05-23 08:00:00.000
BTCUSDT,1748016000007,8.614e-05,108889.2,2025-05-23 16:00:00.007
BTCUSDT,1748044800010,3.524e-05,107273.6267971,2025-05-24 00:00:00.010
BTCUSDT,1748073600000,4.59e-05,107554.85993116,2025-05-24 08:00:00.000
BTCUSDT,1748102400003,7.837e-05,108895.88856522,2025-05-24 16:00:00.003
BTCUSDT,1748131200004,9.794e-05,107698.9,2025-05-25 00:00:00.004
BTCUSDT,1748160000000,5.113e-05,107634.7,2025-05-25 08:00:00.000
BTCUSDT,1748188800000,3.651e-05,106928.0,2025-05-25 16:00:00.000
BTCUSDT,1748217600000,7.331e-05,108955.9,2025-05-26 00:00:00.000
BTCUSDT,1748246400000,0.0001,110050.0,2025-05-26 08:00:00.000
BTCUSDT,1748275200002,9.782e-05,109951.1,2025-05-26 16:00:00.002
BTCUSDT,1748304000003,7.65e-05,109403.70430072,2025-05-27 00:00:00.003
BTCUSDT,1748332800001,7.266e-05,109471.8,2025-05-27 08:00:00.001
BTCUSDT,1748361600005,2.476e-05,110091.3,2025-05-27 16:00:00.005
BTCUSDT,1748390400002,3.26e-05,108889.2,2025-05-28 00:00:00.002
BTCUSDT,1748419200003,2.164e-05,108764.9,2025-05-28 08:00:00.003
BTCUSDT,1748448000002,5.368e-05,107066.31867754,2025-05-28 16:00:00.002
BTCUSDT,1748476800000,3.186e-05,107723.1,2025-05-29 00:00:00.000
BTCUSDT,1748505600006,2.812e-05,107839.5,2025-05-29 08:00:00.006
BTCUSDT,1748534400000,8.379e-05,106972.6,2025-05-29 16:00:00.000
BTCUSDT,1748563200003,2.622e-05,105540.0,2025-05-30 00:00:00.003
BTCUSDT,1748592000003,3.849e-05,104997.4,2025-05-30 08:00:00.003
BTCUSDT,1748620800000,7.392e-05,105503.9,2025-05-30 16:00:00.000
BTCUSDT,1748649600000,8.506e-05,103950.0,2025-05-31 00:00:00.000
BTCUSDT,1748678400000,7.552e-05,103701.25933333,2025-05-31 08:00:00.000
BTCUSDT,1748707200000,4.687e-05,104499.67307246,2025-05-31 16:00:00.000
BTCUSDT,1748736000001,-5.82e-06,104544.7,2025-06-01 00:00:00.001
BTCUSDT,1748764800002,2.335e-05,104231.0,2025-06-01 08:00:00.002
BTCUSDT,1748793600000,4.117e-05,104664.0,2025-06-01 16:00:00.000
BTCUSDT,1748822400001,-6.42e-06,105589.61297464,2025-06-02 00:00:00.001
BTCUSDT,1748851200000,5.593e-05,105346.4,2025-06-02 08:00:00.000
BTCUSDT,1748880000000,4.467e-05,104396.9,2025-06-02 16:00:00.000
BTCUSDT,1748908800000,5.005e-05,105814.4,2025-06-03 00:00:00.000
BTCUSDT,1748937600000,6.066e-05,105134.3,2025-06-03 08:00:00.000
BTCUSDT,1748966400001,4.456e-05,106556.1,2025-06-03 16:00:00.001
BTCUSDT,1748995200000,-1.1e-07,105330.1,2025-06-04 00:00:00.000
BTCUSDT,1749024000000,2.611e-05,105260.4656625,2025-06-04 08:00:00.000
BTCUSDT,1749052800000,9.62e-06,105255.92777899,2025-06-04 16:00:00.000
BTCUSDT,1749081600016,7.4e-07,104646.0376413,2025-06-05 00:00:00.016
BTCUSDT,1749110400000,2.871e-05,104473.0,2025-06-05 08:00:00.000
BTCUSDT,1749139200000,5.156e-05,104485.4,2025-06-05 16:00:00.000
BTCUSDT,1749168000002,-3.491e-05,101458.7,2025-06-06 00:00:00.002
BTCUSDT,1749196800000,-3.03e-05,103096.8,2025-06-06 08:00:00.000
BTCUSDT,1749225600006,-2.995e-05,105037.54876812,2025-06-06 16:00:00.006
BTCUSDT,1749254400000,-2.89e-05,104240.1,2025-06-07 00:00:00.000
BTCUSDT,1749283200000,-3.158e-05,104813.72660507,2025-06-07 08:00:00.000
BTCUSDT,1749312000002,2.94e-06,105508.84818333,2025-06-07 16:00:00.002
BTCUSDT,1749340800000,4.808e-05,105509.63211957,2025-06-08 00:00:00.000
BTCUSDT,1749369600000,5.613e-05,105380.4,2025-06-08 08:00:00.000
BTCUSDT,1749398400000,-3.602e-05,105923.14248188,2025-06-08 16:00:00.000
BTCUSDT,1749427200000,-2.164e-05,105679.25375362,2025-06-09 00:00:00.000
BTCUSDT,1749456000001,4.024e-05,105517.90905797,2025-06-09 08:00:00.001
BTCUSDT,1749484800001,3.057e-05,107568.29532246,2025-06-09 16:00:00.001
BTCUSDT,1749513600000,6.374e-05,110227.9,2025-06-10 00:00:00.000
BTCUSDT,1749542400001,0.0001,109178.1,2025-06-10 08:00:00.001
BTCUSDT,1749571200003,8.165e-05,108970.17962319,2025-06-10 16:00:00.003
BTCUSDT,1749600000000,8.779e-05,110235.3,2025-06-11 00:00:00.000
BTCUSDT,1749628800000,8.39e-05,109397.0,2025-06-11 08:00:00.000
BTCUSDT,1749657600010,5.039e-05,109694.9,2025-06-11 16:00:00.010
BTCUSDT,1749686400002,1.856e-05,108610.75909727,2025-06-12 00:00:00.002
BTCUSDT,1749715200003,7.247e-05,107578.64501938,2025-06-12 08:00:00.003
BTCUSDT,1749744000001,1.198e-05,106960.7,2025-06-12 16:00:00.001
BTCUSDT,1749772800000,-1.801e-05,105621.56706522,2025-06-13 00:00:00.000
BTCUSDT,1749801600001,-2.7e-06,104831.4,2025-06-13 08:00:00.001
BTCUSDT,1749830400004,3.857e-05,105392.0,2025-06-13 16:00:00.004
BTCUSDT,1749859200000,1.958e-05,106031.87648551,2025-06-14 00:00:00.000
BTCUSDT,1749888000000,3.858e-05,105029.9210759,2025-06-14 08:00:00.000
BTCUSDT,1749916800000,1.135e-05,104785.31052899,2025-06-14 16:00:00.000
BTCUSDT,1749945600005,-3.641e-05,105359.8,2025-06-15 00:00:00.005
BTCUSDT,1749974400009,1.439e-05,105378.68969203,2025-06-15 08:00:00.009
BTCUSDT,1750003200000,7.369e-05,105526.0,2025-06-15 16:00:00.000
BTCUSDT,1750032000000,9.36e-06,105546.26398514,2025-06-16 00:00:00.000
BTCUSDT,1750060800000,5.07e-05,107023.8,2025-06-16 08:00:00.000
BTCUSDT,1750089600003,2.793e-05,107375.0,2025-06-16 16:00:00.003
BTCUSDT,1750118400000,1.847e-05,106750.1,2025-06-17 00:00:00.000
BTCUSDT,1750147200006,5.776e-05,106711.1,2025-06-17 08:00:00.006
BTCUSDT,1750176000001,2.211e-05,104203.95066304,2025-06-17 16:00:00.001
BTCUSDT,1750204800001,-1.752e-05,104508.0,2025-06-18 00:00:00.001
BTCUSDT,1750233600001,3.695e-05,104925.6,2025-06-18 08:00:00.001
BTCUSDT,1750262400001,6.692e-05,104751.91415217,2025-06-18 16:00:00.001
BTCUSDT,1750291200005,8.45e-06,104836.47953623,2025-06-19 00:00:00.005
BTCUSDT,1750320000003,6.16e-06,104593.47301449,2025-06-19 08:00:00.003
BTCUSDT,1750348800000,2.396e-05,104055.2,2025-06-19 16:00:00.000
BTCUSDT,1750377600000,3.565e-05,104612.28734221,2025-06-20 00:00:00.000
BTCUSDT,1750406400002,7.862e-05,105763.5,2025-06-20 08:00:00.002
BTCUSDT,1750435200001,2.4e-05,104168.5,2025-06-20 16:00:00.001
BTCUSDT,1750464000002,3.977e-05,103246.0,2025-06-21 00:00:00.002
BTCUSDT,1750492800005,1.933e-05,103405.77309257,2025-06-21 08:00:00.005
BTCUSDT,1750521600000,7.44e-05,103516.7,2025-06-21 16:00:00.000
BTCUSDT,1750550400005,2.883e-05,102072.0,2025-06-22 00:00:00.005
BTCUSDT,1750579200000,0.0001,102399.0,2025-06-22 08:00:00.000
BTCUSDT,1750608000003,4.145e-05,98855.01865881,2025-06-22 16:00:00.003
BTCUSDT,1750636800000,-1.061e-05,100917.08497464,2025-06-23 00:00:00.000
BTCUSDT,1750665600004,-2.809e-05,101874.4,2025-06-23 08:00:00.004
BTCUSDT,1750694400013,4.889e-05,101374.2,2025-06-23 16:00:00.013
BTCUSDT,1750723200003,1.245e-05,105293.94364855,2025-06-24 00:00:00.003
BTCUSDT,1750752000000,1.218e-05,104909.9157971,2025-06-24 08:00:00.000
BTCUSDT,1750780800000,4.47e-06,105182.2177029,2025-06-24 16:00:00.000
BTCUSDT,1750809600005,-3.174e-05,106035.0,2025-06-25 00:00:00.005
BTCUSDT,1750838400000,2.747e-05,106556.27685145,2025-06-25 08:00:00.000
BTCUSDT,1750867200005,9.62e-06,106984.14716304,2025-06-25 16:00:00.005
BTCUSDT,1750896000000,1.41e-06,107283.48498551,2025-06-26 00:00:00.000
BTCUSDT,1750924800006,3.805e-05,107768.6,2025-06-26 08:00:00.006
BTCUSDT,1750953600007,6.82e-06,107259.9,2025-06-26 16:00:00.007
BTCUSDT,1750982400000,1.113e-05,106913.8,2025-06-27 00:00:00.000
BTCUSDT,1751011200000,2.663e-05,106822.99177536,2025-06-27 08:00:00.000
BTCUSDT,1751040000009,2.557e-05,107261.2,2025-06-27 16:00:00.009
BTCUSDT,1751068800001,-1.161e-05,106996.9,2025-06-28 00:00:00.001
BTCUSDT,1751097600002,6.053e-05,107433.05392391,2025-06-28 08:00:00.002
BTCUSDT,1751126400000,4.434e-05,107407.6,2025-06-28 16:00:00.000
BTCUSDT,1751155200004,1.25e-05,107241.0,2025-06-29 00:00:00.004
BTCUSDT,1751184000001,5.36e-05,107355.6,2025-06-29 08:00:00.001
BTCUSDT,1751212800001,0.0001,107694.80147464,2025-06-29 16:00:00.001
BTCUSDT,1751241600000,1.084e-05,108310.31981522,2025-06-30 00:00:00.000
BTCUSDT,1751270400005,2.959e-05,107562.6,2025-06-30 08:00:00.005
BTCUSDT,1751299200002,4.923e-05,107538.70402174,2025-06-30 16:00:00.002
BTCUSDT,1751328000007,1.053e-05,107096.82611594,2025-07-01 00:00:00.007
BTCUSDT,1751356800002,4.334e-05,107122.8,2025-07-01 08:00:00.002
BTCUSDT,1751385600000,1.109e-05,105905.4,2025-07-01 16:00:00.000
BTCUSDT,1751414400001,1.807e-05,105638.0,2025-07-02 00:00:00.001
BTCUSDT,1751443200000,3.403e-05,107026.0,2025-07-02 08:00:00.000
BTCUSDT,1751472000003,4.13e-05,108695.3,2025-07-02 16:00:00.003
BTCUSDT,1751500800006,4.871e-05,108800.0,2025-07-03 00:00:00.006
BTCUSDT,1751529600003,3.562e-05,109235.0408587,2025-07-03 08:00:00.003
BTCUSDT,1751558400003,5.028e-05,109089.9,2025-07-03 16:00:00.003
BTCUSDT,1751587200005,5.23e-05,109545.2,2025-07-04 00:00:00.005
BTCUSDT,1751616000003,5.009e-05,108666.22027536,2025-07-04 08:00:00.003
BTCUSDT,1751644800001,1.797e-05,107534.7,2025-07-04 16:00:00.001
BTCUSDT,1751673600004,1.066e-05,107935.3,2025-07-05 00:00:00.004
BTCUSDT,1751702400009,3.055e-05,108001.93068165,2025-07-05 08:00:00.009
BTCUSDT,1751731200006,4.005e-05,108012.7,2025-07-05 16:00:00.006
BTCUSDT,1751760000001,1.941e-05,108153.4,2025-07-06 00:00:00.001
BTCUSDT,1751788800002,1.665e-05,107991.4,2025-07-06 08:00:00.002
BTCUSDT,1751817600004,1.028e-05,108856.8,2025-07-06 16:00:00.004
BTCUSDT,1751846400000,2.36e-05,109145.8,2025-07-07 00:00:00.000
BTCUSDT,1751875200007,3.438e-05,109016.3,2025-07-07 08:00:00.007
BTCUSDT,1751904000000,4.271e-05,108252.0,2025-07-07 16:00:00.000
BTCUSDT,1751932800010,1.073e-05,108208.86520652,2025-07-08 00:00:00.010
BTCUSDT,1751961600003,4.563e-05,108440.6,2025-07-08 08:00:00.003
BTCUSDT,1751990400000,3.601e-05,108216.9,2025-07-08 16:00:00.000
BTCUSDT,1752019200002,3.093e-05,108873.1,2025-07-09 00:00:00.002
BTCUSDT,1752048000006,3.396e-05,108674.8,2025-07-09 08:00:00.006
BTCUSDT,1752076800001,4.253e-05,109020.0,2025-07-09 16:00:00.001
BTCUSDT,1752105600003,0.0001,111199.8,2025-07-10 00:00:00.003
BTCUSDT,1752134400000,8.523e-05,111186.1,2025-07-10 08:00:00.000
BTCUSDT,1752163200004,1.908e-05,111349.5,2025-07-10 16:00:00.004
BTCUSDT,1752192000004,0.0001,115979.2,2025-07-11 00:00:00.004
BTCUSDT,1752220800007,0.0001,117522.8,2025-07-11 08:00:00.007
BTCUSDT,1752249600001,0.0001,116897.42130435,2025-07-11 16:00:00.001
BTCUSDT,1752278400000,0.0001,117501.26688406,2025-07-12 00:00:00.000
BTCUSDT,1752307200001,0.0001,117689.7,2025-07-12 08:00:00.001
BTCUSDT,1752336000002,0.0001,117075.5,2025-07-12 16:00:00.002
BTCUSDT,1752364800006,0.0001,117389.4,2025-07-13 00:00:00.006
BTCUSDT,1752393600001,0.0001,117957.51349275,2025-07-13 08:00:00.001
BTCUSDT,1752422400003,0.0001,118611.53782971,2025-07-13 16:00:00.003
BTCUSDT,1752451200000,8.051e-05,119041.56046377,2025-07-14 00:00:00.000
BTCUSDT,1752480000000,0.0001,122717.44717391,2025-07-14 08:00:00.000
BTCUSDT,1752508800000,0.0001,119867.57057971,2025-07-14 16:00:00.000
BTCUSDT,1752537600002,0.0001,119818.52750362,2025-07-15 00:00:00.002
BTCUSDT,1752566400000,0.0001,116780.52426812,2025-07-15 08:00:00.000
BTCUSDT,1752595200000,0.0001,116389.57304348,2025-07-15 16:00:00.000
BTCUSDT,1752624000000,0.0001,117738.5,2025-07-16 00:00:00.000
BTCUSDT,1752652800000,0.0001,118184.09413043,2025-07-16 08:00:00.000
BTCUSDT,1752681600008,0.0001,119054.3,2025-07-16 16:00:00.008
BTCUSDT,1752710400003,0.0001,118598.08606159,2025-07-17 00:00:00.003
BTCUSDT,1752739200000,0.0001,118289.1,2025-07-17 08:00:00.000
BTCUSDT,1752768000000,0.0001,118874.61847826,2025-07-17 16:00:00.000
BTCUSDT,1752796800004,0.0001,119176.6,2025-07-18 00:00:00.004
BTCUSDT,1752825600000,0.0001,119356.5,2025-07-18 08:00:00.000
BTCUSDT,1752854400000,0.0001,117851.82027174,2025-07-18 16:00:00.000
BTCUSDT,1752883200009,0.0001,117897.67534058,2025-07-19 00:00:00.009
BTCUSDT,1752912000000,0.0001,118135.0,2025-07-19 08:00:00.000
BTCUSDT,1752940800002,0.0001,118036.56383986,2025-07-19 16:00:00.002
BTCUSDT,1752969600000,0.0001,117814.4,2025-07-20 00:00:00.000
BTCUSDT,1752998400000,0.0001,117993.92586594,2025-07-20 08:00:00.000
BTCUSDT,1753027200000,0.0001,118669.4,2025-07-20 16:00:00.000
BTCUSDT,1753056000001,0.0001,117227.38173188,2025-07-21 00:00:00.001
BTCUSDT,1753084800000,0.0001,119352.1,2025-07-21 08:00:00.000
BTCUSDT,1753113600001,0.0001,118304.2,2025-07-21 16:00:00.001
BTCUSDT,1753142400000,0.0001,117331.09485145,2025-07-22 00:00:00.000
BTCUSDT,1753171200010,0.0001,117959.5,2025-07-22 08:00:00.010
BTCUSDT,1753200000007,0.0001,118899.8,2025-07-22 16:00:00.007
BTCUSDT,1753228800000,0.0001,119993.7,2025-07-23 00:00:00.000
BTCUSDT,1753257600004,0.0001,118327.36687681,2025-07-23 08:00:00.004
BTCUSDT,1753286400002,0.0001,118531.0,2025-07-23 16:00:00.002
BTCUSDT,1753315200000,0.0001,118713.5,2025-07-24 00:00:00.000
BTCUSDT,1753344000001,0.0001,118368.0,2025-07-24 08:00:00.001
BTCUSDT,1753372800000,0.0001,119074.1,2025-07-24 16:00:00.000
BTCUSDT,1753401600000,0.0001,118283.4,2025-07-25 00:00:00.000
BTCUSDT,1753430400000,0.0001,115314.35953986,2025-07-25 08:00:00.000
BTCUSDT,1753459200000,0.0001,115691.05080797,2025-07-25 16:00:00.000
BTCUSDT,1753488000001,0.0001,117588.55875092,2025-07-26 00:00:00.001
BTCUSDT,1753516800005,0.0001,117288.73869928,2025-07-26 08:00:00.005
BTCUSDT,1753545600001,0.0001,118112.87820652,2025-07-26 16:00:00.001
BTCUSDT,1753574400001,0.0001,117889.3,2025-07-27 00:00:00.001
BTCUSDT,1753603200000,0.0001,118087.08156884,2025-07-27 08:00:00.000
BTCUSDT,1753632000008,0.0001,118580.8,2025-07-27 16:00:00.008
BTCUSDT,1753660800005,0.0001,119419.44478261,2025-07-28 00:00:00.005
BTCUSDT,1753689600000,0.0001,118886.24443841,2025-07-28 08:00:00.000
BTCUSDT,1753718400000,0.0001,118158.66325758,2025-07-28 16:00:00.000
BTCUSDT,1753747200001,0.0001,118041.8671553,2025-07-29 00:00:00.001
BTCUSDT,1753776000000,0.0001,118856.3,2025-07-29 08:00:00.000
BTCUSDT,1753804800000,0.0001,117351.43826812,2025-07-29 16:00:00.000
BTCUSDT,1753833600011,0.0001,117904.12262319,2025-07-30 00:00:00.011
BTCUSDT,1753862400000,0.0001,118083.2,2025-07-30 08:00:00.000
BTCUSDT,1753891200008,0.0001,117949.9,2025-07-30 16:00:00.008
BTCUSDT,1753920000000,5.694e-05,117772.92036957,2025-07-31 00:00:00.000
BTCUSDT,1753948800009,0.0001,118624.0,2025-07-31 08:00:00.009
BTCUSDT,1753977600000,0.0001,118263.69556522,2025-07-31 16:00:00.000
BTCUSDT,1754006400001,-1.408e-05,115702.16776087,2025-08-01 00:00:00.001
BTCUSDT,1754035200003,1.549e-05,115035.53571377,2025-08-01 08:00:00.003
BTCUSDT,1754064000000,5.681e-05,115305.3,2025-08-01 16:00:00.000
BTCUSDT,1754092800004,4.81e-05,113244.7,2025-08-02 00:00:00.004
BTCUSDT,1754121600000,8.94e-06,113920.40738768,2025-08-02 08:00:00.000
BTCUSDT,1754150400000,4.437e-05,112798.5,2025-08-02 16:00:00.000
BTCUSDT,1754179200000,5.633e-05,112509.76593841,2025-08-03 00:00:00.000
BTCUSDT,1754208000000,4.533e-05,113647.1,2025-08-03 08:00:00.000
BTCUSDT,1754236800003,7.504e-05,113905.36980217,2025-08-03 16:00:00.003
BTCUSDT,1754265600004,4.188e-05,114150.84958333,2025-08-04 00:00:00.004
BTCUSDT,1754294400000,5.719e-05,114606.9,2025-08-04 08:00:00.000
BTCUSDT,1754323200002,3.912e-05,114774.5580471,2025-08-04 16:00:00.002
BTCUSDT,1754352000000,7.101e-05,115002.1,2025-08-05 00:00:00.000
BTCUSDT,1754380800000,8.589e-05,113924.7,2025-08-05 08:00:00.000
BTCUSDT,1754409600000,4.784e-05,112890.03634109,2025-08-05 16:00:00.000
BTCUSDT,1754438400005,5.172e-05,114077.36580435,2025-08-06 00:00:00.005
BTCUSDT,1754467200000,9.275e-05,114180.5031938,2025-08-06 08:00:00.000
BTCUSDT,1754496000000,8.288e-05,115389.8435814,2025-08-06 16:00:00.000
BTCUSDT,1754524800003,4.843e-05,114945.2239186,2025-08-07 00:00:00.003
BTCUSDT,1754553600002,7.574e-05,114751.2,2025-08-07 08:00:00.002
BTCUSDT,1754582400002,6.275e-05,116634.6,2025-08-07 16:00:00.002
BTCUSDT,1754611200002,2.403e-05,117419.9,2025-08-08 00:00:00.002
BTCUSDT,1754640000004,1.729e-05,116773.122225,2025-08-08 08:00:00.004
BTCUSDT,1754668800000,7.973e-05,116170.72810417,2025-08-08 16:00:00.000
BTCUSDT,1754697600005,8.835e-05,116628.2,2025-08-09 00:00:00.005
BTCUSDT,1754726400000,9.087e-05,116703.2,2025-08-09 08:00:00.000
BTCUSDT,1754755200007,5.151e-05,116839.01276667,2025-08-09 16:00:00.007
BTCUSDT,1754784000003,9.849e-05,116422.0,2025-08-10 00:00:00.003
BTCUSDT,1754812800005,0.0001,117770.1,2025-08-10 08:00:00.005
BTCUSDT,1754841600002,0.0001,118773.19905,2025-08-10 16:00:00.002
BTCUSDT,1754870400000,0.0001,119255.3,2025-08-11 00:00:00.000
BTCUSDT,1754899200000,0.0001,121533.485,2025-08-11 08:00:00.000
BTCUSDT,1754928000000,0.0001,120276.94746739,2025-08-11 16:00:00.000
BTCUSDT,1754956800000,0.0001,118642.12869203,2025-08-12 00:00:00.000
BTCUSDT,1754985600001,7.988e-05,118931.9,2025-08-12 08:00:00.001
BTCUSDT,1755014400005,8.543e-05,119887.9,2025-08-12 16:00:00.005
BTCUSDT,1755043200000,7.123e-05,120081.0,2025-08-13 00:00:00.000
BTCUSDT,1755072000002,0.0001,119546.71040942,2025-08-13 08:00:00.002
BTCUSDT,1755100800006,0.0001,120907.16175725,2025-08-13 16:00:00.006
BTCUSDT,1755129600002,0.0001,123324.0,2025-08-14 00:00:00.002
BTCUSDT,1755158400003,0.0001,121739.29889855,2025-08-14 08:00:00.003
BTCUSDT,1755187200000,0.0001,118206.5,2025-08-14 16:00:00.000
BTCUSDT,1755216000000,1.939e-05,118245.12016304,2025-08-15 00:00:00.000
BTCUSDT,1755244800000,7.99e-05,118908.4,2025-08-15 08:00:00.000
BTCUSDT,1755273600000,3.722e-05,117224.26810507,2025-08-15 16:00:00.000
BTCUSDT,1755302400004,8.85e-05,117282.05060833,2025-08-16 00:00:00.004
BTCUSDT,1755331200000,8.268e-05,117543.6,2025-08-16 08:00:00.000
BTCUSDT,1755360000002,9.023e-05,117626.9,2025-08-16 16:00:00.002
BTCUSDT,1755388800000,8.206e-05,117333.60187083,2025-08-17 00:00:00.000
BTCUSDT,1755417600001,4.68e-05,117949.9,2025-08-17 08:00:00.001
BTCUSDT,1755446400007,1.862e-05,118193.93730833,2025-08-17 16:00:00.007
BTCUSDT,1755475200000,2.846e-05,117358.84539167,2025-08-18 00:00:00.000
BTCUSDT,1755504000001,-6.82e-06,115153.2,2025-08-18 08:00:00.001
BTCUSDT,1755532800002,5.296e-05,116099.9,2025-08-18 16:00:00.002
BTCUSDT,1755561600000,7.137e-05,116183.6,2025-08-19 00:00:00.000
BTCUSDT,1755590400001,6.262e-05,114928.8,2025-08-19 08:00:00.001
BTCUSDT,1755619200000,3.167e-05,113730.0,2025-08-19 16:00:00.000
BTCUSDT,1755648000000,4.543e-05,112829.16656522,2025-08-20 00:00:00.000
BTCUSDT,1755676800000,1.364e-05,113436.7,2025-08-20 08:00:00.000
BTCUSDT,1755705600000,4.936e-05,113293.1,2025-08-20 16:00:00.000
BTCUSDT,1755734400006,1.143e-05,114221.25347464,2025-08-21 00:00:00.006
BTCUSDT,1755763200000,7.757e-05,113836.8,2025-08-21 08:00:00.000
BTCUSDT,1755792000003,7.414e-05,112748.9,2025-08-21 16:00:00.003
BTCUSDT,1755820800010,7.296e-05,112461.5,2025-08-22 00:00:00.010
BTCUSDT,1755849600007,0.0001,113040.1,2025-08-22 08:00:00.007
BTCUSDT,1755878400001,5.867e-05,116319.3,2025-08-22 16:00:00.001
BTCUSDT,1755907200004,0.0001,116897.5,2025-08-23 00:00:00.004
BTCUSDT,1755936000006,0.0001,115769.9,2025-08-23 08:00:00.006
BTCUSDT,1755964800000,9.711e-05,114778.21648188,2025-08-23 16:00:00.000
BTCUSDT,1755993600001,0.0001,115377.1,2025-08-24 00:00:00.001
BTCUSDT,1756022400002,0.0001,114854.8,2025-08-24 08:00:00.002
BTCUSDT,1756051200001,0.0001,114374.99972826,2025-08-24 16:00:00.001
BTCUSDT,1756080000000,0.0001,113446.3,2025-08-25 00:00:00.000
BTCUSDT,1756108800002,0.0001,111472.55518478,2025-08-25 08:00:00.002
BTCUSDT,1756137600002,8.344e-05,112139.1,2025-08-25 16:00:00.002
BTCUSDT,1756166400000,4.522e-05,110064.58160507,2025-08-26 00:00:00.000
BTCUSDT,1756195200000,3.9e-05,110246.49650362,2025-08-26 08:00:00.000
BTCUSDT,1756224000000,0.0001,109634.08811594,2025-08-26 16:00:00.000
BTCUSDT,1756252800003,1.802e-05,111709.9,2025-08-27 00:00:00.003
BTCUSDT,1756281600000,5.503e-05,110688.0,2025-08-27 08:00:00.000
BTCUSDT,1756310400009,3.496e-05,111965.1,2025-08-27 16:00:00.009
BTCUSDT,1756339200000,5.297e-05,111207.83953261,2025-08-28 00:00:00.000
BTCUSDT,1756368000005,9.693e-05,113079.3,2025-08-28 08:00:00.005
BTCUSDT,1756396800004,7.512e-05,112642.4190942,2025-08-28 16:00:00.004
BTCUSDT,1756425600000,4.261e-05,112509.45998913,2025-08-29 00:00:00.000
BTCUSDT,1756454400000,5.856e-05,109989.38102899,2025-08-29 08:00:00.000
BTCUSDT,1756483200005,6.44e-06,108340.72792754,2025-08-29 16:00:00.005
BTCUSDT,1756512000000,7.523e-05,108332.4,2025-08-30 00:00:00.000
BTCUSDT,1756540800002,7.979e-05,108466.7,2025-08-30 08:00:00.002
BTCUSDT,1756569600003,8.042e-05,108830.0,2025-08-30 16:00:00.003
BTCUSDT,1756598400016,-1.232e-05,108758.15376812,2025-08-31 00:00:00.016
BTCUSDT,1756627200000,4.749e-05,108658.2,2025-08-31 08:00:00.000
BTCUSDT,1756656000001,0.0001,108763.86765217,2025-08-31 16:00:00.001
BTCUSDT,1756684800000,4.66e-05,108208.3,2025-09-01 00:00:00.000
BTCUSDT,1756713600000,0.0001,109367.8,2025-09-01 08:00:00.000
BTCUSDT,1756742400001,4.963e-05,108737.9,2025-09-01 16:00:00.001
BTCUSDT,1756771200000,6.946e-05,109193.10473913,2025-09-02 00:00:00.000
BTCUSDT,1756800000005,8.805e-05,110190.1,2025-09-02 08:00:00.005
BTCUSDT,1756828800007,6.356e-05,110789.9,2025-09-02 16:00:00.007
BTCUSDT,1756857600006,7.67e-06,111189.75470652,2025-09-03 00:00:00.006
BTCUSDT,1756886400002,5.127e-05,111045.87517029,2025-09-03 08:00:00.002
BTCUSDT,1756915200002,2.344e-05,112171.59743478,2025-09-03 16:00:00.002
BTCUSDT,1756944000002,1.808e-05,111664.20931522,2025-09-04 00:00:00.002
BTCUSDT,1756972800000,4.385e-05,110417.3,2025-09-04 08:00:00.000
BTCUSDT,1757001600000,7.941e-05,109464.1,2025-09-04 16:00:00.000
BTCUSDT,1757030400001,7.532e-05,110679.5,2025-09-05 00:00:00.001
BTCUSDT,1757059200006,0.0001,112906.33317391,2025-09-05 08:00:00.006
BTCUSDT,1757088000000,7.872e-05,110672.1,2025-09-05 16:00:00.000
BTCUSDT,1757116800000,1.297e-05,110614.9,2025-09-06 00:00:00.000
BTCUSDT,1757145600005,5.66e-05,110779.9,2025-09-06 08:00:00.005
BTCUSDT,1757174400000,5.11e-05,110324.2,2025-09-06 16:00:00.000
BTCUSDT,1757203200000,1.97e-05,110135.3,2025-09-07 00:00:00.000
BTCUSDT,1757232000000,3.611e-05,110710.8,2025-09-07 08:00:00.000
BTCUSDT,1757260800000,6.969e-05,111280.66566667,2025-09-07 16:00:00.000
BTCUSDT,1757289600007,9.404e-05,111079.2797029,2025-09-08 00:00:00.007
BTCUSDT,1757318400000,6.682e-05,111236.4,2025-09-08 08:00:00.000
BTCUSDT,1757347200000,7.311e-05,112574.15101812,2025-09-08 16:00:00.000
BTCUSDT,1757376000000,3.799e-05,112015.09961957,2025-09-09 00:00:00.000
BTCUSDT,1757404800000,0.0001,112952.16761594,2025-09-09 08:00:00.000
BTCUSDT,1757433600000,0.0001,110830.1,2025-09-09 16:00:00.000
BTCUSDT,1757462400000,5.805e-05,111500.0,2025-09-10 00:00:00.000
BTCUSDT,1757491200002,5.026e-05,112503.82111957,2025-09-10 08:00:00.002
BTCUSDT,1757520000000,0.0001,113795.6,2025-09-10 16:00:00.000
BTCUSDT,1757548800000,5.843e-05,113899.89001087,2025-09-11 00:00:00.000
BTCUSDT,1757577600000,4.283e-05,114040.0,2025-09-11 08:00:00.000
BTCUSDT,1757606400001,3.326e-05,114133.27146739,2025-09-11 16:00:00.001
BTCUSDT,1757635200002,6.137e-05,115426.9,2025-09-12 00:00:00.002
BTCUSDT,1757664000001,3.768e-05,115049.0,2025-09-12 08:00:00.001
BTCUSDT,1757692800005,6.891e-05,115064.8,2025-09-12 16:00:00.005
BTCUSDT,1757721600005,-1.554e-05,115978.4,2025-09-13 00:00:00.005
BTCUSDT,1757750400002,2.251e-05,115719.33161349,2025-09-13 08:00:00.002
BTCUSDT,1757779200000,3.137e-05,115721.3,2025-09-13 16:00:00.000
BTCUSDT,1757808000006,8.182e-05,115865.61246739,2025-09-14 00:00:00.006
BTCUSDT,1757836800000,4.78e-05,115747.96161957,2025-09-14 08:00:00.000
BTCUSDT,1757865600001,3.115e-05,115191.27874724,2025-09-14 16:00:00.001
BTCUSDT,1757894400006,6.207e-05,115227.83664493,2025-09-15 00:00:00.006
BTCUSDT,1757923200002,8.259e-05,115769.6,2025-09-15 08:00:00.002
BTCUSDT,1757952000001,8.189e-05,114805.44046377,2025-09-15 16:00:00.001
BTCUSDT,1757980800001,9.97e-06,115300.6,2025-09-16 00:00:00.001
BTCUSDT,1758009600000,6.991e-05,115799.4,2025-09-16 08:00:00.000
BTCUSDT,1758038400000,6.472e-05,115878.0,2025-09-16 16:00:00.000
BTCUSDT,1758067200001,6.972e-05,116747.3,2025-09-17 00:00:00.001
BTCUSDT,1758096000000,8.441e-05,117120.5,2025-09-17 08:00:00.000
BTCUSDT,1758124800003,6.303e-05,115825.1,2025-09-17 16:00:00.003
BTCUSDT,1758153600006,4.941e-05,116402.5,2025-09-18 00:00:00.006
BTCUSDT,1758182400002,8.928e-05,117042.70206159,2025-09-18 08:00:00.002
BTCUSDT,1758211200000,4.208e-05,117530.2,2025-09-18 16:00:00.000
BTCUSDT,1758240000000,-2.31e-06,117017.51732609,2025-09-19 00:00:00.000
BTCUSDT,1758268800005,2.109e-05,116850.1,2025-09-19 08:00:00.005
BTCUSDT,1758297600000,5.264e-05,115827.0,2025-09-19 16:00:00.000
BTCUSDT,1758326400000,3.757e-05,115569.76332609,2025-09-20 00:00:00.000
BTCUSDT,1758355200000,-2.7e-07,115909.9,2025-09-20 08:00:00.000
BTCUSDT,1758384000002,-1.006e-05,115928.4,2025-09-20 16:00:00.002
BTCUSDT,1758412800000,-5.322e-05,115625.0,2025-09-21 00:00:00.000
BTCUSDT,1758441600000,2.563e-05,115773.32392029,2025-09-21 08:00:00.000
BTCUSDT,1758470400000,3.742e-05,115473.52326812,2025-09-21 16:00:00.000
BTCUSDT,1758499200005,6.665e-05,115183.9,2025-09-22 00:00:00.005
BTCUSDT,1758528000003,1.743e-05,112454.24433333,2025-09-22 08:00:00.003
BTCUSDT,1758556800000,4.838e-05,112768.7,2025-09-22 16:00:00.000
BTCUSDT,1758585600000,7.062e-05,112604.7,2025-09-23 00:00:00.000
BTCUSDT,1758614400001,7.083e-05,113048.1,2025-09-23 08:00:00.001
BTCUSDT,1758643200000,7.478e-05,112829.13869565,2025-09-23 16:00:00.000
BTCUSDT,1758672000003,5.794e-05,111947.1,2025-09-24 00:00:00.003
BTCUSDT,1758700800001,6.267e-05,112544.7,2025-09-24 08:00:00.001
BTCUSDT,1758729600002,4.886e-05,113300.0,2025-09-24 16:00:00.002
BTCUSDT,1758758400000,-2.2e-06,113254.73047826,2025-09-25 00:00:00.000
BTCUSDT,1758787200001,1.73e-05,111712.21934783,2025-09-25 08:00:00.001
BTCUSDT,1758816000000,9.56e-05,111546.0067971,2025-09-25 16:00:00.000
BTCUSDT,1758844800000,3.143e-05,108944.80184783,2025-09-26 00:00:00.000
BTCUSDT,1758873600000,4.36e-05,109257.3,2025-09-26 08:00:00.000
BTCUSDT,1758902400008,7.716e-05,108983.16757971,2025-09-26 16:00:00.008
BTCUSDT,1758931200000,-1e-07,109588.74702899,2025-09-27 00:00:00.000
BTCUSDT,1758960000010,3.425e-05,109354.9,2025-09-27 08:00:00.010
BTCUSDT,1758988800003,7.821e-05,109348.37457246,2025-09-27 16:00:00.003
BTCUSDT,1759017600000,3.314e-05,109577.33157971,2025-09-28 00:00:00.000
BTCUSDT,1759046400000,4.976e-05,109468.5,2025-09-28 08:00:00.000
BTCUSDT,1759075200000,5.261e-05,109989.9,2025-09-28 16:00:00.000
BTCUSDT,1759104000000,2.312e-05,112119.6,2025-09-29 00:00:00.000
BTCUSDT,1759132800002,1.304e-05,111814.8,2025-09-29 08:00:00.002
BTCUSDT,1759161600001,3.2e-07,113753.37049275,2025-09-29 16:00:00.001
BTCUSDT,1759190400002,2.353e-05,114261.5775,2025-09-30 00:00:00.002
BTCUSDT,1759219200005,5.893e-05,113662.3,2025-09-30 08:00:00.005
BTCUSDT,1759248000000,2.584e-05,113055.5,2025-09-30 16:00:00.000
BTCUSDT,1759276800000,3.355e-05,113988.7,2025-10-01 00:00:00.000
BTCUSDT,1759305600000,3.457e-05,114488.84474513,2025-10-01 08:00:00.000
BTCUSDT,1759334400000,0.0001,117367.03486232,2025-10-01 16:00:00.000
BTCUSDT,1759363200000,7.784e-05,118553.6,2025-10-02 00:00:00.000
BTCUSDT,1759392000013,0.0001,118444.2,2025-10-02 08:00:00.013
BTCUSDT,1759420800000,9.543e-05,119876.19732609,2025-10-02 16:00:00.000
BTCUSDT,1759449600006,9.926e-05,120481.3,2025-10-03 00:00:00.006
BTCUSDT,1759478400006,0.0001,119620.0,2025-10-03 08:00:00.006
BTCUSDT,1759507200000,0.0001,122240.9233958,2025-10-03 16:00:00.000
BTCUSDT,1759536000001,0.0001,122182.6,2025-10-04 00:00:00.001
BTCUSDT,1759564800000,0.0001,122274.3698051,2025-10-04 08:00:00.000
BTCUSDT,1759593600000,8.312e-05,121740.07963043,2025-10-04 16:00:00.000
BTCUSDT,1759622400000,8.648e-05,122343.2,2025-10-05 00:00:00.000
BTCUSDT,1759651200003,0.0001,124692.5,2025-10-05 08:00:00.003
BTCUSDT,1759680000009,9.566e-05,122753.0,2025-10-05 16:00:00.009
BTCUSDT,1759708800004,7.672e-05,123426.7,2025-10-06 00:00:00.004
BTCUSDT,1759737600002,9.708e-05,123342.94168841,2025-10-06 08:00:00.002
BTCUSDT,1759766400004,5.831e-05,124946.2,2025-10-06 16:00:00.004
BTCUSDT,1759795200000,0.0001,124619.4849058,2025-10-07 00:00:00.000
BTCUSDT,1759824000003,8.608e-05,123629.13742754,2025-10-07 08:00:00.003
BTCUSDT,1759852800000,6.194e-05,121822.13839855,2025-10-07 16:00:00.000
BTCUSDT,1759881600000,2.542e-05,121286.5,2025-10-08 00:00:00.000
BTCUSDT,1759910400006,0.0001,121555.76018116,2025-10-08 08:00:00.006
BTCUSDT,1759939200002,5.396e-05,122140.58355072,2025-10-08 16:00:00.002
BTCUSDT,1759968000001,1.344e-05,123237.94232609,2025-10-09 00:00:00.001
BTCUSDT,1759996800000,5.35e-05,121847.8,2025-10-09 08:00:00.000
BTCUSDT,1760025600000,1.455e-05,121084.88746377,2025-10-09 16:00:00.000
BTCUSDT,1760054400005,7.85e-06,121582.7910045,2025-10-10 00:00:00.005
BTCUSDT,1760083200002,3.879e-05,120878.7,2025-10-10 08:00:00.002
BTCUSDT,1760112000014,1.013e-05,118962.1,2025-10-10 16:00:00.014
BTCUSDT,1760140800000,0.0001,112716.8,2025-10-11 00:00:00.000
BTCUSDT,1760169600003,0.0001,110331.91623913,2025-10-11 08:00:00.003
BTCUSDT,1760198400000,4.67e-06,111744.4,2025-10-11 16:00:00.000
BTCUSDT,1760227200004,-3.055e-05,110579.1,2025-10-12 00:00:00.004
BTCUSDT,1760256000002,2.865e-05,111468.10053623,2025-10-12 08:00:00.002
BTCUSDT,1760284800000,-0.00010915,113123.87871739,2025-10-12 16:00:00.000
BTCUSDT,1760313600003,-3.942e-05,114894.4,2025-10-13 00:00:00.003
BTCUSDT,1760342400002,2.519e-05,115341.8,2025-10-13 08:00:00.002
BTCUSDT,1760371200003,-2.305e-05,114260.8,2025-10-13 16:00:00.003
BTCUSDT,1760400000000,-4.041e-05,115112.0,2025-10-14 00:00:00.000
BTCUSDT,1760428800000,7.12e-06,111677.04921014,2025-10-14 08:00:00.000
BTCUSDT,1760457600000,-4.498e-05,112817.34618841,2025-10-14 16:00:00.000
BTCUSDT,1760486400006,-5.425e-05,112984.75726812,2025-10-15 00:00:00.006
BTCUSDT,1760515200002,3.973e-05,112526.11848551,2025-10-15 08:00:00.002
BTCUSDT,1760544000000,2.25e-06,110757.4,2025-10-15 16:00:00.000
BTCUSDT,1760572800000,-2.741e-05,110701.13593478,2025-10-16 00:00:00.000
BTCUSDT,1760601600003,-2.23e-05,110526.82160145,2025-10-16 08:00:00.003
BTCUSDT,1760630400002,-3.004e-05,108493.60663043,2025-10-16 16:00:00.002
BTCUSDT,1760659200001,-2.85e-06,108132.22237681,2025-10-17 00:00:00.001
BTCUSDT,1760688000005,-6.34e-06,105578.3,2025-10-17 08:00:00.005
BTCUSDT,1760716800003,-2.91e-06,106764.91873188,2025-10-17 16:00:00.003
BTCUSDT,1760745600000,-4.819e-05,106378.67421014,2025-10-18 00:00:00.000
BTCUSDT,1760774400002,-6.376e-05,106642.86139855,2025-10-18 08:00:00.002
BTCUSDT,1760803200001,-3.681e-05,106896.91817391,2025-10-18 16:00:00.001
BTCUSDT,1760832000001,-1.411e-05,107117.5,2025-10-19 00:00:00.001
BTCUSDT,1760860800001,1.512e-05,106733.3,2025-10-19 08:00:00.001
BTCUSDT,1760889600001,2.787e-05,108434.7964058,2025-10-19 16:00:00.001
BTCUSDT,1760918400004,-2.197e-05,108590.7,2025-10-20 00:00:00.004
BTCUSDT,1760947200001,-6.65e-06,111144.51395652,2025-10-20 08:00:00.001
BTCUSDT,1760976000000,-1.8e-07,111079.2,2025-10-20 16:00:00.000
BTCUSDT,1761004800009,-5.567e-05,110469.9,2025-10-21 00:00:00.009
BTCUSDT,1761033600000,2.222e-05,108040.11896377,2025-10-21 08:00:00.000
BTCUSDT,1761062400000,-2.506e-05,113355.3,2025-10-21 16:00:00.000
BTCUSDT,1761091200004,-4.212e-05,108256.95482609,2025-10-22 00:00:00.004
BTCUSDT,1761120000000,2.445e-05,108285.03557721,2025-10-22 08:00:00.000
BTCUSDT,1761148800000,5.702e-05,108375.0050942,2025-10-22 16:00:00.000
BTCUSDT,1761177600000,8.911e-05,107532.0,2025-10-23 00:00:00.000
BTCUSDT,1761206400001,2.673e-05,109229.9408913,2025-10-23 08:00:00.001
BTCUSDT,1761235200004,3.933e-05,109849.0,2025-10-23 16:00:00.004
BTCUSDT,1761264000000,3.391e-05,110032.13344928,2025-10-24 00:00:00.000
BTCUSDT,1761292800000,1.783e-05,111014.12165942,2025-10-24 08:00:00.000
BTCUSDT,1761321600009,3.224e-05,110009.8,2025-10-24 16:00:00.009
BTCUSDT,1761350400000,5.02e-05,110965.34494203,2025-10-25 00:00:00.000
BTCUSDT,1761379200001,1.484e-05,111445.4,2025-10-25 08:00:00.001
BTCUSDT,1761408000001,5.57e-05,111341.17806667,2025-10-25 16:00:00.001
BTCUSDT,1761436800001,1.903e-05,111593.3293913,2025-10-26 00:00:00.001
BTCUSDT,1761465600001,5.35e-06,111672.9,2025-10-26 08:00:00.001
BTCUSDT,1761494400000,6.904e-05,113651.89706522,2025-10-26 16:00:00.000
BTCUSDT,1761523200000,0.0001,114505.72468116,2025-10-27 00:00:00.000
BTCUSDT,1761552000005,0.0001,115522.4,2025-10-27 08:00:00.005
BTCUSDT,1761580800000,7.304e-05,114914.5,2025-10-27 16:00:00.000
BTCUSDT,1761609600000,6.059e-05,114064.1,2025-10-28 00:00:00.000
BTCUSDT,1761638400000,7.806e-05,114132.8762971,2025-10-28 08:00:00.000
BTCUSDT,1761667200004,2.992e-05,114580.1,2025-10-28 16:00:00.004
BTCUSDT,1761696000004,-3.2e-07,112841.11893478,2025-10-29 00:00:00.004
BTCUSDT,1761724800005,3.588e-05,113512.0,2025-10-29 08:00:00.005
BTCUSDT,1761753600000,5.003e-05,111460.6,2025-10-29 16:00:00.000
BTCUSDT,1761782400004,1.097e-05,109985.95808696,2025-10-30 00:00:00.004
BTCUSDT,1761811200008,3.449e-05,111319.3395942,2025-10-30 08:00:00.008
BTCUSDT,1761840000001,3.562e-05,107670.5,2025-10-30 16:00:00.001
BTCUSDT,1761868800000,2.13e-06,108263.5,2025-10-31 00:00:00.000
BTCUSDT,1761897600008,0.0001,109400.0,2025-10-31 08:00:00.008
BTCUSDT,1761926400007,0.0001,110173.78203623,2025-10-31 16:00:00.007
BTCUSDT,1761955200001,0.0001,109557.3,2025-11-01 00:00:00.001
BTCUSDT,1761984000000,0.0001,110025.3,2025-11-01 08:00:00.000
BTCUSDT,1762012800000,9.782e-05,110261.9,2025-11-01 16:00:00.000
BTCUSDT,1762041600007,8.2e-05,110051.81800725,2025-11-02 00:00:00.007
BTCUSDT,1762070400000,8.15e-05,110846.38874638,2025-11-02 08:00:00.000
BTCUSDT,1762099200001,5.635e-05,110066.1,2025-11-02 16:00:00.001
BTCUSDT,1762128000000,6.098e-05,110497.99736957,2025-11-03 00:00:00.000
BTCUSDT,1762156800010,6.853e-05,107431.0332029,2025-11-03 08:00:00.010
BTCUSDT,1762185600000,5.329e-05,105718.8,2025-11-03 16:00:00.000
BTCUSDT,1762214400002,0.0001,106544.0,2025-11-04 00:00:00.002
BTCUSDT,1762243200004,5.808e-05,104446.13108696,2025-11-04 08:00:00.004
BTCUSDT,1762272000000,6.339e-05,103157.2,2025-11-04 16:00:00.000
BTCUSDT,1762300800000,7.132e-05,101437.3,2025-11-05 00:00:00.000
BTCUSDT,1762329600000,2.831e-05,101946.1,2025-11-05 08:00:00.000
BTCUSDT,1762358400004,2.816e-05,103667.8,2025-11-05 16:00:00.004
BTCUSDT,1762387200001,3.985e-05,103847.34145652,2025-11-06 00:00:00.001
BTCUSDT,1762416000000,7.916e-05,103144.43398551,2025-11-06 08:00:00.000
BTCUSDT,1762444800001,4.494e-05,101988.1,2025-11-06 16:00:00.001
BTCUSDT,1762473600005,4.705e-05,101305.6,2025-11-07 00:00:00.005
BTCUSDT,1762502400003,4.227e-05,101978.8,2025-11-07 08:00:00.003
BTCUSDT,1762531200005,8.631e-05,100758.1,2025-11-07 16:00:00.005
BTCUSDT,1762560000011,7.776e-05,103305.2,2025-11-08 00:00:00.011
BTCUSDT,1762588800015,3.047e-05,102314.6037971,2025-11-08 08:00:00.015
BTCUSDT,1762617600001,3.74e-05,101678.1,2025-11-08 16:00:00.001
BTCUSDT,1762646400004,-1.64e-05,102269.2,2025-11-09 00:00:00.004
BTCUSDT,1762675200000,4.187e-05,101898.2,2025-11-09 08:00:00.000
BTCUSDT,1762704000005,8.948e-05,103717.85895652,2025-11-09 16:00:00.005
BTCUSDT,1762732800000,8.87e-05,104670.7,2025-11-10 00:00:00.000
BTCUSDT,1762761600000,7.355e-05,106421.67538406,2025-11-10 08:00:00.000
BTCUSDT,1762790400003,4.979e-05,105018.03477536,2025-11-10 16:00:00.003
BTCUSDT,1762819200007,2.818e-05,105966.2,2025-11-11 00:00:00.007
BTCUSDT,1762848000000,-2.775e-05,104737.0,2025-11-11 08:00:00.000
BTCUSDT,1762876800009,5.823e-05,103421.01242754,2025-11-11 16:00:00.009
BTCUSDT,1762905600000,2.462e-05,103007.53711594,2025-11-12 00:00:00.000
BTCUSDT,1762934400002,6.87e-06,103070.02844928,2025-11-12 08:00:00.002
BTCUSDT,1762963200000,5.786e-05,102156.97811594,2025-11-12 16:00:00.000
BTCUSDT,1762992000002,1.077e-05,101605.9,2025-11-13 00:00:00.002
BTCUSDT,1763020800000,9.352e-05,103431.0,2025-11-13 08:00:00.000
BTCUSDT,1763049600001,7.448e-05,101343.98608696,2025-11-13 16:00:00.001
BTCUSDT,1763078400000,8.569e-05,99663.82278986,2025-11-14 00:00:00.000
BTCUSDT,1763107200000,9.126e-05,97102.43884783,2025-11-14 08:00:00.000
BTCUSDT,1763136000001,9.078e-05,96752.6,2025-11-14 16:00:00.001
BTCUSDT,1763164800005,8.507e-05,94544.9,2025-11-15 00:00:00.005
BTCUSDT,1763193600000,0.0001,96292.37823188,2025-11-15 08:00:00.000
BTCUSDT,1763222400001,5.923e-05,96222.2,2025-11-15 16:00:00.001
BTCUSDT,1763251200001,7.745e-05,95560.3,2025-11-16 00:00:00.001
BTCUSDT,1763280000000,0.0001,96065.30980435,2025-11-16 08:00:00.000
BTCUSDT,1763308800000,7.06e-05,94526.6,2025-11-16 16:00:00.000
BTCUSDT,1763337600003,0.0001,94234.43224638,2025-11-17 00:00:00.003
BTCUSDT,1763366400003,9.568e-05,95599.53695652,2025-11-17 08:00:00.003
BTCUSDT,1763395200000,7.208e-05,93917.48474513,2025-11-17 16:00:00.000
BTCUSDT,1763424000002,0.0001,92169.7,2025-11-18 00:00:00.002
BTCUSDT,1763452800004,0.0001,90463.52234058,2025-11-18 08:00:00.004
BTCUSDT,1763481600000,3.725e-05,92856.83807346,2025-11-18 16:00:00.000
BTCUSDT,1763510400000,7.496e-05,92916.9,2025-11-19 00:00:00.000
BTCUSDT,1763539200000,5.012e-05,91831.80035507,2025-11-19 08:00:00.000
BTCUSDT,1763568000008,3.98e-05,89905.19610145,2025-11-19 16:00:00.008
BTCUSDT,1763596800000,4.259e-05,91522.33241304,2025-11-20 00:00:00.000
BTCUSDT,1763625600000,0.0001,92268.56732609,2025-11-20 08:00:00.000
BTCUSDT,1763654400000,8.999e-05,89845.8,2025-11-20 16:00:00.000
BTCUSDT,1763683200001,4.272e-05,86603.55317391,2025-11-21 00:00:00.001
BTCUSDT,1763712000000,4.524e-05,84022.8696087,2025-11-21 08:00:00.000
BTCUSDT,1763740800001,2.642e-05,82896.5,2025-11-21 16:00:00.001
BTCUSDT,1763769600004,1.373e-05,85093.5,2025-11-22 00:00:00.004
BTCUSDT,1763798400000,6.735e-05,84537.3,2025-11-22 08:00:00.000
BTCUSDT,1763827200000,5.057e-05,84241.49595652,2025-11-22 16:00:00.000
BTCUSDT,1763856000000,3.812e-05,84691.12791304,2025-11-23 00:00:00.000
BTCUSDT,1763884800008,1.53e-06,85745.86332609,2025-11-23 08:00:00.008
BTCUSDT,1763913600003,-8.93e-06,87043.56694928,2025-11-23 16:00:00.003
BTCUSDT,1763942400004,-6e-08,86807.6,2025-11-24 00:00:00.004
BTCUSDT,1763971200000,-1.34e-06,87004.6,2025-11-24 08:00:00.000
BTCUSDT,1764000000006,5.044e-05,86571.90668116,2025-11-24 16:00:00.006
BTCUSDT,1764028800000,-5.29e-05,88247.84814093,2025-11-25 00:00:00.000
BTCUSDT,1764057600009,1.996e-05,87362.2,2025-11-25 08:00:00.009
BTCUSDT,1764086400007,-3.019e-05,86946.5,2025-11-25 16:00:00.007
BTCUSDT,1764115200001,4.038e-05,87324.1,2025-11-26 00:00:00.001
BTCUSDT,1764144000001,5.388e-05,87897.61326087,2025-11-26 08:00:00.001
BTCUSDT,1764172800000,-4.19e-06,86926.52760145,2025-11-26 16:00:00.000
BTCUSDT,1764201600013,-2.599e-05,90440.1,2025-11-27 00:00:00.013
BTCUSDT,1764230400000,2.408e-05,91362.62505797,2025-11-27 08:00:00.000
BTCUSDT,1764259200004,4.624e-05,90913.0,2025-11-27 16:00:00.004
BTCUSDT,1764288000008,1.771e-05,91292.57118441,2025-11-28 00:00:00.008
BTCUSDT,1764316800000,6.007e-05,90877.6,2025-11-28 08:00:00.000
BTCUSDT,1764345600008,-1.703e-05,92310.6888081,2025-11-28 16:00:00.008
BTCUSDT,1764374400000,-1.982e-05,90847.8,2025-11-29 00:00:00.000
BTCUSDT,1764403200005,1.778e-05,90523.5,2025-11-29 08:00:00.005
BTCUSDT,1764432000001,2.635e-05,91029.9,2025-11-29 16:00:00.001
BTCUSDT,1764460800003,6.082e-05,90765.0,2025-11-30 00:00:00.003
BTCUSDT,1764489600000,3.556e-05,90924.6,2025-11-30 08:00:00.000
BTCUSDT,1764518400004,3.88e-05,91411.4,2025-11-30 16:00:00.004
BTCUSDT,1764547200000,3.593e-05,90327.18313043,2025-12-01 00:00:00.000
BTCUSDT,1764576000004,3.153e-05,86498.90961019,2025-12-01 08:00:00.004
BTCUSDT,1764604800000,1.491e-05,84650.79218841,2025-12-01 16:00:00.000
BTCUSDT,1764633600004,-1.009e-05,86251.64706522,2025-12-02 00:00:00.004
BTCUSDT,1764662400000,2.643e-05,86967.63789167,2025-12-02 08:00:00.000
BTCUSDT,1764691200000,3.999e-05,90816.8987029,2025-12-02 16:00:00.000
BTCUSDT,1764720000000,-1.732e-05,91249.1,2025-12-03 00:00:00.000
BTCUSDT,1764748800000,4.206e-05,92970.0,2025-12-03 08:00:00.000
BTCUSDT,1764777600005,-8.85e-06,92333.85671014,2025-12-03 16:00:00.005
BTCUSDT,1764806400012,-3.95e-06,93381.85158696,2025-12-04 00:00:00.012
BTCUSDT,1764835200000,7.435e-05,93361.06881884,2025-12-04 08:00:00.000
BTCUSDT,1764864000011,3.928e-05,92945.25542029,2025-12-04 16:00:00.011
BTCUSDT,1764892800000,4.837e-05,92036.81684783,2025-12-05 00:00:00.000
BTCUSDT,1764921600000,4.944e-05,92219.3,2025-12-05 08:00:00.000
BTCUSDT,1764950400010,3.91e-06,90414.1392971,2025-12-05 16:00:00.010
BTCUSDT,1764979200001,3.693e-05,89288.87393478,2025-12-06 00:00:00.001
BTCUSDT,1765008000001,1.919e-05,89549.6,2025-12-06 08:00:00.001
BTCUSDT,1765036800008,-1.822e-05,89713.4,2025-12-06 16:00:00.008
BTCUSDT,1765065600000,4.192e-05,89190.2,2025-12-07 00:00:00.000
BTCUSDT,1765094400004,1.666e-05,89337.94880435,2025-12-07 08:00:00.004
BTCUSDT,1765123200000,5.212e-05,89509.46367391,2025-12-07 16:00:00.000
BTCUSDT,1765152000000,-5.39e-06,90347.07469565,2025-12-08 00:00:00.000
BTCUSDT,1765180800000,6.545e-05,91519.8,2025-12-08 08:00:00.000
BTCUSDT,1765209600001,3.395e-05,89921.35480435,2025-12-08 16:00:00.001
BTCUSDT,1765238400001,8.52e-06,90610.7,2025-12-09 00:00:00.001
BTCUSDT,1765267200001,6.379e-05,90437.5,2025-12-09 08:00:00.001
BTCUSDT,1765296000007,5.443e-05,92667.54021739,2025-12-09 16:00:00.007
BTCUSDT,1765324800007,2.777e-05,92638.3,2025-12-10 00:00:00.007
BTCUSDT,1765353600002,1.996e-05,92744.7,2025-12-10 08:00:00.002
BTCUSDT,1765382400012,3.205e-05,92029.50025362,2025-12-10 16:00:00.012
BTCUSDT,1765411200001,2.59e-05,91981.25991304,2025-12-11 00:00:00.001
BTCUSDT,1765440000000,-1.577e-05,90231.4,2025-12-11 08:00:00.000
BTCUSDT,1765468800000,6.1e-05,89838.70794203,2025-12-11 16:00:00.000
BTCUSDT,1765497600005,6.914e-05,92479.8,2025-12-12 00:00:00.005
BTCUSDT,1765526400007,4.698e-05,92392.37302174,2025-12-12 08:00:00.007
BTCUSDT,1765555200002,3.383e-05,89905.2817029,2025-12-12 16:00:00.002
BTCUSDT,1765584000001,1.21e-06,90229.7,2025-12-13 00:00:00.001
BTCUSDT,1765612800006,6.02e-05,90282.74673913,2025-12-13 08:00:00.006
BTCUSDT,1765641600000,6.041e-05,90055.4,2025-12-13 16:00:00.000
BTCUSDT,1765670400000,0.0001,90197.0,2025-12-14 00:00:00.000
BTCUSDT,1765699200003,2.898e-05,90205.0,2025-12-14 08:00:00.003
BTCUSDT,1765728000005,3.773e-05,88985.2,2025-12-14 16:00:00.005
BTCUSDT,1765756800000,1.9e-06,88108.1,2025-12-15 00:00:00.000
BTCUSDT,1765785600000,-8.93e-06,89703.0,2025-12-15 08:00:00.000
BTCUSDT,1765814400000,3.081e-05,86995.88862819,2025-12-15 16:00:00.000
BTCUSDT,1765843200002,7.467e-05,86389.99156522,2025-12-16 00:00:00.002
BTCUSDT,1765872000000,1.35e-05,85964.2,2025-12-16 08:00:00.000
BTCUSDT,1765900800002,4.089e-05,87940.4,2025-12-16 16:00:00.002
BTCUSDT,1765929600004,6.221e-05,87826.3,2025-12-17 00:00:00.004
BTCUSDT,1765958400000,8.987e-05,87010.4,2025-12-17 08:00:00.000
BTCUSDT,1765987200000,5.917e-05,87198.3,2025-12-17 16:00:00.000
BTCUSDT,1766016000005,6.23e-05,86206.73265942,2025-12-18 00:00:00.005
BTCUSDT,1766044800007,-8.67e-06,86787.5,2025-12-18 08:00:00.007
BTCUSDT,1766073600001,8.355e-05,88487.0,2025-12-18 16:00:00.001
BTCUSDT,1766102400000,5.491e-05,85473.7159058,2025-12-19 00:00:00.000
BTCUSDT,1766131200001,0.0001,87913.9,2025-12-19 08:00:00.001
BTCUSDT,1766160000000,0.0001,87936.1810045,2025-12-19 16:00:00.000
BTCUSDT,1766188800005,0.0001,88100.0531087,2025-12-20 00:00:00.005
BTCUSDT,1766217600000,1.234e-05,88239.9,2025-12-20 08:00:00.000
BTCUSDT,1766246400002,7.171e-05,88134.6,2025-12-20 16:00:00.002
BTCUSDT,1766275200000,9.682e-05,88320.8,2025-12-21 00:00:00.000
BTCUSDT,1766304000009,8.873e-05,88141.4479058,2025-12-21 08:00:00.009
BTCUSDT,1766332800000,3.977e-05,88024.7,2025-12-21 16:00:00.000
BTCUSDT,1766361600000,4.389e-05,88621.3,2025-12-22 00:00:00.000
BTCUSDT,1766390400005,4.524e-05,89132.4210942,2025-12-22 08:00:00.005
BTCUSDT,1766419200009,6.654e-05,89688.5,2025-12-22 16:00:00.009
BTCUSDT,1766448000000,2.633e-05,88579.9,2025-12-23 00:00:00.000
BTCUSDT,1766476800000,5.231e-05,87531.60234783,2025-12-23 08:00:00.000
BTCUSDT,1766505600001,1.795e-05,87407.18552899,2025-12-23 16:00:00.001
BTCUSDT,1766534400001,0.0001,87463.0,2025-12-24 00:00:00.001
BTCUSDT,1766563200001,8.455e-05,86866.4,2025-12-24 08:00:00.001
BTCUSDT,1766592000000,5.927e-05,87017.48463043,2025-12-24 16:00:00.000
BTCUSDT,1766620800000,5.953e-05,87627.3,2025-12-25 00:00:00.000
BTCUSDT,1766649600001,7.953e-05,87795.9,2025-12-25 08:00:00.001
BTCUSDT,1766678400005,8.322e-05,88327.2,2025-12-25 16:00:00.005
BTCUSDT,1766707200004,4.378e-05,87185.69548551,2025-12-26 00:00:00.004
BTCUSDT,1766736000001,5.427e-05,88433.0,2025-12-26 08:00:00.001
BTCUSDT,1766764800007,0.0001,87100.0,2025-12-26 16:00:00.007
BTCUSDT,1766793600000,1.809e-05,87330.0667084,2025-12-27 00:00:00.000
BTCUSDT,1766822400000,2.788e-05,87490.9,2025-12-27 08:00:00.000
BTCUSDT,1766851200011,5.85e-05,87510.2,2025-12-27 16:00:00.011
BTCUSDT,1766880000008,-3.6e-07,87831.96938406,2025-12-28 00:00:00.008
BTCUSDT,1766908800000,7.955e-05,87697.84224167,2025-12-28 08:00:00.000
BTCUSDT,1766937600000,9.464e-05,87797.6,2025-12-28 16:00:00.000
BTCUSDT,1766966400016,0.0001,87920.5,2025-12-29 00:00:00.016
BTCUSDT,1766995200001,0.0001,89583.0,2025-12-29 08:00:00.001
BTCUSDT,1767024000000,4.826e-05,87643.76313043,2025-12-29 16:00:00.000
BTCUSDT,1767052800005,0.0001,87209.04473188,2025-12-30 00:00:00.005
BTCUSDT,1767081600001,4.613e-05,87457.5,2025-12-30 08:00:00.001
BTCUSDT,1767110400003,8.345e-05,88966.8,2025-12-30 16:00:00.003
BTCUSDT,1767139200004,2.922e-05,88455.3,2025-12-31 00:00:00.004
BTCUSDT,1767168000001,1.453e-05,88569.0,2025-12-31 08:00:00.001
BTCUSDT,1767196800001,3.75e-05,87909.0,2025-12-31 16:00:00.001
BTCUSDT,1767225600008,0.0001,87608.3,2026-01-01 00:00:00.008
BTCUSDT,1767254400002,0.0001,87603.80894203,2026-01-01 08:00:00.002
BTCUSDT,1767283200001,1.711e-05,87986.8,2026-01-01 16:00:00.001
BTCUSDT,1767312000006,5.608e-05,88799.9,2026-01-02 00:00:00.006
BTCUSDT,1767340800007,4.219e-05,88829.2,2026-01-02 08:00:00.007
BTCUSDT,1767369600000,4.813e-05,89373.0,2026-01-02 16:00:00.000
BTCUSDT,1767398400001,3.11e-05,89951.89852174,2026-01-03 00:00:00.001
BTCUSDT,1767427200000,1.055e-05,89535.9,2026-01-03 08:00:00.000
BTCUSDT,1767456000000,6.938e-05,89931.8,2026-01-03 16:00:00.000
BTCUSDT,1767484800000,9.488e-05,90595.85826667,2026-01-04 00:00:00.000
BTCUSDT,1767513600000,5.813e-05,91481.74876087,2026-01-04 08:00:00.000
BTCUSDT,1767542400001,4.436e-05,91295.09684783,2026-01-04 16:00:00.001
BTCUSDT,1767571200000,8.893e-05,91512.43532609,2026-01-05 00:00:00.000
BTCUSDT,1767600000000,5.23e-05,92492.27911544,2026-01-05 08:00:00.000
BTCUSDT,1767628800000,7.723e-05,93914.99367316,2026-01-05 16:00:00.000
BTCUSDT,1767657600010,-1.376e-05,93822.4,2026-01-06 00:00:00.010
BTCUSDT,1767686400000,2.816e-05,93208.62138406,2026-01-06 08:00:00.000
BTCUSDT,1767715200000,2.691e-05,93608.2,2026-01-06 16:00:00.000
BTCUSDT,1767744000001,6.582e-05,93708.0,2026-01-07 00:00:00.001
BTCUSDT,1767772800001,0.0001,92848.1,2026-01-07 08:00:00.001
BTCUSDT,1767801600001,2.885e-05,91303.2,2026-01-07 16:00:00.001
BTCUSDT,1767830400001,8.693e-05,91328.1,2026-01-08 00:00:00.001
BTCUSDT,1767859200000,0.0001,90509.9,2026-01-08 08:00:00.000
BTCUSDT,1767888000000,6.436e-05,90763.7241087,2026-01-08 16:00:00.000
BTCUSDT,1767916800003,-2.813e-05,91059.8,2026-01-09 00:00:00.003
BTCUSDT,1767945600000,7.258e-05,90712.2,2026-01-09 08:00:00.000
BTCUSDT,1767974400001,2.18e-06,91137.7,2026-01-09 16:00:00.001
BTCUSDT,1768003200000,5.643e-05,90604.03880833,2026-01-10 00:00:00.000
BTCUSDT,1768032000002,7.657e-05,90627.1,2026-01-10 08:00:00.002
BTCUSDT,1768060800001,6.235e-05,90622.7,2026-01-10 16:00:00.001
BTCUSDT,1768089600003,8.744e-05,90469.7,2026-01-11 00:00:00.003
BTCUSDT,1768118400006,4.67e-05,90664.86374094,2026-01-11 08:00:00.006
BTCUSDT,1768147200000,1.667e-05,90834.1,2026-01-11 16:00:00.000
BTCUSDT,1768176000005,1.813e-05,90976.6,2026-01-12 00:00:00.005
BTCUSDT,1768204800000,2.902e-05,91369.3,2026-01-12 08:00:00.000
BTCUSDT,1768233600000,4.65e-05,91625.1,2026-01-12 16:00:00.000
BTCUSDT,1768262400007,2.245e-05,91254.18296377,2026-01-13 00:00:00.007
BTCUSDT,1768291200009,9.838e-05,91920.87575362,2026-01-13 08:00:00.009
BTCUSDT,1768320000002,3.445e-05,93407.9,2026-01-13 16:00:00.002
BTCUSDT,1768348800000,1.29e-06,95375.2,2026-01-14 00:00:00.000
BTCUSDT,1768377600001,2.497e-05,95170.48131159,2026-01-14 08:00:00.001
BTCUSDT,1768406400004,4.076e-05,96691.9,2026-01-14 16:00:00.004
BTCUSDT,1768435200000,-3.67e-06,96908.0,2026-01-15 00:00:00.000
BTCUSDT,1768464000004,1.749e-05,96606.62814493,2026-01-15 08:00:00.004
BTCUSDT,1768492800002,1.526e-05,96750.47456522,2026-01-15 16:00:00.002
BTCUSDT,1768521600000,7.34e-05,95567.4,2026-01-16 00:00:00.000
BTCUSDT,1768550400000,7.337e-05,95608.3,2026-01-16 08:00:00.000
BTCUSDT,1768579200001,2.495e-05,94537.5,2026-01-16 16:00:00.001
BTCUSDT,1768608000000,-1.78e-06,95503.7,2026-01-17 00:00:00.000
BTCUSDT,1768636800000,3.007e-05,95061.58289855,2026-01-17 08:00:00.000
BTCUSDT,1768665600002,2.976e-05,95529.0,2026-01-17 16:00:00.002
BTCUSDT,1768694400001,3.503e-05,95108.62485833,2026-01-18 00:00:00.001
BTCUSDT,1768723200000,9.616e-05,94989.9,2026-01-18 08:00:00.000
BTCUSDT,1768752000000,6.571e-05,95072.97801667,2026-01-18 16:00:00.000
BTCUSDT,1768780800007,3.473e-05,93614.0,2026-01-19 00:00:00.007
BTCUSDT,1768809600007,1.943e-05,92788.73004348,2026-01-19 08:00:00.007
BTCUSDT,1768838400007,2.494e-05,93017.11165217,2026-01-19 16:00:00.007
BTCUSDT,1768867200005,9.819e-05,92590.59439855,2026-01-20 00:00:00.005
BTCUSDT,1768896000001,6.626e-05,91136.1,2026-01-20 08:00:00.001
BTCUSDT,1768924800009,5.652e-05,90652.79605072,2026-01-20 16:00:00.009
BTCUSDT,1768953600001,0.0001,88390.6,2026-01-21 00:00:00.001
BTCUSDT,1768982400011,6.055e-05,89180.30531159,2026-01-21 08:00:00.011
BTCUSDT,1769011200011,2.41e-05,90237.2,2026-01-21 16:00:00.011
BTCUSDT,1769040000010,6.355e-05,89419.48837681,2026-01-22 00:00:00.010
BTCUSDT,1769068800003,5.11e-05,89772.5,2026-01-22 08:00:00.003
BTCUSDT,1769097600005,9.419e-05,88978.66202899,2026-01-22 16:00:00.005
BTCUSDT,1769126400005,5.09e-05,89518.5,2026-01-23 00:00:00.005
BTCUSDT,1769155200000,3.39e-05,89509.13183333,2026-01-23 08:00:00.000
BTCUSDT,1769184000011,6.968e-05,89713.0,2026-01-23 16:00:00.011
BTCUSDT,1769212800011,1.531e-05,89558.7,2026-01-24 00:00:00.011
BTCUSDT,1769241600002,8.909e-05,89583.1405,2026-01-24 08:00:00.002
BTCUSDT,1769270400001,3.901e-05,89237.32462519,2026-01-24 16:00:00.001
BTCUSDT,1769299200002,1.336e-05,89181.09492029,2026-01-25 00:00:00.002
BTCUSDT,1769328000011,8.051e-05,88630.90404348,2026-01-25 08:00:00.011
BTCUSDT,1769356800005,4.917e-05,88406.0,2026-01-25 16:00:00.005
BTCUSDT,1769385600000,4.067e-05,86629.0,2026-01-26 00:00:00.000
BTCUSDT,1769414400003,2.847e-05,87969.0,2026-01-26 08:00:00.003
BTCUSDT,1769443200000,5.606e-05,87609.5,2026-01-26 16:00:00.000
BTCUSDT,1769472000002,4.267e-05,88301.36701449,2026-01-27 00:00:00.002
BTCUSDT,1769500800000,6.028e-05,88290.49133841,2026-01-27 08:00:00.000
BTCUSDT,1769529600000,7.503e-05,88009.15772864,2026-01-27 16:00:00.000
BTCUSDT,1769558400000,6.237e-05,89203.89821739,2026-01-28 00:00:00.000
BTCUSDT,1769587200000,6.174e-05,89106.9,2026-01-28 08:00:00.000
BTCUSDT,1769616000000,3.83e-05,89446.72848576,2026-01-28 16:00:00.000
BTCUSDT,1769644800000,7.21e-05,89262.92891304,2026-01-29 00:00:00.000
BTCUSDT,1769673600009,5.856e-05,88310.9,2026-01-29 08:00:00.009
BTCUSDT,1769702400000,4.023e-05,84898.27826087,2026-01-29 16:00:00.000
BTCUSDT,1769731200008,4.478e-05,84617.11086232,2026-01-30 00:00:00.008
BTCUSDT,1769760000000,1.714e-05,82778.82526087,2026-01-30 08:00:00.000
BTCUSDT,1769788800001,3.1e-06,82853.51839855,2026-01-30 16:00:00.001
BTCUSDT,1769817600000,9.693e-05,84213.96525362,2026-01-31 00:00:00.000
BTCUSDT,1769846400001,3.548e-05,83514.4,2026-01-31 08:00:00.001
BTCUSDT,1769875200009,6.585e-05,81275.68205797,2026-01-31 16:00:00.009
BTCUSDT,1769904000001,-3.267e-05,78701.59597101,2026-02-01 00:00:00.001
BTCUSDT,1769932800004,3.421e-05,78320.9,2026-02-01 08:00:00.004
BTCUSDT,1769961600000,1.722e-05,77563.8,2026-02-01 16:00:00.000
BTCUSDT,1769990400000,6.8e-07,76931.6,2026-02-02 00:00:00.000
BTCUSDT,1770019200014,-3.043e-05,76609.9,2026-02-02 08:00:00.014
BTCUSDT,1770048000000,-5.713e-05,78800.6,2026-02-02 16:00:00.000
BTCUSDT,1770076800000,-2.203e-05,78698.62801349,2026-02-03 00:00:00.000
BTCUSDT,1770105600007,2.245e-05,78745.6,2026-02-03 08:00:00.007
BTCUSDT,1770134400000,-4.65e-06,78099.52176087,2026-02-03 16:00:00.000
BTCUSDT,1770163200002,1.19e-06,75732.4,2026-02-04 00:00:00.002
BTCUSDT,1770192000007,3.551e-05,76478.9,2026-02-04 08:00:00.007
BTCUSDT,1770220800000,4.618e-05,74101.9,2026-02-04 16:00:00.000
BTCUSDT,1770249600011,9.173e-05,73153.9,2026-02-05 00:00:00.011
BTCUSDT,1770278400000,2.98e-06,70710.7436057,2026-02-05 08:00:00.000
BTCUSDT,1770307200007,-4.957e-05,67455.49563043,2026-02-05 16:00:00.007
BTCUSDT,1770336000000,-1.597e-05,62887.1415,2026-02-06 00:00:00.000
BTCUSDT,1770364800001,-0.00013688,64791.4,2026-02-06 08:00:00.001
BTCUSDT,1770393600000,-0.00013478,68574.0,2026-02-06 16:00:00.000
BTCUSDT,1770422400003,-0.00015178,70544.4,2026-02-07 00:00:00.003
BTCUSDT,1770451200000,-8.326e-05,68067.0,2026-02-07 08:00:00.000
BTCUSDT,1770480000010,-2.907e-05,69122.1,2026-02-07 16:00:00.010
BTCUSDT,1770508800003,-3.403e-05,69254.2,2026-02-08 00:00:00.003
BTCUSDT,1770537600000,-3.546e-05,69667.5,2026-02-08 08:00:00.000
BTCUSDT,1770566400000,-4.864e-05,71152.6,2026-02-08 16:00:00.000
BTCUSDT,1770595200002,-3.075e-05,70304.73338406,2026-02-09 00:00:00.002
BTCUSDT,1770624000001,1.846e-05,70393.4,2026-02-09 08:00:00.001
BTCUSDT,1770652800007,-4.284e-05,69538.5,2026-02-09 16:00:00.007
BTCUSDT,1770681600000,-8.798e-05,70110.6,2026-02-10 00:00:00.000
BTCUSDT,1770710400007,-4.829e-05,68882.1,2026-02-10 08:00:00.007
BTCUSDT,1770739200000,-8.816e-05,69252.9,2026-02-10 16:00:00.000
BTCUSDT,1770768000000,1.4e-05,68805.3,2026-02-11 00:00:00.000
BTCUSDT,1770796800006,-8.417e-05,67000.0,2026-02-11 08:00:00.006
BTCUSDT,1770825600000,-1.169e-05,66489.4,2026-02-11 16:00:00.000
BTCUSDT,1770854400000,-1.381e-05,67072.2,2026-02-12 00:00:00.000
BTCUSDT,1770883200001,3.499e-05,67200.19716739,2026-02-12 08:00:00.001
BTCUSDT,1770912000001,-1.728e-05,67103.7,2026-02-12 16:00:00.001
BTCUSDT,1770940800007,5.834e-05,66243.2,2026-02-13 00:00:00.007
BTCUSDT,1770969600003,7.16e-06,66184.59749275,2026-02-13 08:00:00.003
BTCUSDT,1770998400005,-1.274e-05,68652.4,2026-02-13 16:00:00.005
BTCUSDT,1771027200002,1.291e-05,68853.38406522,2026-02-14 00:00:00.002
BTCUSDT,1771056000004,3.174e-05,69182.52364493,2026-02-14 08:00:00.004
BTCUSDT,1771084800002,-3.094e-05,69754.1,2026-02-14 16:00:00.002
BTCUSDT,1771113600000,-1.068e-05,69795.4,2026-02-15 00:00:00.000
BTCUSDT,1771142400002,4.664e-05,70784.0,2026-02-15 08:00:00.002
BTCUSDT,1771171200000,-2.371e-05,69068.1,2026-02-15 16:00:00.000
BTCUSDT,1771200000001,2.659e-05,68798.3,2026-02-16 00:00:00.001
BTCUSDT,1771228800003,-3.277e-05,68554.37742754,2026-02-16 08:00:00.003
BTCUSDT,1771257600000,-4.112e-05,67505.5,2026-02-16 16:00:00.000
BTCUSDT,1771286400008,5.883e-05,68862.55130435,2026-02-17 00:00:00.008
BTCUSDT,1771315200001,2.672e-05,68353.4,2026-02-17 08:00:00.001
BTCUSDT,1771344000002,5.077e-05,67363.5,2026-02-17 16:00:00.002
BTCUSDT,1771372800000,3.215e-05,67475.9,2026-02-18 00:00:00.000
BTCUSDT,1771401600000,-1.41e-06,68078.4,2026-02-18 08:00:00.000
BTCUSDT,1771430400011,3.604e-05,67672.6371087,2026-02-18 16:00:00.011
BTCUSDT,1771459200013,-4.014e-05,66430.40573913,2026-02-19 00:00:00.013
BTCUSDT,1771488000000,2.686e-05,67182.87271014,2026-02-19 08:00:00.000
BTCUSDT,1771516800003,-3.052e-05,66367.72373188,2026-02-19 16:00:00.003
BTCUSDT,1771545600000,5.365e-05,66974.0,2026-02-20 00:00:00.000
BTCUSDT,1771574400000,1.302e-05,67794.7,2026-02-20 08:00:00.000
BTCUSDT,1771603200000,-6.71e-06,67551.9554058,2026-02-20 16:00:00.000
BTCUSDT,1771632000004,4.456e-05,67988.82876812,2026-02-21 00:00:00.004
BTCUSDT,1771660800000,2.485e-05,67821.0,2026-02-21 08:00:00.000
BTCUSDT,1771689600005,3.235e-05,68583.28794603,2026-02-21 16:00:00.005
BTCUSDT,1771718400001,7.3e-06,67958.92213768,2026-02-22 00:00:00.001
BTCUSDT,1771747200004,4.2e-07,67974.33214493,2026-02-22 08:00:00.004
BTCUSDT,1771776000000,4.972e-05,67660.0,2026-02-22 16:00:00.000
BTCUSDT,1771804800001,6.946e-05,67613.6,2026-02-23 00:00:00.001
BTCUSDT,1771833600000,-9.317e-05,65915.8,2026-02-23 08:00:00.000
BTCUSDT,1771862400000,2.251e-05,65638.07392029,2026-02-23 16:00:00.000
BTCUSDT,1771891200007,5.706e-05,64630.15072464,2026-02-24 00:00:00.007
BTCUSDT,1771920000000,-1.193e-05,63164.8,2026-02-24 08:00:00.000
BTCUSDT,1771948800001,-1.82e-06,63936.83454348,2026-02-24 16:00:00.001
BTCUSDT,1771977600001,2.375e-05,64031.3,2026-02-25 00:00:00.001
BTCUSDT,1772006400007,3.3e-07,65002.83121739,2026-02-25 08:00:00.007
BTCUSDT,1772035200000,-9.68e-06,67376.31104348,2026-02-25 16:00:00.000
BTCUSDT,1772064000000,-1.998e-05,67953.96802174,2026-02-26 00:00:00.000
BTCUSDT,1772092800006,-1.128e-05,67799.9,2026-02-26 08:00:00.006
BTCUSDT,1772121600002,4.007e-05,67353.4,2026-02-26 16:00:00.002
BTCUSDT,1772150400007,-9.91e-06,67448.50202899,2026-02-27 00:00:00.007
BTCUSDT,1772179200000,-8.123e-05,67650.26318841,2026-02-27 08:00:00.000
BTCUSDT,1772208000001,-6.56e-06,66073.3764093,2026-02-27 16:00:00.001
BTCUSDT,1772236800000,4.041e-05,65839.41943778,2026-02-28 00:00:00.000
BTCUSDT,1772265600000,-3.727e-05,63790.8,2026-02-28 08:00:00.000
BTCUSDT,1772294400004,-4.305e-05,64801.17139855,2026-02-28 16:00:00.004
BTCUSDT,1772323200005,-6.88e-06,66952.93531159,2026-03-01 00:00:00.005
BTCUSDT,1772352000000,4.563e-05,67113.9,2026-03-01 08:00:00.000
BTCUSDT,1772380800002,2.948e-05,66802.6,2026-03-01 16:00:00.002
BTCUSDT,1772409600001,-2.99e-06,65749.9,2026-03-02 00:00:00.001
BTCUSDT,1772438400007,-1.956e-05,65981.3,2026-03-02 08:00:00.007
BTCUSDT,1772467200000,-1.083e-05,69089.1,2026-03-02 16:00:00.000
BTCUSDT,1772496000000,-1.86e-06,68801.8,2026-03-03 00:00:00.000
BTCUSDT,1772524800000,1.437e-05,68138.3,2026-03-03 08:00:00.000
BTCUSDT,1772553600007,1.481e-05,67723.07507496,2026-03-03 16:00:00.007
BTCUSDT,1772582400001,-5.39e-05,68299.9247971,2026-03-04 00:00:00.001
BTCUSDT,1772611200005,2.52e-05,69469.27951449,2026-03-04 08:00:00.005
BTCUSDT,1772640000000,4.683e-05,73345.0,2026-03-04 16:00:00.000
BTCUSDT,1772668800000,3.567e-05,72641.3,2026-03-05 00:00:00.000
BTCUSDT,1772697600000,4.965e-05,72021.33210145,2026-03-05 08:00:00.000
BTCUSDT,1772726400004,1.74e-06,71608.5,2026-03-05 16:00:00.004
BTCUSDT,1772755200001,1.689e-05,70860.02442029,2026-03-06 00:00:00.001
BTCUSDT,1772784000001,-3.061e-05,71026.8,2026-03-06 08:00:00.001
BTCUSDT,1772812800004,-2.176e-05,68469.42278261,2026-03-06 16:00:00.004
BTCUSDT,1772841600001,6.19e-06,68094.46161594,2026-03-07 00:00:00.001
BTCUSDT,1772870400012,3.525e-05,67809.4,2026-03-07 08:00:00.012
BTCUSDT,1772899200001,-4.217e-05,67844.9,2026-03-07 16:00:00.001
BTCUSDT,1772928000001,-4.496e-05,67232.2,2026-03-08 00:00:00.001
BTCUSDT,1772956800000,-1.115e-05,67287.74237681,2026-03-08 08:00:00.000
BTCUSDT,1772985600002,-2.868e-05,67176.51471014,2026-03-08 16:00:00.002
BTCUSDT,1773014400000,-5.77e-05,65935.34171664,2026-03-09 00:00:00.000
BTCUSDT,1773043200004,-4.579e-05,67505.08897101,2026-03-09 08:00:00.004
BTCUSDT,1773072000003,-3.431e-05,68842.62088406,2026-03-09 16:00:00.003
BTCUSDT,1773100800012,-2.394e-05,68398.94584783,2026-03-10 00:00:00.012
BTCUSDT,1773129600002,1.23e-05,70374.6,2026-03-10 08:00:00.002
BTCUSDT,1773158400001,1.738e-05,71303.55932609,2026-03-10 16:00:00.001
BTCUSDT,1773187200000,-0.00011052,69906.39643478,2026-03-11 00:00:00.000
BTCUSDT,1773216000007,-5.252e-05,69622.2,2026-03-11 08:00:00.007
BTCUSDT,1773244800010,-5.824e-05,70186.9,2026-03-11 16:00:00.010
BTCUSDT,1773273600000,-7.802e-05,70150.0,2026-03-12 00:00:00.000
BTCUSDT,1773302400000,-5.392e-05,69793.59004348,2026-03-12 08:00:00.000
BTCUSDT,1773331200000,-7.381e-05,70285.70086232,2026-03-12 16:00:00.000
BTCUSDT,1773360000006,-2.789e-05,70487.01187681,2026-03-13 00:00:00.006
BTCUSDT,1773388800001,4.263e-05,71585.2,2026-03-13 08:00:00.001
BTCUSDT,1773417600000,-6.38e-06,71801.52278986,2026-03-13 16:00:00.000
BTCUSDT,1773446400001,-3.79e-06,70895.6,2026-03-14 00:00:00.001
BTCUSDT,1773475200000,-3.988e-05,70565.7,2026-03-14 08:00:00.000
BTCUSDT,1773504000007,-4.851e-05,70556.44462101,2026-03-14 16:00:00.007
BTCUSDT,1773532800000,-1.883e-05,71174.4,2026-03-15 00:00:00.000
BTCUSDT,1773561600000,-6.461e-05,71421.70264618,2026-03-15 08:00:00.000
BTCUSDT,1773590400000,2.659e-05,71444.5,2026-03-15 16:00:00.000
BTCUSDT,1773619200000,2.513e-05,72778.9,2026-03-16 00:00:00.000
BTCUSDT,1773648000010,7.139e-05,73427.8,2026-03-16 08:00:00.010
BTCUSDT,1773676800000,2.015e-05,73241.19793478,2026-03-16 16:00:00.000
BTCUSDT,1773705600000,2.41e-06,74854.37298551,2026-03-17 00:00:00.000
BTCUSDT,1773734400002,-2.505e-05,74212.7,2026-03-17 08:00:00.002
BTCUSDT,1773763200011,-1.26e-05,73882.60358696,2026-03-17 16:00:00.011
BTCUSDT,1773792000002,-6.569e-05,73872.4,2026-03-18 00:00:00.002
BTCUSDT,1773820800002,-4.813e-05,73840.08823913,2026-03-18 08:00:00.002
BTCUSDT,1773849600005,2.418e-05,71438.64453523,2026-03-18 16:00:00.005
BTCUSDT,1773878400000,-9.74e-06,71208.72342754,2026-03-19 00:00:00.000
BTCUSDT,1773907200003,-3.012e-05,70147.53643478,2026-03-19 08:00:00.003
BTCUSDT,1773936000003,1.205e-05,69372.7,2026-03-19 16:00:00.003
BTCUSDT,1773964800002,6.25e-06,69895.06080435,2026-03-20 00:00:00.002
BTCUSDT,1773993600000,7.53e-06,70811.9,2026-03-20 08:00:00.000
BTCUSDT,1774022400000,-2.23e-06,69838.04147826,2026-03-20 16:00:00.000
BTCUSDT,1774051200000,-1.493e-05,70475.05032609,2026-03-21 00:00:00.000
BTCUSDT,1774080000000,-7.38e-06,70681.53331884,2026-03-21 08:00:00.000
BTCUSDT,1774108800014,1.093e-05,70599.1,2026-03-21 16:00:00.014
BTCUSDT,1774137600012,8.06e-06,68881.72855072,2026-03-22 00:00:00.012
BTCUSDT,1774166400007,-4.425e-05,68884.4,2026-03-22 08:00:00.007
BTCUSDT,1774195200002,-6.837e-05,68819.80918841,2026-03-22 16:00:00.002
BTCUSDT,1774224000000,-2.079e-05,67834.34094203,2026-03-23 00:00:00.000
BTCUSDT,1774252800003,-2.863e-05,68290.8,2026-03-23 08:00:00.003
BTCUSDT,1774281600002,1.6e-06,70112.2,2026-03-23 16:00:00.002
