symbol,fundingTime,fundingRate,markPrice,datetime
SOLUSDT,1727654400000,0.0001,158.39813308,2024-09-30 00:00:00.000
SOLUSDT,1727683200001,0.0001,156.812,2024-09-30 08:00:00.001
SOLUSDT,1727712000000,0.0001,154.1181293,2024-09-30 16:00:00.000
SOLUSDT,1727740800000,0.0001,152.47015802,2024-10-01 00:00:00.000
SOLUSDT,1727769600000,0.0001,156.757,2024-10-01 08:00:00.000
SOLUSDT,1727798400001,0.0001,149.53174587,2024-10-01 16:00:00.001
SOLUSDT,1727827200000,0.0001,145.16293337,2024-10-02 00:00:00.000
SOLUSDT,1727856000000,1.306e-05,147.69022985,2024-10-02 08:00:00.000
SOLUSDT,1727884800000,7.012e-05,147.44414768,2024-10-02 16:00:00.000
SOLUSDT,1727913600000,1.07e-06,140.11,2024-10-03 00:00:00.000
SOLUSDT,1727942400000,5.138e-05,139.85789803,2024-10-03 08:00:00.000
SOLUSDT,1727971200000,-3.81e-06,135.50486859,2024-10-03 16:00:00.000
SOLUSDT,1728000000000,3.715e-05,136.737706,2024-10-04 00:00:00.000
SOLUSDT,1728028800000,-4.939e-05,139.47658405,2024-10-04 08:00:00.000
SOLUSDT,1728057600001,5.24e-06,142.35959554,2024-10-04 16:00:00.001
SOLUSDT,1728086400000,5.818e-05,143.158,2024-10-05 00:00:00.000
SOLUSDT,1728115200000,9.502e-05,143.764,2024-10-05 08:00:00.000
SOLUSDT,1728144000000,4.49e-06,142.83167707,2024-10-05 16:00:00.000
SOLUSDT,1728172800000,0.0001,142.528,2024-10-06 00:00:00.000
SOLUSDT,1728201600001,0.0001,142.9269216,2024-10-06 08:00:00.001
SOLUSDT,1728230400000,3.507e-05,145.904,2024-10-06 16:00:00.000
SOLUSDT,1728259200000,3.973e-05,146.42212244,2024-10-07 00:00:00.000
SOLUSDT,1728288000000,7.543e-05,147.982,2024-10-07 08:00:00.000
SOLUSDT,1728316800001,5.43e-06,148.64924795,2024-10-07 16:00:00.001
SOLUSDT,1728345600000,3.9e-07,143.91764584,2024-10-08 00:00:00.000
SOLUSDT,1728374400000,0.0001,143.02,2024-10-08 08:00:00.000
SOLUSDT,1728403200000,-2.549e-05,142.728,2024-10-08 16:00:00.000
SOLUSDT,1728432000000,8.84e-06,143.42973236,2024-10-09 00:00:00.000
SOLUSDT,1728460800000,-3.713e-05,143.1071521,2024-10-09 08:00:00.000
SOLUSDT,1728489600000,0.0001,142.72877635,2024-10-09 16:00:00.000
SOLUSDT,1728518400000,0.0001,139.266,2024-10-10 00:00:00.000
SOLUSDT,1728547200000,-3.657e-05,139.62,2024-10-10 08:00:00.000
SOLUSDT,1728576000000,5.098e-05,138.599,2024-10-10 16:00:00.000
SOLUSDT,1728604800000,5.45e-06,138.97948197,2024-10-11 00:00:00.000
SOLUSDT,1728633600000,2.89e-06,141.12136254,2024-10-11 08:00:00.000
SOLUSDT,1728662400001,-6.334e-05,144.33173498,2024-10-11 16:00:00.001
SOLUSDT,1728691200000,-3.249e-05,145.469,2024-10-12 00:00:00.000
SOLUSDT,1728720000001,6.95e-05,145.4874675,2024-10-12 08:00:00.001
SOLUSDT,1728748800000,-4.766e-05,146.03041963,2024-10-12 16:00:00.000
SOLUSDT,1728777600000,5.22e-06,146.318,2024-10-13 00:00:00.000
SOLUSDT,1728806400000,5.938e-05,146.38290563,2024-10-13 08:00:00.000
SOLUSDT,1728835200000,5.394e-05,145.27086988,2024-10-13 16:00:00.000
SOLUSDT,1728864000000,1.631e-05,147.63255737,2024-10-14 00:00:00.000
SOLUSDT,1728892800000,7.203e-05,152.94336157,2024-10-14 08:00:00.000
SOLUSDT,1728921600000,7.332e-05,156.66202954,2024-10-14 16:00:00.000
SOLUSDT,1728950400000,0.0001,157.53,2024-10-15 00:00:00.000
SOLUSDT,1728979200000,0.0001,155.07,2024-10-15 08:00:00.000
SOLUSDT,1729008000000,0.0001,153.23146048,2024-10-15 16:00:00.000
SOLUSDT,1729036800000,6.943e-05,154.69698504,2024-10-16 00:00:00.000
SOLUSDT,1729065600001,2.087e-05,153.5853807,2024-10-16 08:00:00.001
SOLUSDT,1729094400000,9.905e-05,155.64,2024-10-16 16:00:00.000
SOLUSDT,1729123200000,4.579e-05,154.19,2024-10-17 00:00:00.000
SOLUSDT,1729152000000,9.905e-05,152.53321719,2024-10-17 08:00:00.000
SOLUSDT,1729180800001,0.0001,152.82,2024-10-17 16:00:00.001
SOLUSDT,1729209600010,7.589e-05,150.45,2024-10-18 00:00:00.010
SOLUSDT,1729238400001,3.467e-05,153.84386774,2024-10-18 08:00:00.001
SOLUSDT,1729267200000,9.885e-05,154.65,2024-10-18 16:00:00.000
SOLUSDT,1729296000000,3.918e-05,154.86,2024-10-19 00:00:00.000
SOLUSDT,1729324800000,5.265e-05,154.49,2024-10-19 08:00:00.000
SOLUSDT,1729353600000,7.269e-05,156.44242324,2024-10-19 16:00:00.000
SOLUSDT,1729382400000,0.0001,159.70637472,2024-10-20 00:00:00.000
SOLUSDT,1729411200000,4.903e-05,158.71452553,2024-10-20 08:00:00.000
SOLUSDT,1729440000000,7.01e-05,159.94,2024-10-20 16:00:00.000
SOLUSDT,1729468800000,0.0001,167.39948646,2024-10-21 00:00:00.000
SOLUSDT,1729497600000,0.0001,168.69803437,2024-10-21 08:00:00.000
SOLUSDT,1729526400000,0.0001,165.35329266,2024-10-21 16:00:00.000
SOLUSDT,1729555200000,0.0001,166.17735196,2024-10-22 00:00:00.000
SOLUSDT,1729584000000,0.0001,167.09739629,2024-10-22 08:00:00.000
SOLUSDT,1729612800000,0.0001,167.76859178,2024-10-22 16:00:00.000
SOLUSDT,1729641600000,0.0001,167.56308353,2024-10-23 00:00:00.000
SOLUSDT,1729670400000,0.0001,165.69,2024-10-23 08:00:00.000
SOLUSDT,1729699200000,0.0001,168.0715563,2024-10-23 16:00:00.000
SOLUSDT,1729728000000,0.0001,170.81,2024-10-24 00:00:00.000
SOLUSDT,1729756800000,0.0001,173.52102122,2024-10-24 08:00:00.000
SOLUSDT,1729785600000,0.0001,175.36273498,2024-10-24 16:00:00.000
SOLUSDT,1729814400000,0.0001,177.1013816,2024-10-25 00:00:00.000
SOLUSDT,1729843200000,0.0001,171.86,2024-10-25 08:00:00.000
SOLUSDT,1729872000000,3.16e-05,172.37896655,2024-10-25 16:00:00.000
SOLUSDT,1729900800000,5.848e-05,164.88812095,2024-10-26 00:00:00.000
SOLUSDT,1729929600001,5.269e-05,167.25401673,2024-10-26 08:00:00.001
SOLUSDT,1729958400000,0.0001,168.55,2024-10-26 16:00:00.000
SOLUSDT,1729987200000,0.0001,170.82024015,2024-10-27 00:00:00.000
SOLUSDT,1730016000000,4.801e-05,173.17978124,2024-10-27 08:00:00.000
SOLUSDT,1730044800000,-1.684e-05,175.71,2024-10-27 16:00:00.000
SOLUSDT,1730073600000,8.656e-05,176.75,2024-10-28 00:00:00.000
SOLUSDT,1730102400001,0.0001,175.61316931,2024-10-28 08:00:00.001
SOLUSDT,1730131200000,2.332e-05,173.36135549,2024-10-28 16:00:00.000
SOLUSDT,1730160000000,0.0001,178.2,2024-10-29 00:00:00.000
SOLUSDT,1730188800000,0.0001,180.10329966,2024-10-29 08:00:00.000
SOLUSDT,1730217600004,0.0001,180.55,2024-10-29 16:00:00.004
SOLUSDT,1730246400000,0.0001,179.4,2024-10-30 00:00:00.000
SOLUSDT,1730275200000,0.0001,178.71,2024-10-30 08:00:00.000
SOLUSDT,1730304000013,0.0001,173.93066873,2024-10-30 16:00:00.013
SOLUSDT,1730332800000,0.0001,174.84632729,2024-10-31 00:00:00.000
SOLUSDT,1730361600000,0.0001,174.49,2024-10-31 08:00:00.000
SOLUSDT,1730390400000,0.0001,170.6,2024-10-31 16:00:00.000
SOLUSDT,1730419200000,0.0001,168.6604561,2024-11-01 00:00:00.000
SOLUSDT,1730448000000,0.0001,165.96920129,2024-11-01 08:00:00.000
SOLUSDT,1730476800000,0.0001,163.99,2024-11-01 16:00:00.000
SOLUSDT,1730505600000,6.813e-05,166.02,2024-11-02 00:00:00.000
SOLUSDT,1730534400000,9.387e-05,167.54,2024-11-02 08:00:00.000
SOLUSDT,1730563200000,6.9e-05,163.74894889,2024-11-02 16:00:00.000
SOLUSDT,1730592000000,3.98e-05,166.09,2024-11-03 00:00:00.000
SOLUSDT,1730620800000,3.241e-05,163.46,2024-11-03 08:00:00.000
SOLUSDT,1730649600000,8.014e-05,159.9171981,2024-11-03 16:00:00.000
SOLUSDT,1730678400000,4.818e-05,162.45165079,2024-11-04 00:00:00.000
SOLUSDT,1730707200000,6.725e-05,161.32612342,2024-11-04 08:00:00.000
SOLUSDT,1730736000000,6.216e-05,162.97,2024-11-04 16:00:00.000
SOLUSDT,1730764800000,5.868e-05,157.9018241,2024-11-05 00:00:00.000
SOLUSDT,1730793600003,4.51e-05,161.92,2024-11-05 08:00:00.003
SOLUSDT,1730822400001,7.17e-06,165.82,2024-11-05 16:00:00.001
SOLUSDT,1730851200000,-1.892e-05,166.54,2024-11-06 00:00:00.000
SOLUSDT,1730880000000,0.0001,183.96747234,2024-11-06 08:00:00.000
SOLUSDT,1730908800000,0.0001,185.56,2024-11-06 16:00:00.000
SOLUSDT,1730937600000,0.0001,186.62,2024-11-07 00:00:00.000
SOLUSDT,1730966400000,0.0001,188.08,2024-11-07 08:00:00.000
SOLUSDT,1730995200000,0.0001,192.75,2024-11-07 16:00:00.000
SOLUSDT,1731024000000,0.0001,196.42361641,2024-11-08 00:00:00.000
SOLUSDT,1731052800000,0.0001,200.5,2024-11-08 08:00:00.000
SOLUSDT,1731081600000,0.0001,201.03598205,2024-11-08 16:00:00.000
SOLUSDT,1731110400000,0.0001,199.88480296,2024-11-09 00:00:00.000
SOLUSDT,1731139200000,0.0001,200.30924843,2024-11-09 08:00:00.000
SOLUSDT,1731168000000,0.0001,198.42252055,2024-11-09 16:00:00.000
SOLUSDT,1731196800000,0.0001,199.93,2024-11-10 00:00:00.000
SOLUSDT,1731225600000,0.00019071,205.08,2024-11-10 08:00:00.000
SOLUSDT,1731254400000,0.00041975,212.51,2024-11-10 16:00:00.000
SOLUSDT,1731283200001,0.00034668,210.28745447,2024-11-11 00:00:00.001
SOLUSDT,1731312000000,0.00011081,208.08,2024-11-11 08:00:00.000
SOLUSDT,1731340800000,0.00022373,219.16558065,2024-11-11 16:00:00.000
SOLUSDT,1731369600002,0.00035969,222.30912641,2024-11-12 00:00:00.002
SOLUSDT,1731398400000,0.00043733,221.99238924,2024-11-12 08:00:00.000
SOLUSDT,1731427200000,0.00048819,210.57577374,2024-11-12 16:00:00.000
SOLUSDT,1731456000000,0.00032823,211.73919884,2024-11-13 00:00:00.000
SOLUSDT,1731484800010,0.00020936,205.36024726,2024-11-13 08:00:00.010
SOLUSDT,1731513600000,0.00022016,216.7,2024-11-13 16:00:00.000
SOLUSDT,1731542400001,0.00020764,215.28,2024-11-14 00:00:00.001
SOLUSDT,1731571200000,0.00022462,218.27711396,2024-11-14 08:00:00.000
SOLUSDT,1731600000000,0.0001,211.00958458,2024-11-14 16:00:00.000
SOLUSDT,1731628800000,0.0001,209.64995188,2024-11-15 00:00:00.000
SOLUSDT,1731657600000,0.0001,209.28493283,2024-11-15 08:00:00.000
SOLUSDT,1731686400000,0.0001,208.32,2024-11-15 16:00:00.000
SOLUSDT,1731715200001,0.0001,218.65382623,2024-11-16 00:00:00.001
SOLUSDT,1731744000001,0.00023693,219.08,2024-11-16 08:00:00.001
SOLUSDT,1731772800000,0.00016028,215.09633736,2024-11-16 16:00:00.000
SOLUSDT,1731801600000,0.0001,215.81658937,2024-11-17 00:00:00.000
SOLUSDT,1731830400000,0.00044518,237.49,2024-11-17 08:00:00.000
SOLUSDT,1731859200001,0.00021627,234.15,2024-11-17 16:00:00.001
SOLUSDT,1731888000000,0.00023762,237.60711286,2024-11-18 00:00:00.000
SOLUSDT,1731916800000,0.0001653,242.21275008,2024-11-18 08:00:00.000
SOLUSDT,1731945600000,0.0002213,243.51855761,2024-11-18 16:00:00.000
SOLUSDT,1731974400000,0.00022018,239.96,2024-11-19 00:00:00.000
SOLUSDT,1732003200000,0.00019184,243.48946031,2024-11-19 08:00:00.000
SOLUSDT,1732032000000,0.00012644,240.64,2024-11-19 16:00:00.000
SOLUSDT,1732060800003,0.0001,237.68,2024-11-20 00:00:00.003
SOLUSDT,1732089600000,0.0001,235.9634653,2024-11-20 08:00:00.000
SOLUSDT,1732118400000,0.0001,238.3679847,2024-11-20 16:00:00.000
SOLUSDT,1732147200001,0.0001,235.42560884,2024-11-21 00:00:00.001
SOLUSDT,1732176000000,0.0001,241.46122606,2024-11-21 08:00:00.000
SOLUSDT,1732204800001,0.0001,248.93576225,2024-11-21 16:00:00.001
SOLUSDT,1732233600000,0.00043945,256.67,2024-11-22 00:00:00.000
SOLUSDT,1732262400000,0.00022593,259.37145809,2024-11-22 08:00:00.000
SOLUSDT,1732291200001,0.0001702,256.56,2024-11-22 16:00:00.001
SOLUSDT,1732320000000,0.0001,257.03697866,2024-11-23 00:00:00.000
SOLUSDT,1732348800000,0.00028946,258.45,2024-11-23 08:00:00.000
SOLUSDT,1732377600000,0.00025577,259.94,2024-11-23 16:00:00.000
SOLUSDT,1732406400001,0.00018175,255.03859273,2024-11-24 00:00:00.001
SOLUSDT,1732435200000,0.00033189,256.84,2024-11-24 08:00:00.000
SOLUSDT,1732464000000,0.00025244,244.39219352,2024-11-24 16:00:00.000
SOLUSDT,1732492800000,0.00014445,252.9273713,2024-11-25 00:00:00.000
SOLUSDT,1732521600000,0.00019888,253.45837047,2024-11-25 08:00:00.000
SOLUSDT,1732550400000,0.00010485,245.07,2024-11-25 16:00:00.000
SOLUSDT,1732579200000,0.0001,234.29,2024-11-26 00:00:00.000
SOLUSDT,1732608000000,0.0001,235.82,2024-11-26 08:00:00.000
SOLUSDT,1732636800000,0.0001,227.38613496,2024-11-26 16:00:00.000
SOLUSDT,1732665600000,0.0001,230.71562608,2024-11-27 00:00:00.000
SOLUSDT,1732694400000,0.0001,234.33,2024-11-27 08:00:00.000
SOLUSDT,1732723200001,0.0001,240.57035995,2024-11-27 16:00:00.001
SOLUSDT,1732752000000,0.0001,242.03955937,2024-11-28 00:00:00.000
SOLUSDT,1732780800000,0.0001,238.01727444,2024-11-28 08:00:00.000
SOLUSDT,1732809600000,0.0001,233.03019139,2024-11-28 16:00:00.000
SOLUSDT,1732838400000,0.0001,237.6043055,2024-11-29 00:00:00.000
SOLUSDT,1732867200000,0.0001,237.66607857,2024-11-29 08:00:00.000
SOLUSDT,1732896000000,0.0001,243.57,2024-11-29 16:00:00.000
SOLUSDT,1732924800000,0.0001,243.42,2024-11-30 00:00:00.000
SOLUSDT,1732953600000,0.0001,244.35803166,2024-11-30 08:00:00.000
SOLUSDT,1732982400000,0.0001,240.0,2024-11-30 16:00:00.000
SOLUSDT,1733011200000,0.00011575,237.73,2024-12-01 00:00:00.000
SOLUSDT,1733040000000,0.0001,235.6156002,2024-12-01 08:00:00.000
SOLUSDT,1733068800000,0.00021606,238.6962626,2024-12-01 16:00:00.000
SOLUSDT,1733097600001,0.00037518,237.03897019,2024-12-02 00:00:00.001
SOLUSDT,1733126400001,0.00025587,228.79,2024-12-02 08:00:00.001
SOLUSDT,1733155200000,0.00026772,229.36,2024-12-02 16:00:00.000
SOLUSDT,1733184000000,0.00032728,225.87,2024-12-03 00:00:00.000
SOLUSDT,1733212800000,0.00031454,227.12,2024-12-03 08:00:00.000
SOLUSDT,1733241600000,0.00030312,223.39278797,2024-12-03 16:00:00.000
SOLUSDT,1733270400000,0.00035501,234.09,2024-12-04 00:00:00.000
SOLUSDT,1733299200000,0.00023264,236.79861245,2024-12-04 08:00:00.000
SOLUSDT,1733328000000,0.00036215,233.95235681,2024-12-04 16:00:00.000
SOLUSDT,1733356800001,0.00027166,229.36,2024-12-05 00:00:00.001
SOLUSDT,1733385600000,0.00055995,234.06583005,2024-12-05 08:00:00.000
SOLUSDT,1733414400000,0.0005091,239.24,2024-12-05 16:00:00.000
SOLUSDT,1733443200000,0.00032251,236.05,2024-12-06 00:00:00.000
SOLUSDT,1733472000000,0.00032302,239.47367249,2024-12-06 08:00:00.000
SOLUSDT,1733500800000,0.00012425,238.12641675,2024-12-06 16:00:00.000
SOLUSDT,1733529600000,0.00041557,237.05521923,2024-12-07 00:00:00.000
SOLUSDT,1733558400000,0.00034529,236.36,2024-12-07 08:00:00.000
SOLUSDT,1733587200000,0.00038467,241.01,2024-12-07 16:00:00.000
SOLUSDT,1733616000000,0.00045069,238.3,2024-12-08 00:00:00.000
SOLUSDT,1733644800000,0.00019374,237.74,2024-12-08 08:00:00.000
SOLUSDT,1733673600000,0.00013754,237.53,2024-12-08 16:00:00.000
SOLUSDT,1733702400000,0.00025945,237.23141997,2024-12-09 00:00:00.000
SOLUSDT,1733731200000,0.00015891,231.68,2024-12-09 08:00:00.000
SOLUSDT,1733760000001,0.00012595,224.41315135,2024-12-09 16:00:00.001
SOLUSDT,1733788800007,0.0001,216.77139538,2024-12-10 00:00:00.007
SOLUSDT,1733817600000,0.0001,217.32,2024-12-10 08:00:00.000
SOLUSDT,1733846400000,0.0001,206.48,2024-12-10 16:00:00.000
SOLUSDT,1733875200000,0.0001,213.58995756,2024-12-11 00:00:00.000
SOLUSDT,1733904000000,0.0001,218.4,2024-12-11 08:00:00.000
SOLUSDT,1733932800001,0.0001,228.36,2024-12-11 16:00:00.001
SOLUSDT,1733961600001,0.0001,227.28748375,2024-12-12 00:00:00.001
SOLUSDT,1733990400000,0.0001,229.99,2024-12-12 08:00:00.000
SOLUSDT,1734019200001,0.0001,231.20578019,2024-12-12 16:00:00.001
SOLUSDT,1734048000000,0.0001,226.90230934,2024-12-13 00:00:00.000
SOLUSDT,1734076800000,0.0001,224.71,2024-12-13 08:00:00.000
SOLUSDT,1734105600001,0.0001,221.05,2024-12-13 16:00:00.001
SOLUSDT,1734134400000,0.0001,224.72440941,2024-12-14 00:00:00.000
SOLUSDT,1734163200000,0.0001,225.88781879,2024-12-14 08:00:00.000
SOLUSDT,1734192000000,0.0001,222.49078669,2024-12-14 16:00:00.000
SOLUSDT,1734220800000,0.0001,219.84077673,2024-12-15 00:00:00.000
SOLUSDT,1734249600000,6.761e-05,217.16927059,2024-12-15 08:00:00.000
SOLUSDT,1734278400000,0.0001,220.82764674,2024-12-15 16:00:00.000
SOLUSDT,1734307200000,0.0001,224.22,2024-12-16 00:00:00.000
SOLUSDT,1734336000001,0.0001,223.08,2024-12-16 08:00:00.001
SOLUSDT,1734364800000,0.0001,216.94416601,2024-12-16 16:00:00.000
SOLUSDT,1734393600000,0.0001,216.09981566,2024-12-17 00:00:00.000
SOLUSDT,1734422400000,4.064e-05,215.4963049,2024-12-17 08:00:00.000
SOLUSDT,1734451200000,0.0001,220.47607511,2024-12-17 16:00:00.000
SOLUSDT,1734480000000,0.0001,223.12258447,2024-12-18 00:00:00.000
SOLUSDT,1734508800000,9.102e-05,215.81709029,2024-12-18 08:00:00.000
SOLUSDT,1734537600000,6.23e-06,217.64540916,2024-12-18 16:00:00.000
SOLUSDT,1734566400000,-3.6e-05,206.49414504,2024-12-19 00:00:00.000
SOLUSDT,1734595200000,-1.903e-05,211.67,2024-12-19 08:00:00.000
SOLUSDT,1734624000000,1.572e-05,205.43284338,2024-12-19 16:00:00.000
SOLUSDT,1734652800000,-1.795e-05,193.71171105,2024-12-20 00:00:00.000
SOLUSDT,1734681600001,-2.757e-05,191.23548746,2024-12-20 08:00:00.001
SOLUSDT,1734710400014,-6.045e-05,189.73,2024-12-20 16:00:00.014
SOLUSDT,1734739200000,-0.00018625,194.33740729,2024-12-21 00:00:00.000
SOLUSDT,1734768000000,-0.00013946,198.69,2024-12-21 08:00:00.000
SOLUSDT,1734796800001,-4.2e-05,186.55117686,2024-12-21 16:00:00.001
SOLUSDT,1734825600000,-0.00011655,181.33,2024-12-22 00:00:00.000
SOLUSDT,1734854400000,2.97e-05,184.2,2024-12-22 08:00:00.000
SOLUSDT,1734883200000,-0.00010865,181.77,2024-12-22 16:00:00.000
SOLUSDT,1734912000000,-5.764e-05,180.42,2024-12-23 00:00:00.000
SOLUSDT,1734940800000,-2.514e-05,182.15,2024-12-23 08:00:00.000
SOLUSDT,1734969600001,-1.518e-05,180.83,2024-12-23 16:00:00.001
SOLUSDT,1734998400000,4.56e-06,190.06,2024-12-24 00:00:00.000
SOLUSDT,1735027200000,-8.87e-06,191.42,2024-12-24 08:00:00.000
SOLUSDT,1735056000001,-2.528e-05,197.66045157,2024-12-24 16:00:00.001
SOLUSDT,1735084800001,-1.032e-05,197.04372026,2024-12-25 00:00:00.001
SOLUSDT,1735113600000,-2.015e-05,198.05,2024-12-25 08:00:00.000
SOLUSDT,1735142400000,3.692e-05,198.18,2024-12-25 16:00:00.000
SOLUSDT,1735171200000,2.735e-05,197.35880214,2024-12-26 00:00:00.000
SOLUSDT,1735200000000,0.0001,193.38,2024-12-26 08:00:00.000
SOLUSDT,1735228800000,1.522e-05,188.59783157,2024-12-26 16:00:00.000
SOLUSDT,1735257600000,3.726e-05,188.37454973,2024-12-27 00:00:00.000
SOLUSDT,1735286400000,-2.625e-05,186.57648132,2024-12-27 08:00:00.000
SOLUSDT,1735315200000,-8.145e-05,184.01854509,2024-12-27 16:00:00.000
SOLUSDT,1735344000001,9.283e-05,184.18,2024-12-28 00:00:00.001
SOLUSDT,1735372800000,1.275e-05,185.04321141,2024-12-28 08:00:00.000
SOLUSDT,1735401600000,-9.03e-06,190.11,2024-12-28 16:00:00.000
SOLUSDT,1735430400000,7.78e-06,195.39,2024-12-29 00:00:00.000
SOLUSDT,1735459200000,-2.727e-05,195.93322461,2024-12-29 08:00:00.000
SOLUSDT,1735488000000,6.14e-05,195.05629387,2024-12-29 16:00:00.000
SOLUSDT,1735516800000,0.0001,189.85091862,2024-12-30 00:00:00.000
SOLUSDT,1735545600001,4.76e-05,192.30766984,2024-12-30 08:00:00.001
SOLUSDT,1735574400000,5.906e-05,187.24,2024-12-30 16:00:00.000
SOLUSDT,1735603200000,8.373e-05,191.26447609,2024-12-31 00:00:00.000
SOLUSDT,1735632000000,2.697e-05,189.94,2024-12-31 08:00:00.000
SOLUSDT,1735660800000,6.744e-05,198.32385034,2024-12-31 16:00:00.000
SOLUSDT,1735689600015,-5.587e-05,189.19974226,2025-01-01 00:00:00.015
SOLUSDT,1735718400000,-2.663e-05,189.96,2025-01-01 08:00:00.000
SOLUSDT,1735747200001,-1.487e-05,191.81481222,2025-01-01 16:00:00.001
SOLUSDT,1735776000000,0.0001,194.22,2025-01-02 00:00:00.000
SOLUSDT,1735804800006,0.0001,205.83473243,2025-01-02 08:00:00.006
SOLUSDT,1735833600000,9.337e-05,206.68,2025-01-02 16:00:00.000
SOLUSDT,1735862400000,0.0001,208.17135122,2025-01-03 00:00:00.000
SOLUSDT,1735891200000,-1.47e-05,207.86,2025-01-03 08:00:00.000
SOLUSDT,1735920000000,-7.967e-05,217.27,2025-01-03 16:00:00.000
SOLUSDT,1735948800000,-7.358e-05,217.92,2025-01-04 00:00:00.000
SOLUSDT,1735977600000,4.915e-05,216.62801422,2025-01-04 08:00:00.000
SOLUSDT,1736006400000,5.813e-05,214.26508239,2025-01-04 16:00:00.000
SOLUSDT,1736035200000,9.572e-05,216.56055099,2025-01-05 00:00:00.000
SOLUSDT,1736064000000,-3.098e-05,216.35,2025-01-05 08:00:00.000
SOLUSDT,1736092800000,0.0001,213.47752759,2025-01-05 16:00:00.000
SOLUSDT,1736121600000,-1.03e-06,213.3,2025-01-06 00:00:00.000
SOLUSDT,1736150400001,-1.539e-05,215.13,2025-01-06 08:00:00.001
SOLUSDT,1736179200000,5.815e-05,221.51,2025-01-06 16:00:00.000
SOLUSDT,1736208000000,-2.492e-05,218.10381116,2025-01-07 00:00:00.000
SOLUSDT,1736236800000,1.88e-05,215.97,2025-01-07 08:00:00.000
SOLUSDT,1736265600008,1.765e-05,207.68687845,2025-01-07 16:00:00.008
SOLUSDT,1736294400001,9.47e-06,202.0757371,2025-01-08 00:00:00.001
SOLUSDT,1736323200000,9.384e-05,195.59194327,2025-01-08 08:00:00.000
SOLUSDT,1736352000000,-2.658e-05,197.69578628,2025-01-08 16:00:00.000
SOLUSDT,1736380800000,-4.356e-05,197.40056516,2025-01-09 00:00:00.000
SOLUSDT,1736409600000,0.0001,190.07,2025-01-09 08:00:00.000
SOLUSDT,1736438400000,-1.659e-05,192.08,2025-01-09 16:00:00.000
SOLUSDT,1736467200000,8.73e-06,184.89423939,2025-01-10 00:00:00.000
SOLUSDT,1736496000000,-7.385e-05,191.64239383,2025-01-10 08:00:00.000
SOLUSDT,1736524800000,3.388e-05,187.20588983,2025-01-10 16:00:00.000
SOLUSDT,1736553600000,9.89e-06,187.59,2025-01-11 00:00:00.000
SOLUSDT,1736582400000,-3.578e-05,186.14,2025-01-11 08:00:00.000
SOLUSDT,1736611200000,-4.343e-05,186.84,2025-01-11 16:00:00.000
SOLUSDT,1736640000000,2.102e-05,188.0,2025-01-12 00:00:00.000
SOLUSDT,1736668800000,-4.366e-05,186.47,2025-01-12 08:00:00.000
SOLUSDT,1736697600000,3.548e-05,190.38364628,2025-01-12 16:00:00.000
SOLUSDT,1736726400000,0.0001,188.43,2025-01-13 00:00:00.000
SOLUSDT,1736755200000,2.66e-05,182.39,2025-01-13 08:00:00.000
SOLUSDT,1736784000000,8.17e-06,178.69,2025-01-13 16:00:00.000
SOLUSDT,1736812800000,-4.601e-05,182.77,2025-01-14 00:00:00.000
SOLUSDT,1736841600000,-2.434e-05,185.52,2025-01-14 08:00:00.000
SOLUSDT,1736870400000,2.374e-05,186.75,2025-01-14 16:00:00.000
SOLUSDT,1736899200000,3.357e-05,187.46,2025-01-15 00:00:00.000
SOLUSDT,1736928000000,-5.153e-05,189.87536362,2025-01-15 08:00:00.000
SOLUSDT,1736956800000,-2.957e-05,196.39,2025-01-15 16:00:00.000
SOLUSDT,1736985600000,0.0001,205.76,2025-01-16 00:00:00.000
SOLUSDT,1737014400000,0.0001,203.06407101,2025-01-16 08:00:00.000
SOLUSDT,1737043200000,0.0001,208.99816554,2025-01-16 16:00:00.000
SOLUSDT,1737072000004,0.0001,210.99,2025-01-17 00:00:00.004
SOLUSDT,1737100800000,8.22e-05,213.2,2025-01-17 08:00:00.000
SOLUSDT,1737129600008,0.0001,218.53,2025-01-17 16:00:00.008
SOLUSDT,1737158400000,0.0001,219.46,2025-01-18 00:00:00.000
SOLUSDT,1737187200007,1.883e-05,232.83981406,2025-01-18 08:00:00.007
SOLUSDT,1737216000000,5.671e-05,257.60576295,2025-01-18 16:00:00.000
SOLUSDT,1737244800000,0.0001,261.92498236,2025-01-19 00:00:00.000
SOLUSDT,1737273600000,9.252e-05,271.39665661,2025-01-19 08:00:00.000
SOLUSDT,1737302400000,5.667e-05,270.47,2025-01-19 16:00:00.000
SOLUSDT,1737331200000,-0.0007115,252.51,2025-01-20 00:00:00.000
SOLUSDT,1737360000009,-7.723e-05,261.77,2025-01-20 08:00:00.009
SOLUSDT,1737388800000,8.924e-05,253.8731634,2025-01-20 16:00:00.000
SOLUSDT,1737417600000,-0.00027508,241.81,2025-01-21 00:00:00.000
SOLUSDT,1737446400000,9.31e-05,236.75,2025-01-21 08:00:00.000
SOLUSDT,1737475200000,-3.008e-05,240.83802505,2025-01-21 16:00:00.000
SOLUSDT,1737504000000,0.0001,250.26,2025-01-22 00:00:00.000
SOLUSDT,1737532800000,-2.092e-05,258.4,2025-01-22 08:00:00.000
SOLUSDT,1737561600000,8.64e-05,257.19769937,2025-01-22 16:00:00.000
SOLUSDT,1737590400001,0.0001,257.33678347,2025-01-23 00:00:00.001
SOLUSDT,1737619200000,8.081e-05,249.41,2025-01-23 08:00:00.000
SOLUSDT,1737648000000,-7.98e-05,249.15,2025-01-23 16:00:00.000
SOLUSDT,1737676800000,6.903e-05,253.01,2025-01-24 00:00:00.000
SOLUSDT,1737705600000,9.064e-05,259.60266158,2025-01-24 08:00:00.000
SOLUSDT,1737734400000,0.0001,262.14642847,2025-01-24 16:00:00.000
SOLUSDT,1737763200000,-1.473e-05,253.22104393,2025-01-25 00:00:00.000
SOLUSDT,1737792000000,-4.82e-06,247.15,2025-01-25 08:00:00.000
SOLUSDT,1737820800001,-0.00012014,253.48644101,2025-01-25 16:00:00.001
SOLUSDT,1737849600000,0.0001,256.36,2025-01-26 00:00:00.000
SOLUSDT,1737878400000,8.407e-05,258.85,2025-01-26 08:00:00.000
SOLUSDT,1737907200000,2.626e-05,254.45,2025-01-26 16:00:00.000
SOLUSDT,1737936000000,-3.653e-05,240.41,2025-01-27 00:00:00.000
SOLUSDT,1737964800000,5.173e-05,227.39,2025-01-27 08:00:00.000
SOLUSDT,1737993600000,-0.00018696,233.46154361,2025-01-27 16:00:00.000
SOLUSDT,1738022400000,7.942e-05,234.77176852,2025-01-28 00:00:00.000
SOLUSDT,1738051200000,-4.139e-05,238.78919205,2025-01-28 08:00:00.000
SOLUSDT,1738080000000,3.672e-05,237.36062279,2025-01-28 16:00:00.000
SOLUSDT,1738108800000,8.718e-05,226.92156675,2025-01-29 00:00:00.000
SOLUSDT,1738137600000,5.356e-05,234.32,2025-01-29 08:00:00.000
SOLUSDT,1738166400000,-1.196e-05,228.3,2025-01-29 16:00:00.000
SOLUSDT,1738195200000,1.678e-05,228.04,2025-01-30 00:00:00.000
SOLUSDT,1738224000000,0.0001,238.81,2025-01-30 08:00:00.000
SOLUSDT,1738252800000,2.727e-05,240.98,2025-01-30 16:00:00.000
SOLUSDT,1738281600000,-7.61e-06,238.17127422,2025-01-31 00:00:00.000
SOLUSDT,1738310400000,-4.97e-05,235.58,2025-01-31 08:00:00.000
SOLUSDT,1738339200000,5.524e-05,240.05162558,2025-01-31 16:00:00.000
SOLUSDT,1738368000000,-6.866e-05,231.6110612,2025-02-01 00:00:00.000
SOLUSDT,1738396800000,3.033e-05,230.55402407,2025-02-01 08:00:00.000
SOLUSDT,1738425600000,-5.063e-05,226.24816815,2025-02-01 16:00:00.000
SOLUSDT,1738454400001,-5.306e-05,212.89,2025-02-02 00:00:00.001
SOLUSDT,1738483200000,7.21e-06,211.69038145,2025-02-02 08:00:00.000
SOLUSDT,1738512000000,2.68e-06,211.91,2025-02-02 16:00:00.000
SOLUSDT,1738540800000,7.72e-06,203.36764822,2025-02-03 00:00:00.000
SOLUSDT,1738569600000,-0.00012368,198.95,2025-02-03 08:00:00.000
SOLUSDT,1738598400000,-8.808e-05,206.92357253,2025-02-03 16:00:00.000
SOLUSDT,1738627200000,-0.00055791,216.21112041,2025-02-04 00:00:00.000
SOLUSDT,1738656000001,-4.35e-05,204.15798539,2025-02-04 08:00:00.001
SOLUSDT,1738684800000,5.7e-05,215.58,2025-02-04 16:00:00.000
SOLUSDT,1738713600001,-3.571e-05,206.48,2025-02-05 00:00:00.001
SOLUSDT,1738742400001,-4.834e-05,204.9820567,2025-02-05 08:00:00.001
SOLUSDT,1738771200000,-0.0001085,201.73,2025-02-05 16:00:00.000
SOLUSDT,1738800000001,-4.538e-05,196.03,2025-02-06 00:00:00.001
SOLUSDT,1738828800001,-1.671e-05,201.92,2025-02-06 08:00:00.001
SOLUSDT,1738857600000,6.857e-05,191.15523484,2025-02-06 16:00:00.000
SOLUSDT,1738886400000,2.703e-05,189.46996868,2025-02-07 00:00:00.000
SOLUSDT,1738915200000,6.95e-06,192.42,2025-02-07 08:00:00.000
SOLUSDT,1738944000000,7.27e-06,197.96,2025-02-07 16:00:00.000
SOLUSDT,1738972800000,-2.483e-05,191.90918108,2025-02-08 00:00:00.000
SOLUSDT,1739001600000,2.105e-05,192.68,2025-02-08 08:00:00.000
SOLUSDT,1739030400000,5.719e-05,193.32677547,2025-02-08 16:00:00.000
SOLUSDT,1739059200000,-0.00011027,199.2,2025-02-09 00:00:00.000
SOLUSDT,1739088000000,-4.053e-05,203.87,2025-02-09 08:00:00.000
SOLUSDT,1739116800000,-0.00021227,200.51578273,2025-02-09 16:00:00.000
SOLUSDT,1739145600000,-0.00016119,200.32935261,2025-02-10 00:00:00.000
SOLUSDT,1739174400000,-2.743e-05,202.72,2025-02-10 08:00:00.000
SOLUSDT,1739203200000,-4.863e-05,202.96,2025-02-10 16:00:00.000
SOLUSDT,1739232000000,-0.00018095,200.34133623,2025-02-11 00:00:00.000
SOLUSDT,1739260800000,-0.00011994,204.31214257,2025-02-11 08:00:00.000
SOLUSDT,1739289600000,-0.00027714,199.31271069,2025-02-11 16:00:00.000
SOLUSDT,1739318400000,-0.00022332,197.88156182,2025-02-12 00:00:00.000
SOLUSDT,1739347200000,1.847e-05,195.169188,2025-02-12 08:00:00.000
SOLUSDT,1739376000001,7.002e-05,191.90963629,2025-02-12 16:00:00.001
SOLUSDT,1739404800001,3.627e-05,196.71,2025-02-13 00:00:00.001
SOLUSDT,1739433600000,-3.212e-05,192.98,2025-02-13 08:00:00.000
SOLUSDT,1739462400001,-0.00012867,191.85380679,2025-02-13 16:00:00.001
SOLUSDT,1739491200000,-1.559e-05,194.14399628,2025-02-14 00:00:00.000
SOLUSDT,1739520000001,8.32e-05,196.5,2025-02-14 08:00:00.001
SOLUSDT,1739548800000,8.466e-05,200.77,2025-02-14 16:00:00.000
SOLUSDT,1739577600000,8.582e-05,199.36178104,2025-02-15 00:00:00.000
SOLUSDT,1739606400000,3.121e-05,195.79615983,2025-02-15 08:00:00.000
SOLUSDT,1739635200000,-5.05e-05,194.53161831,2025-02-15 16:00:00.000
SOLUSDT,1739664000000,-5.811e-05,194.36630934,2025-02-16 00:00:00.000
SOLUSDT,1739692800000,-2.569e-05,192.79,2025-02-16 08:00:00.000
SOLUSDT,1739721600000,-0.00016876,190.2,2025-02-16 16:00:00.000
SOLUSDT,1739750400000,-0.00015544,188.14220351,2025-02-17 00:00:00.000
SOLUSDT,1739779200000,-0.00016029,181.26216702,2025-02-17 08:00:00.000
SOLUSDT,1739808000000,2.136e-05,180.26427814,2025-02-17 16:00:00.000
SOLUSDT,1739836800000,3.5e-05,177.47,2025-02-18 00:00:00.000
SOLUSDT,1739865600000,3.939e-05,165.58,2025-02-18 08:00:00.000
SOLUSDT,1739894400000,7.053e-05,165.87640835,2025-02-18 16:00:00.000
SOLUSDT,1739923200000,-1.072e-05,169.21263823,2025-02-19 00:00:00.000
SOLUSDT,1739952000000,3.53e-06,168.86937447,2025-02-19 08:00:00.000
SOLUSDT,1739980800000,-3.859e-05,169.66528311,2025-02-19 16:00:00.000
SOLUSDT,1740009600000,-6.024e-05,168.85,2025-02-20 00:00:00.000
SOLUSDT,1740038400000,1.172e-05,171.65788861,2025-02-20 08:00:00.000
SOLUSDT,1740067200000,-2.991e-05,171.5,2025-02-20 16:00:00.000
SOLUSDT,1740096000001,7.497e-05,175.97,2025-02-21 00:00:00.001
SOLUSDT,1740124800000,1.692e-05,175.75027027,2025-02-21 08:00:00.000
SOLUSDT,1740153600000,-4.765e-05,173.08,2025-02-21 16:00:00.000
SOLUSDT,1740182400000,-0.00011947,168.84,2025-02-22 00:00:00.000
SOLUSDT,1740211200000,-6.714e-05,171.65,2025-02-22 08:00:00.000
SOLUSDT,1740240000000,-6.107e-05,174.12119354,2025-02-22 16:00:00.000
SOLUSDT,1740268800000,9.111e-05,171.99,2025-02-23 00:00:00.000
SOLUSDT,1740297600000,7.31e-05,172.80308956,2025-02-23 08:00:00.000
SOLUSDT,1740326400000,-5.162e-05,166.68701706,2025-02-23 16:00:00.000
SOLUSDT,1740355200000,-6.07e-05,167.84,2025-02-24 00:00:00.000
SOLUSDT,1740384000000,-6.256e-05,160.90150419,2025-02-24 08:00:00.000
SOLUSDT,1740412800000,6.005e-05,152.61,2025-02-24 16:00:00.000
SOLUSDT,1740441600000,2.735e-05,141.75021548,2025-02-25 00:00:00.000
SOLUSDT,1740470400000,3.295e-05,136.27353948,2025-02-25 08:00:00.000
SOLUSDT,1740499200000,-5.354e-05,138.79367504,2025-02-25 16:00:00.000
SOLUSDT,1740528000000,-0.00010562,144.25,2025-02-26 00:00:00.000
SOLUSDT,1740556800000,2.46e-05,140.12,2025-02-26 08:00:00.000
SOLUSDT,1740585600000,3.131e-05,139.21,2025-02-26 16:00:00.000
SOLUSDT,1740614400001,7.728e-05,135.27,2025-02-27 00:00:00.001
SOLUSDT,1740643200000,2.605e-05,140.93,2025-02-27 08:00:00.000
SOLUSDT,1740672000000,0.0001,139.6,2025-02-27 16:00:00.000
SOLUSDT,1740700800001,0.0001,137.60169084,2025-02-28 00:00:00.001
SOLUSDT,1740729600000,0.0001,128.47944622,2025-02-28 08:00:00.000
SOLUSDT,1740758400000,0.0001,145.63,2025-02-28 16:00:00.000
SOLUSDT,1740787200000,0.0001,148.06548702,2025-03-01 00:00:00.000
SOLUSDT,1740816000000,8.741e-05,142.46,2025-03-01 08:00:00.000
SOLUSDT,1740844800001,7.852e-05,140.31787626,2025-03-01 16:00:00.001
SOLUSDT,1740873600000,-8.161e-05,143.56,2025-03-02 00:00:00.000
SOLUSDT,1740902400000,9.93e-05,143.72044887,2025-03-02 08:00:00.000
SOLUSDT,1740931200000,7.81e-05,157.29,2025-03-02 16:00:00.000
SOLUSDT,1740960000001,-3.892e-05,178.63590092,2025-03-03 00:00:00.001
SOLUSDT,1740988800000,6.535e-05,162.18,2025-03-03 08:00:00.000
SOLUSDT,1741017600000,-8.506e-05,157.7,2025-03-03 16:00:00.000
SOLUSDT,1741046400001,-7.114e-05,142.05,2025-03-04 00:00:00.001
SOLUSDT,1741075200005,-8.372e-05,135.98,2025-03-04 08:00:00.005
SOLUSDT,1741104000000,3.869e-05,138.51478272,2025-03-04 16:00:00.000
SOLUSDT,1741132800000,-0.00014911,144.70718577,2025-03-05 00:00:00.000
SOLUSDT,1741161600000,2.866e-05,142.8,2025-03-05 08:00:00.000
SOLUSDT,1741190400000,-6.413e-05,141.56049877,2025-03-05 16:00:00.000
SOLUSDT,1741219200000,-0.00011916,146.15682397,2025-03-06 00:00:00.000
SOLUSDT,1741248000001,-1.489e-05,148.57,2025-03-06 08:00:00.001
SOLUSDT,1741276800000,-3.599e-05,148.96,2025-03-06 16:00:00.000
SOLUSDT,1741305600000,-0.00011194,143.22,2025-03-07 00:00:00.000
SOLUSDT,1741334400001,-8.351e-05,144.23,2025-03-07 08:00:00.001
SOLUSDT,1741363200000,4.709e-05,144.80428919,2025-03-07 16:00:00.000
SOLUSDT,1741392000000,6.15e-05,139.3,2025-03-08 00:00:00.000
SOLUSDT,1741420800001,-3.422e-05,138.71541976,2025-03-08 08:00:00.001
SOLUSDT,1741449600001,-6.242e-05,137.11,2025-03-08 16:00:00.001
SOLUSDT,1741478400001,-0.00010535,136.93,2025-03-09 00:00:00.001
SOLUSDT,1741507200000,5.62e-06,139.55508954,2025-03-09 08:00:00.000
SOLUSDT,1741536000000,6.936e-05,130.13,2025-03-09 16:00:00.000
SOLUSDT,1741564800000,-5.692e-05,126.42511195,2025-03-10 00:00:00.000
SOLUSDT,1741593600000,-0.00010237,128.02045464,2025-03-10 08:00:00.000
SOLUSDT,1741622400000,-9.844e-05,121.88,2025-03-10 16:00:00.000
SOLUSDT,1741651200000,-0.00011653,118.26,2025-03-11 00:00:00.000
SOLUSDT,1741680000000,9.198e-05,123.05,2025-03-11 08:00:00.000
SOLUSDT,1741708800001,8.681e-05,124.94,2025-03-11 16:00:00.001
SOLUSDT,1741737600000,-7.98e-06,125.29,2025-03-12 00:00:00.000
SOLUSDT,1741766400000,3.25e-06,123.12761296,2025-03-12 08:00:00.000
SOLUSDT,1741795200001,-3.859e-05,124.4686367,2025-03-12 16:00:00.001
SOLUSDT,1741824000000,1.189e-05,126.55655286,2025-03-13 00:00:00.000
SOLUSDT,1741852800000,-7.287e-05,124.18,2025-03-13 08:00:00.000
SOLUSDT,1741881600000,7.399e-05,124.27303681,2025-03-13 16:00:00.000
SOLUSDT,1741910400000,3.347e-05,123.32,2025-03-14 00:00:00.000
SOLUSDT,1741939200000,0.0001,124.61,2025-03-14 08:00:00.000
SOLUSDT,1741968000000,9.595e-05,132.0859409,2025-03-14 16:00:00.000
SOLUSDT,1741996800000,0.0001,133.50023954,2025-03-15 00:00:00.000
SOLUSDT,1742025600000,7.299e-05,132.85890609,2025-03-15 08:00:00.000
SOLUSDT,1742054400000,-2.397e-05,135.04,2025-03-15 16:00:00.000
SOLUSDT,1742083200000,3.93e-06,135.79004921,2025-03-16 00:00:00.000
SOLUSDT,1742112000000,5.58e-05,134.58,2025-03-16 08:00:00.000
SOLUSDT,1742140800000,-3.228e-05,128.69635225,2025-03-16 16:00:00.000
SOLUSDT,1742169600000,-8.027e-05,126.05,2025-03-17 00:00:00.000
SOLUSDT,1742198400000,-5.403e-05,129.19,2025-03-17 08:00:00.000
SOLUSDT,1742227200000,-3.998e-05,127.47,2025-03-17 16:00:00.000
SOLUSDT,1742256000000,-6.365e-05,127.93387199,2025-03-18 00:00:00.000
SOLUSDT,1742284800000,-8.081e-05,125.10114641,2025-03-18 08:00:00.000
SOLUSDT,1742313600000,-2.71e-05,122.49298813,2025-03-18 16:00:00.000
SOLUSDT,1742342400000,-6.788e-05,125.26230239,2025-03-19 00:00:00.000
SOLUSDT,1742371200000,7.274e-05,125.63,2025-03-19 08:00:00.000
SOLUSDT,1742400000000,0.0001,132.26495301,2025-03-19 16:00:00.000
SOLUSDT,1742428800000,0.0001,135.3,2025-03-20 00:00:00.000
SOLUSDT,1742457600000,0.0001,133.9596567,2025-03-20 08:00:00.000
SOLUSDT,1742486400000,-1.871e-05,128.89721665,2025-03-20 16:00:00.000
SOLUSDT,1742515200000,-3.932e-05,127.53,2025-03-21 00:00:00.000
SOLUSDT,1742544000000,-1.407e-05,128.0,2025-03-21 08:00:00.000
SOLUSDT,1742572800000,-3.604e-05,125.92,2025-03-21 16:00:00.000
SOLUSDT,1742601600000,-3.723e-05,128.40449159,2025-03-22 00:00:00.000
SOLUSDT,1742630400004,-2.882e-05,128.74,2025-03-22 08:00:00.004
SOLUSDT,1742659200000,-8.49e-06,129.15415255,2025-03-22 16:00:00.000
SOLUSDT,1742688000000,-6.482e-05,128.44,2025-03-23 00:00:00.000
SOLUSDT,1742716800000,2.642e-05,131.08,2025-03-23 08:00:00.000
SOLUSDT,1742745600000,5.551e-05,132.44550601,2025-03-23 16:00:00.000
SOLUSDT,1742774400000,-2.538e-05,132.77034094,2025-03-24 00:00:00.000
SOLUSDT,1742803200000,0.0001,138.83,2025-03-24 08:00:00.000
SOLUSDT,1742832000000,5.301e-05,143.19202196,2025-03-24 16:00:00.000
SOLUSDT,1742860800001,0.0001,140.95,2025-03-25 00:00:00.001
SOLUSDT,1742889600000,1.127e-05,139.39331957,2025-03-25 08:00:00.000
SOLUSDT,1742918400000,1.713e-05,145.22097202,2025-03-25 16:00:00.000
SOLUSDT,1742947200000,6.16e-06,143.6,2025-03-26 00:00:00.000
SOLUSDT,1742976000000,-4.441e-05,144.44,2025-03-26 08:00:00.000
SOLUSDT,1743004800001,-0.00012817,139.25602689,2025-03-26 16:00:00.001
SOLUSDT,1743033600001,-0.00013711,137.26,2025-03-27 00:00:00.001
SOLUSDT,1743062400001,-5.633e-05,138.80967611,2025-03-27 08:00:00.001
SOLUSDT,1743091200002,-2.555e-05,137.70812692,2025-03-27 16:00:00.002
SOLUSDT,1743120000001,-3.227e-05,138.37,2025-03-28 00:00:00.001
SOLUSDT,1743148800001,-0.00010137,131.54072372,2025-03-28 08:00:00.001
SOLUSDT,1743177600000,-9.351e-05,129.85266281,2025-03-28 16:00:00.000
SOLUSDT,1743206400000,-4.899e-05,129.40185333,2025-03-29 00:00:00.000
SOLUSDT,1743235200000,2.251e-05,126.33,2025-03-29 08:00:00.000
SOLUSDT,1743264000000,-8.909e-05,126.23,2025-03-29 16:00:00.000
SOLUSDT,1743292800000,-0.00025778,124.5,2025-03-30 00:00:00.000
SOLUSDT,1743321600000,-0.00040116,125.38,2025-03-30 08:00:00.000
SOLUSDT,1743350400000,-0.00018023,124.85,2025-03-30 16:00:00.000
SOLUSDT,1743379200000,-0.0002337,124.74,2025-03-31 00:00:00.000
SOLUSDT,1743408000000,-7.84e-06,125.83,2025-03-31 08:00:00.000
SOLUSDT,1743436800000,-4.24e-06,126.71,2025-03-31 16:00:00.000
SOLUSDT,1743465600000,-9.179e-05,124.49277192,2025-04-01 00:00:00.000
SOLUSDT,1743494400001,-5.66e-06,126.62529522,2025-04-01 08:00:00.001
SOLUSDT,1743523200000,-5.281e-05,129.21,2025-04-01 16:00:00.000
SOLUSDT,1743552000001,-6.427e-05,126.61,2025-04-02 00:00:00.001
SOLUSDT,1743580800000,-0.00013428,124.46488475,2025-04-02 08:00:00.000
SOLUSDT,1743609600000,4.319e-05,130.36914386,2025-04-02 16:00:00.000
SOLUSDT,1743638400000,-7.645e-05,117.33,2025-04-03 00:00:00.000
SOLUSDT,1743667200000,-7.305e-05,118.58233938,2025-04-03 08:00:00.000
SOLUSDT,1743696000000,-0.00011099,114.08299728,2025-04-03 16:00:00.000
SOLUSDT,1743724800000,-0.00033632,117.05,2025-04-04 00:00:00.000
SOLUSDT,1743753600000,-1.52e-06,118.12,2025-04-04 08:00:00.000
SOLUSDT,1743782400000,5.6e-06,118.54,2025-04-04 16:00:00.000
SOLUSDT,1743811200000,4.038e-05,122.73914211,2025-04-05 00:00:00.000
SOLUSDT,1743840000000,9.687e-05,121.02,2025-04-05 08:00:00.000
SOLUSDT,1743868800000,2.06e-05,117.49301842,2025-04-05 16:00:00.000
SOLUSDT,1743897600000,-5.619e-05,120.24932368,2025-04-06 00:00:00.000
SOLUSDT,1743926400000,0.0001,119.14,2025-04-06 08:00:00.000
SOLUSDT,1743955200002,-5.463e-05,114.91,2025-04-06 16:00:00.002
SOLUSDT,1743984000000,-5.72e-06,105.85953176,2025-04-07 00:00:00.000
SOLUSDT,1744012800000,3.966e-05,97.09,2025-04-07 08:00:00.000
SOLUSDT,1744041600000,-5.584e-05,106.62697982,2025-04-07 16:00:00.000
SOLUSDT,1744070400000,-0.00011753,106.9127807,2025-04-08 00:00:00.000
SOLUSDT,1744099200000,-4.472e-05,108.63448772,2025-04-08 08:00:00.000
SOLUSDT,1744128000000,-0.00023327,107.15,2025-04-08 16:00:00.000
SOLUSDT,1744156800000,-8.09e-05,105.32,2025-04-09 00:00:00.000
SOLUSDT,1744185600001,-7.831e-05,107.32,2025-04-09 08:00:00.001
SOLUSDT,1744214400000,7.621e-05,106.49,2025-04-09 16:00:00.000
SOLUSDT,1744243200000,0.0001,119.01393158,2025-04-10 00:00:00.000
SOLUSDT,1744272000000,0.0001,114.75,2025-04-10 08:00:00.000
SOLUSDT,1744300800000,3.456e-05,109.53,2025-04-10 16:00:00.000
SOLUSDT,1744329600001,-6.109e-05,112.75960702,2025-04-11 00:00:00.001
SOLUSDT,1744358400000,4.298e-05,116.53,2025-04-11 08:00:00.000
SOLUSDT,1744387200000,0.0001,119.88132456,2025-04-11 16:00:00.000
SOLUSDT,1744416000000,5.911e-05,121.33030702,2025-04-12 00:00:00.000
SOLUSDT,1744444800001,-1.714e-05,124.18,2025-04-12 08:00:00.001
SOLUSDT,1744473600000,2.768e-05,130.43,2025-04-12 16:00:00.000
SOLUSDT,1744502400000,-3.35e-06,132.17447018,2025-04-13 00:00:00.000
SOLUSDT,1744531200000,0.0001,128.50478596,2025-04-13 08:00:00.000
SOLUSDT,1744560000000,8.174e-05,128.66694123,2025-04-13 16:00:00.000
SOLUSDT,1744588800000,9.053e-05,128.3,2025-04-14 00:00:00.000
SOLUSDT,1744617600000,-3.957e-05,132.23249825,2025-04-14 08:00:00.000
SOLUSDT,1744646400000,-9.45e-05,128.70917423,2025-04-14 16:00:00.000
SOLUSDT,1744675200000,-5.912e-05,129.34,2025-04-15 00:00:00.000
SOLUSDT,1744704000000,-0.00013087,131.48,2025-04-15 08:00:00.000
SOLUSDT,1744732800001,1.824e-05,129.54,2025-04-15 16:00:00.001
SOLUSDT,1744761600000,-9.158e-05,126.06,2025-04-16 00:00:00.000
SOLUSDT,1744790400000,-3.187e-05,124.73429038,2025-04-16 08:00:00.000
SOLUSDT,1744819200000,-2.327e-05,128.32305439,2025-04-16 16:00:00.000
SOLUSDT,1744848000001,0.0001,131.29,2025-04-17 00:00:00.001
SOLUSDT,1744876800000,0.0001,134.22,2025-04-17 08:00:00.000
SOLUSDT,1744905600001,1.614e-05,133.39,2025-04-17 16:00:00.001
SOLUSDT,1744934400000,1.84e-06,134.76002105,2025-04-18 00:00:00.000
SOLUSDT,1744963200000,-1.498e-05,134.86,2025-04-18 08:00:00.000
SOLUSDT,1744992000000,-3.334e-05,132.81932895,2025-04-18 16:00:00.000
SOLUSDT,1745020800000,-5.659e-05,133.97070145,2025-04-19 00:00:00.000
SOLUSDT,1745049600000,-5.634e-05,138.67,2025-04-19 08:00:00.000
SOLUSDT,1745078400000,-0.00013071,138.87,2025-04-19 16:00:00.000
SOLUSDT,1745107200000,-7.971e-05,139.77,2025-04-20 00:00:00.000
SOLUSDT,1745136000000,-0.00016975,139.52275877,2025-04-20 08:00:00.000
SOLUSDT,1745164800000,-0.00013544,135.88,2025-04-20 16:00:00.000
SOLUSDT,1745193600000,-0.00019655,137.77072105,2025-04-21 00:00:00.000
SOLUSDT,1745222400005,-0.0001549,140.08,2025-04-21 08:00:00.005
SOLUSDT,1745251200003,-0.00010934,138.26,2025-04-21 16:00:00.003
SOLUSDT,1745280000008,-0.00025936,136.44,2025-04-22 00:00:00.008
SOLUSDT,1745308800000,3.362e-05,140.12,2025-04-22 08:00:00.000
SOLUSDT,1745337600000,4.549e-05,145.25889649,2025-04-22 16:00:00.000
SOLUSDT,1745366400000,0.0001,148.7,2025-04-23 00:00:00.000
SOLUSDT,1745395200002,-3.559e-05,151.52380762,2025-04-23 08:00:00.002
SOLUSDT,1745424000000,6.137e-05,151.35349792,2025-04-23 16:00:00.000
SOLUSDT,1745452800000,0.0001,151.09161875,2025-04-24 00:00:00.000
SOLUSDT,1745481600001,0.0001,147.12696458,2025-04-24 08:00:00.001
SOLUSDT,1745510400001,5.163e-05,149.25,2025-04-24 16:00:00.001
SOLUSDT,1745539200007,0.0001,152.50556771,2025-04-25 00:00:00.007
SOLUSDT,1745568000002,0.0001,154.82059688,2025-04-25 08:00:00.002
SOLUSDT,1745596800003,1.235e-05,152.8352625,2025-04-25 16:00:00.003
SOLUSDT,1745625600002,1.05e-05,150.76,2025-04-26 00:00:00.002
SOLUSDT,1745654400000,-4.023e-05,151.28,2025-04-26 08:00:00.000
SOLUSDT,1745683200002,-7.805e-05,149.21485312,2025-04-26 16:00:00.002
SOLUSDT,1745712000001,1.325e-05,149.14,2025-04-27 00:00:00.001
SOLUSDT,1745740800000,-7.219e-05,147.35,2025-04-27 08:00:00.000
SOLUSDT,1745769600000,5.977e-05,148.94,2025-04-27 16:00:00.000
SOLUSDT,1745798400001,-2.3e-05,147.90228125,2025-04-28 00:00:00.001
SOLUSDT,1745827200003,5.514e-05,151.04,2025-04-28 08:00:00.003
SOLUSDT,1745856000005,-0.00010338,146.23,2025-04-28 16:00:00.005
SOLUSDT,1745884800000,-0.00016044,147.76,2025-04-29 00:00:00.000
SOLUSDT,1745913600000,-4.373e-05,148.82,2025-04-29 08:00:00.000
SOLUSDT,1745942400010,2.238e-05,147.92,2025-04-29 16:00:00.010
SOLUSDT,1745971200001,-6.214e-05,146.20970877,2025-04-30 00:00:00.001
SOLUSDT,1746000000000,-5.841e-05,146.33,2025-04-30 08:00:00.000
SOLUSDT,1746028800003,-0.0001511,142.1614614,2025-04-30 16:00:00.003
SOLUSDT,1746057600000,4.946e-05,147.4772386,2025-05-01 00:00:00.000
SOLUSDT,1746086400000,8.433e-05,149.72746667,2025-05-01 08:00:00.000
SOLUSDT,1746115200001,5.6e-06,151.77,2025-05-01 16:00:00.001
SOLUSDT,1746144000000,2.49e-05,150.76346579,2025-05-02 00:00:00.000
SOLUSDT,1746172800000,-5.683e-05,148.43,2025-05-02 08:00:00.000
SOLUSDT,1746201600003,-5.442e-05,149.82,2025-05-02 16:00:00.003
SOLUSDT,1746230400000,-0.00012523,147.94767604,2025-05-03 00:00:00.000
SOLUSDT,1746259200000,-3.821e-05,148.02040877,2025-05-03 08:00:00.000
SOLUSDT,1746288000000,-9.958e-05,148.38497544,2025-05-03 16:00:00.000
SOLUSDT,1746316800001,-4.04e-06,146.63567544,2025-05-04 00:00:00.001
SOLUSDT,1746345600001,-4.138e-05,145.57,2025-05-04 08:00:00.001
SOLUSDT,1746374400002,-0.00012151,146.72538246,2025-05-04 16:00:00.002
SOLUSDT,1746403200000,-6.756e-05,143.87029825,2025-05-05 00:00:00.000
SOLUSDT,1746432000000,1.617e-05,146.8,2025-05-05 08:00:00.000
SOLUSDT,1746460800006,-9.298e-05,143.66304649,2025-05-05 16:00:00.006
SOLUSDT,1746489600002,6.405e-05,146.65,2025-05-06 00:00:00.002
SOLUSDT,1746518400005,-4.546e-05,145.19346053,2025-05-06 08:00:00.005
SOLUSDT,1746547200000,-2.434e-05,143.11,2025-05-06 16:00:00.000
SOLUSDT,1746576000002,8.971e-05,146.83,2025-05-07 00:00:00.002
SOLUSDT,1746604800000,3.313e-05,147.19097544,2025-05-07 08:00:00.000
SOLUSDT,1746633600006,6.688e-05,145.6776,2025-05-07 16:00:00.006
SOLUSDT,1746662400000,2.457e-05,147.27,2025-05-08 00:00:00.000
SOLUSDT,1746691200001,5.832e-05,151.51,2025-05-08 08:00:00.001
SOLUSDT,1746720000002,9.64e-05,160.16273684,2025-05-08 16:00:00.002
SOLUSDT,1746748800001,0.0001,164.44475439,2025-05-09 00:00:00.001
SOLUSDT,1746777600006,0.0001,165.06110614,2025-05-09 08:00:00.006
SOLUSDT,1746806400000,0.0001,170.73,2025-05-09 16:00:00.000
SOLUSDT,1746835200001,0.0001,172.74,2025-05-10 00:00:00.001
SOLUSDT,1746864000000,0.0001,172.29862412,2025-05-10 08:00:00.000
SOLUSDT,1746892800001,0.0001,171.02073684,2025-05-10 16:00:00.001
SOLUSDT,1746921600000,0.0001,177.87069825,2025-05-11 00:00:00.000
SOLUSDT,1746950400001,0.0001,172.59454912,2025-05-11 08:00:00.001
SOLUSDT,1746979200001,5.117e-05,170.41,2025-05-11 16:00:00.001
SOLUSDT,1747008000004,3.571e-05,173.09405,2025-05-12 00:00:00.004
SOLUSDT,1747036800000,6.886e-05,176.03,2025-05-12 08:00:00.000
SOLUSDT,1747065600000,0.0001,174.4,2025-05-12 16:00:00.000
SOLUSDT,1747094400000,8.216e-05,174.14,2025-05-13 00:00:00.000
SOLUSDT,1747123200008,0.0001,171.42,2025-05-13 08:00:00.008
SOLUSDT,1747152000001,4.667e-05,176.0033386,2025-05-13 16:00:00.001
SOLUSDT,1747180800007,0.0001,183.72067456,2025-05-14 00:00:00.007
SOLUSDT,1747209600000,0.0001,181.68896579,2025-05-14 08:00:00.000
SOLUSDT,1747238400002,2.295e-05,177.26,2025-05-14 16:00:00.002
SOLUSDT,1747267200000,-2.267e-05,176.52094781,2025-05-15 00:00:00.000
SOLUSDT,1747296000003,9.24e-06,170.34,2025-05-15 08:00:00.003
SOLUSDT,1747324800000,3.324e-05,172.14809737,2025-05-15 16:00:00.000
SOLUSDT,1747353600001,-1.229e-05,169.06,2025-05-16 00:00:00.001
SOLUSDT,1747382400000,8.483e-05,172.07,2025-05-16 08:00:00.000
SOLUSDT,1747411200000,-1.038e-05,172.01804474,2025-05-16 16:00:00.000
SOLUSDT,1747440000000,-4.807e-05,167.36287412,2025-05-17 00:00:00.000
SOLUSDT,1747468800001,3.475e-05,168.49,2025-05-17 08:00:00.001
SOLUSDT,1747497600004,1.111e-05,167.21177807,2025-05-17 16:00:00.004
SOLUSDT,1747526400000,2.02e-05,165.88,2025-05-18 00:00:00.000
SOLUSDT,1747555200000,7.853e-05,170.59,2025-05-18 08:00:00.000
SOLUSDT,1747584000000,5.057e-05,176.2,2025-05-18 16:00:00.000
SOLUSDT,1747612800000,-1.197e-05,173.24,2025-05-19 00:00:00.000
SOLUSDT,1747641600006,-0.00013744,161.7932807,2025-05-19 08:00:00.006
SOLUSDT,1747670400010,-0.00010509,164.09827851,2025-05-19 16:00:00.010
SOLUSDT,1747699200000,7.217e-05,166.71779649,2025-05-20 00:00:00.000
SOLUSDT,1747728000002,0.0001,167.3,2025-05-20 08:00:00.002
SOLUSDT,1747756800000,-2.235e-05,166.54,2025-05-20 16:00:00.000
SOLUSDT,1747785600000,6.901e-05,168.51,2025-05-21 00:00:00.000
SOLUSDT,1747814400001,9.58e-05,168.76,2025-05-21 08:00:00.001
SOLUSDT,1747843200004,9.897e-05,172.12,2025-05-21 16:00:00.004
SOLUSDT,1747872000001,7.607e-05,173.49895439,2025-05-22 00:00:00.001
SOLUSDT,1747900800000,0.0001,178.45,2025-05-22 08:00:00.000
SOLUSDT,1747929600002,0.0001,178.9087386,2025-05-22 16:00:00.002
SOLUSDT,1747958400006,0.0001,179.6,2025-05-23 00:00:00.006
SOLUSDT,1747987200000,0.0001,182.49,2025-05-23 08:00:00.000
SOLUSDT,1748016000007,0.0001,180.61,2025-05-23 16:00:00.007
SOLUSDT,1748044800010,0.0001,173.92919035,2025-05-24 00:00:00.010
SOLUSDT,1748073600000,-2.064e-05,173.8414386,2025-05-24 08:00:00.000
SOLUSDT,1748102400003,1.263e-05,176.23556053,2025-05-24 16:00:00.003
SOLUSDT,1748131200004,6.352e-05,175.81,2025-05-25 00:00:00.004
SOLUSDT,1748160000000,-3.821e-05,172.27191272,2025-05-25 08:00:00.000
SOLUSDT,1748188800000,-3.651e-05,170.21376447,2025-05-25 16:00:00.000
SOLUSDT,1748217600000,-9.9e-06,175.65,2025-05-26 00:00:00.000
SOLUSDT,1748246400000,1.765e-05,178.07513684,2025-05-26 08:00:00.000
SOLUSDT,1748275200002,8.686e-05,177.38,2025-05-26 16:00:00.002
SOLUSDT,1748304000003,-8.877e-05,174.80368026,2025-05-27 00:00:00.003
SOLUSDT,1748332800001,-2.909e-05,175.38,2025-05-27 08:00:00.001
SOLUSDT,1748361600005,0.0001,178.4,2025-05-27 16:00:00.005
SOLUSDT,1748390400002,0.0001,176.64447588,2025-05-28 00:00:00.002
SOLUSDT,1748419200003,-2.762e-05,173.81,2025-05-28 08:00:00.003
SOLUSDT,1748448000002,-0.00013891,169.58,2025-05-28 16:00:00.002
SOLUSDT,1748476800000,-8.565e-05,172.12576447,2025-05-29 00:00:00.000
SOLUSDT,1748505600006,7.947e-05,172.17,2025-05-29 08:00:00.006
SOLUSDT,1748534400000,-3.067e-05,169.65,2025-05-29 16:00:00.000
SOLUSDT,1748563200003,-1.093e-05,166.62,2025-05-30 00:00:00.003
SOLUSDT,1748592000003,-5.322e-05,162.59,2025-05-30 08:00:00.003
SOLUSDT,1748620800000,3.101e-05,161.11,2025-05-30 16:00:00.000
SOLUSDT,1748649600000,3.422e-05,156.12199123,2025-05-31 00:00:00.000
SOLUSDT,1748678400000,1.633e-05,154.77,2025-05-31 08:00:00.000
SOLUSDT,1748707200000,-0.00010143,155.52383728,2025-05-31 16:00:00.000
SOLUSDT,1748736000001,-6.233e-05,156.37,2025-06-01 00:00:00.001
SOLUSDT,1748764800002,-8.005e-05,154.35154326,2025-06-01 08:00:00.002
SOLUSDT,1748793600000,-4.325e-05,154.08,2025-06-01 16:00:00.000
SOLUSDT,1748822400001,4.401e-05,157.62,2025-06-02 00:00:00.001
SOLUSDT,1748851200000,4.587e-05,155.46115877,2025-06-02 08:00:00.000
SOLUSDT,1748880000000,-3.75e-06,153.09,2025-06-02 16:00:00.000
SOLUSDT,1748908800000,4.371e-05,156.74,2025-06-03 00:00:00.000
SOLUSDT,1748937600000,6.746e-05,159.75,2025-06-03 08:00:00.000
SOLUSDT,1748966400001,5.76e-06,162.12,2025-06-03 16:00:00.001
SOLUSDT,1748995200000,-4.581e-05,155.10815746,2025-06-04 00:00:00.000
SOLUSDT,1749024000000,5.065e-05,156.34891228,2025-06-04 08:00:00.000
SOLUSDT,1749052800000,1.795e-05,157.06,2025-06-04 16:00:00.000
SOLUSDT,1749081600016,1.332e-05,153.19,2025-06-05 00:00:00.016
SOLUSDT,1749110400000,3.552e-05,152.36,2025-06-05 08:00:00.000
SOLUSDT,1749139200000,-6.04e-06,150.81,2025-06-05 16:00:00.000
SOLUSDT,1749168000002,-6.476e-05,144.21257632,2025-06-06 00:00:00.002
SOLUSDT,1749196800000,-0.00011387,147.29542281,2025-06-06 08:00:00.000
SOLUSDT,1749225600006,-1.384e-05,151.01787281,2025-06-06 16:00:00.006
SOLUSDT,1749254400000,6.211e-05,147.77,2025-06-07 00:00:00.000
SOLUSDT,1749283200000,1.3e-05,152.30123596,2025-06-07 08:00:00.000
SOLUSDT,1749312000002,-2.393e-05,150.92,2025-06-07 16:00:00.002
SOLUSDT,1749340800000,-7.4e-07,149.98,2025-06-08 00:00:00.000
SOLUSDT,1749369600000,4.196e-05,149.22,2025-06-08 08:00:00.000
SOLUSDT,1749398400000,-2.649e-05,150.63,2025-06-08 16:00:00.000
SOLUSDT,1749427200000,0.0001,152.39030175,2025-06-09 00:00:00.000
SOLUSDT,1749456000001,2.864e-05,150.78,2025-06-09 08:00:00.001
SOLUSDT,1749484800001,4.81e-05,154.9285364,2025-06-09 16:00:00.001
SOLUSDT,1749513600000,9.077e-05,161.09,2025-06-10 00:00:00.000
SOLUSDT,1749542400001,0.0001,158.39,2025-06-10 08:00:00.001
SOLUSDT,1749571200003,-1.13e-06,157.97,2025-06-10 16:00:00.003
SOLUSDT,1749600000000,0.0001,165.06,2025-06-11 00:00:00.000
SOLUSDT,1749628800000,0.0001,166.59149167,2025-06-11 08:00:00.000
SOLUSDT,1749657600010,0.0001,167.2,2025-06-11 16:00:00.010
SOLUSDT,1749686400002,5.193e-05,160.90971454,2025-06-12 00:00:00.002
SOLUSDT,1749715200003,3.997e-05,158.71141905,2025-06-12 08:00:00.003
SOLUSDT,1749744000001,-2.02e-06,156.94063377,2025-06-12 16:00:00.001
SOLUSDT,1749772800000,-1.707e-05,152.25097588,2025-06-13 00:00:00.000
SOLUSDT,1749801600001,-9.27e-05,144.92041659,2025-06-13 08:00:00.001
SOLUSDT,1749830400004,1.064e-05,147.09,2025-06-13 16:00:00.004
SOLUSDT,1749859200000,8.928e-05,148.53,2025-06-14 00:00:00.000
SOLUSDT,1749888000000,2.159e-05,146.11,2025-06-14 08:00:00.000
SOLUSDT,1749916800000,-4.8e-06,144.46155175,2025-06-14 16:00:00.000
SOLUSDT,1749945600005,-3.76e-05,144.56,2025-06-15 00:00:00.005
SOLUSDT,1749974400009,7.334e-05,145.82,2025-06-15 08:00:00.009
SOLUSDT,1750003200000,8.709e-05,150.77,2025-06-15 16:00:00.000
SOLUSDT,1750032000000,0.0001,152.89,2025-06-16 00:00:00.000
SOLUSDT,1750060800000,0.0001,157.19949956,2025-06-16 08:00:00.000
SOLUSDT,1750089600003,-6.24e-06,156.49,2025-06-16 16:00:00.003
SOLUSDT,1750118400000,9.96e-06,150.67078596,2025-06-17 00:00:00.000
SOLUSDT,1750147200006,0.0001,152.61862237,2025-06-17 08:00:00.006
SOLUSDT,1750176000001,5.322e-05,147.55,2025-06-17 16:00:00.001
SOLUSDT,1750204800001,5.552e-05,147.49,2025-06-18 00:00:00.001
SOLUSDT,1750233600001,-7.1e-06,147.91312412,2025-06-18 08:00:00.001
SOLUSDT,1750262400001,-2.074e-05,145.68091404,2025-06-18 16:00:00.001
SOLUSDT,1750291200005,2.853e-05,146.28,2025-06-19 00:00:00.005
SOLUSDT,1750320000003,2.565e-05,145.0,2025-06-19 08:00:00.003
SOLUSDT,1750348800000,1.075e-05,143.08,2025-06-19 16:00:00.000
SOLUSDT,1750377600000,5.538e-05,146.97565746,2025-06-20 00:00:00.000
SOLUSDT,1750406400002,4.09e-05,147.4,2025-06-20 08:00:00.002
SOLUSDT,1750435200001,1.443e-05,142.76,2025-06-20 16:00:00.001
SOLUSDT,1750464000002,-5.118e-05,140.02,2025-06-21 00:00:00.002
SOLUSDT,1750492800005,-7.613e-05,140.55,2025-06-21 08:00:00.005
SOLUSDT,1750521600000,2.732e-05,140.23,2025-06-21 16:00:00.000
SOLUSDT,1750550400005,-3.464e-05,135.33827939,2025-06-22 00:00:00.005
SOLUSDT,1750579200000,3.965e-05,134.75,2025-06-22 08:00:00.000
SOLUSDT,1750608000003,8.55e-06,128.53444605,2025-06-22 16:00:00.003
SOLUSDT,1750636800000,4.979e-05,131.675925,2025-06-23 00:00:00.000
SOLUSDT,1750665600004,4.69e-06,134.32,2025-06-23 08:00:00.004
SOLUSDT,1750694400013,1.44e-05,133.35,2025-06-23 16:00:00.013
SOLUSDT,1750723200003,8.638e-05,144.41,2025-06-24 00:00:00.003
SOLUSDT,1750752000000,-2.013e-05,143.96364693,2025-06-24 08:00:00.000
SOLUSDT,1750780800000,2.041e-05,144.24,2025-06-24 16:00:00.000
SOLUSDT,1750809600005,-1.345e-05,145.82440482,2025-06-25 00:00:00.005
SOLUSDT,1750838400000,0.0001,146.94988728,2025-06-25 08:00:00.000
SOLUSDT,1750867200005,4.739e-05,143.61,2025-06-25 16:00:00.005
SOLUSDT,1750896000000,3.413e-05,143.49,2025-06-26 00:00:00.000
SOLUSDT,1750924800006,2.145e-05,145.07359649,2025-06-26 08:00:00.006
SOLUSDT,1750953600007,-6.184e-05,142.9372386,2025-06-26 16:00:00.007
SOLUSDT,1750982400000,-6.442e-05,138.98,2025-06-27 00:00:00.000
SOLUSDT,1751011200000,1.541e-05,140.26209054,2025-06-27 08:00:00.000
SOLUSDT,1751040000009,1.738e-05,143.4,2025-06-27 16:00:00.009
SOLUSDT,1751068800001,6.933e-05,142.03001667,2025-06-28 00:00:00.001
SOLUSDT,1751097600002,0.0001,146.45733333,2025-06-28 08:00:00.002
SOLUSDT,1751126400000,0.0001,148.10836491,2025-06-28 16:00:00.000
SOLUSDT,1751155200004,0.0001,150.67,2025-06-29 00:00:00.004
SOLUSDT,1751184000001,0.0001,150.26,2025-06-29 08:00:00.001
SOLUSDT,1751212800001,3.46e-05,150.69125965,2025-06-29 16:00:00.001
SOLUSDT,1751241600000,6.987e-05,153.22808158,2025-06-30 00:00:00.000
SOLUSDT,1751270400005,8.33e-06,150.59659474,2025-06-30 08:00:00.005
SOLUSDT,1751299200002,3.926e-05,157.78,2025-06-30 16:00:00.002
SOLUSDT,1751328000007,9.123e-05,154.74839561,2025-07-01 00:00:00.007
SOLUSDT,1751356800002,5.05e-05,149.97504059,2025-07-01 08:00:00.002
SOLUSDT,1751385600000,-7.235e-05,147.13,2025-07-01 16:00:00.000
SOLUSDT,1751414400001,-5.826e-05,146.79291667,2025-07-02 00:00:00.001
SOLUSDT,1751443200000,-4.281e-05,149.03,2025-07-02 08:00:00.000
SOLUSDT,1751472000003,-4.92e-06,151.25,2025-07-02 16:00:00.003
SOLUSDT,1751500800006,7.514e-05,152.24,2025-07-03 00:00:00.006
SOLUSDT,1751529600003,8.784e-05,155.53,2025-07-03 08:00:00.003
SOLUSDT,1751558400003,-8.08e-06,150.09544474,2025-07-03 16:00:00.003
SOLUSDT,1751587200005,-1.339e-05,152.28169518,2025-07-04 00:00:00.005
SOLUSDT,1751616000003,9.974e-05,150.42292895,2025-07-04 08:00:00.003
SOLUSDT,1751644800001,-6.162e-05,146.50265789,2025-07-04 16:00:00.001
SOLUSDT,1751673600004,-0.00015145,147.59,2025-07-05 00:00:00.004
SOLUSDT,1751702400009,-7.863e-05,147.78,2025-07-05 08:00:00.009
SOLUSDT,1751731200006,-6.498e-05,147.04813333,2025-07-05 16:00:00.006
SOLUSDT,1751760000001,-3.364e-05,147.5,2025-07-06 00:00:00.001
SOLUSDT,1751788800002,-7.54e-05,147.82,2025-07-06 08:00:00.002
SOLUSDT,1751817600004,3.442e-05,151.48,2025-07-06 16:00:00.004
SOLUSDT,1751846400000,0.0001,151.81,2025-07-07 00:00:00.000
SOLUSDT,1751875200007,6.88e-05,152.30300482,2025-07-07 08:00:00.007
SOLUSDT,1751904000000,3.57e-05,150.99421184,2025-07-07 16:00:00.000
SOLUSDT,1751932800010,3.474e-05,148.82,2025-07-08 00:00:00.010
SOLUSDT,1751961600003,-3.311e-05,149.57875088,2025-07-08 08:00:00.003
SOLUSDT,1751990400000,-7.41e-06,149.79,2025-07-08 16:00:00.000
SOLUSDT,1752019200002,2.053e-05,151.59,2025-07-09 00:00:00.002
SOLUSDT,1752048000006,1.7e-07,152.94,2025-07-09 08:00:00.006
SOLUSDT,1752076800001,5.52e-06,153.91,2025-07-09 16:00:00.001
SOLUSDT,1752105600003,0.0001,157.00600833,2025-07-10 00:00:00.003
SOLUSDT,1752134400000,2.127e-05,157.83,2025-07-10 08:00:00.000
SOLUSDT,1752163200004,1.69e-05,156.37,2025-07-10 16:00:00.004
SOLUSDT,1752192000004,0.0001,164.28716754,2025-07-11 00:00:00.004
SOLUSDT,1752220800007,4.064e-05,163.18,2025-07-11 08:00:00.007
SOLUSDT,1752249600001,0.0001,162.27551842,2025-07-11 16:00:00.001
SOLUSDT,1752278400000,0.0001,162.8788386,2025-07-12 00:00:00.000
SOLUSDT,1752307200001,0.0001,163.16,2025-07-12 08:00:00.001
SOLUSDT,1752336000002,0.0001,158.07,2025-07-12 16:00:00.002
SOLUSDT,1752364800006,0.0001,160.63,2025-07-13 00:00:00.006
SOLUSDT,1752393600001,0.0001,162.58065132,2025-07-13 08:00:00.001
SOLUSDT,1752422400003,7.719e-05,161.95,2025-07-13 16:00:00.003
SOLUSDT,1752451200000,3.59e-05,161.05029868,2025-07-14 00:00:00.000
SOLUSDT,1752480000000,0.0001,167.18102982,2025-07-14 08:00:00.000
SOLUSDT,1752508800000,0.0001,163.92204956,2025-07-14 16:00:00.000
SOLUSDT,1752537600002,7.758e-05,162.14343991,2025-07-15 00:00:00.002
SOLUSDT,1752566400000,-3.61e-06,159.45340526,2025-07-15 08:00:00.000
SOLUSDT,1752595200000,2.244e-05,160.39,2025-07-15 16:00:00.000
SOLUSDT,1752624000000,0.0001,163.99894254,2025-07-16 00:00:00.000
SOLUSDT,1752652800000,0.0001,164.03167105,2025-07-16 08:00:00.000
SOLUSDT,1752681600008,0.0001,168.43,2025-07-16 16:00:00.008
SOLUSDT,1752710400003,0.0001,173.63,2025-07-17 00:00:00.003
SOLUSDT,1752739200000,0.0001,173.98,2025-07-17 08:00:00.000
SOLUSDT,1752768000000,0.0001,174.12,2025-07-17 16:00:00.000
SOLUSDT,1752796800004,0.0001,175.82,2025-07-18 00:00:00.004
SOLUSDT,1752825600000,0.0001,181.15,2025-07-18 08:00:00.000
SOLUSDT,1752854400000,0.0001,177.02986842,2025-07-18 16:00:00.000
SOLUSDT,1752883200009,0.0001,177.21,2025-07-19 00:00:00.009
SOLUSDT,1752912000000,0.0001,176.99,2025-07-19 08:00:00.000
SOLUSDT,1752940800002,0.0001,177.37645921,2025-07-19 16:00:00.002
SOLUSDT,1752969600000,0.0001,176.93442456,2025-07-20 00:00:00.000
SOLUSDT,1752998400000,0.0001,177.92,2025-07-20 08:00:00.000
SOLUSDT,1753027200000,0.0001,181.93,2025-07-20 16:00:00.000
SOLUSDT,1753056000001,0.0001,181.41071272,2025-07-21 00:00:00.001
SOLUSDT,1753084800000,0.0001,190.1,2025-07-21 08:00:00.000
SOLUSDT,1753113600001,0.000129,196.86700263,2025-07-21 16:00:00.001
SOLUSDT,1753142400000,0.0001,195.73310482,2025-07-22 00:00:00.000
SOLUSDT,1753171200010,0.0001,198.08459254,2025-07-22 08:00:00.010
SOLUSDT,1753200000007,0.0001,201.85002237,2025-07-22 16:00:00.007
SOLUSDT,1753228800000,0.0001,205.77987588,2025-07-23 00:00:00.000
SOLUSDT,1753257600004,0.0001,199.49798509,2025-07-23 08:00:00.004
SOLUSDT,1753286400002,0.0001,192.71,2025-07-23 16:00:00.002
SOLUSDT,1753315200000,0.0001,189.38281579,2025-07-24 00:00:00.000
SOLUSDT,1753344000001,0.0001,184.16258158,2025-07-24 08:00:00.001
SOLUSDT,1753372800000,0.0001,188.47,2025-07-24 16:00:00.000
SOLUSDT,1753401600000,0.0001,182.77,2025-07-25 00:00:00.000
SOLUSDT,1753430400000,6.102e-05,177.47048947,2025-07-25 08:00:00.000
SOLUSDT,1753459200000,0.0001,178.14628904,2025-07-25 16:00:00.000
SOLUSDT,1753488000001,0.0001,186.69139161,2025-07-26 00:00:00.001
SOLUSDT,1753516800005,0.0001,186.41,2025-07-26 08:00:00.005
SOLUSDT,1753545600001,0.0001,187.49,2025-07-26 16:00:00.001
SOLUSDT,1753574400001,0.0001,184.83,2025-07-27 00:00:00.001
SOLUSDT,1753603200000,0.0001,187.17980833,2025-07-27 08:00:00.000
SOLUSDT,1753632000008,0.0001,186.39519079,2025-07-27 16:00:00.008
SOLUSDT,1753660800005,0.0001,188.56781009,2025-07-28 00:00:00.005
SOLUSDT,1753689600000,0.0001,192.32797632,2025-07-28 08:00:00.000
SOLUSDT,1753718400000,0.0001,187.14,2025-07-28 16:00:00.000
SOLUSDT,1753747200001,-3.47e-06,183.03,2025-07-29 00:00:00.001
SOLUSDT,1753776000000,8.17e-06,185.95,2025-07-29 08:00:00.000
SOLUSDT,1753804800000,4.218e-05,180.74365351,2025-07-29 16:00:00.000
SOLUSDT,1753833600011,1.098e-05,181.39,2025-07-30 00:00:00.011
SOLUSDT,1753862400000,7.655e-05,180.77022675,2025-07-30 08:00:00.000
SOLUSDT,1753891200008,-1.266e-05,179.11307281,2025-07-30 16:00:00.008
SOLUSDT,1753920000000,-8.14e-06,177.68,2025-07-31 00:00:00.000
SOLUSDT,1753948800009,4.662e-05,181.16,2025-07-31 08:00:00.009
SOLUSDT,1753977600000,8.62e-06,177.24208596,2025-07-31 16:00:00.000
SOLUSDT,1754006400001,4.034e-05,172.16545132,2025-08-01 00:00:00.001
SOLUSDT,1754035200003,-1.44e-05,169.3230057,2025-08-01 08:00:00.003
SOLUSDT,1754064000000,3.852e-05,168.5,2025-08-01 16:00:00.000
SOLUSDT,1754092800004,-3.851e-05,162.6,2025-08-02 00:00:00.004
SOLUSDT,1754121600000,3.654e-05,164.3449943,2025-08-02 08:00:00.000
SOLUSDT,1754150400000,3.981e-05,161.45,2025-08-02 16:00:00.000
SOLUSDT,1754179200000,-0.00010062,158.39208465,2025-08-03 00:00:00.000
SOLUSDT,1754208000000,-5.92e-05,161.25,2025-08-03 08:00:00.000
SOLUSDT,1754236800003,-7.571e-05,162.0,2025-08-03 16:00:00.003
SOLUSDT,1754265600004,-0.00014534,161.84,2025-08-04 00:00:00.004
SOLUSDT,1754294400000,-6.297e-05,162.95102632,2025-08-04 08:00:00.000
SOLUSDT,1754323200002,-6.458e-05,165.38853202,2025-08-04 16:00:00.002
SOLUSDT,1754352000000,-3.577e-05,169.46286447,2025-08-05 00:00:00.000
SOLUSDT,1754380800000,-2.117e-05,166.14,2025-08-05 08:00:00.000
SOLUSDT,1754409600000,-4.816e-05,163.68,2025-08-05 16:00:00.000
SOLUSDT,1754438400005,-6.84e-05,163.99,2025-08-06 00:00:00.005
SOLUSDT,1754467200000,-3.584e-05,164.16,2025-08-06 08:00:00.000
SOLUSDT,1754496000000,1.84e-05,168.97,2025-08-06 16:00:00.000
SOLUSDT,1754524800003,0.0001,168.03,2025-08-07 00:00:00.003
SOLUSDT,1754553600002,1.246e-05,169.91,2025-08-07 08:00:00.002
SOLUSDT,1754582400002,4.431e-05,170.38,2025-08-07 16:00:00.002
SOLUSDT,1754611200002,6.422e-05,175.27888877,2025-08-08 00:00:00.002
SOLUSDT,1754640000004,1.197e-05,177.04,2025-08-08 08:00:00.004
SOLUSDT,1754668800000,3.043e-05,175.14138333,2025-08-08 16:00:00.000
SOLUSDT,1754697600005,0.0001,176.69,2025-08-09 00:00:00.005
SOLUSDT,1754726400000,8.345e-05,180.54,2025-08-09 08:00:00.000
SOLUSDT,1754755200007,7.712e-05,180.01,2025-08-09 16:00:00.007
SOLUSDT,1754784000003,9.612e-05,179.87102344,2025-08-10 00:00:00.003
SOLUSDT,1754812800005,7.842e-05,178.868625,2025-08-10 08:00:00.005
SOLUSDT,1754841600002,0.0001,181.46731979,2025-08-10 16:00:00.002
SOLUSDT,1754870400000,9.508e-05,182.59,2025-08-11 00:00:00.000
SOLUSDT,1754899200000,0.0001,182.93,2025-08-11 08:00:00.000
SOLUSDT,1754928000000,3.19e-06,180.10106579,2025-08-11 16:00:00.000
SOLUSDT,1754956800000,-2.394e-05,174.75,2025-08-12 00:00:00.000
SOLUSDT,1754985600001,-1.203e-05,175.81,2025-08-12 08:00:00.001
SOLUSDT,1755014400005,-2.257e-05,181.61,2025-08-12 16:00:00.005
SOLUSDT,1755043200000,0.0001,191.76,2025-08-13 00:00:00.000
SOLUSDT,1755072000002,0.0001,198.78821491,2025-08-13 08:00:00.002
SOLUSDT,1755100800006,0.0001,197.46507895,2025-08-13 16:00:00.006
SOLUSDT,1755129600002,0.0001,201.57,2025-08-14 00:00:00.002
SOLUSDT,1755158400003,0.00025876,205.73010088,2025-08-14 08:00:00.003
SOLUSDT,1755187200000,0.0001,194.87115789,2025-08-14 16:00:00.000
SOLUSDT,1755216000000,0.0001,192.41275877,2025-08-15 00:00:00.000
SOLUSDT,1755244800000,0.0001,196.89107456,2025-08-15 08:00:00.000
SOLUSDT,1755273600000,4.024e-05,185.45,2025-08-15 16:00:00.000
SOLUSDT,1755302400004,-4.219e-05,185.62240625,2025-08-16 00:00:00.004
SOLUSDT,1755331200000,6.279e-05,189.01,2025-08-16 08:00:00.000
SOLUSDT,1755360000002,7.134e-05,188.73,2025-08-16 16:00:00.002
SOLUSDT,1755388800000,0.0001,189.52,2025-08-17 00:00:00.000
SOLUSDT,1755417600001,9.63e-05,191.8,2025-08-17 08:00:00.001
SOLUSDT,1755446400007,5.105e-05,195.39,2025-08-17 16:00:00.007
SOLUSDT,1755475200000,8.86e-05,190.92791667,2025-08-18 00:00:00.000
SOLUSDT,1755504000001,-5.077e-05,180.54,2025-08-18 08:00:00.001
SOLUSDT,1755532800002,-6.163e-05,183.00742982,2025-08-18 16:00:00.002
SOLUSDT,1755561600000,-1.986e-05,182.84,2025-08-19 00:00:00.000
SOLUSDT,1755590400001,4.048e-05,180.05,2025-08-19 08:00:00.001
SOLUSDT,1755619200000,6.293e-05,177.89,2025-08-19 16:00:00.000
SOLUSDT,1755648000000,2.581e-05,176.1,2025-08-20 00:00:00.000
SOLUSDT,1755676800000,8.81e-05,180.45,2025-08-20 08:00:00.000
SOLUSDT,1755705600000,0.0001,182.95,2025-08-20 16:00:00.000
SOLUSDT,1755734400006,0.0001,187.89656579,2025-08-21 00:00:00.006
SOLUSDT,1755763200000,0.0001,186.93,2025-08-21 08:00:00.000
SOLUSDT,1755792000003,1.366e-05,181.55,2025-08-21 16:00:00.003
SOLUSDT,1755820800010,3.301e-05,180.24,2025-08-22 00:00:00.010
SOLUSDT,1755849600007,0.0001,183.89601249,2025-08-22 08:00:00.007
SOLUSDT,1755878400001,0.0001,193.49722368,2025-08-22 16:00:00.001
SOLUSDT,1755907200004,0.0001,200.67,2025-08-23 00:00:00.004
SOLUSDT,1755936000006,0.0001,205.27516228,2025-08-23 08:00:00.006
SOLUSDT,1755964800000,0.0001,202.68060088,2025-08-23 16:00:00.000
SOLUSDT,1755993600001,0.0001,204.20878947,2025-08-24 00:00:00.001
SOLUSDT,1756022400002,0.0001,206.79745175,2025-08-24 08:00:00.002
SOLUSDT,1756051200001,0.0001,205.73,2025-08-24 16:00:00.001
SOLUSDT,1756080000000,0.0001,206.06179386,2025-08-25 00:00:00.000
SOLUSDT,1756108800002,0.0001,199.84,2025-08-25 08:00:00.002
SOLUSDT,1756137600002,0.0001,196.48761842,2025-08-25 16:00:00.002
SOLUSDT,1756166400000,2.857e-05,187.08518421,2025-08-26 00:00:00.000
SOLUSDT,1756195200000,-8.98e-06,188.82,2025-08-26 08:00:00.000
SOLUSDT,1756224000000,5.27e-05,190.71867105,2025-08-26 16:00:00.000
SOLUSDT,1756252800003,0.0001,195.77,2025-08-27 00:00:00.003
SOLUSDT,1756281600000,0.0001,202.37,2025-08-27 08:00:00.000
SOLUSDT,1756310400009,0.0001,208.63,2025-08-27 16:00:00.009
SOLUSDT,1756339200000,0.0001,202.93,2025-08-28 00:00:00.000
SOLUSDT,1756368000005,0.0001,213.03,2025-08-28 08:00:00.005
SOLUSDT,1756396800004,0.0001,211.02660965,2025-08-28 16:00:00.004
SOLUSDT,1756425600000,8.562e-05,214.30363596,2025-08-29 00:00:00.000
SOLUSDT,1756454400000,7.793e-05,208.73,2025-08-29 08:00:00.000
SOLUSDT,1756483200005,7.047e-05,204.34,2025-08-29 16:00:00.005
SOLUSDT,1756512000000,-1.362e-05,204.98,2025-08-30 00:00:00.000
SOLUSDT,1756540800002,5.373e-05,205.04,2025-08-30 08:00:00.002
SOLUSDT,1756569600003,-3.14e-05,200.98,2025-08-30 16:00:00.003
SOLUSDT,1756598400016,1.753e-05,202.6,2025-08-31 00:00:00.016
SOLUSDT,1756627200000,9.518e-05,203.44,2025-08-31 08:00:00.000
SOLUSDT,1756656000001,9.036e-05,204.48,2025-08-31 16:00:00.001
SOLUSDT,1756684800000,9.019e-05,200.57673952,2025-09-01 00:00:00.000
SOLUSDT,1756713600000,7.92e-06,202.84,2025-09-01 08:00:00.000
SOLUSDT,1756742400001,2.302e-05,198.26811842,2025-09-01 16:00:00.001
SOLUSDT,1756771200000,4.576e-05,197.22,2025-09-02 00:00:00.000
SOLUSDT,1756800000005,0.0001,202.07,2025-09-02 08:00:00.005
SOLUSDT,1756828800007,9.872e-05,200.2,2025-09-02 16:00:00.007
SOLUSDT,1756857600006,0.0001,209.54,2025-09-03 00:00:00.006
SOLUSDT,1756886400002,8.685e-05,209.28296491,2025-09-03 08:00:00.002
SOLUSDT,1756915200002,7.61e-06,211.25311404,2025-09-03 16:00:00.002
SOLUSDT,1756944000002,3.074e-05,210.64,2025-09-04 00:00:00.002
SOLUSDT,1756972800000,6.703e-05,206.56035526,2025-09-04 08:00:00.000
SOLUSDT,1757001600000,6.691e-05,203.71,2025-09-04 16:00:00.000
SOLUSDT,1757030400001,-4.57e-06,202.23,2025-09-05 00:00:00.001
SOLUSDT,1757059200006,1.493e-05,207.75411686,2025-09-05 08:00:00.006
SOLUSDT,1757088000000,1.122e-05,203.46,2025-09-05 16:00:00.000
SOLUSDT,1757116800000,8.9e-05,203.2922807,2025-09-06 00:00:00.000
SOLUSDT,1757145600005,0.0001,202.94614912,2025-09-06 08:00:00.005
SOLUSDT,1757174400000,1.754e-05,201.16,2025-09-06 16:00:00.000
SOLUSDT,1757203200000,6e-08,200.06,2025-09-07 00:00:00.000
SOLUSDT,1757232000000,6.542e-05,202.9,2025-09-07 08:00:00.000
SOLUSDT,1757260800000,3.077e-05,205.09890351,2025-09-07 16:00:00.000
SOLUSDT,1757289600007,0.0001,206.30730152,2025-09-08 00:00:00.007
SOLUSDT,1757318400000,0.0001,207.85,2025-09-08 08:00:00.000
SOLUSDT,1757347200000,0.0001,214.98035965,2025-09-08 16:00:00.000
SOLUSDT,1757376000000,8.916e-05,214.03,2025-09-09 00:00:00.000
SOLUSDT,1757404800000,0.0001,219.17894737,2025-09-09 08:00:00.000
SOLUSDT,1757433600000,0.0001,212.97179386,2025-09-09 16:00:00.000
SOLUSDT,1757462400000,3.617e-05,217.11,2025-09-10 00:00:00.000
SOLUSDT,1757491200002,0.0001,222.14,2025-09-10 08:00:00.002
SOLUSDT,1757520000000,0.0001,223.04,2025-09-10 16:00:00.000
SOLUSDT,1757548800000,4.953e-05,223.94159233,2025-09-11 00:00:00.000
SOLUSDT,1757577600000,-1.99e-05,223.09880702,2025-09-11 08:00:00.000
SOLUSDT,1757606400001,9.486e-05,226.71,2025-09-11 16:00:00.001
SOLUSDT,1757635200002,2.36e-06,228.62782018,2025-09-12 00:00:00.002
SOLUSDT,1757664000001,4.69e-06,237.24,2025-09-12 08:00:00.001
SOLUSDT,1757692800005,7.19e-06,239.21,2025-09-12 16:00:00.005
SOLUSDT,1757721600005,1.709e-05,242.08,2025-09-13 00:00:00.005
SOLUSDT,1757750400002,6.327e-05,242.34618421,2025-09-13 08:00:00.002
SOLUSDT,1757779200000,5.623e-05,239.39,2025-09-13 16:00:00.000
SOLUSDT,1757808000006,-3.76e-06,242.23,2025-09-14 00:00:00.006
SOLUSDT,1757836800000,5.813e-05,246.27228509,2025-09-14 08:00:00.000
SOLUSDT,1757865600001,2.92e-05,243.74238158,2025-09-14 16:00:00.001
SOLUSDT,1757894400006,-7.17e-06,239.63640789,2025-09-15 00:00:00.006
SOLUSDT,1757923200002,8.58e-06,237.87,2025-09-15 08:00:00.002
SOLUSDT,1757952000001,4.813e-05,232.90297368,2025-09-15 16:00:00.001
SOLUSDT,1757980800001,6.405e-05,234.1889386,2025-09-16 00:00:00.001
SOLUSDT,1758009600000,7.636e-05,235.68,2025-09-16 08:00:00.000
SOLUSDT,1758038400000,7.783e-05,237.67542982,2025-09-16 16:00:00.000
SOLUSDT,1758067200001,-1.958e-05,236.86090351,2025-09-17 00:00:00.001
SOLUSDT,1758096000000,3.782e-05,237.64,2025-09-17 08:00:00.000
SOLUSDT,1758124800003,3.428e-05,233.79,2025-09-17 16:00:00.003
SOLUSDT,1758153600006,8.719e-05,244.75,2025-09-18 00:00:00.006
SOLUSDT,1758182400002,0.0001,244.65,2025-09-18 08:00:00.002
SOLUSDT,1758211200000,1.468e-05,248.13,2025-09-18 16:00:00.000
SOLUSDT,1758240000000,0.0001,247.35885088,2025-09-19 00:00:00.000
SOLUSDT,1758268800005,9.667e-05,243.71,2025-09-19 08:00:00.005
SOLUSDT,1758297600000,8.03e-06,237.38,2025-09-19 16:00:00.000
SOLUSDT,1758326400000,-3.324e-05,238.4,2025-09-20 00:00:00.000
SOLUSDT,1758355200000,-6.98e-05,239.64161404,2025-09-20 08:00:00.000
SOLUSDT,1758384000002,-2.909e-05,240.01,2025-09-20 16:00:00.002
SOLUSDT,1758412800000,-4.39e-06,239.38,2025-09-21 00:00:00.000
SOLUSDT,1758441600000,4.391e-05,239.75105263,2025-09-21 08:00:00.000
SOLUSDT,1758470400000,9.63e-06,237.78,2025-09-21 16:00:00.000
SOLUSDT,1758499200005,4.06e-06,236.06271053,2025-09-22 00:00:00.005
SOLUSDT,1758528000003,-1.362e-05,221.81,2025-09-22 08:00:00.003
SOLUSDT,1758556800000,-0.00010344,220.62,2025-09-22 16:00:00.000
SOLUSDT,1758585600000,4.622e-05,220.28330702,2025-09-23 00:00:00.000
SOLUSDT,1758614400001,4.873e-05,218.87,2025-09-23 08:00:00.001
SOLUSDT,1758643200000,5.93e-06,219.18,2025-09-23 16:00:00.000
SOLUSDT,1758672000003,2.831e-05,213.19,2025-09-24 00:00:00.003
SOLUSDT,1758700800001,3.094e-05,210.54,2025-09-24 08:00:00.001
SOLUSDT,1758729600002,-3.4e-06,213.46679825,2025-09-24 16:00:00.002
SOLUSDT,1758758400000,-0.0001284,211.45650877,2025-09-25 00:00:00.000
SOLUSDT,1758787200001,-3.446e-05,204.10227193,2025-09-25 08:00:00.001
SOLUSDT,1758816000000,3.595e-05,201.05,2025-09-25 16:00:00.000
SOLUSDT,1758844800000,3.743e-05,192.6319386,2025-09-26 00:00:00.000
SOLUSDT,1758873600000,-3.977e-05,196.25598246,2025-09-26 08:00:00.000
SOLUSDT,1758902400008,-4.772e-05,195.92,2025-09-26 16:00:00.008
SOLUSDT,1758931200000,-9.862e-05,205.03,2025-09-27 00:00:00.000
SOLUSDT,1758960000010,6.955e-05,201.96232456,2025-09-27 08:00:00.010
SOLUSDT,1758988800003,-2.293e-05,203.41585088,2025-09-27 16:00:00.003
SOLUSDT,1759017600000,2.105e-05,203.32218421,2025-09-28 00:00:00.000
SOLUSDT,1759046400000,-3.715e-05,202.0,2025-09-28 08:00:00.000
SOLUSDT,1759075200000,1.97e-05,203.33,2025-09-28 16:00:00.000
SOLUSDT,1759104000000,4.762e-05,210.72236842,2025-09-29 00:00:00.000
SOLUSDT,1759132800002,0.0001,208.85,2025-09-29 08:00:00.002
SOLUSDT,1759161600001,-7.412e-05,209.95,2025-09-29 16:00:00.001
SOLUSDT,1759190400002,-5.066e-05,212.60618421,2025-09-30 00:00:00.002
SOLUSDT,1759219200005,-0.00016084,208.88,2025-09-30 08:00:00.005
SOLUSDT,1759248000000,-3.859e-05,205.92147368,2025-09-30 16:00:00.000
SOLUSDT,1759276800000,7.07e-05,208.6,2025-10-01 00:00:00.000
SOLUSDT,1759305600000,0.0001,210.09137931,2025-10-01 08:00:00.000
SOLUSDT,1759334400000,-7.02e-06,220.13,2025-10-01 16:00:00.000
SOLUSDT,1759363200000,7.943e-05,221.92,2025-10-02 00:00:00.000
SOLUSDT,1759392000013,-9.812e-05,222.82,2025-10-02 08:00:00.013
SOLUSDT,1759420800000,-2.091e-05,227.09,2025-10-02 16:00:00.000
SOLUSDT,1759449600006,-9.937e-05,234.61,2025-10-03 00:00:00.006
SOLUSDT,1759478400006,6.248e-05,229.33,2025-10-03 08:00:00.006
SOLUSDT,1759507200000,7.389e-05,234.67,2025-10-03 16:00:00.000
SOLUSDT,1759536000001,7.725e-05,232.74,2025-10-04 00:00:00.001
SOLUSDT,1759564800000,5.17e-06,229.02445554,2025-10-04 08:00:00.000
SOLUSDT,1759593600000,1.04e-05,224.55,2025-10-04 16:00:00.000
SOLUSDT,1759622400000,1.013e-05,227.7387193,2025-10-05 00:00:00.000
SOLUSDT,1759651200003,8.81e-05,236.48,2025-10-05 08:00:00.003
SOLUSDT,1759680000009,-4.722e-05,230.02,2025-10-05 16:00:00.009
SOLUSDT,1759708800004,-7.241e-05,228.45,2025-10-06 00:00:00.004
SOLUSDT,1759737600002,2.963e-05,231.23,2025-10-06 08:00:00.002
SOLUSDT,1759766400004,5.395e-05,235.5640614,2025-10-06 16:00:00.004
SOLUSDT,1759795200000,1.768e-05,232.27,2025-10-07 00:00:00.000
SOLUSDT,1759824000003,-6.695e-05,230.88,2025-10-07 08:00:00.003
SOLUSDT,1759852800000,-2.108e-05,223.66678947,2025-10-07 16:00:00.000
SOLUSDT,1759881600000,-6.781e-05,219.84930702,2025-10-08 00:00:00.000
SOLUSDT,1759910400006,-6.05e-06,220.85,2025-10-08 08:00:00.006
SOLUSDT,1759939200002,-3.581e-05,221.09483333,2025-10-08 16:00:00.002
SOLUSDT,1759968000001,0.0001,228.96,2025-10-09 00:00:00.001
SOLUSDT,1759996800000,0.0001,224.39488596,2025-10-09 08:00:00.000
SOLUSDT,1760025600000,-2.36e-06,219.05704386,2025-10-09 16:00:00.000
SOLUSDT,1760054400005,-2.367e-05,220.80268421,2025-10-10 00:00:00.005
SOLUSDT,1760083200002,2.784e-05,217.99,2025-10-10 08:00:00.002
SOLUSDT,1760112000014,3.06e-06,210.58,2025-10-10 16:00:00.014
SOLUSDT,1760140800000,-0.00302761,187.65,2025-10-11 00:00:00.000
SOLUSDT,1760169600003,-0.00203878,182.58305263,2025-10-11 08:00:00.003
SOLUSDT,1760198400000,-0.00158704,183.58,2025-10-11 16:00:00.000
SOLUSDT,1760227200004,-0.00124994,177.21,2025-10-12 00:00:00.004
SOLUSDT,1760256000002,-0.00123408,182.3177677,2025-10-12 08:00:00.002
SOLUSDT,1760284800000,-0.00057183,191.04957895,2025-10-12 16:00:00.000
SOLUSDT,1760313600003,-0.00060725,196.89,2025-10-13 00:00:00.003
SOLUSDT,1760342400002,-0.00023311,196.65,2025-10-13 08:00:00.002
SOLUSDT,1760371200003,-5.122e-05,196.32,2025-10-13 16:00:00.003
SOLUSDT,1760400000000,6.21e-06,208.58342105,2025-10-14 00:00:00.000
SOLUSDT,1760428800000,4.088e-05,194.38979825,2025-10-14 08:00:00.000
SOLUSDT,1760457600000,-7.11e-05,202.05735965,2025-10-14 16:00:00.000
SOLUSDT,1760486400006,-6.096e-05,202.35901754,2025-10-15 00:00:00.006
SOLUSDT,1760515200002,5.749e-05,204.57874561,2025-10-15 08:00:00.002
SOLUSDT,1760544000000,4.099e-05,197.06,2025-10-15 16:00:00.000
SOLUSDT,1760572800000,-6.784e-05,193.73,2025-10-16 00:00:00.000
SOLUSDT,1760601600003,-4.113e-05,192.84157018,2025-10-16 08:00:00.003
SOLUSDT,1760630400002,-7.614e-05,187.52011404,2025-10-16 16:00:00.002
SOLUSDT,1760659200001,-2.994e-05,184.76815789,2025-10-17 00:00:00.001
SOLUSDT,1760688000005,7.329e-05,177.72,2025-10-17 08:00:00.005
SOLUSDT,1760716800003,9.462e-05,182.65,2025-10-17 16:00:00.003
SOLUSDT,1760745600000,-8.545e-05,181.89,2025-10-18 00:00:00.000
SOLUSDT,1760774400002,-1.55e-06,186.17,2025-10-18 08:00:00.002
SOLUSDT,1760803200001,-3.501e-05,184.9473412,2025-10-18 16:00:00.001
SOLUSDT,1760832000001,0.0001,187.48,2025-10-19 00:00:00.001
SOLUSDT,1760860800001,1.997e-05,185.82,2025-10-19 08:00:00.001
SOLUSDT,1760889600001,2.25e-05,190.66,2025-10-19 16:00:00.001
SOLUSDT,1760918400004,-8.569e-05,187.78,2025-10-20 00:00:00.004
SOLUSDT,1760947200001,5.3e-06,192.95646491,2025-10-20 08:00:00.001
SOLUSDT,1760976000000,-3.004e-05,190.42,2025-10-20 16:00:00.000
SOLUSDT,1761004800009,-3.42e-06,189.64,2025-10-21 00:00:00.009
SOLUSDT,1761033600000,-8.944e-05,184.89294737,2025-10-21 08:00:00.000
SOLUSDT,1761062400000,4.135e-05,196.17,2025-10-21 16:00:00.000
SOLUSDT,1761091200004,0.0001,185.54,2025-10-22 00:00:00.004
SOLUSDT,1761120000000,-9.872e-05,184.9,2025-10-22 08:00:00.000
SOLUSDT,1761148800000,-2.23e-05,183.91,2025-10-22 16:00:00.000
SOLUSDT,1761177600000,-3.216e-05,179.98452632,2025-10-23 00:00:00.000
SOLUSDT,1761206400001,6.84e-06,187.4,2025-10-23 08:00:00.001
SOLUSDT,1761235200004,0.0001,190.98,2025-10-23 16:00:00.004
SOLUSDT,1761264000000,0.0001,191.27,2025-10-24 00:00:00.000
SOLUSDT,1761292800000,0.0001,192.09,2025-10-24 08:00:00.000
SOLUSDT,1761321600009,1.595e-05,189.31792105,2025-10-24 16:00:00.009
SOLUSDT,1761350400000,0.0001,193.51140653,2025-10-25 00:00:00.000
SOLUSDT,1761379200001,0.0001,193.86,2025-10-25 08:00:00.001
SOLUSDT,1761408000001,5.536e-05,191.80354386,2025-10-25 16:00:00.001
SOLUSDT,1761436800001,6.721e-05,193.75082456,2025-10-26 00:00:00.001
SOLUSDT,1761465600001,4.492e-05,193.79347368,2025-10-26 08:00:00.001
SOLUSDT,1761494400000,5.882e-05,199.42445614,2025-10-26 16:00:00.000
SOLUSDT,1761523200000,0.0001,199.95,2025-10-27 00:00:00.000
SOLUSDT,1761552000005,0.0001,202.43,2025-10-27 08:00:00.005
SOLUSDT,1761580800000,3.983e-05,200.01012281,2025-10-27 16:00:00.000
SOLUSDT,1761609600000,1.82e-05,198.61,2025-10-28 00:00:00.000
SOLUSDT,1761638400000,7.929e-05,202.29150877,2025-10-28 08:00:00.000
SOLUSDT,1761667200004,6.17e-06,198.74400877,2025-10-28 16:00:00.004
SOLUSDT,1761696000004,-0.0001386,194.05710526,2025-10-29 00:00:00.004
SOLUSDT,1761724800005,-5.808e-05,195.53,2025-10-29 08:00:00.005
SOLUSDT,1761753600000,8.873e-05,196.72,2025-10-29 16:00:00.000
SOLUSDT,1761782400004,7.1e-07,193.81848246,2025-10-30 00:00:00.004
SOLUSDT,1761811200008,2.026e-05,195.73340351,2025-10-30 08:00:00.008
SOLUSDT,1761840000001,-0.00016797,184.95272807,2025-10-30 16:00:00.001
SOLUSDT,1761868800000,-0.00022069,184.51346491,2025-10-31 00:00:00.000
SOLUSDT,1761897600008,-7.523e-05,185.23,2025-10-31 08:00:00.008
SOLUSDT,1761926400007,-1.38e-06,188.05371143,2025-10-31 16:00:00.007
SOLUSDT,1761955200001,1.5e-06,187.12627193,2025-11-01 00:00:00.001
SOLUSDT,1761984000000,2.93e-05,185.71,2025-11-01 08:00:00.000
SOLUSDT,1762012800000,-5.041e-05,186.30282456,2025-11-01 16:00:00.000
SOLUSDT,1762041600007,5.263e-05,186.29,2025-11-02 00:00:00.007
SOLUSDT,1762070400000,2.822e-05,187.62,2025-11-02 08:00:00.000
SOLUSDT,1762099200001,-7.385e-05,183.68581579,2025-11-02 16:00:00.001
SOLUSDT,1762128000000,2.882e-05,187.6887807,2025-11-03 00:00:00.000
SOLUSDT,1762156800010,-0.00017049,176.38259649,2025-11-03 08:00:00.010
SOLUSDT,1762185600000,-0.00015146,166.7,2025-11-03 16:00:00.000
SOLUSDT,1762214400002,-4.994e-05,165.96408772,2025-11-04 00:00:00.002
SOLUSDT,1762243200004,-0.00013832,157.0,2025-11-04 08:00:00.004
SOLUSDT,1762272000000,1.759e-05,161.4,2025-11-04 16:00:00.000
SOLUSDT,1762300800000,3.273e-05,154.95,2025-11-05 00:00:00.000
SOLUSDT,1762329600000,5.027e-05,156.41,2025-11-05 08:00:00.000
SOLUSDT,1762358400004,-0.00011308,160.3780614,2025-11-05 16:00:00.004
SOLUSDT,1762387200001,-0.0001041,162.30709649,2025-11-06 00:00:00.001
SOLUSDT,1762416000000,-4.391e-05,158.78,2025-11-06 08:00:00.000
SOLUSDT,1762444800001,7.661e-05,155.86076316,2025-11-06 16:00:00.001
SOLUSDT,1762473600005,-1.927e-05,155.22391107,2025-11-07 00:00:00.005
SOLUSDT,1762502400003,-4.73e-06,157.69708772,2025-11-07 08:00:00.003
SOLUSDT,1762531200005,1.958e-05,155.3365,2025-11-07 16:00:00.005
SOLUSDT,1762560000011,8.95e-05,161.73274561,2025-11-08 00:00:00.011
SOLUSDT,1762588800015,-1.277e-05,160.96,2025-11-08 08:00:00.015
SOLUSDT,1762617600001,4.85e-06,156.6,2025-11-08 16:00:00.001
SOLUSDT,1762646400004,-9.501e-05,157.95,2025-11-09 00:00:00.004
SOLUSDT,1762675200000,-2.922e-05,159.19086842,2025-11-09 08:00:00.000
SOLUSDT,1762704000005,4.444e-05,162.46672807,2025-11-09 16:00:00.005
SOLUSDT,1762732800000,0.0001,164.46,2025-11-10 00:00:00.000
SOLUSDT,1762761600000,-0.00011243,167.30646491,2025-11-10 08:00:00.000
SOLUSDT,1762790400003,-7.96e-05,166.17,2025-11-10 16:00:00.003
SOLUSDT,1762819200007,-4.5e-05,167.24,2025-11-11 00:00:00.007
SOLUSDT,1762848000000,-0.00020845,163.88464912,2025-11-11 08:00:00.000
SOLUSDT,1762876800009,-1.407e-05,160.81778947,2025-11-11 16:00:00.009
SOLUSDT,1762905600000,-2e-05,154.5,2025-11-12 00:00:00.000
SOLUSDT,1762934400002,-0.00015825,154.93373684,2025-11-12 08:00:00.002
SOLUSDT,1762963200000,-3.65e-05,155.67933757,2025-11-12 16:00:00.000
SOLUSDT,1762992000002,-8.205e-05,153.31098246,2025-11-13 00:00:00.002
SOLUSDT,1763020800000,3.785e-05,155.23678766,2025-11-13 08:00:00.000
SOLUSDT,1763049600001,-1.195e-05,153.07185118,2025-11-13 16:00:00.001
SOLUSDT,1763078400000,-0.00019091,144.63,2025-11-14 00:00:00.000
SOLUSDT,1763107200000,-9.95e-06,142.77992502,2025-11-14 08:00:00.000
SOLUSDT,1763136000001,0.0001,142.17,2025-11-14 16:00:00.001
SOLUSDT,1763164800005,0.0001,138.84676133,2025-11-15 00:00:00.005
SOLUSDT,1763193600000,5.851e-05,142.66,2025-11-15 08:00:00.000
SOLUSDT,1763222400001,-1.324e-05,141.64,2025-11-15 16:00:00.001
SOLUSDT,1763251200001,4.071e-05,139.55,2025-11-16 00:00:00.001
SOLUSDT,1763280000000,7.161e-05,142.23403365,2025-11-16 08:00:00.000
SOLUSDT,1763308800000,-5.32e-06,137.36,2025-11-16 16:00:00.000
SOLUSDT,1763337600003,0.0001,137.12,2025-11-17 00:00:00.003
SOLUSDT,1763366400003,0.0001,141.26,2025-11-17 08:00:00.003
SOLUSDT,1763395200000,9.994e-05,137.05371218,2025-11-17 16:00:00.000
SOLUSDT,1763424000002,2.095e-05,130.89,2025-11-18 00:00:00.002
SOLUSDT,1763452800004,0.0001,136.85115942,2025-11-18 08:00:00.004
SOLUSDT,1763481600000,8.922e-05,139.62,2025-11-18 16:00:00.000
SOLUSDT,1763510400000,2.756e-05,140.61,2025-11-19 00:00:00.000
SOLUSDT,1763539200000,8.916e-05,140.49795401,2025-11-19 08:00:00.000
SOLUSDT,1763568000008,-6.86e-06,134.54,2025-11-19 16:00:00.008
SOLUSDT,1763596800000,-0.00010212,136.95450283,2025-11-20 00:00:00.000
SOLUSDT,1763625600000,0.0001,143.74,2025-11-20 08:00:00.000
SOLUSDT,1763654400000,0.0001,138.50378068,2025-11-20 16:00:00.000
SOLUSDT,1763683200001,-9.397e-05,133.64464663,2025-11-21 00:00:00.001
SOLUSDT,1763712000000,5.033e-05,127.44857072,2025-11-21 08:00:00.000
SOLUSDT,1763740800001,-0.00012104,125.34,2025-11-21 16:00:00.001
SOLUSDT,1763769600004,-5.419e-05,128.62901262,2025-11-22 00:00:00.004
SOLUSDT,1763798400000,-3.816e-05,127.64001836,2025-11-22 08:00:00.000
SOLUSDT,1763827200000,-5.023e-05,127.06788184,2025-11-22 16:00:00.000
SOLUSDT,1763856000000,4.294e-05,127.51447344,2025-11-23 00:00:00.000
SOLUSDT,1763884800008,-4.937e-05,128.80325121,2025-11-23 08:00:00.008
SOLUSDT,1763913600003,2.945e-05,132.82108304,2025-11-23 16:00:00.003
SOLUSDT,1763942400004,1.509e-05,130.51213194,2025-11-24 00:00:00.004
SOLUSDT,1763971200000,3.449e-05,130.24,2025-11-24 08:00:00.000
SOLUSDT,1764000000006,4.57e-06,131.88196885,2025-11-24 16:00:00.006
SOLUSDT,1764028800000,-4.847e-05,138.38629986,2025-11-25 00:00:00.000
SOLUSDT,1764057600009,8.543e-05,136.28,2025-11-25 08:00:00.009
SOLUSDT,1764086400007,-0.00018105,134.77,2025-11-25 16:00:00.007
SOLUSDT,1764115200001,-6.75e-06,138.9,2025-11-26 00:00:00.001
SOLUSDT,1764144000001,0.0001,139.84196636,2025-11-26 08:00:00.001
SOLUSDT,1764172800000,-8.604e-05,136.59395896,2025-11-26 16:00:00.000
SOLUSDT,1764201600013,8.82e-05,142.94,2025-11-27 00:00:00.013
SOLUSDT,1764230400000,-1.255e-05,143.67216831,2025-11-27 08:00:00.000
SOLUSDT,1764259200004,2.643e-05,142.08,2025-11-27 16:00:00.004
SOLUSDT,1764288000008,-6.408e-05,140.77,2025-11-28 00:00:00.008
SOLUSDT,1764316800000,-0.00015136,138.89203804,2025-11-28 08:00:00.000
SOLUSDT,1764345600008,2.204e-05,141.57038176,2025-11-28 16:00:00.008
SOLUSDT,1764374400000,-8.328e-05,137.27,2025-11-29 00:00:00.000
SOLUSDT,1764403200005,6.1e-05,137.22955869,2025-11-29 08:00:00.005
SOLUSDT,1764432000001,1.089e-05,137.50025108,2025-11-29 16:00:00.001
SOLUSDT,1764460800003,7.173e-05,135.84418666,2025-11-30 00:00:00.003
SOLUSDT,1764489600000,6.664e-05,136.44976485,2025-11-30 08:00:00.000
SOLUSDT,1764518400004,8.402e-05,138.29,2025-11-30 16:00:00.004
SOLUSDT,1764547200000,0.0001,133.4111266,2025-12-01 00:00:00.000
SOLUSDT,1764576000004,-9.161e-05,127.32,2025-12-01 08:00:00.004
SOLUSDT,1764604800000,7.07e-06,125.05,2025-12-01 16:00:00.000
SOLUSDT,1764633600004,-6.147e-05,126.57808864,2025-12-02 00:00:00.004
SOLUSDT,1764662400000,1.549e-05,127.18,2025-12-02 08:00:00.000
SOLUSDT,1764691200000,2.488e-05,137.80371664,2025-12-02 16:00:00.000
SOLUSDT,1764720000000,0.0001,138.6340024,2025-12-03 00:00:00.000
SOLUSDT,1764748800000,8.835e-05,141.82,2025-12-03 08:00:00.000
SOLUSDT,1764777600005,6.438e-05,140.94621737,2025-12-03 16:00:00.005
SOLUSDT,1764806400012,0.0001,144.62460389,2025-12-04 00:00:00.012
SOLUSDT,1764835200000,7.212e-05,143.38,2025-12-04 08:00:00.000
SOLUSDT,1764864000011,0.0001,143.14234727,2025-12-04 16:00:00.011
SOLUSDT,1764892800000,2.583e-05,138.95572447,2025-12-05 00:00:00.000
SOLUSDT,1764921600000,4.599e-05,139.61,2025-12-05 08:00:00.000
SOLUSDT,1764950400010,6.353e-05,134.97261252,2025-12-05 16:00:00.010
SOLUSDT,1764979200001,-2.519e-05,133.2295732,2025-12-06 00:00:00.001
SOLUSDT,1765008000001,-1.154e-05,132.6402489,2025-12-06 08:00:00.001
SOLUSDT,1765036800008,-2.208e-05,132.8,2025-12-06 16:00:00.008
SOLUSDT,1765065600000,4.977e-05,132.14,2025-12-07 00:00:00.000
SOLUSDT,1765094400004,2.491e-05,132.04711702,2025-12-07 08:00:00.004
SOLUSDT,1765123200000,-4.449e-05,131.96,2025-12-07 16:00:00.000
SOLUSDT,1765152000000,-4.676e-05,132.17,2025-12-08 00:00:00.000
SOLUSDT,1765180800000,6.981e-05,135.79642378,2025-12-08 08:00:00.000
SOLUSDT,1765209600001,7.621e-05,135.46,2025-12-08 16:00:00.001
SOLUSDT,1765238400001,-4.393e-05,133.19,2025-12-09 00:00:00.001
SOLUSDT,1765267200001,3.189e-05,133.12,2025-12-09 08:00:00.001
SOLUSDT,1765296000007,-1.38e-05,138.40284129,2025-12-09 16:00:00.007
SOLUSDT,1765324800007,0.0001,137.82,2025-12-10 00:00:00.007
SOLUSDT,1765353600002,2.067e-05,139.13,2025-12-10 08:00:00.002
SOLUSDT,1765382400012,2.31e-05,136.10650823,2025-12-10 16:00:00.012
SOLUSDT,1765411200001,9.45e-06,136.19,2025-12-11 00:00:00.001
SOLUSDT,1765440000000,-0.00016369,130.94041339,2025-12-11 08:00:00.000
SOLUSDT,1765468800000,-6.531e-05,131.10957885,2025-12-11 16:00:00.000
SOLUSDT,1765497600005,9.412e-05,136.37,2025-12-12 00:00:00.005
SOLUSDT,1765526400007,0.0001,139.06300776,2025-12-12 08:00:00.007
SOLUSDT,1765555200002,0.0001,133.48393222,2025-12-12 16:00:00.002
SOLUSDT,1765584000001,-7.703e-05,132.19,2025-12-13 00:00:00.001
SOLUSDT,1765612800006,-2.011e-05,132.84106571,2025-12-13 08:00:00.006
SOLUSDT,1765641600000,-2.083e-05,133.21568344,2025-12-13 16:00:00.000
SOLUSDT,1765670400000,-1.51e-05,133.05,2025-12-14 00:00:00.000
SOLUSDT,1765699200003,-2.194e-05,133.19767324,2025-12-14 08:00:00.003
SOLUSDT,1765728000005,-9.436e-05,130.6,2025-12-14 16:00:00.005
SOLUSDT,1765756800000,-9.823e-05,129.28,2025-12-15 00:00:00.000
SOLUSDT,1765785600000,2.213e-05,132.29,2025-12-15 08:00:00.000
SOLUSDT,1765814400000,2.482e-05,126.81163833,2025-12-15 16:00:00.000
SOLUSDT,1765843200002,-0.00012962,127.72211192,2025-12-16 00:00:00.002
SOLUSDT,1765872000000,-6.503e-05,125.48641913,2025-12-16 08:00:00.000
SOLUSDT,1765900800002,6.541e-05,129.67272467,2025-12-16 16:00:00.002
SOLUSDT,1765929600004,3.595e-05,129.06,2025-12-17 00:00:00.004
SOLUSDT,1765958400000,3.39e-05,128.20729133,2025-12-17 08:00:00.000
SOLUSDT,1765987200000,5.848e-05,126.72,2025-12-17 16:00:00.000
SOLUSDT,1766016000005,-0.00017374,123.16799135,2025-12-18 00:00:00.005
SOLUSDT,1766044800007,-3.187e-05,122.76,2025-12-18 08:00:00.007
SOLUSDT,1766073600001,4.877e-05,127.36,2025-12-18 16:00:00.001
SOLUSDT,1766102400000,-3.298e-05,119.53,2025-12-19 00:00:00.000
SOLUSDT,1766131200001,7.363e-05,124.39,2025-12-19 08:00:00.001
SOLUSDT,1766160000000,0.0001,125.02653782,2025-12-19 16:00:00.000
SOLUSDT,1766188800005,0.0001,126.22,2025-12-20 00:00:00.005
SOLUSDT,1766217600000,6.912e-05,126.13288035,2025-12-20 08:00:00.000
SOLUSDT,1766246400002,6.936e-05,126.49,2025-12-20 16:00:00.002
SOLUSDT,1766275200000,8.009e-05,125.74,2025-12-21 00:00:00.000
SOLUSDT,1766304000009,9.929e-05,125.25,2025-12-21 08:00:00.009
SOLUSDT,1766332800000,-1.358e-05,124.98986373,2025-12-21 16:00:00.000
SOLUSDT,1766361600000,3.525e-05,125.97,2025-12-22 00:00:00.000
SOLUSDT,1766390400005,4.368e-05,126.23476123,2025-12-22 08:00:00.005
SOLUSDT,1766419200009,5.393e-05,128.02,2025-12-22 16:00:00.009
SOLUSDT,1766448000000,-6.2e-05,125.86,2025-12-23 00:00:00.000
SOLUSDT,1766476800000,2.113e-05,124.14,2025-12-23 08:00:00.000
SOLUSDT,1766505600001,-7.533e-05,123.29860916,2025-12-23 16:00:00.001
SOLUSDT,1766534400001,7.105e-05,123.95,2025-12-24 00:00:00.001
SOLUSDT,1766563200001,-3.47e-06,121.24,2025-12-24 08:00:00.001
SOLUSDT,1766592000000,2.942e-05,122.688692,2025-12-24 16:00:00.000
SOLUSDT,1766620800000,0.0001,122.49,2025-12-25 00:00:00.000
SOLUSDT,1766649600001,0.0001,122.25,2025-12-25 08:00:00.001
SOLUSDT,1766678400005,2.98e-05,123.6,2025-12-25 16:00:00.005
SOLUSDT,1766707200004,8.16e-05,119.96972657,2025-12-26 00:00:00.004
SOLUSDT,1766736000001,4.708e-05,122.67,2025-12-26 08:00:00.001
SOLUSDT,1766764800007,0.0001,121.49767409,2025-12-26 16:00:00.007
SOLUSDT,1766793600000,4.89e-06,122.21862911,2025-12-27 00:00:00.000
SOLUSDT,1766822400000,0.0001,123.11,2025-12-27 08:00:00.000
SOLUSDT,1766851200011,0.0001,123.26,2025-12-27 16:00:00.011
SOLUSDT,1766880000008,0.0001,124.67,2025-12-28 00:00:00.008
SOLUSDT,1766908800000,0.0001,124.17,2025-12-28 08:00:00.000
SOLUSDT,1766937600000,0.0001,124.4,2025-12-28 16:00:00.000
SOLUSDT,1766966400016,5.464e-05,125.22,2025-12-29 00:00:00.016
SOLUSDT,1766995200001,0.0001,127.83,2025-12-29 08:00:00.001
SOLUSDT,1767024000000,-3.375e-05,123.36978281,2025-12-29 16:00:00.000
SOLUSDT,1767052800005,-2.097e-05,123.19847985,2025-12-30 00:00:00.005
SOLUSDT,1767081600001,-3.541e-05,123.94,2025-12-30 08:00:00.001
SOLUSDT,1767110400003,0.0001,125.11,2025-12-30 16:00:00.003
SOLUSDT,1767139200004,0.0001,124.92806357,2025-12-31 00:00:00.004
SOLUSDT,1767168000001,2.078e-05,125.91502538,2025-12-31 08:00:00.001
SOLUSDT,1767196800001,0.0001,125.54,2025-12-31 16:00:00.001
SOLUSDT,1767225600008,2.778e-05,124.58353366,2026-01-01 00:00:00.008
SOLUSDT,1767254400002,1.759e-05,124.19,2026-01-01 08:00:00.002
SOLUSDT,1767283200001,2.227e-05,124.9,2026-01-01 16:00:00.001
SOLUSDT,1767312000006,0.0001,126.83802867,2026-01-02 00:00:00.006
SOLUSDT,1767340800007,0.0001,127.1,2026-01-02 08:00:00.007
SOLUSDT,1767369600000,0.0001,128.95,2026-01-02 16:00:00.000
SOLUSDT,1767398400001,0.0001,132.24,2026-01-03 00:00:00.001
SOLUSDT,1767427200000,8.286e-05,130.04561207,2026-01-03 08:00:00.000
SOLUSDT,1767456000000,6.427e-05,131.41171045,2026-01-03 16:00:00.000
SOLUSDT,1767484800000,0.0001,133.31,2026-01-04 00:00:00.000
SOLUSDT,1767513600000,4.499e-05,133.76582109,2026-01-04 08:00:00.000
SOLUSDT,1767542400001,4.667e-05,134.83875265,2026-01-04 16:00:00.001
SOLUSDT,1767571200000,5.164e-05,134.05546468,2026-01-05 00:00:00.000
SOLUSDT,1767600000000,1.007e-05,135.34642229,2026-01-05 08:00:00.000
SOLUSDT,1767628800000,1.357e-05,136.11752274,2026-01-05 16:00:00.000
SOLUSDT,1767657600010,0.0001,137.85,2026-01-06 00:00:00.010
SOLUSDT,1767686400000,3.473e-05,137.52,2026-01-06 08:00:00.000
SOLUSDT,1767715200000,0.0001,141.56,2026-01-06 16:00:00.000
SOLUSDT,1767744000001,0.0001,141.03,2026-01-07 00:00:00.001
SOLUSDT,1767772800001,-1.47e-06,139.31,2026-01-07 08:00:00.001
SOLUSDT,1767801600001,-4.471e-05,135.62,2026-01-07 16:00:00.001
SOLUSDT,1767830400001,2.799e-05,136.32,2026-01-08 00:00:00.001
SOLUSDT,1767859200000,7.768e-05,135.82,2026-01-08 08:00:00.000
SOLUSDT,1767888000000,8.5e-07,136.35028542,2026-01-08 16:00:00.000
SOLUSDT,1767916800003,0.0001,138.29702508,2026-01-09 00:00:00.003
SOLUSDT,1767945600000,9.569e-05,139.51,2026-01-09 08:00:00.000
SOLUSDT,1767974400001,0.0001,138.76,2026-01-09 16:00:00.001
SOLUSDT,1768003200000,-9.725e-05,135.89376587,2026-01-10 00:00:00.000
SOLUSDT,1768032000002,-6.589e-05,136.0003078,2026-01-10 08:00:00.002
SOLUSDT,1768060800001,-1.82e-06,136.35788816,2026-01-10 16:00:00.001
SOLUSDT,1768089600003,8.687e-05,135.78,2026-01-11 00:00:00.003
SOLUSDT,1768118400006,0.0001,136.13736255,2026-01-11 08:00:00.006
SOLUSDT,1768147200000,4.403e-05,138.38,2026-01-11 16:00:00.000
SOLUSDT,1768176000005,0.0001,139.66275279,2026-01-12 00:00:00.005
SOLUSDT,1768204800000,0.0001,141.34,2026-01-12 08:00:00.000
SOLUSDT,1768233600000,3.69e-05,142.55,2026-01-12 16:00:00.000
SOLUSDT,1768262400007,3.697e-05,139.13546452,2026-01-13 00:00:00.007
SOLUSDT,1768291200009,2.223e-05,139.8878779,2026-01-13 08:00:00.009
SOLUSDT,1768320000002,0.0001,143.44648096,2026-01-13 16:00:00.002
SOLUSDT,1768348800000,0.0001,145.47779433,2026-01-14 00:00:00.000
SOLUSDT,1768377600001,0.0001,144.81,2026-01-14 08:00:00.001
SOLUSDT,1768406400004,9.806e-05,147.03,2026-01-14 16:00:00.004
SOLUSDT,1768435200000,0.0001,146.61718185,2026-01-15 00:00:00.000
SOLUSDT,1768464000004,9.75e-06,144.94,2026-01-15 08:00:00.004
SOLUSDT,1768492800002,-1.293e-05,143.44941339,2026-01-15 16:00:00.002
SOLUSDT,1768521600000,-4.172e-05,142.3258028,2026-01-16 00:00:00.000
SOLUSDT,1768550400000,-1.717e-05,142.85,2026-01-16 08:00:00.000
SOLUSDT,1768579200001,1.27e-05,140.68636363,2026-01-16 16:00:00.001
SOLUSDT,1768608000000,0.0001,144.83599855,2026-01-17 00:00:00.000
SOLUSDT,1768636800000,7.146e-05,143.56213667,2026-01-17 08:00:00.000
SOLUSDT,1768665600002,-1.012e-05,144.26153099,2026-01-17 16:00:00.002
SOLUSDT,1768694400001,1.596e-05,143.67292804,2026-01-18 00:00:00.001
SOLUSDT,1768723200000,-9.483e-05,142.03184718,2026-01-18 08:00:00.000
SOLUSDT,1768752000000,-3.06e-05,141.91242695,2026-01-18 16:00:00.000
SOLUSDT,1768780800007,-1.163e-05,137.79,2026-01-19 00:00:00.007
SOLUSDT,1768809600007,2.229e-05,133.39860337,2026-01-19 08:00:00.007
SOLUSDT,1768838400007,9.979e-05,133.47754611,2026-01-19 16:00:00.007
SOLUSDT,1768867200005,2.304e-05,133.39,2026-01-20 00:00:00.005
SOLUSDT,1768896000001,8.389e-05,130.58145684,2026-01-20 08:00:00.001
SOLUSDT,1768924800009,-6.674e-05,127.78709444,2026-01-20 16:00:00.009
SOLUSDT,1768953600001,2.13e-06,125.73063535,2026-01-21 00:00:00.001
SOLUSDT,1768982400011,-2.73e-05,127.53,2026-01-21 08:00:00.011
SOLUSDT,1769011200011,3.81e-06,130.38,2026-01-21 16:00:00.011
SOLUSDT,1769040000010,6.571e-05,129.48,2026-01-22 00:00:00.010
SOLUSDT,1769068800003,-6.167e-05,129.72,2026-01-22 08:00:00.003
SOLUSDT,1769097600005,-6.749e-05,127.35822098,2026-01-22 16:00:00.005
SOLUSDT,1769126400005,-1.016e-05,128.41,2026-01-23 00:00:00.005
SOLUSDT,1769155200000,1.237e-05,127.84286467,2026-01-23 08:00:00.000
SOLUSDT,1769184000011,-6.703e-05,127.85,2026-01-23 16:00:00.011
SOLUSDT,1769212800011,-1.852e-05,127.37,2026-01-24 00:00:00.011
SOLUSDT,1769241600002,-9.28e-06,127.06378911,2026-01-24 08:00:00.002
SOLUSDT,1769270400001,5.43e-06,126.77256865,2026-01-24 16:00:00.001
SOLUSDT,1769299200002,-7.297e-05,127.13647591,2026-01-25 00:00:00.002
SOLUSDT,1769328000011,-3.952e-05,126.40892978,2026-01-25 08:00:00.011
SOLUSDT,1769356800005,5.353e-05,125.51419737,2026-01-25 16:00:00.005
SOLUSDT,1769385600000,-0.00020746,118.77551437,2026-01-26 00:00:00.000
SOLUSDT,1769414400003,7.17e-06,122.85,2026-01-26 08:00:00.003
SOLUSDT,1769443200000,2.194e-05,123.46,2026-01-26 16:00:00.000
SOLUSDT,1769472000002,8.056e-05,124.18,2026-01-27 00:00:00.002
SOLUSDT,1769500800000,7.857e-05,124.45982222,2026-01-27 08:00:00.000
SOLUSDT,1769529600000,2.427e-05,124.96456833,2026-01-27 16:00:00.000
SOLUSDT,1769558400000,8.604e-05,127.12,2026-01-28 00:00:00.000
SOLUSDT,1769587200000,6.014e-05,127.04,2026-01-28 08:00:00.000
SOLUSDT,1769616000000,3.305e-05,126.01,2026-01-28 16:00:00.000
SOLUSDT,1769644800000,1.45e-05,125.29,2026-01-29 00:00:00.000
SOLUSDT,1769673600009,-5.141e-05,123.71,2026-01-29 08:00:00.009
SOLUSDT,1769702400000,-7.62e-05,117.59121661,2026-01-29 16:00:00.000
SOLUSDT,1769731200008,-0.000182,117.73589308,2026-01-30 00:00:00.008
SOLUSDT,1769760000000,-8.985e-05,115.73712653,2026-01-30 08:00:00.000
SOLUSDT,1769788800001,-4.603e-05,116.76665474,2026-01-30 16:00:00.001
SOLUSDT,1769817600000,-4.73e-06,117.53,2026-01-31 00:00:00.000
SOLUSDT,1769846400001,-0.00019176,117.3,2026-01-31 08:00:00.001
SOLUSDT,1769875200009,-0.00015483,108.57309709,2026-01-31 16:00:00.009
SOLUSDT,1769904000001,-0.00069212,105.43,2026-02-01 00:00:00.001
SOLUSDT,1769932800004,-0.00019219,105.14612407,2026-02-01 08:00:00.004
SOLUSDT,1769961600000,-8.954e-05,101.61,2026-02-01 16:00:00.000
SOLUSDT,1769990400000,-0.00014659,100.72,2026-02-02 00:00:00.000
SOLUSDT,1770019200014,-7.189e-05,101.39,2026-02-02 08:00:00.014
SOLUSDT,1770048000000,-5.479e-05,104.6213939,2026-02-02 16:00:00.000
SOLUSDT,1770076800000,-0.00012874,104.47417437,2026-02-03 00:00:00.000
SOLUSDT,1770105600007,-9.347e-05,104.63,2026-02-03 08:00:00.007
SOLUSDT,1770134400000,-0.00016414,102.52093071,2026-02-03 16:00:00.000
SOLUSDT,1770163200002,-0.00017777,97.81694967,2026-02-04 00:00:00.002
SOLUSDT,1770192000007,-0.00047041,97.83,2026-02-04 08:00:00.007
SOLUSDT,1770220800000,-0.00033402,92.69,2026-02-04 16:00:00.000
SOLUSDT,1770249600011,-2.794e-05,92.07483339,2026-02-05 00:00:00.011
SOLUSDT,1770278400000,9.48e-06,90.5,2026-02-05 08:00:00.000
SOLUSDT,1770307200007,-2.324e-05,84.53637247,2026-02-05 16:00:00.007
SOLUSDT,1770336000000,-0.00016041,78.29703527,2026-02-06 00:00:00.000
SOLUSDT,1770364800001,-0.00043701,79.48,2026-02-06 08:00:00.001
SOLUSDT,1770393600000,-0.00055144,84.39,2026-02-06 16:00:00.000
SOLUSDT,1770422400003,-0.00053126,87.41,2026-02-07 00:00:00.003
SOLUSDT,1770451200000,-0.00024143,85.26068912,2026-02-07 08:00:00.000
SOLUSDT,1770480000010,-0.00015393,86.51,2026-02-07 16:00:00.010
SOLUSDT,1770508800003,-0.00028211,87.52246626,2026-02-08 00:00:00.003
SOLUSDT,1770537600000,-0.00039857,87.32125481,2026-02-08 08:00:00.000
SOLUSDT,1770566400000,-0.00030758,87.72,2026-02-08 16:00:00.000
SOLUSDT,1770595200002,-0.00018599,86.92825337,2026-02-09 00:00:00.002
SOLUSDT,1770624000001,-0.00015733,85.43,2026-02-09 08:00:00.001
SOLUSDT,1770652800007,-1.919e-05,85.26,2026-02-09 16:00:00.007
SOLUSDT,1770681600000,-0.00012797,86.71341251,2026-02-10 00:00:00.000
SOLUSDT,1770710400007,-9.266e-05,84.58,2026-02-10 08:00:00.007
SOLUSDT,1770739200000,-0.00015079,84.25,2026-02-10 16:00:00.000
SOLUSDT,1770768000000,3.598e-05,82.96,2026-02-11 00:00:00.000
SOLUSDT,1770796800006,-9.212e-05,80.96,2026-02-11 08:00:00.006
SOLUSDT,1770825600000,-8.635e-05,79.66036535,2026-02-11 16:00:00.000
SOLUSDT,1770854400000,-0.0001924,79.26506784,2026-02-12 00:00:00.000
SOLUSDT,1770883200001,-7.372e-05,80.72583313,2026-02-12 08:00:00.001
SOLUSDT,1770912000001,-0.00016709,80.06714162,2026-02-12 16:00:00.001
SOLUSDT,1770940800007,-4.022e-05,78.37,2026-02-13 00:00:00.007
SOLUSDT,1770969600003,-6.12e-06,78.93168824,2026-02-13 08:00:00.003
SOLUSDT,1770998400005,7.1e-06,83.15602904,2026-02-13 16:00:00.005
SOLUSDT,1771027200002,2.902e-05,84.28,2026-02-14 00:00:00.002
SOLUSDT,1771056000004,-7.743e-05,85.13,2026-02-14 08:00:00.004
SOLUSDT,1771084800002,-5.619e-05,87.39,2026-02-14 16:00:00.002
SOLUSDT,1771113600000,-0.00017847,88.01,2026-02-15 00:00:00.000
SOLUSDT,1771142400002,-1.01e-05,90.68,2026-02-15 08:00:00.002
SOLUSDT,1771171200000,5.339e-05,87.36140729,2026-02-15 16:00:00.000
SOLUSDT,1771200000001,-4.817e-05,86.1,2026-02-16 00:00:00.001
SOLUSDT,1771228800003,-6.6e-06,85.01,2026-02-16 08:00:00.003
SOLUSDT,1771257600000,-0.00015888,83.16,2026-02-16 16:00:00.000
SOLUSDT,1771286400008,-3.812e-05,86.4,2026-02-17 00:00:00.008
SOLUSDT,1771315200001,-5.851e-05,86.42,2026-02-17 08:00:00.001
SOLUSDT,1771344000002,-0.00012454,83.76,2026-02-17 16:00:00.002
SOLUSDT,1771372800000,-9.696e-05,85.03,2026-02-18 00:00:00.000
SOLUSDT,1771401600000,-3.984e-05,85.22,2026-02-18 08:00:00.000
SOLUSDT,1771430400011,-0.0002287,82.95751549,2026-02-18 16:00:00.011
SOLUSDT,1771459200013,-0.00012426,81.54887179,2026-02-19 00:00:00.013
SOLUSDT,1771488000000,-0.00012365,82.35328832,2026-02-19 08:00:00.000
SOLUSDT,1771516800003,3.106e-05,80.58635694,2026-02-19 16:00:00.003
SOLUSDT,1771545600000,2.253e-05,82.46,2026-02-20 00:00:00.000
SOLUSDT,1771574400000,-9.514e-05,83.39413085,2026-02-20 08:00:00.000
SOLUSDT,1771603200000,3.03e-06,84.33,2026-02-20 16:00:00.000
SOLUSDT,1771632000004,5.856e-05,84.62,2026-02-21 00:00:00.004
SOLUSDT,1771660800000,-9.185e-05,84.18,2026-02-21 08:00:00.000
SOLUSDT,1771689600005,-6.16e-06,86.52,2026-02-21 16:00:00.005
SOLUSDT,1771718400001,-5.057e-05,85.13,2026-02-22 00:00:00.001
SOLUSDT,1771747200004,-0.00010584,85.19257546,2026-02-22 08:00:00.004
SOLUSDT,1771776000000,-6.575e-05,83.45453353,2026-02-22 16:00:00.000
SOLUSDT,1771804800001,-7.447e-05,82.75,2026-02-23 00:00:00.001
SOLUSDT,1771833600000,-0.00053535,79.3336457,2026-02-23 08:00:00.000
SOLUSDT,1771862400000,-0.00014788,79.37381545,2026-02-23 16:00:00.000
SOLUSDT,1771891200007,-4.143e-05,77.87,2026-02-24 00:00:00.007
SOLUSDT,1771920000000,-7.491e-05,76.81006723,2026-02-24 08:00:00.000
SOLUSDT,1771948800001,-5.768e-05,77.25,2026-02-24 16:00:00.001
SOLUSDT,1771977600001,-0.00017258,78.9,2026-02-25 00:00:00.001
SOLUSDT,1772006400007,6.827e-05,82.14389088,2026-02-25 08:00:00.007
SOLUSDT,1772035200000,6.24e-05,85.9523839,2026-02-25 16:00:00.000
SOLUSDT,1772064000000,0.0001,88.01403517,2026-02-26 00:00:00.000
SOLUSDT,1772092800006,1.584e-05,87.20168246,2026-02-26 08:00:00.006
SOLUSDT,1772121600002,-6.714e-05,86.51,2026-02-26 16:00:00.002
SOLUSDT,1772150400007,-2.35e-06,85.87,2026-02-27 00:00:00.007
SOLUSDT,1772179200000,-8.411e-05,87.27350697,2026-02-27 08:00:00.000
SOLUSDT,1772208000001,-0.00018881,82.64,2026-02-27 16:00:00.001
SOLUSDT,1772236800000,5.04e-06,81.8,2026-02-28 00:00:00.000
SOLUSDT,1772265600000,-0.00020116,78.66,2026-02-28 08:00:00.000
SOLUSDT,1772294400004,-0.00022315,80.86754461,2026-02-28 16:00:00.004
SOLUSDT,1772323200005,-4.585e-05,84.30664941,2026-03-01 00:00:00.005
SOLUSDT,1772352000000,0.0001,86.58,2026-03-01 08:00:00.000
SOLUSDT,1772380800002,5.377e-05,85.61,2026-03-01 16:00:00.002
SOLUSDT,1772409600001,2.413e-05,83.55,2026-03-02 00:00:00.001
SOLUSDT,1772438400007,-8.58e-05,82.9,2026-03-02 08:00:00.007
SOLUSDT,1772467200000,-1.424e-05,88.75543251,2026-03-02 16:00:00.000
SOLUSDT,1772496000000,-3.622e-05,86.6,2026-03-03 00:00:00.000
SOLUSDT,1772524800000,-6.186e-05,85.53754436,2026-03-03 08:00:00.000
SOLUSDT,1772553600007,-0.00014862,84.99,2026-03-03 16:00:00.007
SOLUSDT,1772582400001,3.07e-06,86.92585871,2026-03-04 00:00:00.001
SOLUSDT,1772611200005,1.145e-05,87.40688987,2026-03-04 08:00:00.005
SOLUSDT,1772640000000,2.4e-05,92.89,2026-03-04 16:00:00.000
SOLUSDT,1772668800000,5.985e-05,90.82713925,2026-03-05 00:00:00.000
SOLUSDT,1772697600000,-7.723e-05,90.10216298,2026-03-05 08:00:00.000
SOLUSDT,1772726400004,-0.00011105,89.55668754,2026-03-05 16:00:00.004
SOLUSDT,1772755200001,6.362e-05,88.7283653,2026-03-06 00:00:00.001
SOLUSDT,1772784000001,-7.936e-05,88.65,2026-03-06 08:00:00.001
SOLUSDT,1772812800004,-0.00013058,84.57942747,2026-03-06 16:00:00.004
SOLUSDT,1772841600001,-6.121e-05,84.65169316,2026-03-07 00:00:00.001
SOLUSDT,1772870400012,2.98e-06,84.27,2026-03-07 08:00:00.012
SOLUSDT,1772899200001,-0.00012228,83.69,2026-03-07 16:00:00.001
SOLUSDT,1772928000001,-0.00010523,83.16471608,2026-03-08 00:00:00.001
SOLUSDT,1772956800000,-0.00016925,82.90461995,2026-03-08 08:00:00.000
SOLUSDT,1772985600002,-0.00019962,82.01088821,2026-03-08 16:00:00.002
SOLUSDT,1773014400000,-0.00010144,81.57,2026-03-09 00:00:00.000
SOLUSDT,1773043200004,-8.215e-05,83.11,2026-03-09 08:00:00.004
SOLUSDT,1773072000003,-1.812e-05,85.01042437,2026-03-09 16:00:00.003
SOLUSDT,1773100800012,3.046e-05,84.91693406,2026-03-10 00:00:00.012
SOLUSDT,1773129600002,6.257e-05,86.66075123,2026-03-10 08:00:00.002
SOLUSDT,1773158400001,-1.909e-05,88.31,2026-03-10 16:00:00.001
SOLUSDT,1773187200000,6.61e-06,85.83,2026-03-11 00:00:00.000
SOLUSDT,1773216000007,-9.673e-05,85.39,2026-03-11 08:00:00.007
SOLUSDT,1773244800010,-0.00010183,85.37,2026-03-11 16:00:00.010
SOLUSDT,1773273600000,4.554e-05,86.53,2026-03-12 00:00:00.000
SOLUSDT,1773302400000,-0.00016439,85.78,2026-03-12 08:00:00.000
SOLUSDT,1773331200000,-3.63e-06,86.53,2026-03-12 16:00:00.000
SOLUSDT,1773360000006,7.234e-05,86.8,2026-03-13 00:00:00.006
SOLUSDT,1773388800001,7.241e-05,88.63,2026-03-13 08:00:00.001
SOLUSDT,1773417600000,9.095e-05,89.42798954,2026-03-13 16:00:00.000
SOLUSDT,1773446400001,-2.65e-05,88.12,2026-03-14 00:00:00.001
SOLUSDT,1773475200000,-6.738e-05,87.28263723,2026-03-14 08:00:00.000
SOLUSDT,1773504000007,-9.915e-05,86.68,2026-03-14 16:00:00.007
SOLUSDT,1773532800000,-0.00010764,88.0,2026-03-15 00:00:00.000
SOLUSDT,1773561600000,-5.506e-05,88.181874,2026-03-15 08:00:00.000
SOLUSDT,1773590400000,1.663e-05,87.86,2026-03-15 16:00:00.000
SOLUSDT,1773619200000,9.583e-05,92.29,2026-03-16 00:00:00.000
SOLUSDT,1773648000010,0.0001,93.54,2026-03-16 08:00:00.010
SOLUSDT,1773676800000,5.241e-05,93.14,2026-03-16 16:00:00.000
SOLUSDT,1773705600000,8.675e-05,96.15546577,2026-03-17 00:00:00.000
SOLUSDT,1773734400002,4.97e-06,94.38,2026-03-17 08:00:00.002
SOLUSDT,1773763200011,-1.43e-05,93.77,2026-03-17 16:00:00.011
SOLUSDT,1773792000002,-8.83e-06,94.57,2026-03-18 00:00:00.002
SOLUSDT,1773820800002,-4.951e-05,93.89326824,2026-03-18 08:00:00.002
SOLUSDT,1773849600005,-6.465e-05,89.31735445,2026-03-18 16:00:00.005
SOLUSDT,1773878400000,-0.00010064,90.03196863,2026-03-19 00:00:00.000
SOLUSDT,1773907200003,-1.65e-06,89.38274806,2026-03-19 08:00:00.003
SOLUSDT,1773936000003,-3.8e-06,87.57162408,2026-03-19 16:00:00.003
SOLUSDT,1773964800002,3.87e-06,88.85,2026-03-20 00:00:00.002
SOLUSDT,1773993600000,-4.929e-05,89.32032084,2026-03-20 08:00:00.000
SOLUSDT,1774022400000,-6.064e-05,88.9143686,2026-03-20 16:00:00.000
SOLUSDT,1774051200000,2.431e-05,89.81,2026-03-21 00:00:00.000
SOLUSDT,1774080000000,-1.16e-05,90.09,2026-03-21 08:00:00.000
SOLUSDT,1774108800014,-0.00012136,89.78,2026-03-21 16:00:00.014
SOLUSDT,1774137600012,-0.00012994,87.51,2026-03-22 00:00:00.012
SOLUSDT,1774166400007,-0.00013452,87.65,2026-03-22 08:00:00.007
SOLUSDT,1774195200002,-0.00012882,87.52921056,2026-03-22 16:00:00.002
SOLUSDT,1774224000000,-6.305e-05,86.17476311,2026-03-23 00:00:00.000
SOLUSDT,1774252800003,-1.921e-05,85.93,2026-03-23 08:00:00.003
SOLUSDT,1774281600002,4.974e-05,89.91,2026-03-23 16:00:00.002
