date,open,high,low,close,volume
2019-01-01,3486.145140998684,3492.0922163747055,3480.289304579876,3490.6606911872263,527675242.06346434
2019-01-02,3497.479186665863,3588.3215928667005,3492.6081935575676,3543.393352678288,468487183.2815197
2019-01-03,3531.9160271012383,3756.6174860430115,3422.218936168292,3678.227835510136,442875025.5888159
2019-01-04,3680.3100285290748,3791.3888625583577,3674.6312669709496,3756.278584797302,366616831.8267172
2019-01-05,3749.1139494875874,3750.8033104254887,3739.129648196781,3742.659201145047,529399029.2445276
2019-01-06,3771.918943397828,3883.632342043709,3734.3975991499374,3787.5577781361867,838187451.2673769
2019-01-07,3783.0415505219935,3795.541909417981,3610.4370980871076,3738.5225047990143,1044971660.2603852
2019-01-08,3740.394435013579,3827.252777759275,3697.1471378303763,3807.3035284633534,585509643.4978464
2019-01-09,3810.8201186750143,3982.156126118589,3807.120731013941,3909.7226245343727,400073832.7722879
2019-01-10,3898.6572524575986,3912.6584507475404,3896.635228197559,3907.1649780135494,644548781.1363702
2019-01-11,3900.15236829846,3909.290030969375,3726.471116386198,3771.2283075920222,577404658.4604566
2019-01-12,3758.368668790751,3763.1106062870927,3314.6986197029983,3337.5588580269005,674539812.321955
2019-01-13,3310.4125720034826,3329.955284070244,3307.388150341419,3318.204717936754,241706800.46015218
2019-01-14,3319.668312715566,3350.0853927099897,3202.017196838432,3231.4748348003363,425748180.3787884
2019-01-15,3249.430406875376,3266.7885848392516,3235.374859442914,3262.1836172577937,339318037.71594745
2019-01-16,3258.498798095825,3449.5631889993915,3225.178025985553,3381.078256538569,635067892.3403908
2019-01-17,3385.6374976444736,3388.759342714675,3345.4948882399276,3352.7346871909926,529604840.3305551
2019-01-18,3354.616823815821,3376.9667241527172,3352.2139888035235,3369.3673537379577,354449449.0074713
2019-01-19,3365.691000750995,3378.29049798166,3262.6412320268123,3291.2014062231,918856002.4076508
2019-01-20,3280.8659193636636,3420.2576147823866,3273.0713893041498,3396.782151910744,1078355798.258477
2019-01-21,3389.0534241641003,3563.6942324082534,3232.0505878868303,3551.8384296623776,494316758.42619354
2019-01-22,3556.020600189591,3606.6385602527043,3328.6144650215533,3357.8260244180265,657340730.710841
2019-01-23,3348.994587635825,3400.6736526445898,3241.3558701198262,3304.3453577784076,842309924.3531942
2019-01-24,3310.707598965427,3341.8491364392894,3226.4082877498026,3237.6649210086866,342043191.68044704
2019-01-25,3225.3915860528377,3458.410437179871,3207.691265066879,3398.53191679626,411710843.2820897
2019-01-26,3384.4071570686983,3394.221911134071,2927.559789553643,3208.1203419228486,308681402.64728504
2019-01-27,3228.742627012958,3231.3669608691025,2934.744347139969,3041.0716044567284,1347619434.777504
2019-01-28,3033.7305958673523,3279.6565951892903,2959.8121258954766,3211.3292246328415,664906167.9675875
2019-01-29,3215.3501242371717,3238.389694345039,3099.4937854500536,3116.7267248353583,498948474.9865821
2019-01-30,3124.050871044018,3125.3544045763156,2948.5314165223167,3036.8041369176126,397904731.58346707
2019-01-31,3044.3419816682976,3102.858669098706,3043.9481230182605,3057.556027640456,558854661.7310233
2019-02-01,3063.7708323547445,3156.8575931243245,3054.867473326704,3121.7359731439096,578555542.0961193
2019-02-02,3142.2949390105255,3147.0785108057826,3119.8978107716075,3122.4028671285646,378375102.81870645
2019-02-03,3125.2657812520333,3134.5047494470455,3000.663299590616,3035.7613608083584,634112356.1353304
2019-02-04,3044.679040858812,3093.6187289897575,3028.129082147818,3070.3354264233535,391575594.0160891
2019-02-05,3068.732190528905,3083.512453682904,3066.835545391431,3081.0209343553843,772195496.3912712
2019-02-06,3082.1155233178224,3221.787245984329,3066.5532124458914,3157.3004518971375,602020114.4483339
2019-02-07,3148.099517334806,3284.8164634410505,3111.648670993683,3249.446121225303,258255455.30077797
2019-02-08,3243.2168189015415,3252.076585297218,3000.042412998506,3055.8047149087047,1648948237.5091743
2019-02-09,3056.6630414202677,3111.4694832009945,3051.1972712262336,3104.5110463457736,974804619.5467309
2019-02-10,3107.6736624174537,3455.734463457641,3071.0302840006343,3343.664946043567,608589408.3833753
2019-02-11,3345.4505543201244,3364.4658388054377,3276.4713604454164,3289.687219589986,389982332.0520745
2019-02-12,3282.8397918976093,3400.637396684676,3237.0379550869643,3367.304447123107,695911550.6140323
2019-02-13,3366.0378611328024,3379.663165305125,3216.1340668638436,3249.347635757683,344487632.3408079
2019-02-14,3233.7700848724185,3265.7367210161724,3074.7876995000006,3085.211415634639,376432739.2422049
2019-02-15,3090.8467760361173,3255.8041842505454,3061.7865522501847,3194.0646141789375,697358809.9587643
2019-02-16,3189.2290927821277,3222.323626912726,3185.4126432676185,3215.892097870076,318719982.67963135
2019-02-17,3215.5599125822987,3229.3047204508607,3204.9966825257566,3228.7489050904765,744194895.8263605
2019-02-18,3224.477487281266,3229.5871952627845,3134.1366817330786,3173.5023569062364,532846403.6084787
2019-02-19,3190.182422605321,3245.447367952827,2980.8666819433715,3052.176767966663,800213995.2372944
2019-02-20,3043.0346034387235,3416.1069519329044,2998.9226481832866,3269.166633929514,363204790.5300193
2019-02-21,3281.523139241025,3300.7860120504733,3218.266670458987,3236.0177461671265,415255462.8545484
2019-02-22,3239.9115608880547,3242.046829138346,3228.3389645586503,3237.115520618609,373711265.65096116
2019-02-23,3245.7492076395256,3248.0348659336814,3240.278724354345,3247.2912187345337,201293796.77032745
2019-02-24,3257.551406980609,3486.544430075885,2985.614350527383,3068.406542904191,870463824.1872526
2019-02-25,3079.4688606223576,3089.1934221338806,2940.415930527608,2957.632893344144,372150486.0210155
2019-02-26,2949.2887280197106,2958.0329034446927,2937.6717636572475,2940.7896886498115,463328575.1583269
2019-02-27,2940.0018648400282,3087.0047225291682,2931.541496594574,3047.8942734716165,799944568.4172573
2019-02-28,3056.5730299492475,3077.140817322235,3053.137371508459,3071.2539257618287,691541985.4266219
2019-03-01,3091.2056000814873,3100.982132297307,3039.310927108605,3082.8774891293033,271155630.26617974
2019-03-02,3098.9530650017646,3144.5696076373833,3086.657089771287,3126.6785960829293,573817548.8722075
2019-03-03,3113.626097489658,3117.3440070285687,2901.3728146400817,3054.5637798263506,611739581.6215469
2019-03-04,3060.858930053074,3066.575066875523,3002.374846805352,3018.6411053393786,292792188.29373837
2019-03-05,3008.8505811269965,3074.456577418579,2894.3384483015916,2904.6048014198773,575011718.1843477
2019-03-06,2913.861452374638,3149.686030447352,2888.7822294410385,3079.641897175052,671635026.8562953
2019-03-07,3078.207316054549,3182.883407378241,3065.032071657701,3164.7751047582583,331543327.69200706
2019-03-08,3167.4217501525213,3185.1196420716115,2917.9227564217413,3007.654187641323,415895694.4251886
2019-03-09,3009.7302544257414,3293.2744347812527,2990.340467726257,3240.7196656284614,847264080.2202277
2019-03-10,3242.145155180851,3257.065973923329,3164.088074566824,3223.41215426552,227242839.7482968
2019-03-11,3235.8889827891367,3240.2703885479204,3001.2370152792946,3075.3635819114056,271877331.72318906
2019-03-12,3080.844875917738,3190.704929010473,3060.1701917978344,3182.7132363653286,1350294343.4324398
2019-03-13,3191.502539316583,3334.2115557559487,3171.7075909064642,3278.294478797347,1127680399.5824857
2019-03-14,3298.819186786212,3462.8498362313608,3269.892531241662,3440.7604283499986,365836501.0531757
2019-03-15,3441.9431643874436,3664.5483498675235,3392.7947012424097,3568.060420682173,476705131.80897236
2019-03-16,3567.827847675696,3582.32537130507,3421.2433673136115,3429.5129501333477,175641455.79645005
2019-03-17,3443.990867216475,3452.576180030614,3411.9301109429257,3420.9352314907965,554410427.1666158
2019-03-18,3427.096025416504,3427.705023934951,3239.1487635883577,3254.8574892000233,560282137.5945187
2019-03-19,3269.5995232974365,3289.2727538877352,3258.529418729117,3276.9871130387146,556846027.0764211
2019-03-20,3289.81847167644,3422.0959083958664,3280.6580770084715,3373.9068821415185,584060599.2488521
2019-03-21,3360.937716071668,3447.0868110570877,3314.2582440704477,3435.31993248907,1032277874.4352868
2019-03-22,3436.991898822219,3550.7219452976233,3435.3081254553967,3540.95682783388,559638617.218119
2019-03-23,3544.218536455516,3555.586818789486,3477.763113231225,3497.5500892546697,676542393.2529178
2019-03-24,3496.12404596941,3507.392036833213,3411.175233705682,3433.158630289956,376332896.18363607
2019-03-25,3415.4954142725715,3756.9600981492736,3406.244694215,3536.693137108586,1096557848.4114525
2019-03-26,3536.116915813967,3943.90431491712,3535.3620976791117,3844.5056934712798,739674458.3622289
2019-03-27,3840.9479296920726,3844.0229221538734,3831.5571967886867,3833.8238603572545,339331850.8836593
2019-03-28,3816.855817173217,3818.2002318564073,3773.534964152384,3802.537531945721,287934191.69997394
2019-03-29,3802.355298026856,3889.3652647916642,3663.0876456054007,3663.788273191072,271230587.5766519
2019-03-30,3669.4546282239144,3823.8057055017343,3627.778235087524,3818.190778297294,245095381.3532997
2019-03-31,3833.6751498763097,3855.8552986977816,3788.6694917366203,3799.021641484048,584488069.6951514
2019-04-01,3781.0248793175447,3815.11567971379,3776.8336278022084,3809.249231419914,382639894.2690353
2019-04-02,3795.596508908381,3803.598704636799,3729.172295802553,3748.7415136838213,499898626.7102789
2019-04-03,3749.7300221659943,3876.021286455642,3723.8118892568345,3860.425319769737,489316159.2984197
2019-04-04,3884.5736224125767,3927.4564802459527,3541.6703447281834,3659.9409101289907,511575136.68208104
2019-04-05,3649.0881335072877,3695.465437913559,3629.037430644683,3687.7101078649744,312322387.5633514
2019-04-06,3719.663168981283,3828.8188572737786,3715.2635681229726,3823.756547133404,650879189.5753012
2019-04-07,3814.8586539618145,3877.2352809798545,3810.6561648812635,3875.8696364749603,817037601.9556293
2019-04-08,3869.2059351401845,3958.032824440009,3664.4402492723348,3664.8908797125873,496429022.4382038
2019-04-09,3651.7721292020783,3661.158865991145,3646.999420445694,3659.7012553244786,764297434.4388543
2019-04-10,3662.740552583797,4112.912346479825,3550.141296528628,3935.5124322427946,465889662.00075585
2019-04-11,3949.2339179777487,3965.0416414118245,3870.254086485094,3890.3048642832287,1528447254.9375598
2019-04-12,3869.8477986106386,4830.131254643274,3722.0650882185714,4587.226166832201,727104223.306945
2019-04-13,4590.230445059635,4619.233650455093,4508.280150295765,4518.9084632420245,675965025.8949814
2019-04-14,4534.256976557182,4534.416450389421,4493.57684364973,4498.339686088723,331896726.2502594
2019-04-15,4484.300570197075,4580.495001601451,4472.993422881259,4579.050571154298,346931695.77273554
2019-04-16,4578.059974562858,4655.756261851766,4407.284312797736,4420.267325645478,1058818754.9577751
2019-04-17,4430.98365600649,4437.816559989142,4304.744401709029,4325.576983974431,449643595.99125105
2019-04-18,4349.278466712733,4359.8613581969485,4217.88968158844,4249.695821432279,466613986.67108434
2019-04-19,4247.293459610657,4547.750480925935,3822.3816232969266,4535.825902655146,731321618.8324201
2019-04-20,4509.8526626840085,4654.739497826158,4493.218377923509,4631.889053018475,287735098.5523535
2019-04-21,4644.869808739333,4748.5976145589275,4550.849294201186,4572.259564811137,623013983.6691022
2019-04-22,4559.294132015794,4870.43943464723,4555.034139350137,4691.388384597906,784677678.4157647
2019-04-23,4699.602528360128,4749.3555725255455,4601.186398310439,4607.7015933593,930997706.4490948
2019-04-24,4588.695426135771,4934.318912412995,4353.713435099204,4883.660290610388,343794775.64538217
2019-04-25,4850.840429811635,5053.335319369206,4825.532112657348,5000.889580404904,308440737.295134
2019-04-26,5007.495349901619,5014.511335199244,4923.6732283985175,4939.768946498327,701786099.280862
2019-04-27,4944.7873081492,5576.068192857994,4838.144816097834,5201.175311763675,1628960226.1996942
2019-04-28,5220.992560727503,5262.669377774339,4860.515841984397,4909.371509057007,297754679.69294095
2019-04-29,4910.29649805643,5068.756779153111,4894.032443361645,5015.854777380343,576311471.2344698
2019-04-30,4994.891050170344,5006.650897561371,4904.893555393571,4965.4466347728785,369312875.0074426
2019-05-01,4969.557056079471,5190.584419288192,4931.385814310692,5064.226850354591,415067830.2305971
2019-05-02,5028.718094352552,5029.824294783966,4750.108892984763,4831.513571106052,1606142983.3024466
2019-05-03,4823.816002068945,4924.251844738993,4817.18844379979,4918.387791739448,1032057010.6705062
2019-05-04,4945.3344737862835,4952.356610151506,4890.32789940083,4905.699460712016,328156104.3395062
2019-05-05,4891.450333965458,4893.866943090124,4802.5173958479745,4807.753198076644,591598292.4413214
2019-05-06,4781.895941220634,5795.998205571848,4580.883367834964,5443.993085079767,1459809449.8551855
2019-05-07,5426.148082466457,5445.283248505136,5363.157099168819,5401.170381913328,459717066.78995633
2019-05-08,5378.779548254716,5399.117441034072,5140.734237111883,5153.894909173857,743142778.6661487
2019-05-09,5149.712719765242,5404.8605425373935,5137.539063465729,5344.704736332236,464462324.8224082
2019-05-10,5336.209857026923,5454.357890426179,5123.684165348651,5179.396839940879,331642854.0339238
2019-05-11,5163.898523368297,5200.179109423546,5034.729093376712,5087.871778508163,1168672935.9298232
2019-05-12,5103.366692410343,5172.861617439658,4456.281858018564,4747.8147375478,1041931840.6987927
2019-05-13,4733.108846806248,4969.84644049748,4711.974085783646,4953.423223123375,925612219.6090798
2019-05-14,4977.072217994449,5164.390960531676,4942.223152110509,5132.155586608587,246149660.4993694
2019-05-15,5091.766153798878,5133.746823811878,5088.6760408826085,5118.1081773239575,725966241.2301867
2019-05-16,5112.723965959199,5437.006102469121,4950.170169575034,5356.791498465778,1333263962.3448162
2019-05-17,5344.894189173631,6159.392403993944,5202.436338283019,5593.058107800029,695681781.695852
2019-05-18,5610.901360910939,5847.447338825087,5403.624393521774,5842.303297009528,424951029.87464494
2019-05-19,5843.463178725014,6204.539575418268,5574.240067185597,6180.5415132456355,515452866.2201344
2019-05-20,6163.90855379076,6171.805891893048,6158.2780781867095,6160.18725126281,665738205.0542356
2019-05-21,6190.680387205566,6619.918829399604,6176.990834608027,6501.591064757519,308131295.5943843
2019-05-22,6526.231354887792,6581.736978962452,6520.207094155923,6576.480127757243,677535659.1454848
2019-05-23,6554.985744274793,7660.172832173284,6341.640147010621,7149.03654462962,1847745310.9144974
2019-05-24,7154.628513310624,7182.302725800627,6882.954704999547,6938.540939266418,225255261.32926682
2019-05-25,6936.984900346677,7064.196041388682,6930.489947944172,7058.393370264518,577964537.0490553
2019-05-26,7043.721813027612,7047.5374661450205,6356.703398071548,6627.636494232572,607578911.4627842
2019-05-27,6625.41944431329,7139.749809932795,6489.625885459005,6951.511202963421,442811950.8505816
2019-05-28,6995.751392167632,7000.407179118506,6859.387452322998,6864.50194009172,597539613.8341857
2019-05-29,6849.910430069866,6852.369460178345,6759.828864265726,6813.583801702693,350915578.3398184
2019-05-30,6774.510315108159,6820.349452739564,6734.033752769171,6738.50500004352,443441321.62221545
2019-05-31,6709.904221999805,6851.353082664777,6684.396339424464,6764.712799577609,560073887.9263936
2019-06-01,6742.4910510716545,7219.589261955923,6576.239583558062,7155.158544655992,213598319.53311747
2019-06-02,7174.675143122402,8414.59128658243,7035.522289195633,7443.306836356535,260630288.4203327
2019-06-03,7440.372067561403,7836.8268641760915,7383.486065164919,7758.398056612609,740363173.7549838
2019-06-04,7781.960884561615,7806.410109404743,7690.124786218874,7704.422744951914,699558408.3577342
2019-06-05,7729.797672109527,7862.914385470711,7726.3684828645655,7858.603711562001,482305101.35906154
2019-06-06,7833.47722998711,8713.067122959174,7745.4029539222065,8459.389094057811,275678863.21273726
2019-06-07,8455.704631416796,8871.754890280063,8335.07461171312,8709.68895996096,536052432.2402003
2019-06-08,8744.950994945415,8758.007405331773,8669.84909102539,8681.937250337658,994619220.9188507
2019-06-09,8670.867963950948,8905.374944893154,8599.870099394058,8863.939918744856,472699630.1352641
2019-06-10,8885.42024136694,9436.761414836212,8779.81743395846,9389.268346869609,442748797.2987811
2019-06-11,9378.379062660393,9534.094739600401,9062.23763449063,9064.115456747677,455093174.80147034
2019-06-12,9040.883038204416,9185.97685167398,9036.480213984398,9147.64279738894,520654535.1710918
2019-06-13,9103.53709038549,9124.114587546368,8884.694855752263,8898.170100125079,258277112.04518467
2019-06-14,8936.470568617986,8956.28581291937,7789.599988456805,8356.223880822861,509137990.1280259
2019-06-15,8368.922063621683,8482.031424303186,8350.979767665813,8434.99085327467,532085575.4073484
2019-06-16,8418.690619108022,10228.904651155051,8134.7927014694005,9454.1831029438,700341660.3241087
2019-06-17,9437.648858543907,12166.195086602667,9432.182745023014,10656.333636870737,299153735.17458487
2019-06-18,10694.484411052574,12324.965884335941,10569.450598585978,11305.309051457636,489037416.69684845
2019-06-19,11314.700302210998,11796.367240219679,11268.034455323557,11748.479301081037,389240825.8508056
2019-06-20,11729.439119674935,12169.468469901467,11722.351040430736,11991.284306872136,298382074.34183615
2019-06-21,11927.368912098449,11928.292602967473,11515.459260983993,11582.046289143736,1704388758.342248
2019-06-22,11608.488190732485,11857.851617020131,11583.722926039543,11773.941889896354,217233200.42267278
2019-06-23,11802.863968119937,12424.203262360901,11707.174224137778,12374.084818439764,411904594.0586442
2019-06-24,12351.939497499883,12509.551359454244,12335.700664305634,12465.049569670406,216337284.6012491
2019-06-25,12533.164394879308,13329.580439242383,12427.241122469894,13198.447542710046,838509558.996393
2019-06-26,13228.253120399868,14149.762512928508,13168.910244411218,13655.846222175289,400085832.86348534
2019-06-27,13682.864119690432,13739.658386610046,13645.847289246802,13739.439151238152,221265146.1260571
2019-06-28,13682.7184479896,14535.551520956047,13674.897535625349,14370.156896643372,440252531.2633799
2019-06-29,14402.840984159426,14485.788622903518,14121.706279050914,14180.73181060456,703289400.1135864
2019-07-01,14170.05866744757,14333.988035572682,14139.905265103747,14316.38825442257,311241622.4981863
2019-07-02,14290.497103919377,14340.479887860027,14103.73940602576,14245.521995641171,737437859.5848215
2019-07-03,14247.440012867688,14290.764158914955,13972.916199358666,14008.625619390647,429825893.9320631
2019-07-04,13942.558855514539,14143.956236859576,13646.628590614158,13751.206635767932,461957064.47645867
2019-07-05,13725.62523556731,14035.153252599643,13099.254160589748,13189.873023036642,252220819.93263656
2019-07-06,13190.96814439076,13657.458511814977,12317.924381275203,12517.176841219312,284183019.9856408
2019-07-07,12505.57943232883,14156.108661174934,12457.941536990491,13568.37689138418,449157829.82034284
2019-07-08,13596.127932081172,13887.50222686176,12258.96464147092,12775.84061107252,480773505.2682633
2019-07-09,12661.048863714677,13470.25507194969,12485.309308631871,13137.46761495069,438778886.4024288
2019-07-10,13159.34316287267,14670.46203929656,12626.32265513481,13627.36706693431,696919586.7340194
2019-07-11,13637.374127893467,13657.43996489959,13607.489322546016,13617.84642066783,674697562.2505695
2019-07-12,13587.288420766607,13902.294928766918,13563.798685156224,13801.673056516336,213081006.04511732
2019-07-13,13837.392598738275,13993.024481202428,13179.049379256036,13315.020330193713,1041502251.9355155
2019-07-14,13245.559996347502,13296.785608956394,13148.713357407356,13293.264427175001,551996804.4114794
2019-07-15,13294.29399618357,13659.793708755744,13183.222299402998,13627.253687214885,942808486.9796216
2019-07-16,13602.2640022806,13882.198515253674,13387.837757687215,13513.29230374083,188766164.47100985
2019-07-17,13494.826691243687,13711.439039100693,13457.863204945448,13632.136795125636,634742334.7194438
2019-07-18,13607.39501297077,13693.358969491877,13163.684243733172,13353.807888606523,611743372.0891589
2019-07-19,13389.19246809546,13406.494519448364,13266.859910422208,13288.695116047433,1351874180.1737754
2019-07-20,13241.459030805185,13256.809035424825,13157.958361005469,13207.551776390044,817698371.7288756
2019-07-21,13219.130649566001,13554.233230292446,13190.12204464127,13510.96547283745,1095546632.5606074
2019-07-22,13541.771250480702,13976.825102104167,13458.984196061148,13946.88366617484,571840043.0162758
2019-07-23,13934.270834510722,13964.350732836285,12985.957663287394,13069.962394657805,948814566.1842101
2019-07-24,13096.81070764455,13294.258544441407,13091.609756245965,13160.355656331789,433787607.6134975
2019-07-25,13130.52621854941,13146.691056755897,11885.888458399906,12407.071165769847,706244900.618827
2019-07-26,12387.667953917928,12406.479005664132,12376.120119234287,12403.677802360518,655768321.8936555
2019-07-27,12407.567556740496,12493.178553288164,12137.747216867347,12180.36353386319,740756371.6055573
2019-07-28,12192.978492046937,13377.083251955413,12014.372844562206,13212.702104834856,576469582.7051331
2019-07-29,13249.628414898156,13656.134892082655,13227.030951382778,13440.469378806212,456538688.23547834
2019-07-30,13397.592644635608,13427.227052807968,12868.433215255935,13006.200813525458,787496245.0626327
2019-07-31,13018.673123413782,13216.546241919119,12131.938546440771,12242.55015171679,2130807741.9763224
2019-08-01,12305.111547752957,12421.73114274482,12252.567883138634,12291.791779642388,723641048.2504119
2019-08-02,12286.606493989362,12300.234896713197,12049.30989381635,12117.24282458979,267271434.06727174
2019-08-03,12125.897423731516,12594.11021471777,12086.155278321728,12376.482287181363,977903723.6491002
2019-08-04,12397.309340899068,12400.29513255452,12215.195801240456,12240.19706343294,1043099192.3379964
2019-08-05,12247.46385239729,12251.88448869547,12157.621246741453,12177.944594407896,279544864.8143927
2019-08-06,12212.23301013696,12685.342762225106,11386.480394208496,11440.576040238262,1076589242.2287548
2019-08-07,11513.64764987383,11743.838228087188,11513.13157482397,11701.06566573111,737087437.9399705
2019-08-08,11745.503372205048,11795.031914671796,11413.269296218203,11473.849067209163,324367533.85908777
2019-08-09,11445.49282677353,11494.091309925738,10753.90138911691,11172.219196802705,580522444.7917658
2019-08-10,11171.78513073602,11214.662521758504,10815.96818312904,10874.281253224142,504402232.02908725
2019-08-11,10930.649323719485,11091.540506682648,10888.640591976817,11000.63436078873,865097220.7066818
2019-08-12,10939.28472775771,10980.688550007273,10727.16335542513,10800.448992760395,503523863.9844037
2019-08-13,10741.099573904161,10787.537674487752,10535.167624620008,10661.180648605177,485375352.06066036
2019-08-14,10635.57406923829,11206.559849740835,10321.409719841016,11136.70044307964,452090958.26179373
2019-08-15,11132.125552747595,11267.479400258486,10895.42878305705,11006.780533456895,558142529.4803088
2019-08-16,10925.097404527458,11721.994687184113,10880.149264026937,11509.67271869418,811321050.9885345
2019-08-17,11536.492374639321,11567.882322168207,11004.695958425818,11152.830859718133,408623959.60245615
2019-08-18,11107.608003659981,11136.176251537812,10644.076138327382,10750.04792770518,197818997.16867277
2019-08-19,10754.167941586658,11794.798828091292,10721.174123280336,11191.516047319454,403434582.53549594
2019-08-20,11233.491522498129,11237.448665801192,10921.232725122742,10946.928196965422,327711118.76
2019-08-21,10968.32814316028,11186.461842276622,10955.061526895122,11016.400302788488,521528043.54712164
2019-08-22,11032.258991268909,11044.66731800594,10967.298855345769,10987.301446065452,514906558.92774487
2019-08-23,11030.306191896338,11044.239927212155,10627.227831748227,10754.225380549587,1053241051.6867433
2019-08-24,10781.036664742056,10784.588953965787,10644.475815104992,10654.237757253159,340541236.7595383
2019-08-25,10616.362741993995,10940.470732381269,10586.212205038397,10890.910990165146,374487514.36972296
2019-08-26,10900.027610317005,11363.573582862791,10892.948701741554,11221.598514688376,327525022.6614958
2019-08-27,11228.840759605942,11343.10273894892,11217.480928678948,11230.48328706929,237825812.35383987
2019-08-28,11161.348456635444,11254.454801364907,11009.247819033728,11009.38870465378,1548155916.396139
2019-08-29,11039.655887131637,11044.322007382301,10871.777285325728,10899.096486117274,389637817.0832237
2019-08-30,10971.08526932415,11124.979901308821,10398.684250984472,10478.767030375884,653509617.888892
2019-08-31,10460.2549276075,10481.492514632373,10072.645063183076,10175.892285802724,647523402.0788747
2019-09-01,10204.949777853511,10209.068857457836,10037.503157037501,10068.957728391444,409212070.98040026
2019-09-02,10066.568977494406,10142.688022104996,9099.476242140672,9449.190459971833,1132029434.1380148
2019-09-03,9459.119754038673,10015.671797930821,9372.133264577691,9806.43123163075,941833597.5222646
2019-09-04,9778.188002887788,9806.296670555541,9778.152071624676,9805.708843843422,1166371076.8038871
2019-09-05,9791.96508114469,9893.683653902726,9785.56810397727,9836.074290592644,445570991.2968098
2019-09-06,9848.911117717349,9864.469857901975,9626.424257672685,9727.301551705534,366958893.7070488
2019-09-07,9712.56582800451,9728.828824682709,9150.068766543443,9335.474196422258,372650925.93715686
2019-09-08,9331.777514162084,9357.763398905048,9192.643855215983,9211.722380874793,517373608.0380353
2019-09-09,9181.78712177476,9630.3909643917,9037.891872920673,9470.307183207506,192631115.04792333
2019-09-10,9444.137545115493,9885.589428813659,9407.222408842446,9808.61383097458,790627100.9997329
2019-09-11,9766.970486730881,9885.918875975018,9506.549248882713,9515.994517494608,416543439.3634048
2019-09-12,9527.765185338012,9553.612674625625,9481.052853497076,9485.074322906386,758589606.3056115
2019-09-13,9464.211631753125,9863.241837919777,9286.348607157519,9848.31094884559,295336774.1726371
2019-09-14,9828.833688838822,9898.965774569635,9693.078426008336,9759.910244895165,500159703.6199177
2019-09-15,9742.452923547293,9903.229127021319,9578.74617542142,9613.81395177363,901609296.6414893
2019-09-16,9638.389534236798,9707.521876455434,9020.037308483446,9202.068806423846,1297405193.221664
2019-09-17,9160.997137759408,9471.162609117677,9140.7285410353,9423.391960270934,346407560.2559865
2019-09-18,9433.032375739225,9511.323702598087,9336.450043116349,9341.197133405294,911572276.8943131
2019-09-19,9369.068229431494,9584.294705227363,9305.274330758586,9546.354964278598,535197565.44642067
2019-09-20,9569.874486675031,9606.281844074741,9204.86457349528,9337.380302883921,640339411.8862967
2019-09-21,9355.37457300915,9477.237019289985,9097.558453271362,9225.564352560312,1171418326.696915
2019-09-22,9258.714180575429,9514.550021691331,8797.808899660611,8798.124621524876,188679834.45432457
2019-09-23,8859.941924404759,8893.225201658859,8704.485009691298,8753.575846107977,1460457800.6911106
2019-09-24,8779.00218883518,8950.57787786721,8759.167807855858,8912.846454212002,255863501.46146694
2019-09-25,8927.314169453111,8968.38868128226,8826.769964438174,8840.966358452475,637247031.6935542
2019-09-26,8835.991912379935,9118.99321257955,8768.097212738536,9095.41488110026,997137396.4762276
2019-09-27,9113.11563044645,9776.409986775087,9083.017782371773,9365.890727964654,454842243.372556
2019-09-28,9364.061571276163,9804.472919696915,9335.584894704634,9604.717054081682,746640889.1001711
2019-09-29,9574.38535796734,9629.43213435634,9095.598352244877,9228.631889055638,530809063.0502684
2019-09-30,9216.762808214258,9490.744274470224,9182.963398444626,9456.919773467793,715911199.9040043
2019-10-01,9436.28597215056,9543.83532432529,8581.34090419049,8825.008444852134,684806759.2507151
2019-10-02,8813.711903120084,9288.25482784559,8793.003569281376,9018.857917494717,557867721.662645
2019-10-03,8994.545144612714,9368.947865718059,8959.140680482651,9364.994850797106,830521405.5752372
2019-10-04,9376.590847776506,9380.170095108162,9302.186430964788,9315.714731289834,392882067.50732607
2019-10-05,9293.13144100766,11383.788198527069,8964.479119839316,10448.317079157934,1081460489.2134414
2019-10-06,10454.521163883095,13194.828908928206,10349.87280729232,11446.776216218092,504633815.257724
2019-10-07,11502.164110547375,11728.9812632174,11473.647850173402,11723.93787762179,645966964.3137976
2019-10-08,11765.94373920684,11774.310644460918,11132.91893470766,11407.655659287444,353064126.30602777
2019-10-09,11390.191333909372,11600.340935937174,11351.349136006422,11519.870240687533,736048265.0828309
2019-10-10,11553.90989064752,11811.591138554726,11442.053316867394,11757.082575875638,335458966.5961705
2019-10-11,11780.33188072695,11809.23866088162,11776.947996408642,11792.275515951043,1450622966.0911534
2019-10-12,11756.209950922002,11757.862182620418,11740.78560421395,11751.227980094982,1192212186.3789325
2019-10-13,11778.993964286294,11813.77350192732,10899.147856935451,11086.323156976323,1565178109.5343292
2019-10-14,11089.545586818578,11122.188460162011,11084.425773346267,11114.029176551881,2590738848.742765
2019-10-15,11160.396105152928,11245.778064529393,10705.30057977296,10796.593809315238,439690580.5222625
2019-10-16,10740.791565174259,10800.15011383642,10559.37581644669,10570.04185551156,839099038.6609354
2019-10-17,10562.636184879413,10686.780178509916,10556.267442935032,10630.772328907278,843910835.6090103
2019-10-18,10646.007234461049,10818.3776833452,9562.608735965434,9645.14021507336,923139580.9790912
2019-10-19,9656.522005268289,10149.153613381057,9575.8111363151,10038.441667531672,198701898.98329443
2019-10-20,10059.712207353623,10084.405575958883,9770.437253084754,9861.724281527831,409806298.26316893
2019-10-21,9846.01288467117,10007.044788750518,9841.129823623916,9933.598846767574,385476373.241451
2019-10-22,9947.554614363637,11429.779957812347,9934.35360398187,10664.819031871844,609656237.3936855
2019-10-23,10663.65395267721,10821.905939242806,10329.57998924342,10335.859252515625,427325670.8147974
2019-10-24,10383.929080004204,10709.846812019181,10269.948397818493,10621.651754009496,721687128.0493528
2019-10-25,10646.933025419841,11029.782991907337,9544.60951462934,9926.909603103548,418806105.323229
2019-10-26,9855.812322443864,9918.655269433553,8893.58031838569,9176.778193623453,881181832.1893927
2019-10-27,9157.214953225604,9185.318028065321,8895.527275960072,9031.734068872065,530252309.422697
2019-10-28,9011.817231385368,9036.648424709376,9006.991343332445,9020.041767198682,1022068686.7739385
2019-10-29,9016.38410321442,9079.079723369667,8452.643051987636,8872.167725095173,548459128.6920402
2019-10-30,8868.511609800831,9109.268400727582,8823.221225579247,8944.013802441237,498600664.272792
2019-10-31,9005.858929917436,9012.049525286324,8903.146279223858,8939.79327955683,445175930.7867612
2019-11-01,8931.172980467114,9162.25376803354,8907.110636040514,9153.228425520596,615003652.620825
2019-11-02,9182.544635787457,9232.800116545504,8991.677691625358,9005.006988009141,904132074.4199301
2019-11-03,9038.2740656021,9090.666800089486,8268.895437228764,8283.119302113291,1071802056.2037232
2019-11-04,8292.262755224867,8357.644714634003,7687.057195591514,7886.695347636164,485007437.63451123
2019-11-05,7865.187821370535,8180.61317684402,7805.718073443619,8068.019128559791,331768422.2137926
2019-11-06,8017.951295629977,8467.602945251394,7955.1801673190375,8272.111246118924,435172147.612376
2019-11-07,8239.120327083605,8547.183706054044,8214.99278941269,8462.364409534172,845402817.208878
2019-11-08,8455.332380093758,8791.63193492723,8438.589272255833,8757.733959073845,571124255.8016156
2019-11-09,8742.004298075417,8808.748862873348,8407.603720953837,8448.376046122861,576507023.8897136
2019-11-10,8434.704363381747,8533.098211653061,7650.700042806614,7742.504178995526,338839847.6927622
2019-11-11,7716.569844049125,7799.978323944525,7597.083807742627,7613.096618758177,583772235.8646024
2019-11-12,7591.302310550932,7697.244029861622,7584.6546477763695,7680.856598565675,377648769.1792159
2019-11-13,7702.005012823827,8056.437145369203,7587.579242542921,8013.848597927104,1238327764.0459058
2019-11-14,8028.796158342733,8078.940645415206,7617.659358826492,7739.725882896292,431376185.55068374
2019-11-15,7777.2205722607605,8157.883120543932,7762.308097750502,7994.935575118807,373495500.49406946
2019-11-16,7990.771282380723,8051.246427722006,7751.29981975792,7965.681950535905,852245762.5130848
2019-11-17,7963.343529735804,7973.431828788703,7783.213645816673,7793.5314190547715,179804002.11735928
2019-11-18,7759.495047027138,7789.895180242239,7549.187657863339,7573.911976033984,295694672.60826886
2019-11-19,7572.514632725711,7664.7627506525105,7569.764180689143,7631.9138126853,754186065.696001
2019-11-20,7645.900618486068,7650.346199439724,7623.9472103620465,7628.100115560415,481057588.9865332
2019-11-21,7635.240243019053,7649.709371120209,7416.955390115427,7477.480059994359,974902948.8826522
2019-11-22,7437.780741924117,7854.718511207308,7401.224799466869,7570.814309372564,356601763.90534925
2019-11-23,7574.736725922078,7598.458984649114,7465.964334688009,7597.024001349533,502831115.71027654
2019-11-24,7594.443827708606,7822.973777261438,7150.848685855932,7197.982484826905,496995372.38470775
2019-11-25,7195.763803951688,7557.460958890051,7189.356497094482,7509.9506754267995,376234912.19626814
2019-11-26,7493.550246155968,7498.869707699708,7366.862520910868,7397.618053924985,507140935.2424219
2019-11-27,7376.974605221389,7711.143159578978,7323.834213570714,7566.779198421437,199941721.19861856
2019-11-28,7548.348106121492,7567.908317864198,7126.189774253468,7349.702560263765,446448006.16687036
2019-11-29,7382.93152986106,7395.950941359311,6789.992824263658,7137.27982165151,841173656.5049208
2019-11-30,7146.66433051376,7172.1970716092555,7088.45463996581,7159.309696394639,378203879.4524071
2019-12-01,7192.982144003092,7251.8308027678495,7095.8964222613195,7195.587429406752,384997714.1252329
2019-12-02,7195.108560143716,7298.266629237854,7010.11664480259,7032.187661488269,567275562.8946466
2019-12-03,7026.079947281291,7118.843597906399,6823.796007429172,6889.910419538798,441919437.91408557
2019-12-04,6907.504496221886,7029.343145138657,6749.634516375959,6791.511120135128,603482066.249835
2019-12-05,6815.782201202582,6847.817977217877,6507.296248259778,6536.983743550977,505045417.09124047
2019-12-06,6519.816244770323,6545.003471362645,6244.426000693468,6320.0171884284155,416429401.3593063
2019-12-07,6286.078677908757,6424.594482557872,6281.472114228042,6421.602102365023,506646848.1337633
2019-12-08,6386.473585078908,7249.894169311141,6366.373255540469,6718.267071469701,1526120225.0481627
2019-12-09,6719.971643752648,7482.737540505279,6579.406296891001,7211.9721017720485,708197001.8989489
2019-12-10,7251.146126710298,7255.092194162524,7176.026222909493,7181.262829765658,905139946.4487642
2019-12-11,7163.352125843371,7474.5629486390935,7141.932351685115,7422.614096177209,603989358.1113757
2019-12-12,7416.354562459757,7515.210216417825,6789.146140808877,6935.5026492777715,729976142.1809146
2019-12-13,6920.8174092011905,6933.646662107212,6817.601058254623,6833.053338614572,758300465.0119749
2019-12-14,6835.047073798984,7175.20007186328,6784.267386859513,7167.93674411887,470297917.07826364
2019-12-15,7196.72094706955,7197.176898442994,7144.090430237329,7144.485910596532,746562066.2866995
2019-12-16,7140.865669808926,7350.642500399385,7085.829940189047,7288.5147041195105,771701585.2586619
2019-12-17,7328.765478610544,7386.567957298108,7292.524852798285,7385.267850884021,738457644.7957569
2019-12-18,7389.254708257652,7406.364723905094,7270.773682223942,7303.2370322762745,432361568.7589981
2019-12-19,7330.089212240051,7345.652451944183,7259.708271692842,7264.8547937119665,206850731.74892783
2019-12-20,7275.356631288001,7316.557987426748,6848.587748088712,6948.855236838343,425799004.01839525
2019-12-21,6960.44055041811,6963.783886836824,6603.959106437988,6671.83835153173,577381914.7083055
2019-12-22,6623.46587305263,6734.345083328289,6449.084989814706,6454.181199070314,904211710.4519298
2019-12-23,6428.951722893121,6560.206029804404,6375.763880919907,6554.106433358965,483810976.2589754
2019-12-24,6546.054666804499,6552.6497525348295,6522.431921700408,6532.4794944594005,177754189.46116394
2019-12-25,6534.022345625915,6536.102730654782,6346.23146327161,6391.602017111025,1460726412.4812746
2019-12-26,6392.567040913322,6449.4919918365895,6370.899319053759,6426.2595269752655,1076096734.3466837
2019-12-27,6433.0501812522025,6490.140030622987,6139.4201373657625,6180.757990143334,759488726.3709928
2019-12-28,6187.274762180245,6296.259664694015,6181.918734905242,6284.8482682456,523862281.81202483
2019-12-29,6261.939040792495,6367.3407537382445,5839.669661786618,5861.3544797105105,908046223.3205545
2019-12-30,5866.188565124749,5867.096522059945,5830.57062302338,5836.366904658035,496371802.1104716
2019-12-31,5866.34278380725,5886.154709502617,5793.040208080907,5820.368141935492,869341086.3210582
2020-01-01,5819.278686873402,5883.035316869974,5713.491388782363,5730.980052512674,849074825.2084621
2020-01-01,5715.615475703784,5868.456409161961,5623.095818281965,5812.438853847475,483010254.98162377
2020-01-02,5795.672596817505,5856.15379938621,5787.522659141463,5850.902097563978,904285072.6618831
2020-01-03,5853.089180024839,5867.135354847049,5791.100179117898,5802.5117219220065,581990815.6889788
2020-01-04,5771.908794353629,5942.210567538276,5739.964243718532,5927.149025584153,425306745.87537074
2020-01-05,5920.819980805708,5967.515622371716,5576.07461501658,5634.351084920734,632657485.1722311
2020-01-06,5624.59805511738,5779.569390298469,5601.318812800117,5770.162190355023,690294603.4459329
2020-01-07,5744.384321993852,5797.496665268942,5644.303352445019,5649.490191199563,1421545976.6681554
2020-01-08,5647.645936116467,5649.1293935862495,5573.826430954384,5577.097327279501,426543570.7431534
2020-01-09,5560.979742904688,5652.785174300565,5508.764990536016,5553.528432167629,634182029.1780438
2020-01-10,5539.730030302453,5788.926259709344,5480.992577713866,5777.896668856571,331299878.7528069
2020-01-11,5791.24086452867,5829.80177506438,5282.400002279461,5476.196952415584,833788112.9434453
2020-01-12,5479.787277487169,5479.849129684486,5331.4796298005895,5350.917179809615,325434409.41789937
2020-01-13,5338.682283197353,5547.407363597251,5314.329186737692,5493.168481842948,471616537.27383775
2020-01-14,5518.66418807419,5577.652516434929,5351.047027612937,5374.580330528552,933028570.9717852
2020-01-15,5373.551135217776,5386.296282264487,5281.017661705678,5319.723268752882,393197158.9350104
2020-01-16,5302.288996813986,5384.538342229524,5299.231460042666,5381.8476310155165,575290935.0353065
2020-01-17,5394.934830343354,5396.708971008451,5390.079590463125,5396.188379097637,773490216.2400898
2020-01-18,5369.805069926123,5482.2154688682795,5366.845715066697,5478.829225513948,732728792.3225656
2020-01-19,5495.57167650345,5513.463861934688,5416.137676670731,5470.393128596211,1062334379.7059013
2020-01-20,5439.066434744486,5531.966771365445,5433.650481326927,5520.818552043339,673195306.6550504
2020-01-21,5523.950499011484,5641.300555478827,5454.755800904078,5605.282592721529,1268473292.2969694
2020-01-22,5617.9496298772765,5672.982036907962,5616.056232499576,5671.620078748477,695707344.2486976
2020-01-23,5643.750431354212,5699.386091795434,5486.131219768519,5510.774625809412,461837426.3327809
2020-01-24,5544.115697893287,5561.701619938083,5395.98770991416,5416.222847944088,1055105165.7389373
2020-01-25,5432.571216420378,5476.171669401637,5287.755424405809,5326.024787032089,597570616.7202953
2020-01-26,5344.271466182819,5379.001515626591,5308.1956128917145,5372.380130808011,352046245.6399931
2020-01-27,5413.21141351789,5438.933164083075,5053.77174671798,5136.7685463563075,395173996.42290276
2020-01-28,5143.779027934765,5197.810470932517,4879.1618017077,4948.745690953591,583897902.1317513
2020-01-29,4962.095543382954,4983.0113565281345,4877.030303435704,4882.637240508355,746923364.8272372
2020-01-30,4892.022701592735,4984.950806677117,4297.6939963200175,4660.104410659902,770304923.1955491
2020-01-31,4669.329110131181,4677.169620383155,4415.868694819406,4436.27157446753,784766023.7925118
2020-02-01,4439.863816260116,4451.037069057352,4388.472138750537,4435.355390043677,716230838.9887547
2020-02-02,4456.810336131421,4457.92629851498,4435.836217045572,4435.906844316123,439723099.9892199
2020-02-03,4444.730886338726,4557.986863130848,4299.5275990851915,4301.274552630617,427748399.48729527
2020-02-04,4329.992597772444,4639.079400195031,4242.931074350665,4592.09261848129,912755408.2962719
2020-02-05,4591.25034714366,4799.820639262437,4530.83419027772,4782.765135152202,1012594103.1401628
2020-02-06,4749.997668496339,4874.25122299509,4730.258177586835,4870.569154677668,401571558.6600842
2020-02-07,4855.571099089884,4901.10090094441,4774.394621646462,4787.252436623236,713023772.1168563
2020-02-08,4773.744895752932,4901.861100239761,4683.464456872666,4808.168359188143,691420750.0412474
2020-02-09,4824.383681495897,4831.32156542511,4807.6038957665605,4809.5382179889275,471995186.4748942
2020-02-10,4814.9676219260655,4820.265088862418,4662.365837775043,4665.962501752502,507225329.23017067
2020-02-11,4671.813320680485,4855.16878805007,4671.479949023704,4787.817200783181,443369248.8456951
2020-02-12,4801.705333007478,4830.481473977685,4798.361036890008,4827.143732469317,488211516.3620444
2020-02-13,4858.123144633536,4860.711475168491,4707.155723620937,4755.75606488344,563079468.4282942
2020-02-14,4754.834979542706,4757.5819086961465,4677.2038950677925,4715.67995857681,1400211381.0580199
2020-02-15,4727.901181159103,4730.966236044015,4721.881449688065,4722.324651116837,500332441.6384395
2020-02-16,4716.0396179250665,4726.799851935102,4700.444825882821,4702.345798990964,570071575.0903041
2020-02-17,4693.035788134909,4834.88070836693,4664.781981437308,4828.014456770687,223538258.95891738
2020-02-18,4827.651656502772,4838.779833528957,4665.9898141853955,4670.666199031237,407909417.8168456
2020-02-19,4653.962722648257,4668.051351301098,4638.436523458065,4644.988521102568,1191091600.8031528
2020-02-20,4686.495991440953,4699.620928494715,4488.07371938629,4497.859542787227,703408849.8957781
2020-02-21,4470.32324098845,4510.019351722395,4463.946007182238,4506.560923060512,519537015.5529365
2020-02-22,4494.199136275494,4527.764300462287,4237.083724253825,4350.18468710779,469285694.1453978
2020-02-23,4377.03810437481,4468.7582594897085,4243.673388389303,4265.367132604358,895035186.462467
2020-02-24,4256.46594988052,4722.7927663233695,4250.117404535711,4521.451627059263,638321328.5095565
2020-02-25,4528.8513393605135,4596.313420973491,4415.327013723546,4433.070261325251,475446955.502934
2020-02-26,4415.925623428733,4428.980251748128,4096.8659804819845,4161.425593355627,558529719.4041202
2020-02-27,4150.511587734686,4233.748192326326,4121.405791418602,4222.251536252803,170008990.34676316
2020-02-28,4243.425188921881,4252.078308188148,4237.824849818807,4241.368181779708,380672304.28516024
2020-02-29,4223.395203456697,4429.6494332370585,4210.474393554141,4379.096663479001,405740924.62373376
2020-03-01,4372.841031275911,4402.74336425981,4241.785264722299,4244.835703125536,2045566409.2391012
2020-03-02,4257.2733611617805,4281.425363069547,4254.785431778327,4277.645935197164,599215072.9826221
2020-03-03,4295.478475312042,4348.983570933034,4220.449971108308,4233.15290567791,650218837.5843074
2020-03-04,4228.026202799296,4388.761321828011,4210.948048913022,4335.928067175066,604171962.7839582
2020-03-05,4330.856830539877,4586.433948818797,4317.817635895344,4584.9242355065535,739280453.0719314
2020-03-06,4605.104033314743,4645.425813181034,4359.068293810778,4446.361766841375,762131281.0193362
2020-03-07,4442.144987838479,4479.152145856014,4422.480746276984,4473.267424825269,630515214.2485597
2020-03-08,4450.955848329321,4483.592580422626,4213.586216419233,4297.2655852068165,513935432.5192069
2020-03-09,4298.147029878944,4325.4029481302505,4292.653202141166,4319.863687695652,786621103.3287497
2020-03-10,4330.556195180846,4337.448832093841,4280.787014161141,4282.634468888157,444264604.4492174
2020-03-11,4281.451745338268,4524.693047671497,4277.879113486503,4433.512268874695,272096277.4110537
2020-03-12,4447.715458448841,4460.219373021704,4313.3519240038395,4319.590658825679,574846839.6235235
2020-03-13,4302.868391576513,4333.465259899384,4294.122210811122,4317.099103804342,668240974.8717245
2020-03-14,4325.728761431143,4425.694936938188,4321.901901192506,4330.855607879234,739666965.019243
2020-03-15,4315.295344081807,4389.247031640653,4163.4281356449155,4193.471797041749,876947479.4981272
2020-03-15,4174.223677549997,4328.832768411807,4167.882530807016,4258.439760461503,268326570.7497315
2020-03-16,4264.185749851234,4379.129338861962,4184.2341154383885,4374.712187527582,416981332.0249859
2020-03-17,4369.68246584701,4937.674532601163,4362.746379444228,4637.523466395098,328437798.31431717
2020-03-18,4657.718221338975,4998.75064084091,4385.166627616759,4996.600475001334,514291479.1848106
2020-03-19,5004.329436580625,5076.276348078333,4975.072669240966,5050.36607777085,815150156.7721517
2020-03-20,5043.834194472922,5526.889031390192,4024.5374359960047,4093.9021877930068,990443065.176941
2020-03-21,4102.83162931277,4132.53371430997,4101.387062981734,4128.545643152066,321711746.38734204
2020-03-22,4140.424270439506,4174.182330705801,3861.9442452457397,3918.883138187205,1133809381.607057
2020-03-23,3924.701395857351,4001.9099595754815,3907.960062975484,3981.8454418816273,847678142.59042
2020-03-24,3977.465347906303,4173.09938169719,3961.3956237241964,4139.376224596238,953408387.0184112
2020-03-25,4141.390040306089,4159.730688969104,3973.4906552807065,3979.6460310677294,457180407.2940955
2020-03-26,3966.177210940377,4341.764902665606,3948.676816496822,4169.759470007263,664371605.176623
2020-03-27,4160.2900514041185,5359.025254057354,3979.437366555304,4933.009146524206,423781863.6404293
2020-03-28,4939.929858358091,5177.926346167995,3693.923786650359,3969.473139859942,459872054.39101875
2020-03-29,3969.4788850865903,4200.107337719867,3934.1468822526194,4151.622868564007,230710273.38456964
2020-03-30,4132.732558979328,4412.226310600567,3818.818036101705,4400.296134330432,1103862689.5422382
2020-03-31,4396.6243708978955,4880.036406319465,4327.799528320633,4791.532832068817,839435462.9557341
2020-04-01,4786.343345655596,4840.997859967902,4349.140371311115,4397.657790398531,791484236.1649294
2020-04-02,4389.324450425465,4402.964101414465,4050.5991611972063,4132.467491358437,796441580.3446614
2020-04-03,4145.082040178046,4458.167687631551,4102.365554697003,4361.640279832158,481183635.0270241
2020-04-04,4362.1977200583315,4418.104739847288,4215.125707337826,4244.877663394621,296473085.5654425
2020-04-05,4242.680631857311,4703.403093767975,3845.194798016312,4656.070960682565,3177901012.6509776
2020-04-06,4659.409863793778,4712.8995768271425,4462.9895934903025,4464.179846305112,490260225.3017325
2020-04-07,4464.836526965957,4475.751549552454,4195.867143905364,4260.3700281936635,495457923.696751
2020-04-08,4258.820373817719,4501.773554911476,3889.8223048146447,3947.2936000389464,280605526.4072261
2020-04-09,3947.148939043553,4272.58395888079,3862.267070006484,4159.5378683328445,405537940.81288666
2020-04-10,4170.063503038787,4178.0512635538635,4078.100971930103,4101.924368159358,1268988038.3598304
2020-04-11,4102.402384257394,4103.365624994826,4087.772974319946,4090.6939430944076,423355296.82318527
2020-04-12,4078.3000127517444,4078.730061428877,4010.2450448252434,4031.0840206556245,410398166.44680965
2020-04-13,4022.0454491836754,4210.149866578778,3987.509752294312,4117.683977397769,406763686.05936456
2020-04-14,4101.6764278271,4110.987581713119,3912.380814778847,3926.626140308961,564617302.3015348
2020-04-15,3927.0125677851966,4105.349502790909,3908.574616316865,4085.76968459038,1931037874.366741
2020-04-16,4092.9439259244714,4149.938184781509,4077.6724121313605,4144.276229436141,940662128.6530405
2020-04-17,4151.327207392728,4192.707801235268,4138.117714273222,4189.481253948326,625331673.5588409
2020-04-18,4196.614647761889,4209.477404142877,3504.026034952164,3595.506264316483,486806496.4491553
2020-04-19,3593.3468303898803,3600.219655993467,3252.727921270703,3262.9830580001026,768199536.2618942
2020-04-20,3252.4064489734124,3423.727817180283,3235.240857364247,3391.111046979678,346721386.6084912
2020-04-21,3405.331269569312,3417.6116273459043,3405.0780950925255,3416.3864347285134,658835554.5007285
2020-04-22,3412.2486211675396,3425.9006907722064,3244.7346341464,3353.4571563582062,1082130136.4438157
2020-04-23,3343.672524737519,3512.4650028863516,3342.3419939149817,3478.5638301635327,672944704.9754702
2020-04-24,3460.0839214075386,3462.4571052774163,3411.280135959035,3455.8774565550048,498983934.15483826
2020-04-25,3469.246814436251,3621.8404541458203,3130.376946997958,3142.342841014624,564710808.1701773
2020-04-26,3140.4831646668695,3311.1120281172925,3101.079149088186,3240.6476102725637,712657455.9896638
2020-04-27,3240.9363591916676,3367.0500835401654,2791.0305233450176,2861.2995034135056,348597073.2987232
2020-04-28,2869.209476456755,2880.280226899172,2237.312489185838,2469.1554016692207,1298287073.5464578
2020-05-01,2474.3915782954505,2643.875351709626,2441.819405618536,2632.5726574383607,418830838.90441513
2020-05-02,2630.7377791153212,2646.8636556831657,2630.495377071595,2642.486729785558,1122873253.5979545
2020-05-03,2653.385539669838,2654.998285338475,2642.4815849024862,2646.433983880527,259010645.9360666
2020-05-04,2651.4367531608686,2943.322737900373,2638.82434921498,2853.6700746257757,499463208.42200893
2020-05-05,2860.667973616776,3018.866141552259,2840.2734972685435,2995.9433221373947,698326120.7744918
2020-05-06,3008.087026449474,3291.632984772676,3000.236799036784,3163.722333955061,636005851.5641972
2020-05-07,3173.8304209141074,3189.8941601894353,3116.687504259591,3122.086740979726,507428046.93437487
2020-05-08,3131.1017211396847,3132.726979863506,3124.315882159117,3130.3845267012903,600177372.0351311
2020-05-09,3125.8148088651774,3159.763238335771,3000.948922049027,3037.989209092192,670555886.9686878
2020-05-10,3052.067500116224,3055.9158193809026,3036.598729425988,3040.1209098373156,320529843.99027514
2020-05-11,3052.778311570214,3055.4918861711253,2945.6504740161186,2967.7332745925373,527030766.37879586
2020-05-12,2964.2616041512906,2966.8262086660834,2906.2346401378404,2924.940134214508,726954720.1708896
2020-05-13,2941.9551493051736,3068.560737306147,2938.033685987148,3014.583885107103,533351098.8552782
2020-05-14,2995.3305146143703,3009.6121848088223,2968.502281359309,2975.2433019661935,876517425.4330655
2020-05-15,2971.3692340910097,3098.9684469425442,2964.372424706195,3063.9036375080386,406359489.9944381
2020-05-16,3058.174454999781,3082.5101205858323,2940.114938740849,2976.0587066047533,716297526.2198299
2020-05-17,2975.216431827768,3016.9994392526432,2955.319511275247,2984.4571120248725,335874192.83236873
2020-05-18,2996.131387569976,3010.091814305707,2947.320086437044,2950.3402580752763,369823373.5126034
2020-05-19,2951.3073608038353,2990.064644157896,2898.066175851323,2916.259681636091,731617565.2569143
2020-05-20,2918.9346618934956,2949.861865787903,2717.004789217968,2727.52979097742,314308535.8284047
2020-05-21,2749.222925911896,2749.783136418642,2637.5100332994184,2669.6145090991577,586883588.3236976
2020-05-22,2660.2897187700837,2699.4679385606223,2657.1154730091234,2683.674103645915,469075742.2830689
2020-05-23,2689.9590578984976,2830.580718261568,2666.2658443624555,2756.2065499483138,960324313.3754368
2020-05-24,2759.2548919459828,3051.310339505941,2752.227319270559,2993.610572056873,1137101300.5320902
2020-05-25,2993.2530235933505,3126.189940408944,2875.0532698921384,2885.80887488674,1035785291.5857719
2020-05-26,2893.9570245197187,2896.1911722952213,2851.295777516287,2856.2558337781174,263703188.69216946
2020-05-27,2854.693730263136,2877.689420202948,2755.3061098174685,2759.563142934949,357619252.44334644
2020-05-28,2759.48606658056,2799.060745094158,2570.481629674644,2593.003646998419,878811838.7410074
2020-05-29,2592.3433766336143,2595.761753836262,2485.194973586108,2512.2232434745115,1002220157.1524521
2020-05-30,2514.863356347655,2682.000531980005,2501.4749761708313,2648.6890232415876,575828230.7438828
2020-05-31,2647.163770067124,2734.3579307005043,2347.8645121681307,2534.92638578406,598250246.346295
2020-06-01,2526.494365887235,2527.30462877289,2487.344643699279,2493.5639266343032,471005449.7280673
2020-06-02,2483.9635382908946,2522.1964346963036,2478.4513033891876,2516.826253066937,362715798.8199198
2020-06-03,2512.9925622882824,2732.1497292996933,2474.8628652956054,2702.2968864407694,455374940.0253806
2020-06-04,2706.053423115082,2766.117288029617,2575.29715207554,2625.8097444436457,915655559.7370346
2020-06-05,2631.6268127240014,2724.2398542156316,2607.656249549161,2714.399471162567,383474450.9660353
2020-06-06,2720.369828910198,2743.6207576993584,2596.4706783968954,2613.528742874033,1109930317.8358219
2020-06-07,2613.666450824983,2796.3568853114957,2610.4733483337513,2760.2159231274068,748194760.0924684
2020-06-08,2754.8758174843842,2755.1639687861934,2728.6414158236253,2729.3175094283997,1424628793.3539438
2020-06-09,2722.5959408603203,2722.6214099303497,2237.691127219444,2517.779889077247,756592274.5497534
2020-06-10,2523.6637170297645,2529.739575604822,2458.124396796961,2462.141528175094,438132022.692498
2020-06-11,2466.4056649915574,2522.5159484751334,2316.7217270230567,2371.1837447840812,164404854.32127213
2020-06-12,2356.285407264956,2373.0964539416614,2296.9113421130564,2313.2823898597617,108550007.41914764
2020-06-13,2305.5941001194224,2394.5180024055358,2294.3039796745375,2374.443208413415,636196953.4658946
2020-06-14,2369.7505155042704,2379.2328965831025,2357.0552918486806,2357.714966928072,569928053.846826
2020-06-15,2370.5333105945037,2428.215893004306,2361.3626947867956,2403.482413290774,791857447.5669823
2020-06-16,2398.394181656834,2556.008901996465,2376.0758674941717,2547.3254757634895,466169951.35608363
2020-06-17,2546.7685229075673,2604.0933333308876,2531.64725603647,2584.5901498374697,801674952.3883114
2020-06-18,2591.242705700944,2633.3638258945675,2589.3511625697565,2615.4634229655953,287995759.82838315
2020-06-19,2616.49370515221,2801.007573357975,2616.3462456126454,2766.9833661487573,451028334.5199639
2020-06-20,2756.386400268911,2787.634739512446,2657.1673838517004,2657.9598303532125,303714106.54651606
2020-06-21,2646.6501428215097,2658.5344463367906,2635.2598143015734,2639.1124976529145,394258685.16510946
2020-06-22,2648.790265353886,2840.2050199428672,2644.1663954159076,2816.3088467530133,1045065012.9918288
2020-06-23,2819.572779743194,2870.934051099734,2802.494730912764,2847.019932955424,385884443.48947704
2020-06-24,2855.5700028562874,3120.696881584104,2808.70128280306,3087.647475965945,1813332741.1567566
2020-06-25,3095.5679435163684,3182.2369274850607,2630.356085332647,2820.3610350281397,829460994.7438182
2020-06-26,2818.385719039386,2863.850289860129,2698.7242553655738,2738.4523804271266,202909028.0659539
2020-06-27,2752.6529151237023,2768.2224730771504,2626.4955289514623,2641.811833991806,307850727.12241906
2020-06-28,2641.1939784476067,3044.9335737828856,2633.6035822471013,2712.8605263260347,551092977.7570367
2020-06-29,2712.774256346708,2735.66613971093,2675.1420445030185,2677.18237529958,470568101.2658958
2020-06-30,2673.915131742877,2730.9444966851356,2673.1278602198954,2725.9924316900588,613888410.9331326
2020-07-01,2726.6557545957444,2923.433062399568,2711.2749067832306,2815.4191585150065,798897661.1961832
2020-07-02,2818.957487097594,2827.0866297144676,2742.309301343911,2747.225804142411,599829121.9766537
2020-07-03,2748.0786501425805,2843.889223666255,2746.890588520728,2784.6307907235323,564587686.3939041
2020-07-04,2786.91824973101,2973.0037436683892,2723.57940607835,2951.3084595383775,514263733.35055226
2020-07-05,2942.909949552718,3007.3347632175587,2911.897008212038,2982.1762781722523,937726231.1297673
2020-07-06,2981.735709994257,2984.832200998071,2971.1658990128535,2977.4975735105145,380403755.84687096
2020-07-07,2972.22933311944,3134.0200114463237,2885.2535911214222,3118.616136684415,649741823.724493
2020-07-08,3115.2687205077395,3130.239807293143,2952.294939606366,3037.1402839022608,409441602.1897295
2020-07-09,3033.9230981576306,3059.992557306976,3027.10159517136,3055.6274242189593,573353988.9020876
2020-07-10,3037.010366830637,3041.7375024637186,2921.269082495009,2986.881718325466,690395489.4691224
2020-07-11,2993.088240510966,3293.2654188139522,2911.5660050062406,3248.661503653478,905663209.4813251
2020-07-12,3252.5893667312002,3295.3002865252706,3056.570189663556,3109.3931757462647,877391590.8554517
2020-07-13,3117.0868316916253,3126.6162645622617,3019.302041301761,3034.2218305889833,604314683.7818226
2020-07-14,3023.7463433499856,3086.21198857775,2999.708440463562,3080.0675864263376,1062479741.7676067
2020-07-15,3072.7489503969164,3289.7936322609125,3057.390097391274,3183.411279661277,836328419.3953025
2020-07-16,3182.024138780543,3229.902936923229,3162.7972758600067,3208.9242093946496,412125317.2170868
2020-07-17,3224.442426767353,3688.7619435822594,3066.7099586776026,3493.590686562977,893771894.2427078
2020-07-18,3527.1306109702173,3537.261646270554,3340.0379077894086,3401.821926697451,826494844.9911236
2020-07-19,3399.246635635895,3399.2992836655403,3389.6723571779316,3399.139659490955,392148353.14707184
2020-07-20,3384.3681454891484,3426.144279638375,3331.9844937789444,3424.852329672149,625760270.5793508
2020-07-21,3430.6580720351226,3489.2264934008504,3388.003552183883,3453.9486666795256,512604233.35802543
2020-07-22,3434.545629373676,3437.59373460272,3398.9132560961953,3403.7449415259903,452567631.2605222
2020-07-23,3398.7870161120545,3403.5997809959977,3396.6182019951257,3401.0157480043226,524193636.3348931
2020-07-24,3398.8206076602137,3575.2811786103716,3380.733589593365,3530.861098655718,1073713856.915119
2020-07-25,3531.8188969620182,3544.7552331803654,3489.515968073646,3513.9799560590645,302646222.65560156
2020-07-26,3497.9169380057792,3650.68564069812,3377.4768068414296,3434.5820902577693,432292000.61313224
2020-07-27,3433.133251616211,3466.758532493036,3341.5109590536977,3396.669634005295,435869644.0603844
2020-07-28,3388.7707619181847,3643.279814543415,3224.7638117189076,3608.2640453638687,1243066324.5678163
2020-07-29,3603.5425435520806,3720.660408867391,3588.756201389528,3674.311970920471,433888900.4579942
2020-07-30,3681.010533045821,3920.432264318393,3649.864679734321,3865.491471090167,980721754.5518836
2020-07-31,3885.087650280079,3887.4329466743884,3837.9367487125614,3858.0064626541907,920683977.2446952
2020-08-01,3859.1951051785695,3892.0905182503316,3856.9240330657644,3882.299125453111,541576140.0856515
2020-08-02,3890.28526680119,3905.0543851411417,3858.7555514059086,3868.1372970841776,866691063.4512687
2020-08-03,3870.0707923022164,3910.595050406068,3697.8751304236343,3732.7808732494577,330402270.4470463
2020-08-04,3733.7711514707817,3741.8424364882667,3581.3827891885717,3586.203348457128,685854015.20784
2020-08-05,3578.722229586391,3581.0709051913,3464.0990563109717,3518.469098707846,718010063.5563242
2020-08-06,3513.64393735308,3859.366870494411,3482.3231795792053,3772.902940200222,786539090.6247344
2020-08-07,3782.9733455377295,3840.1940867413923,3777.953236135964,3803.8196942647073,351938495.4893118
2020-08-08,3804.770277994887,3828.559860963474,3751.6504390041373,3799.943591032502,1099982265.1895282
2020-08-09,3792.0707972470564,3799.97799120479,3669.310636538846,3685.726942088868,333236911.2778641
2020-08-10,3648.694032470418,3752.7866517058765,3647.43969657057,3746.9336593713997,480824756.5537387
2020-08-11,3747.0401997925383,3811.916124284704,3663.3408620728565,3809.0382610668944,1196609342.9019494
2020-08-12,3812.240886061628,3813.6969490466277,3806.840083228102,3809.010099110199,594955986.9947681
2020-08-13,3811.950717160278,3847.34674838763,3658.1000292887556,3692.127058170696,577767144.521924
2020-08-14,3669.7223129183203,3700.644811310692,3303.3612743618073,3388.8399109310394,807469902.9102168
2020-08-15,3389.315917124897,3451.7077588743573,3076.792154786354,3215.6579039518774,758691334.9698414
2020-08-16,3219.142830232573,3248.1364220619935,3130.9605255948154,3163.0704159711822,522519515.6463366
2020-08-17,3157.918133315156,3271.8305348024487,3067.0893014095577,3070.2068595640376,337699543.4924638
2020-08-18,3084.5210987583446,3197.777712436585,3081.430393730308,3181.4006130371904,368405691.75037694
2020-08-19,3187.04063373958,3207.7218514878628,2993.9280031923427,3064.6750829091766,1584325910.2501996
2020-08-20,3060.4709533339174,3111.3030331396662,2997.275492640086,3013.038637702145,287049208.72044456
2020-08-21,3026.5523473697494,3070.5048730078074,3018.806612435413,3058.660279433198,591685607.307593
2020-08-22,3050.696779550403,3137.230000664209,3048.5988909484636,3106.494542290212,494282962.0435541
2020-08-23,3095.6678668983163,3180.2914985118296,3089.152522198851,3173.0462752242033,531401093.1912131
2020-08-24,3187.2609887403923,3201.545970771936,3015.3683318443705,3101.205394686789,1181002219.8684168
2020-08-25,3098.611081434638,3151.9611503641686,3093.180256234854,3135.55438919395,272921303.1758898
2020-08-26,3142.3036104806624,3158.4310387264636,2974.124631543733,3027.894078374969,551311940.0836996
2020-08-27,3031.9399193610375,3034.475314661098,3011.5869713157063,3012.0723965201373,583332071.1707203
2020-08-28,3009.08088910058,3018.3353796643655,2951.0045917094485,3004.7552635525567,555316945.7900614
2020-08-29,3005.885202061344,3151.7370144240526,2915.4580712496313,3149.859411544072,933365760.3411475
2020-08-30,3143.93531119726,3147.2905242434153,3139.2360178496,3143.906912027277,342796498.74221706
2020-08-31,3153.6078046172283,3267.2191794450996,2848.3270618759166,2934.758250643638,527945541.79996914
2020-09-01,2930.976525596705,3052.076347966726,2921.419099643597,3019.2328923641157,403352823.504471
2020-09-02,3017.9116578189105,3025.9848688342117,2901.25489788575,2906.1373604348446,459838755.8943541
2020-09-03,2881.647371307735,2906.8689431625053,2801.745668332766,2816.7433036994103,992337010.9862888
2020-09-04,2814.8619348920897,2919.1685661944775,2809.3853380450682,2855.259471676827,1161544368.2169776
2020-09-05,2857.6467595008257,3204.6466335042846,2776.488963880105,3067.5651229291343,951473667.4523569
2020-09-06,3071.0697170016524,3175.341193497975,3059.7081394466345,3168.9263098538077,510187614.0089789
2020-09-07,3176.810272741565,3412.994112401562,3163.1807567095943,3310.705671899638,1128010417.1968992
2020-09-08,3325.648231499857,3468.8632308889655,3277.5623706495458,3441.9179172448635,556884529.2809905
2020-09-09,3446.4444729142656,3452.498091875038,3356.369936517615,3385.37981179528,316039833.90627617
2020-09-10,3400.931440392635,3415.981453674366,3290.537935194871,3325.659607371953,1446818919.420377
2020-09-11,3334.1891303374846,3444.9126453030412,3322.6937922960046,3416.6661184844966,404148926.93633544
2020-09-12,3428.0202854485515,3618.6795494622556,3413.6635038203767,3617.7734576416797,313999131.48778534
2020-09-13,3622.755574800933,3711.392568354757,3612.471102781633,3644.015486247858,234365528.69844502
2020-09-14,3623.1405208902916,3933.1103524238315,3574.44026834239,3898.6796070945593,852629786.6383027
2020-09-15,3906.247590780265,3914.086868817146,3798.240113122356,3819.4877017159906,323473855.5357198
2020-09-16,3835.922191229079,3841.469796269626,3697.19149938716,3731.934512676742,505572998.2290022
2020-09-17,3733.2013899976496,3840.8701918646525,3729.3787108165798,3809.6009845933067,424202727.93527347
2020-09-18,3820.9418716970754,3822.8628537628756,3767.908161101959,3793.943877498126,401196480.85518223
2020-09-19,3793.9343738390885,4058.6299137784918,3722.6201796689115,4010.9096220505717,560417315.0375987
2020-09-20,4002.5506105209856,4545.364417148949,3979.4230258511093,4312.075292151591,390703649.4808974
2020-09-21,4291.060629608442,4445.930322941251,4235.932725074487,4440.071245839644,371674656.94724315
2020-09-22,4462.818097876499,4845.2393583701105,4410.831685368683,4814.201762389735,549905558.1175759
2020-09-23,4809.229319646627,5015.48673289794,4743.602663700271,5015.063043420917,1075482065.0115373
2020-09-24,5023.263975792954,5054.271271197803,4734.572625733616,4785.546844712812,792858881.9865062
2020-09-25,4796.8312587179435,4878.155822098667,4795.615876088428,4840.609278459601,551715679.6838012
2020-09-26,4850.6523726221,4860.477183318133,4850.263783165878,4854.11381205495,340000611.6588872
2020-09-27,4858.8543153298715,4858.986438631663,4834.7890402754765,4838.684871087691,645843237.5359839
2020-09-28,4813.6057192824155,4880.577960224344,4675.654497988179,4690.326207717864,269912780.73933685
2020-09-29,4683.507340562835,4872.45235946607,4610.842108286472,4785.129751111247,228269677.68221202
2020-09-30,4801.146571653721,4825.429054528704,4797.238259212311,4817.219784756471,386615890.69571835
2020-10-01,4795.716818263461,4815.40435899133,4790.4682642725675,4801.729076215628,238833725.79320776
2020-10-02,4812.463836644069,4872.659495133243,4610.585496547818,4643.792290796237,291504723.12499195
2020-10-03,4653.094626104486,4797.918574504529,4637.763854303179,4791.837143142122,453867653.13262755
2020-10-04,4793.259077377264,4951.381341240092,4782.402194228343,4948.45144014986,999118032.0636096
2020-10-05,4980.938543792763,5101.138696167221,4950.805411654282,5059.397771501568,470845058.3772666
2020-10-06,5048.489956440893,5420.55897665929,5038.586147351432,5366.623680567179,640980687.8842788
2020-10-07,5378.117877256839,5551.940567223536,5278.685209619764,5515.4519852922695,468286184.69795805
2020-10-08,5470.452252435716,5515.430132530138,5154.825303442758,5247.231872076071,1490702012.6756232
2020-10-09,5260.871730062526,5288.294306779181,5148.470636000028,5162.804515060851,1004986238.694582
2020-10-10,5164.531044345366,5173.470852980852,5126.227246230712,5130.594881448021,298731862.35889316
2020-10-11,5117.175126393078,5117.187408920626,4789.314424384674,4922.177197301317,1047956122.1377537
2020-10-12,4913.98158775484,5066.7219531330375,4909.896277902629,4980.470059851938,505287940.1724966
2020-10-13,4996.647593901322,5022.191348754709,4815.060853527067,4874.651550505019,342401729.07776546
2020-10-14,4838.808302874224,4853.349432852427,4758.683972575041,4829.333409004448,322473487.22384566
2020-10-15,4817.152539143239,5548.8446381321255,4712.375098850947,5209.767234123161,638521772.4257392
2020-10-16,5213.651864965733,5558.163575885404,5160.665999357281,5388.028858427896,587556539.5325075
2020-10-17,5386.717684704461,5402.007272354734,4953.60030802256,5237.47938275047,1018883387.5042294
2020-10-18,5240.326603294486,5615.746003881958,5159.280317423174,5514.86746134707,472378273.5693172
2020-10-19,5517.573682724558,5651.72575376031,5415.217654590515,5579.935825116212,1345953177.6440737
2020-10-20,5587.519058609041,5791.059481174471,5582.505218340093,5586.1844388669315,345609521.90375733
2020-10-21,5588.32227126161,5648.230988640574,4817.488785857603,5140.3820640501735,896856739.6579144
2020-10-22,5126.861524510191,5142.975837912196,5120.969553357305,5140.718692538477,1213363078.423013
2020-10-23,5127.649417472456,5128.90637272602,4988.255420005973,4989.875027610907,494816081.680909
2020-10-24,4982.1803149547595,5007.354029228949,4857.549446899123,4894.380066083223,1702223584.9973664
2020-10-25,4891.514714309291,5038.017985148938,4874.823903879367,5008.408204842094,486456329.5952324
2020-10-26,4986.638283049222,5006.330177032662,4619.588584514412,4867.298362084127,730617214.5101941
2020-10-27,4855.993248188983,5265.190133598146,4849.786385055284,5212.093704545822,370966579.3682167
2020-10-28,5210.071313109,6370.941872041277,4780.45249273961,6176.430929742675,644185378.8636578
2020-10-29,6143.862193501713,8126.854788553877,6107.683615706197,7875.683644669576,946671546.572355
2020-10-30,7891.465531367491,8591.894527331791,7749.94829148627,8517.214324582661,531553497.5973327
2020-10-31,8483.268420692199,8825.948359819415,8363.60308678964,8805.786879962894,263304691.2564636
2020-11-01,8774.516556361012,9532.996922384298,8713.729024304877,9322.897904597368,289320464.8110315
2020-11-02,9301.667231294457,9536.98837038931,9291.486666906574,9512.155959182048,399496238.1615939
2020-11-03,9486.774334030912,9496.908187231857,9253.666511941605,9263.245841979451,637851502.7067996
2020-11-04,9276.745075274192,9632.320806668957,9165.712793458893,9528.668836458415,649491476.3591589
2020-11-05,9492.982473508451,10640.177839723974,9471.730599891489,10193.333859811399,263654053.94175833
2020-11-06,10211.563114150604,11197.075656834984,9666.207945024547,10529.251565626637,398595541.7788788
2020-11-07,10531.446651040893,10555.534717171788,10419.547554160434,10489.285665634565,376222752.66516745
2020-11-08,10526.60372182675,10784.283889281622,8978.265108497635,9599.560370975425,344693563.6889966
2020-11-09,9598.824722289795,9637.284065727086,9479.410270254002,9487.009668610051,573216992.7816497
2020-11-10,9539.805014251193,10011.310042357001,9355.922078954958,9930.553595466252,815516846.4878572
2020-11-11,9940.118265653498,10016.434910293212,9820.069799423898,9826.196432841582,323030934.0601614
2020-11-12,9845.16997215267,10113.923742092493,9699.83479555528,9985.280341701218,878791549.552371
2020-11-13,9955.070637719826,9961.849109801007,9664.21272832765,9803.1261851955,709973700.4133785
2020-11-14,9849.803026584957,11070.034337001895,9795.90983046035,10376.995186508206,1019429548.8550956
2020-11-15,10391.267796822249,10442.808780219499,10334.524328995552,10336.435638076655,1324720293.963988
2020-11-16,10327.336318089574,10706.485190752439,10318.082119589719,10619.975417290463,386683476.1555878
2020-11-17,10652.027165410696,10728.379259681675,10300.259113546535,10322.734456508699,239940282.50295648
2020-11-18,10303.114443620761,10303.748217460196,10236.21852535064,10255.427508490226,337595016.92503005
2020-11-19,10266.65338521787,10309.68606453149,9920.092593611682,9930.662284001319,512002710.709569
2020-11-20,9933.860824711524,10662.25665029531,9873.544336592788,10517.339373419263,1806130496.679598
2020-11-21,10506.424162839141,10588.27367965255,10230.302171326646,10283.795762053405,591280505.1099892
2020-11-22,10291.635526511036,11027.987177476807,10099.710397511994,10783.196865582537,397354137.12893766
2020-11-23,10777.587539189964,10802.866238493007,10578.252756137379,10610.065188443135,617738867.3833787
2020-11-24,10637.481687273917,10817.24548678408,10547.26484606448,10786.66166441998,857221826.2512817
2020-11-25,10769.269910290812,11223.31038626932,10763.305901143864,11197.80755889526,444964679.75809383
2020-11-26,11177.095906298853,11228.342430540555,10951.97444089929,10996.83052056185,844345113.4124514
2020-11-27,11084.94838754665,11107.856751390838,10722.56330302367,10944.95535774519,293263228.2810569
2020-11-28,10940.840827237605,11153.852480243771,10373.642087334918,10395.333703218865,645456651.9431049
2020-11-29,10426.566500381097,10471.81659309287,10011.658291826803,10059.763330428512,666145204.7221023
2020-11-30,10033.679839020397,10779.535847160389,10012.422537744606,10744.884200651282,1105351167.4692657
2020-12-01,10752.547029364514,12150.935228334996,10591.629629588575,11698.453270414577,1200633015.133819
2020-12-02,11651.101175334541,12849.658178695814,10872.22084281889,12607.689261643098,710673087.4090666
2020-12-03,12634.915179161522,13923.269612088585,12503.842556798632,13423.815291046163,547782113.3703659
2020-12-04,13460.559046750664,14938.686763448333,13450.04961908452,14093.770968699146,577662989.6239731
2020-12-05,14040.917247052183,14069.03541126943,13973.606215168387,13981.945868593093,633029679.640198
2020-12-06,13988.660498888023,14243.688194086875,13208.509387492533,13690.767436321245,993128497.2933195
2020-12-07,13699.943141311383,14955.969070035984,13643.923615022388,14303.1124842884,2210620944.286213
2020-12-08,14341.180292256911,14438.988466409544,14339.0001647496,14371.401241678896,601905628.0626601
2020-12-09,14401.839936641978,14498.063215729466,13705.407893634261,14021.899068618739,494992170.7065884
2020-12-10,14024.97124068918,14049.122103157255,14003.071133037185,14005.002879647858,765442407.6514158
2020-12-11,14027.626790329,14045.033846128334,13995.658445080748,14036.605617264951,386769675.46598923
2020-12-12,13986.138398120953,14629.221524095929,13984.69157506388,14619.53896972212,958008684.5869014
2020-12-13,14586.927506528638,14810.802465177696,14545.647429833356,14777.61239406827,367982425.0160841
2020-12-14,14798.044925940048,15348.487633369014,14481.296295817285,15136.035421996194,429365413.66289276
2020-12-15,15125.090213401916,15706.54957984805,14934.613695860608,15624.09324019633,231315774.02703652
2020-12-16,15644.076248489155,16337.759422997622,15605.42039172154,16277.42441321593,349247793.2468093
2020-12-17,16277.69072900146,17573.636661901004,16149.998266199404,16983.916429235407,551721591.5749129
2020-12-18,16938.78958119125,17028.789283449933,15342.305675253927,15580.413369058695,966622311.8400227
2020-12-19,15520.458226632636,15650.686695540931,15228.67801888777,15280.069453067877,569974085.190443
2020-12-20,15205.223096467647,15236.336138095801,14955.611344258474,14974.056027591314,452844182.30361474
2020-12-21,15013.920488576541,16322.55796484178,15000.350232739369,16208.583167333476,444346157.3387741
2020-12-22,16286.112784238247,16289.731754318287,16010.971729968394,16052.017344661339,265314616.9429698
2020-12-23,16127.2413902195,16362.025378360226,14892.73675591305,14960.045264346856,996074726.156196
2020-12-24,14944.060201350258,16301.753042591792,14905.00955474784,15432.692928241344,446882296.32265586
2020-12-25,15463.819639419922,15709.157084597819,15457.420582643746,15658.099583766658,381583245.54690737
2020-12-26,15662.568668371932,16478.286831937818,15597.61023129591,16052.834579642873,483379135.38860637
2020-12-27,16029.196323581931,16043.070865225742,15966.918641620106,15976.454786302293,483072651.3110251
2020-12-28,15959.742719988146,16163.938766307316,15399.927678275857,15627.38329866126,517190585.8028038
2020-12-29,15580.562390663128,15603.139037286297,15178.756083553379,15289.409545904513,539201645.7257072
2020-12-30,15220.767819500285,16020.219023685253,14989.06852994416,15952.420051470708,380554958.7419604
2020-12-31,16015.979991317628,16057.99125684723,15603.856028613234,15673.372442935017,627271833.628593
2021-01-01,15657.533908261232,17362.82738542023,15595.513110198986,16942.322908255504,379286501.25048447
2021-01-02,16929.390547806048,19260.70633524099,16728.538791025345,19104.65448553219,532189508.1370905
2021-01-03,19093.409941784295,23578.385139810765,18778.458590182297,21544.379452083496,720285793.8201052
2021-01-04,21598.94161715231,21656.61369754367,21147.12668303558,21199.235894140245,623986054.5020323
2021-01-05,21206.052866416347,23214.623214870324,20913.82406435072,23055.75248908694,646917230.4329914
2021-01-06,23061.894007629144,24047.217019349147,22371.21031670146,23891.917574334773,225060630.80450982
2021-01-07,23836.443988618987,28103.50424422024,23755.105604247732,25916.9709318303,431765832.239451
2021-01-08,25884.989624494345,26214.816007962603,25854.91766381442,25906.71868670313,482597827.1478062
2021-01-09,25934.041472405574,26064.262366650495,25848.37349861818,26051.91458485409,491646852.9829163
2021-01-10,26044.231419931493,26050.222499168103,25464.497301897452,26021.48472688411,396938992.9113604
2021-01-11,25977.078971445142,27065.44609461997,25789.86656784157,26905.04703816872,424723989.2466138
2021-01-12,26843.61795341076,27921.10375037435,26717.49377753427,27691.38045988867,678251157.8402969
2021-01-13,27584.82933592831,27607.365242786567,27420.22468339401,27477.86723360018,775542135.9668727
2021-01-14,27458.947566100454,28821.287867877774,26984.79662105187,28629.387476833785,632169737.2248814
2021-01-15,28844.684130001697,31291.85474497027,28715.70600027703,30887.50657245004,1073453363.0686858
2021-01-16,30869.251851165518,30951.97490405697,30457.55750580954,30675.02602761376,473730859.8340407
2021-01-17,30714.00747371242,33784.89295537425,30531.606366507865,33119.265743516284,1077892568.8188388
2021-01-18,33048.34850368072,33189.55701646092,30962.03952878328,31870.374258616677,711954444.6462816
2021-01-19,32017.27405469946,32124.90132690928,31006.592781133808,31055.139755357977,219924617.98190895
2021-01-20,30999.805232309074,31380.603865374032,30974.88811386002,31270.141698200372,803876641.0297458
2021-01-21,31164.41588418532,31991.436510858897,30869.044709584155,31862.096481515702,1655800141.6406631
2021-01-22,31811.530887467736,31867.724686979567,31001.51984087152,31283.23074780404,641448396.594323
2021-01-23,31279.99610406793,31830.392398824926,31123.32836156802,31722.26471887921,457618453.6572074
2021-01-24,31810.73824328649,32352.213715224098,24939.676557726234,28495.684941125295,518237999.7569939
2021-01-25,28464.732155507725,30063.78954354335,27934.47531903787,29777.4747605556,1014669398.0890106
2021-01-26,29731.456753559647,30306.724986284622,27016.63259637593,28149.427001453452,535525546.78438914
2021-01-27,28267.03485998923,28277.82611245024,27809.54501389836,28014.47185097555,436845152.14473015
2021-01-28,27942.372665116793,31443.933266074688,27775.0478459087,30218.446338202815,614286543.5804394
2021-01-29,30233.160291878845,31112.657827306088,28192.095074069508,28955.685025954423,363807186.46562123
2021-01-30,28855.641786114724,29570.701153616807,28788.218643349963,29476.587734990535,1127650937.2074046
2021-01-31,29393.770482824544,29878.2786111456,27433.821644228145,28108.290784845016,647662877.423468
2021-02-01,28133.484719408712,29053.01102686935,28087.28553733043,28979.44714054686,531917447.73021585
2021-02-02,28880.466560884615,30552.69662165154,28481.89147346569,30532.61481102241,406153079.45279217
2021-02-03,30498.35212095146,30796.106493542222,29950.386653549016,29960.24850314508,232861807.29983333
2021-02-04,29925.12313079231,30158.86646859419,29608.214751788466,29637.41952273578,771071140.2792623
2021-02-05,29662.809510767984,29825.6222275597,29100.10928624851,29236.514297163954,1111299397.8494594
2021-02-06,29408.297329376688,32811.94434985489,29230.41781647624,32792.84648633874,774071318.4532813
2021-02-07,32875.610233839274,33086.24928006186,32716.49054231074,33036.33891423388,1011642397.5759871
2021-02-08,33192.617162509334,34598.55370476005,33006.14040117261,34542.35708489046,365698644.28413147
2021-02-09,34419.939457117514,35711.03300270966,34314.80127267793,35183.98462213771,827684498.8190634
2021-02-10,35275.78967832447,39420.162861050485,33935.909348341374,38306.46853929832,295696764.7180843
2021-02-11,38553.28224239829,42316.30915755846,37587.762356374755,42010.9705205185,609119281.8704466
2021-02-12,41813.291742105925,44974.7992554092,34312.45111046871,35288.17105382109,949605506.8963879
2021-02-13,35468.00068114236,35672.480600832525,35165.65808351727,35236.1104225323,389625793.2573199
2021-02-14,35410.62503385966,36232.298565293044,34695.44593929668,36071.575903809666,187218450.51047784
2021-02-15,36158.51248283667,37878.574520354494,35724.247479893944,37201.274600311655,605003458.8325529
2021-02-16,37130.22494465481,41310.35346727989,36978.250653399875,39842.132482807145,1186741714.0242105
2021-02-17,39732.60056408689,40010.66517639414,36651.87024941026,37176.179413760256,396684578.82920825
2021-02-18,37178.74469774489,37292.29256249708,37145.72795516698,37253.45725855871,792773181.3864973
2021-02-19,37172.61156794053,37737.433068755025,37018.72328470118,37315.72133164774,466109518.9220209
2021-02-20,37214.69254411977,39842.52018627743,36831.75029124757,38544.193246574905,566565381.5507226
2021-02-21,38652.31494201149,38924.888054606534,36160.416565677595,36734.11905246189,1301743453.6930315
2021-02-22,36741.38832824256,36893.846611587964,35753.67418866836,35994.780209003795,371428443.92927676
2021-02-23,36045.75369983988,39090.947627926405,35751.29211615387,37446.41893162592,975174970.8193679
2021-02-24,37413.92703465834,38503.30671877052,35165.055380926315,35989.390858914616,803537138.4262509
2021-02-25,36023.55718954679,37145.446609208906,35027.63095734282,37122.91938061187,250202837.77622634
2021-02-26,37147.52033007361,37838.13961217125,36803.28639747534,37660.81418899621,868977748.3403423
2021-02-27,37737.41435811103,37965.81147951149,36413.5006272055,36421.563908062926,639017021.2385869
2021-02-28,36285.397809593844,36390.283195407894,35691.691411628584,35806.78117338079,196283107.18378088
2021-03-01,35637.602697481234,37772.93501213953,35571.25782970884,37356.935780467174,835849408.6938177
2021-03-02,37428.835212027385,37451.051227924545,34415.241577970206,35568.84958716971,869465173.7111785
2021-03-03,35695.95886391988,37896.0462367682,35384.51487777295,36920.74326778631,560217752.8427291
2021-03-04,36868.29813016866,38457.03402221887,36394.63216774777,38294.80988521938,370646386.5576941
2021-03-05,38463.49533505114,40797.00264517844,38069.55512812332,40402.38170235419,390304133.0151073
2021-03-06,40648.81250471957,40748.16872608767,39233.76362788272,39963.7040141339,604291970.9639075
2021-03-07,40034.93951305131,40757.669782478195,38000.488290347785,38362.48711031556,412199616.5378142
2021-03-08,38566.6991417387,38830.885715136435,37364.267838298096,37396.19168527563,772830100.4356302
2021-03-09,37300.114205415855,37424.74840409725,36996.79313809176,37034.38715859226,528557440.7811134
2021-03-10,37111.87211206705,39477.446352308754,37026.21255843623,39294.9118462929,720620110.0429
2021-03-11,39099.289266267544,42677.7455713759,38848.09067821358,41281.45771064448,687257154.920252
2021-03-12,41403.967129221426,42955.32414434895,41190.17022025776,42476.62307292714,1228940581.70337
2021-03-13,42529.39224688332,42533.09386684653,39174.73087676796,40398.355772548806,827803122.7245871
2021-03-14,40429.57778310358,40454.73266734884,39144.3085644623,39319.28174016333,839008794.636286
2021-03-15,39415.90526543459,40748.663848443524,39369.59425429642,40672.587738802285,628501036.733787
2021-03-16,40665.847670793024,41878.90983945125,40281.80220921405,41709.97034516848,574041853.1047957
2021-03-17,41821.90977185688,48079.39742175296,41499.716192577966,45883.992159904934,1366406208.0863504
2021-03-18,45978.55475399821,49402.71436024515,45808.558203281915,47335.8126033823,650500750.4433668
2021-03-19,47451.25064093475,48304.65395285423,46895.20132736827,48285.72466932307,234365279.7435705
2021-03-20,48196.20916990657,51478.47528128862,47889.03702155957,48904.115839215745,950864094.4241399
2021-03-21,48781.013280405095,52429.24105096951,46956.08614546551,52301.87336825897,1332746563.5731838
2021-03-22,52393.04660523174,52550.9344561764,52041.648101401246,52141.00939875623,503173740.2600904
2021-03-23,51828.38273638287,51998.0463622627,49804.162061958516,50557.60198649581,449745032.7907076
2021-03-24,50595.964393866714,53010.25446508682,50448.11011083319,52072.19985565323,643434983.3246194
2021-03-25,51924.93495000269,53089.980619613125,50853.785112656085,52652.388261310596,714312614.5660423
2021-03-26,52593.302462230386,57384.175868355494,51216.78281455006,55413.18430648854,650759063.3371302
2021-03-27,55542.59230806479,56099.69981465875,54191.54482902092,54413.731575900085,451310191.0199514
2021-03-28,54355.85492057659,54360.29005796499,52357.114133534546,52549.85894766721,1532228837.2631893
2021-03-29,52487.47906454635,55683.56265920945,51415.89148474123,54769.9572235934,301241571.6598456
2021-03-30,54506.76579765338,63069.24335114892,54432.40667672791,61931.94350390174,524338054.00930995
2021-03-31,62422.69074656507,71906.39686082242,61662.93243610622,66543.00923543575,998633444.3910831
2021-04-01,66575.23985421918,66583.61086659333,66522.19203420827,66549.43600898975,935560648.6029683
2021-04-02,66522.24104442369,66866.82001390567,63702.058970744365,65269.901457410604,498533313.10460436
2021-04-03,65208.821545685125,70065.96159434915,64899.818422527685,68633.88462859135,574551639.8283689
2021-04-04,68840.94781162847,69210.02944745125,67259.59396446412,67936.7442034544,659819772.6737345
2021-04-05,68063.94867127905,82744.97769667419,67384.62644956438,82632.4984559144,779749336.1126107
2021-04-06,82344.21701912703,90144.97280110729,82310.87229606419,89800.74578160237,1028794086.4515203
2021-04-07,90037.0674932622,95650.32784613255,90009.31464419032,95049.90978959676,635123198.2665849
2021-04-08,94955.72111089336,99131.8762032678,94086.90484721969,98477.68289128997,488622277.58769137
2021-04-09,98065.18510110008,101465.82812142349,84660.07270586047,90653.99206144476,1740732010.1117883
2021-04-10,90326.61796635897,95782.10929067597,88079.49807642943,94821.62777150885,1655844319.3667684
2021-04-11,94400.47741133482,98849.6586683033,94187.74760095617,97193.33035773762,496040710.2468991
2021-04-12,96902.49392552795,96970.78828666132,92557.32475286834,92561.2692721894,709237046.671896
2021-04-13,92313.23296824316,100483.39785284898,92009.30041405045,97796.96430468211,172561437.23911694
2021-04-14,97400.56739263418,98857.36436821395,97109.48397897463,98196.5844893164,546395096.4218236
2021-04-15,97897.56486770755,104392.54558092795,97540.55469980295,103098.79097830199,600913812.7176576
2021-04-16,102826.913333827,115675.38921573613,102826.07494786006,110430.97223680119,403047493.91534483
2021-04-17,110196.29725809424,116198.93086978722,108799.0423804073,116127.2199256606,638541949.7849249
2021-04-18,115623.37477971261,119627.59889571505,114716.70513852847,118968.87948318754,308045517.41308403
2021-04-19,118712.02745790931,135542.1981510549,118554.0736693023,126763.81552081041,659679529.8804897
2021-04-20,126155.05808176642,134907.33949685303,126044.43457592446,132640.33922510853,413952631.2594858
2021-04-21,132502.43649347217,139685.09808834005,131459.28702749137,137965.13805441186,574026882.8411274
2021-04-22,138042.87189663964,138450.99432692322,129382.79064344449,133322.44558707377,508488335.5079339
2021-04-23,133670.66506787713,138698.34114067422,131265.51186538138,136637.96768145007,547426756.3546551
2021-04-24,136511.35536344378,151809.40704827142,132725.0617906075,147669.7655445786,479359001.14203334
2021-04-25,148443.69003865734,150352.02269478174,144638.2955316073,145828.82832417273,255816762.2758142
2021-04-26,145366.22480398318,147093.55425302908,135302.22821719834,140787.09270962517,1946071140.2430043
2021-04-27,140821.6524747239,152425.43566812424,137455.96843309296,151037.02076660912,1073794406.160662
2021-04-28,151530.4026604706,154399.06388872847,132900.21501807633,137760.01458426184,492426127.8200747
2021-04-29,137285.11492760375,145443.90189287261,136786.4541773933,145408.10258681056,697477822.5946171
2021-04-30,145980.80969486258,159482.28036140057,145144.76623487988,153082.47107679324,430932974.33969545
2021-05-01,152418.81790983962,154877.63313967132,140019.18893329205,152891.11654949852,634062955.2467555
2021-05-02,152778.12605552087,159756.158665577,147857.6462315871,156605.19980609682,545138064.8318876
2021-05-03,157010.88303950513,159020.9311856335,149336.251393257,149634.54929388972,1124981842.6873405
2021-05-04,149553.09260878008,160045.20057194933,148584.38362576236,159435.56826220147,493769064.1808283
2021-05-05,158258.31825928154,165409.3491342475,139123.14584683656,150074.8120476241,466094599.27453226
2021-05-06,149562.9032217338,153834.62129302532,113760.94156068345,115743.60107212709,970627670.1602014
2021-05-07,115440.68394246868,115587.16800156284,108818.24716793839,109686.68282028672,369050823.6197182
2021-05-08,110013.5563112584,113432.37686713897,103630.31650852563,113070.80298742936,846648431.3793019
2021-05-09,112844.55993695253,112947.5810774114,100720.33347357495,102027.07999266492,645265931.5094451
2021-05-10,102128.66297607575,102629.4962668608,99027.9893341606,100702.96335759405,967701048.5142076
2021-05-11,101001.32713033867,101011.4326129867,98175.64569706967,99262.53473359098,347464850.50167155
2021-05-12,99653.76315011081,101852.97608044272,92255.78205853338,93455.93551710539,460272359.24608314
2021-05-13,93220.53578439252,93800.83046499138,81988.481522567,83682.12185346942,425597314.9009365
2021-05-14,83726.87075194965,89317.41411663331,83609.67605883052,85510.52235073457,1036164604.3725101
2021-05-15,85617.61425528194,92052.35680059601,85600.19481761554,90060.62014626602,727670426.0771917
2021-05-16,89804.18120660365,90126.75732789308,89786.18811031063,90008.73564436956,244682719.49429068
2021-05-17,90112.24658236997,92236.29795908414,83307.61189088183,84746.42612562857,1034225889.6314204
2021-05-18,85045.5711669303,92173.22801988994,82453.979411556,91688.84080242214,463887065.6042938
2021-05-19,91637.41394881388,96242.73545509172,90665.21741600416,95360.49942113031,618608612.2723036
2021-05-20,95655.23420393374,126199.84047418856,90798.2633635633,114607.51955141906,518542091.36419034
2021-05-21,114960.26384090382,115481.93750364102,109240.3966609198,109768.8781768131,825188774.1552314
2021-05-22,109730.24978102474,110782.84811436478,91017.16726847987,91986.79997211449,521411149.41994596
2021-05-23,91395.29895599865,91901.64549548624,86782.18989439329,87141.62958856863,864804434.1932651
2021-05-24,86652.89401053065,86845.36158332803,77237.55751994396,79974.91783185054,570645326.3303381
2021-05-25,80191.30625855862,84319.27246049538,80166.07097385688,82927.54696696151,203870156.6575402
2021-05-26,82811.531134897,86581.6823101598,79967.76994428501,86068.40647811843,791740970.086918
2021-05-27,86340.44497304059,87253.94119453238,83749.44091976425,84177.39030598987,676202786.5583807
2021-05-28,84374.9916977146,85185.65358061533,83174.35138659217,85145.43518310059,584436380.8995459
2021-05-29,85202.94016262477,85812.43672597242,84843.11087133351,85096.23400348525,229820625.19004834
2021-05-30,85438.61787617797,85791.60506216832,76973.77172999004,79205.75978665592,600879946.088456
2021-05-31,78725.62292614437,79920.37186604872,73191.4609227124,73553.99364793055,388656116.3170532
2021-06-01,73585.96870986308,76000.11191432858,73463.3394970179,75796.49055340394,629121781.4204863
2021-06-02,75616.98183358558,76251.06639233531,73200.53637206003,73267.65828819326,235871979.27279437
2021-06-03,73374.48383620307,79914.00723871603,72602.22601522383,77454.18642283576,765171207.7305804
2021-06-04,77429.30271736892,79424.97654345889,66612.54386295054,67498.8861058107,467710581.93590313
2021-06-05,67862.93461106205,68163.49932236016,67848.42017558313,68069.38453700459,867532219.7919923
2021-06-06,68066.88665254747,68394.61390058545,67497.1710805262,67808.64884101508,633272086.2523164
2021-06-07,67495.96071631616,70853.90734942454,67448.34828353052,69178.4135209595,141790930.55693203
2021-06-08,68864.77262768005,69979.62254668915,65664.93817576351,65950.26463027627,623861272.4889845
2021-06-09,65996.47484001778,66552.17207717341,56303.44139323092,57080.16529890946,916140147.4455993
2021-06-10,57206.42166164129,59477.558493564575,56384.72890798567,59200.21180081073,959765648.4126848
2021-06-11,59245.081505357455,60351.53738890778,51489.12607912282,55301.736791019044,547754486.0862852
2021-06-12,55513.59018139081,56038.16022522662,52149.554849087726,52504.7904568937,1025713395.2785593
2021-06-13,52517.36287041233,54037.33627588905,52391.01649397908,53983.76069999667,216558762.4766305
2021-06-14,53800.468978337536,54595.276624110884,53739.29014710762,54002.39938280352,553667782.0061321
2021-06-15,53772.13713376282,53791.46904134894,53175.602221881214,53365.13834869046,1107916490.0965538
2021-06-16,53542.32265425652,61085.85819758468,52504.38308068814,58206.95552363024,922250700.7137218
2021-06-17,58112.41804389378,60748.67270328798,55151.75872189383,55383.653126926205,796065606.1731335
2021-06-18,55327.32490283953,55994.460967572944,51818.257181036795,52866.80330149947,422207355.97340125
2021-06-19,52789.29889025932,52996.45755630867,50303.68024821607,50310.7249065971,518574746.11922383
2021-06-20,50105.47285443881,50200.9738022724,47067.521398431214,47164.40823847857,672148966.9292032
2021-06-21,47264.598797020866,47571.82049104106,45152.07448926658,45792.501561048564,399981477.465991
2021-06-22,46034.92393268595,50703.54953665429,45526.00142406325,50001.3056933948,927419519.032219
2021-06-23,50103.98529995391,50665.03584546531,50061.11084666161,50516.87605338405,1036501450.0754474
2021-06-24,50493.920053787915,53678.33751386206,50480.64749640534,53185.113048275976,1771417576.538673
2021-06-25,53118.967603382815,54695.331765758696,52460.46528127143,54523.68074206017,300399115.25581926
2021-06-26,54220.71341823624,56948.355976351195,54148.36055033944,55876.588152029355,379438034.32942843
2021-06-27,55892.499530168294,57696.08710375629,55021.311145995416,57362.156513758724,324281048.05740094
2021-06-28,57142.91853703258,57533.138927161526,52860.48407822585,54523.23763264095,209550805.63760397
2021-06-29,54583.51593389785,55844.89681056508,49290.396089599664,50177.26512650484,916589516.2115645
2021-06-30,49944.1334097032,50107.056002432866,47557.65852525039,48774.098630653956,913165872.3850609
2021-07-01,48726.31302556561,49599.82928895689,46531.446540352576,47053.102255595506,451733381.3042164
2021-07-02,47079.23363701098,48342.70182344908,47063.068252953846,47347.56998380074,455048198.11606544
2021-07-03,47351.330711722745,51166.35009652225,47092.2054210548,49110.98161707715,441949559.79422474
2021-07-04,48840.84997111809,53589.96823486693,47716.43269218697,51093.62744182834,692230256.8321596
2021-07-05,51337.0372567204,53553.44972640184,45939.75726300962,46219.35697480127,414666303.62361187
2021-07-06,46312.877870040225,50710.77357742779,45235.61206563695,49838.189626409105,516375060.29734236
2021-07-07,49878.04569563842,54081.657384010134,49706.93271271124,53080.03695776499,1154332872.3308597
2021-07-08,53206.97524500967,53242.269715850896,52051.8729482304,52132.97380773961,492464174.549805
2021-07-09,52118.06282018992,52748.79735597284,48924.12425967697,49539.95860082911,349026106.9317769
2021-07-10,49336.46143671211,49432.38131248815,47966.71546772275,48064.807815405286,1464227136.5238338
2021-07-11,48068.954645605,48079.6637147737,40588.91387051723,42477.94360292377,525119569.78566825
2021-07-12,42509.015117807816,42682.01880303227,41955.218593150814,42100.87608783294,562088817.7010217
2021-07-13,42318.751381372276,43442.99576605103,36127.31938568094,36442.008449458066,449864510.31307805
2021-07-14,36664.29821649536,36756.38739170587,34504.394638796985,34645.70561292595,585870012.8385488
2021-07-15,34804.79057275692,34877.87584382718,32095.272515487766,32867.37194294404,1065140867.5845119
2021-07-16,32709.776948313956,33314.24231300567,29898.418575800773,30688.423831969503,240941634.40109268
2021-07-17,30777.872757248573,30831.141259865624,29604.422056996347,30290.737255499032,657682544.292938
2021-07-18,30213.284776384404,30365.791110682403,29189.81656611445,29519.119707855745,825677239.8470975
2021-07-19,29612.454463351998,29767.751091272075,29581.983208066926,29734.22387185778,973465233.444139
2021-07-20,29495.818186974495,31844.33647895422,29473.056689759964,31362.540814898846,989804887.157598
2021-07-21,31457.65284024284,31549.31866469713,31403.18766711059,31475.01049713249,286487800.35803103
2021-07-22,31436.451868815002,31795.712236277206,30750.15459431108,30763.926939778725,652218217.9408184
2021-07-23,30693.159116741892,30741.85855362658,28356.130778532828,28514.374371265316,860057889.6510639
2021-07-24,28505.533319373222,28688.191074925027,27940.06919044141,28226.256385307024,185242649.0191058
2021-07-25,28018.84304515749,28477.63834279766,26505.869725529345,26924.705438753972,328111238.0421054
2021-07-26,26881.808309939934,26954.324376241144,26073.969805486464,26198.594333497495,255050063.0121265
2021-07-27,26334.977001542542,26447.637678495434,22931.879936213256,23616.671350419783,661155867.4840608
2021-07-28,23561.72643324342,24074.06072164854,21495.916309482727,21805.762669676762,529502967.25849795
2021-07-29,21829.04128816003,21875.748214135092,19961.26627799372,20768.671323514754,325487400.6003723
2021-08-01,20856.010790424185,21446.09959407139,19988.738836842345,20226.224097009763,540715538.0427405
2021-08-02,20317.39588295915,20320.86101192519,20263.41663206229,20272.251788167283,505121693.3012628
2021-08-03,20264.403613626742,20295.229731756917,19089.617496221555,19293.812678133178,1005100611.8475263
2021-08-04,19327.54072071058,20465.328650052863,19293.4478508637,20063.77788019965,465452255.00371665
2021-08-05,19993.011692982986,20988.59870440984,19940.904574258017,20826.807417807577,279317740.7876244
2021-08-06,20876.8510709509,20933.611490189705,20860.947095192423,20928.123164252025,1360845007.5646968
2021-08-07,20869.83506340136,22361.31898126258,20310.99903836802,22340.943290755313,401216329.5751763
2021-08-08,22399.87438248267,23612.918575679752,22278.787690203742,22964.73723534646,819176444.6577247
2021-08-09,22978.94984016883,24371.304464512294,22905.628532437288,24032.680758458395,401051663.124083
2021-08-10,24025.700218227157,25534.43850578196,23951.76295115775,25302.826620672913,867760111.2761573
2021-08-11,25411.536822819635,26027.388294882294,25092.988252922652,25881.490525498473,563334043.0764618
2021-08-12,25855.120999121602,30754.744507935688,25083.17180914179,28851.579960087027,593691133.1521004
2021-08-13,28850.405204709106,29310.31561898827,28259.875634998967,28418.872084320603,300142474.3576069
2021-08-14,28452.58119988548,28707.692877709498,28327.50842942634,28525.647005220435,370015626.39691997
2021-08-15,28600.055079862566,28601.183149499757,28489.246978533774,28491.068282281834,591614485.1165445
2021-08-16,28540.883082139793,28820.558650083552,27072.44653946497,27277.995514855942,1240650102.9834073
2021-08-17,27213.414179454867,27622.287722532856,26949.76472210576,27503.577482529417,493104635.0563482
2021-08-18,27541.458130118535,27541.657412347566,27460.388315627057,27520.716865265695,1383319113.1072636
2021-08-19,27366.089124277463,27768.534240294775,26000.87952097944,26447.275042360736,668372992.0188298
2021-08-20,26380.830580855174,26387.96311126498,25279.958213090533,25642.192678961183,1483258371.790385
2021-08-21,25568.64593681449,26803.253671366117,25385.554048416387,26315.43062148127,471561286.40269977
2021-08-22,26270.496634347164,27157.058294639293,23410.53768802864,24109.948286928484,440560342.44999135
2021-08-23,24145.87900811976,24250.746368275082,23513.610348080525,23565.491880338745,403252242.45181286
2021-08-24,23617.72918724341,24337.44263597941,23553.119007230245,24305.734264293813,639334147.2703539
2021-08-25,24313.42420481885,25408.75065574437,24145.839602380347,25042.416997875127,1451659590.220859
2021-08-26,25146.87383439796,26711.58894570808,25076.471823175274,26344.224217211282,513968012.43393004
2021-08-27,26356.331978156104,27164.05998658301,26165.357431309058,27086.953600963883,485828642.02701086
2021-08-28,27298.090820229485,27314.419853317722,26109.53535789476,26257.480369438228,812822679.8326111
2021-08-29,26236.367886049047,26248.936465452844,26026.1074232878,26153.405460104743,671590555.3736358
2021-08-30,26158.4096783178,26200.38653800738,23610.295163020262,23774.909785766195,618188073.0727245
2021-08-31,23898.030509760603,23958.31756593216,21957.77534120383,22633.48231975796,663105807.2621586
2021-09-01,22505.191492896694,23852.130080287934,22498.75212118556,23289.166656013917,325447463.07601017
2021-09-02,23404.66463249798,23701.432402412524,23347.372603503412,23625.350215326118,620589052.5556056
2021-09-03,23622.436324161987,29083.13428587728,21000.200266207605,27629.51041942352,896247964.4006307
2021-09-04,27590.287549707326,27713.078293592727,27577.090977544343,27680.338335791344,324885442.65674454
2021-09-05,27661.38845332259,28185.893229139594,27503.588797072152,27930.92362864206,623223308.340003
2021-09-06,27967.55591868878,28668.061604503597,27723.01089473326,28541.461490987233,460585528.2166547
2021-09-07,28501.073877213134,30491.08039641848,28372.364708541685,30357.963211179533,966848197.7793231
2021-09-08,30336.298121050513,30418.030506949395,30079.67304603314,30173.585508411958,518058678.41601014
2021-09-09,30129.604532960027,30662.417586843643,28850.45446224148,29708.53665181437,1294446889.1614554
2021-09-10,29631.11612910425,29696.571519760673,29337.54224528719,29406.521070025196,224678173.28897482
2021-09-11,29435.448257155233,32651.108838764547,29336.664945224933,32445.220731544156,1078284246.2476819
2021-09-12,32500.35554721779,32510.467657639598,30437.333273132084,31158.71163202301,606260527.8038882
2021-09-13,31151.85479891454,31889.124649691494,31086.16036535075,31807.530367157426,1700995884.467161
2021-09-14,31737.106957981992,32560.30127663727,31128.26587756532,32188.347175920437,408755398.510159
2021-09-15,32218.263579726,33372.87566087539,32103.74268002905,32799.633962382664,305274581.7766293
2021-09-16,32895.22046502693,35145.41794067709,31506.839419145756,34885.372302127835,294828339.37584364
2021-09-17,35117.64796802253,36278.4712376262,34733.31530900365,35957.23443814589,897255678.1883292
2021-09-18,35972.81870011474,36311.356063976105,33285.8401805931,34833.59854697075,521180810.98409116
2021-09-19,34722.30302415417,35005.84647375315,33901.539148710086,33956.06859057569,449622859.18691856
2021-09-20,33842.149407376986,33888.48697852787,32239.424538006144,32766.619803512018,642223057.9040083
2021-09-21,32644.83826729787,32997.99380181507,31559.05767838367,31694.167950709965,441518723.71497214
2021-09-22,31576.89547600639,31748.657850433057,31335.457703233405,31746.216684008556,669267614.6592729
2021-09-23,31717.988085928475,32304.424687359322,31403.93383399802,32284.43300880493,551855820.147649
2021-09-24,32391.41155778648,34726.440445092085,32260.063761720914,34468.34672381471,492267661.3207652
2021-09-25,34640.179470556526,34769.03579625429,30391.667637117014,32489.361774967925,810688230.2699564
2021-09-26,32387.885015627653,32703.472200999713,30049.965998090072,30472.89532736733,747396497.6385883
2021-09-27,30408.715110984158,30555.633608636705,29607.697203696418,29848.642610254534,225832457.264556
2021-09-28,29895.812006138505,30954.864874469746,29815.13029309796,30785.75268916943,409003460.6095914
2021-09-29,30840.32732829045,31396.19058414399,28894.084185481013,29311.582266979676,1105069450.486417
2021-09-30,29327.571603982105,31457.400637400522,27502.57775323382,28019.734486253936,646083484.7090812
2021-10-01,27868.165504141492,28184.672621670437,26560.922414034936,26568.624007161518,852283469.5832889
2021-10-02,26618.60160981956,26635.127304650778,26497.759112201442,26548.91472277088,293715178.4582092
2021-10-03,26536.22833061824,27313.441858265607,24510.44771077525,25606.66217000524,296154174.2973326
2021-10-04,25489.533470161205,27395.61618213836,25389.392407315023,26783.06735211385,222027055.79497606
2021-10-05,26802.50598870676,26953.37888135298,26662.296430625334,26805.237421054353,261736497.58618462
2021-10-06,26807.707511941695,27137.785868265728,23016.898982602735,24310.967324684567,694272778.760771
2021-10-07,24305.45615979654,24741.36089410346,22007.4098664697,22667.908214310602,668003503.482372
2021-10-08,22578.137049301695,22911.288788559752,21617.150868369703,22373.012533195113,427492116.027962
2021-10-09,22365.54983743242,24049.226766853848,22273.796691835585,23316.52565048874,258283316.12328115
2021-10-10,23164.363826984893,24083.345530707153,23146.385274282104,23935.233357058685,857223762.7045705
2021-10-11,23996.601991626383,25789.94272741514,23177.73748915238,25341.917496656908,338504008.6289805
2021-10-12,25309.41812212466,25335.40050381818,21543.992874819574,23611.007485964048,736687904.9777632
2021-10-13,23606.38625836156,25050.817762447354,23254.656447658243,24960.495872503263,877782637.3384813
2021-10-14,24980.141585789996,25338.019984975897,24892.516005110418,25244.417987846442,417865327.7604781
2021-10-15,25202.703424534444,25661.102629036108,23561.015890961506,24464.877358191105,358234118.02894974
2021-10-16,24429.18424772988,24522.89387812742,23624.345979904665,23723.47263229505,593407145.1082716
2021-10-17,23745.263098944328,23858.72283482867,21938.64760591856,22346.340562295973,658063397.06444
2021-10-18,22271.275299861718,23332.087524609567,22095.614097581645,23212.782633568346,376881968.6284755
2021-10-19,23287.160192103853,23386.169330363184,22688.211543159476,22747.525423082574,471690340.79996955
2021-10-20,22846.333876529498,23236.55483286006,22832.895309651794,23073.658650660367,516677081.4515679
2021-10-21,23080.870913027396,23308.154669075877,22346.0027489016,22563.50772773115,758597526.933157
2021-10-22,22485.778305094474,22640.001373985015,22485.67729426767,22606.294897641044,261792629.79089186
2021-10-23,22612.564025802647,28322.473886336596,21368.793394752036,27252.166927848793,416075476.7292837
2021-10-24,27206.03546952914,27270.12451734733,25297.387731087332,25509.315157336347,398561417.9106348
2021-10-25,25438.10899179002,25751.52476988571,25134.816959521304,25742.967980588797,1821821369.9086013
2021-10-26,25603.643153096342,26290.592385529893,25448.23510402053,26183.2080204985,545367065.1847469
2021-10-27,26262.654435626493,26325.839001777244,25988.055639616232,26107.26487682968,245155190.03020307
2021-10-28,26081.819512025344,26082.931509418406,25988.314898242355,26022.225059875014,546225471.9712619
2021-10-29,26065.45974861978,26096.037764021243,25815.336806620362,25916.229106407547,410374169.74962276
2021-10-30,25924.757615931638,27470.480522465856,25912.502913078515,26848.163555235056,391507403.6923298
2021-10-31,26899.699355084387,27054.608753057102,24944.33598002677,25138.19817375425,924677757.3390425
2021-11-01,25123.159965141138,28051.386775284536,25073.55041881596,27244.423230416913,612625649.3321947
2021-11-02,27252.12435943093,27523.811622372843,27245.76144931095,27491.47717881864,551826994.2728823
2021-11-03,27531.65504529869,28053.63726320971,27201.03962371035,28009.528048318734,523118052.92068166
2021-11-04,28135.845782444547,28421.313456324166,25811.584140489147,28019.74558345132,822605229.8233143
2021-11-05,28119.728727456335,28972.737585474086,27891.3928849398,28547.404035620857,682402128.5740174
2021-11-06,28471.961220088928,28497.326597224142,27663.499757127058,27769.718547763558,801452472.6779468
2021-11-07,27701.997949966953,28850.29820249755,27312.41552319713,28724.430648168393,497165946.842207
2021-11-08,28653.208004542106,33267.034094496186,27901.357479100618,32031.605890640454,688296367.8210806
2021-11-10,31895.314065058465,31896.6016373159,31548.945436934562,31703.22825167973,645386812.1297652
2021-11-11,31734.581981811683,33448.696618049944,31502.44938458218,33157.05804636716,605354414.9291067
2021-11-12,33127.10129431655,35615.67762518078,32313.37680003357,35080.14942218326,589862660.1575621
2021-11-13,35217.3135643051,37623.08750473009,34635.782806565374,36465.47903312609,772734510.3665724
2021-11-14,36653.002795624576,37022.97971208251,36652.5994606153,36830.2019288786,781647051.2447923
2021-11-15,36862.544941488064,36903.05987064106,35057.83785916645,35287.476135179466,344435096.19262207
2021-11-16,35150.38430415811,36430.92503989534,34991.37768873191,36047.7472128081,583985540.9051844
2021-11-17,36145.300038101974,39736.79019797802,35315.788447173334,38377.58086450385,651532808.5441716
2021-11-18,38302.91823750473,38523.78187441539,38173.44469217795,38443.731973707974,252406386.4269785
2021-11-19,38333.97238971696,38589.93462102619,38145.980109265955,38471.996166097284,356338910.399677
2021-11-20,38707.24348620533,39329.91991723474,38456.850507612166,39119.4053281208,324710642.78453517
2021-11-21,39052.47038182283,39150.58156600231,38906.56811214194,38957.22070851578,389273936.3911752
2021-11-22,39137.24460538935,39209.5835237488,37589.949919047576,38160.86177746548,503678799.6131037
2021-11-23,37978.976988330985,40166.48951561361,37462.518536943906,39798.42392123463,555439506.1421425
2021-11-24,39781.40164524806,39951.835564921166,38373.39963666024,38552.89964675563,268494279.13836366
2021-11-25,38617.24660573344,39688.76887520029,38615.1808229336,39601.28112832961,617503326.1991549
2021-11-26,39409.591378786106,41205.062183891205,39264.95595229422,40671.505794798366,625884317.3235438
2021-11-27,40696.20443905132,40721.80187373183,40506.43747642191,40510.842807742505,188141746.57082307
2021-11-28,40545.33767477274,40705.89159561254,39357.92442507808,39458.7574627908,688005524.7194806
2021-11-29,39536.87263046467,40548.57953671581,39430.97052926819,40137.7354188024,851126328.099256
2021-11-30,40247.41168545318,40876.17450538007,37958.25669198475,38215.477594930344,944198265.2890168
2021-12-01,38317.879049663505,42456.21274218343,38172.280076478135,40927.82668266991,393796483.17151994
2021-12-02,40830.13152788132,40912.49741092325,39013.2188423157,39070.57271766373,705867581.6696212
2021-12-03,39075.407483886185,39487.592818221055,39045.685855580195,39437.07268196675,612421591.657354
2021-12-04,39593.239643801,40613.63558835351,38653.838077708795,39231.37671674528,762097403.861767
2021-12-05,39195.08792491921,40266.94438702502,39071.06413659633,40109.80240167655,536437344.015522
2021-12-06,40154.46342516078,41910.22502589159,40111.404290653685,41101.36443314799,517134888.55842876
2021-12-07,41262.7161662282,42109.22653221809,37536.274009998146,39110.38862991474,419604192.0872316
2021-12-08,39439.077192711076,39727.19881478975,39191.42185519428,39722.67528018826,297059158.99933827
2021-12-09,39704.901457005144,40822.52267027572,39644.27449518993,40419.25944198367,123107271.82656266
2021-12-10,40173.70492885324,42519.291309478096,35593.249359708505,37160.681261248144,1368655868.254125
2021-12-11,37126.14927808673,40140.12181198127,36940.06746907504,38424.93481761634,361989386.73012
2021-12-12,38594.910598248054,39668.27178638509,38358.592566121675,39359.323508471374,661090019.4886558
2021-12-13,39336.74836626665,41679.57618672233,39147.93211857026,40569.21181489457,465101868.99813
2021-12-14,40622.110370226575,43236.99395238769,38916.73304421482,42476.088582476455,606993205.6129087
2021-12-15,42618.517245555195,42679.831542158725,38801.537978142944,39577.13924512683,228070802.5616646
2021-12-16,39400.815404404115,39761.957270785315,37154.68685884368,37865.0442454701,496663403.0231522
2021-12-17,37861.25062541273,39718.24579968609,37854.39647933214,39483.059686310626,702228882.0356132
2021-12-18,39562.38067797908,39614.545945304795,39185.76051455812,39193.84577030125,432593075.5317281
2021-12-19,39358.2567757021,40890.69344425259,34125.29975116319,34148.17399161569,286655843.7130513
2021-12-20,34171.06117804859,38125.51083480663,33782.92723380995,36765.86976629293,293215807.4997947
2021-12-21,36562.572597693565,36649.938651338525,33062.9554370724,33508.18075634128,744387687.3051637
2021-12-22,33488.64573630619,34015.34236992137,33301.38892399539,33864.93359433165,671989591.2909417
2021-12-23,33728.22699706526,33864.95062664062,29285.73899831011,31240.61918130749,774958143.3307223
2021-12-24,31274.56250649809,32597.712136786464,31086.939638504926,32422.51246948467,672127858.1944261
2021-12-25,32407.973887295924,33006.8348887441,32393.44438513239,32818.39019391603,751076196.7128562
2021-12-26,32790.018773993404,33815.141700666514,32639.92527594402,33437.47879393827,393043499.8299807
2021-12-27,33522.581694552326,33747.01062343943,33517.60202211872,33668.09180468647,1136187165.965199
2021-12-28,33544.73805569149,33649.23606374863,32789.665850133315,33280.224642215544,445566265.1146965
2021-12-29,33339.3912104747,33944.02260955126,33118.99819347923,33488.45821552616,403218502.9605938
2021-12-30,33549.800347663535,33593.06306084963,33002.67732269067,33143.39272429267,296247128.2350357
2021-12-31,33105.09013131677,33304.06754613412,32069.295401523606,32686.353738360187,352018070.8735347
2022-01-01,32848.90692712066,34983.835308646194,32774.4439304108,34476.34151886809,702186680.6280189
2022-01-02,34579.816508239506,35306.24434514714,32578.44758587441,32628.280080561464,479875907.99204284
2022-01-03,32581.930465237656,32931.6055451323,29803.235680070866,30153.080692752297,624852903.751805
2022-01-04,30154.67069836755,30186.013396505296,30063.698898264705,30071.721857225402,870510912.817778
2022-01-05,30146.453660026862,30287.965461189742,29439.334011164177,29501.74335718276,717303823.4511814
2022-01-06,29515.948413551614,29600.97657561925,28584.53801182894,28721.86254453769,1218232320.7352529
2022-01-07,28681.22160451976,28878.412220565086,28536.941517118285,28870.529300581293,696557821.5802394
2022-01-08,28883.673355459327,29215.273418058056,27840.202074981426,27989.59486540576,1030530025.52806
2022-01-09,27866.171829969964,27886.231590731004,27691.204445730225,27762.31876762279,383499452.5444568
2022-01-10,27756.60695997925,28501.027142186875,27736.05522064185,28440.017568623916,939685375.0442135
2022-01-11,28293.149769790616,28877.99668877047,28201.15579144401,28683.13359582183,1066121930.8418161
2022-01-12,28650.977579226554,28933.07184701471,28641.471239290797,28778.422391356664,459670917.45618373
2022-01-13,28896.147180382115,30796.78233151144,28396.827101235293,29933.96756334223,816177707.5325546
2022-01-14,29947.931942216568,30325.596525293164,28451.544263957792,28815.083157379475,243356176.01227483
2022-01-15,28859.703718429915,28976.132308307937,27571.865391444037,27732.48544076211,422929571.74010074
2022-01-16,27671.637639442077,28685.364649410865,27623.878858836564,28361.14390520483,504728086.76225865
2022-01-17,28447.59746255262,28546.304384118437,27874.39400569593,27904.36442977721,527258206.6311212
2022-01-18,27996.355960772788,28341.26660489155,27071.53925923975,27236.556754362744,659291255.7147557
2022-01-19,27246.803006445767,30253.846191206252,26881.084426090536,29265.157255453592,1257208458.6897774
2022-01-20,29261.3029925957,29884.770946547345,25232.50090512472,26378.31350789949,737005216.0853362
2022-01-21,26459.81598477416,26867.57609314398,25014.958489069206,25345.505929116745,597566256.8048159
2022-01-22,25268.171393134533,25472.447856376974,25238.019513770443,25387.07876751157,467388225.3201688
2022-01-23,25434.83579608497,25534.95460527892,24975.882712392427,25114.83070466708,611448530.6629434
2022-01-24,24922.87649499987,25013.390045386303,24039.549262728786,24052.693684416114,725882835.2958796
2022-01-25,24039.90561854311,24994.9514639335,23994.36258773884,24632.523504180117,732318827.085587
2022-01-26,24578.87043711517,25015.818727789978,24492.147028386087,24764.1212459995,421109128.1108907
2022-01-27,24861.69509089437,25010.432148027183,24668.691324876323,24794.5656965328,303510673.99578816
2022-01-28,24789.068866260568,25029.31765940133,24743.48428759014,24814.160958703505,274994758.5085207
2022-01-29,24754.976937750605,25671.504431621877,24547.10541764978,25356.70440697736,264882234.25681877
2022-01-30,25395.29349790239,25711.37871058171,23990.07916879145,24085.45299639835,1049776430.2486553
2022-01-31,24100.349067240943,24586.94386368688,23639.47754307418,23875.554506362758,294677467.7651502
2022-02-01,23907.78907631326,24005.335985135425,22964.638414612382,23391.425816473344,354612251.82895064
2022-02-02,23512.69299530611,23535.02270360667,23362.521311321903,23406.933107427823,284560661.9589542
2022-02-03,23340.67602488743,23409.962894513235,23339.741667802333,23401.732195170454,350346736.53755164
2022-02-04,23412.967059572376,23523.71157430719,22682.235008907923,23086.487112181734,888539554.830062
2022-02-05,22978.271840349153,24345.54916005687,21988.586813857903,23939.460782029313,157187338.5632873
2022-02-06,24065.33234300135,24094.071652716568,23911.26096632001,23917.342665795913,452524672.8332902
2022-02-07,23852.523968679703,24071.851372595112,22760.877354182026,23097.40833999633,946667868.4044714
2022-02-08,23155.351445773755,24091.41020329969,23098.06061344111,23945.33410822752,361620958.04523486
2022-02-09,24062.341300879103,25377.98244758765,24045.13641316006,24979.498187237645,410608501.1261484
2022-02-10,24954.132033546004,25490.691656871848,22147.078355558133,22729.520927686375,611284677.853883
2022-02-11,22689.17046012463,24001.03477512328,22386.660520527083,23949.85735537563,1453891147.9823542
2022-02-12,24012.391073141218,24074.057569292723,20560.4202907541,22505.14689302787,382672671.45502144
2022-02-13,22451.17436143892,22987.759936272512,22183.396287331594,22903.497575529775,325696185.08690137
2022-02-14,22938.166093576394,22975.770007400988,22663.23888027571,22766.905752533057,793418218.9101734
2022-02-15,22835.311321786132,22890.298142797437,22605.57512824727,22618.89894275677,1247082249.7467766
2022-02-16,22632.05736945484,22786.51383831531,20945.185373665474,20960.20383672625,414273672.3544588
2022-02-17,20965.954034954855,20991.907033033283,20814.633601112528,20843.467822860734,305571039.132089
2022-02-18,20815.12685496853,21279.51157888394,18612.2714598095,19251.10595405682,413082703.734286
2022-02-19,19258.712025892877,20124.418583462433,19176.77667622482,19368.777342590656,462273170.42647123
2022-02-20,19270.586373115908,20304.671663305548,18998.025159273126,20075.482882129778,1223774184.7558935
2022-02-21,20077.681905450758,20120.747855384205,19412.344588653996,19570.13897700687,492874259.6028372
2022-02-22,19533.843240034676,19550.042489364136,19414.49599257119,19440.617922843336,335519621.58622104
2022-02-23,19451.700500437135,19496.0389613281,19062.632495902613,19082.381478349304,1120581736.610075
2022-02-24,19069.41354019161,19275.442949674627,17843.091851796424,17975.925588856575,365286482.67657727
2022-02-25,18005.527577750516,18286.75927687001,17130.050607058074,17467.17897577421,456967592.008704
2022-02-26,17466.97890369417,18169.449245689564,17413.057739697775,18124.06574810786,1023844291.7697561
2022-02-27,18174.06695009403,18390.046201301164,17109.242952302746,17528.92206520577,826780428.9283097
2022-02-28,17534.75696917966,19284.118402101885,17411.631225541754,18626.052594715442,498458490.77096593
2022-03-01,18649.005854687908,19001.62042072493,18633.082737529163,18851.696703381418,630744291.2707843
2022-03-02,18776.062910383072,18963.585432273077,18077.45882029277,18106.271406698903,573502760.5989914
2022-03-03,18019.869592347623,20385.78509237531,17727.29229108884,19941.81710314328,1079148247.3609245
2022-03-04,19972.167336763763,20320.796979454095,19764.90783152708,20222.338306155125,730739189.3515489
2022-03-05,20340.945405521412,20371.405924275103,19946.256860391615,20044.58027416807,360787632.7392255
2022-03-06,20077.104242501708,20996.944268466763,19910.215720728487,20532.106075635915,338899601.6976006
2022-03-07,20492.266110940112,22427.158806296924,19887.84427011519,21565.46829404984,395649224.648831
2022-03-08,21540.025385649045,24109.496885605746,20212.283778940935,23275.67612354682,659970622.409536
2022-03-09,23298.18805479031,23355.458882401264,22426.958422582396,22587.04754025025,868726734.5414929
2022-03-10,22676.34800285658,22720.29164627696,20763.91111004565,21435.363802203305,426349140.90027744
2022-03-11,21351.82161654165,22187.228880204766,21223.82836503371,22182.216486152316,379428876.6568381
2022-03-12,22061.2085954763,22231.67282676373,20335.279894019834,21043.307586224415,746599049.5164571
2022-03-13,21180.922913209677,21916.59710512537,20876.6149043529,21710.995524453705,446595513.40984344
2022-03-14,21632.294706338584,24522.95134688672,21499.605671774647,23002.62117808988,464116434.9141912
2022-03-15,22986.592613952846,24027.003228503487,22232.24467548396,23912.21802185228,1113155997.6884985
2022-03-16,23869.818499436922,33864.62991778343,22857.60478066324,28748.787222725176,566927557.8321334
2022-03-17,28661.62912250948,30187.4758931295,28569.3101926615,29793.812050368262,688490837.2765474
2022-03-18,29769.594928752587,30277.703886102423,29698.825589776236,30185.92446790541,486154196.2105996
2022-03-19,30026.221135107306,31030.730253082133,30007.90292385155,30952.222713034484,451868622.7042003
2022-03-20,31033.626438503063,31619.336297784663,30969.574714547674,31318.243434327676,1210043803.9673643
2022-03-21,31479.739061275835,31757.922364141694,29689.861337840925,29899.38537954881,777199144.651314
2022-03-22,29926.394220131486,29970.93383165707,29161.443243224196,29460.903501464607,309377317.8409344
2022-03-23,29479.444690215212,30551.999437476174,28908.530966594313,30377.046094123325,262177793.67704767
2022-03-24,30158.939605513908,33081.020301182514,30128.17060568358,32112.695150944157,285056910.59671026
2022-03-25,31974.879740914763,33747.459108896786,31297.57324099332,33162.7291130655,578303516.9163485
2022-03-26,33287.33015682163,34064.659426253296,30152.140362490034,31049.059591379333,293930711.159637
2022-03-27,31174.275183938084,32513.513912265178,30454.644784408705,32183.124384049646,637201752.8127167
2022-03-28,32076.53315072314,32127.45541885972,31032.53843768575,31568.73232206706,410370073.2689344
2022-03-29,31536.507491019143,32199.38744951664,27743.638644301835,28745.016331959396,1173939429.9305604
2022-03-30,28688.54064345203,29626.612821948343,28644.79649235426,29379.20944591919,1530968844.7353678
2022-03-31,29343.186671700947,29527.395727621264,29335.84903832241,29348.95625517925,309639855.04464483
2022-04-01,29376.046131254952,29622.217997020114,28228.341750159,28352.48958360795,514623945.9512986
2022-04-02,28242.869779095538,28533.607796593347,28233.02727591117,28434.976069687764,397861112.9100587
2022-04-03,28403.880517022255,28492.482581713663,28314.306471512176,28333.379524085503,825345171.2856895
2022-04-04,28371.26417120254,28478.810771621975,26775.56204622218,27231.12030895199,996657063.1593106
2022-04-05,27285.100710688755,27532.580580861937,25012.4049841345,25793.49164339888,692301713.624624
2022-04-06,25960.769994477225,26083.294690900788,25903.95065842377,25949.091718994834,692896831.6727126
2022-04-07,26078.27855763959,27240.60418063184,25861.277313981405,27021.441956401388,637554377.1724411
2022-04-08,26893.72373350244,27841.975598015833,26875.86159743994,27651.103979380852,287928388.2335049
2022-04-10,27567.025792508877,27734.923248357987,26974.951209820752,27705.154128460308,441270886.0538811
2022-04-11,27781.246369559172,28262.94042786256,24577.80057607391,26066.021405628955,355636911.9573909
2022-04-12,25998.159226206662,26186.51516827452,24707.12105233192,24903.095802410353,800163647.8647993
2022-04-13,24819.4774479949,25005.279258747843,22269.20637062657,23444.442018907477,326612543.82444817
2022-04-14,23496.714761392475,25146.821073753486,22797.78493633376,24973.60510412235,947156693.4083852
2022-04-15,24941.635991457388,26301.664068069756,24622.36547156444,25768.83746427121,588472013.1535382
2022-04-16,25867.884483545324,26543.974151886956,25457.37308439369,26255.408374046743,1170458082.9783473
2022-04-17,26282.322675821462,26294.400699081132,26081.315743274594,26107.833504952483,211632592.06000105
2022-04-18,26215.38450914898,26217.89202379363,25531.93147129998,25620.83703571675,654291828.1109545
2022-04-19,25580.24322293977,28102.942311266568,24668.91641526596,27553.475956707134,897430956.1524659
2022-04-20,27650.248045411412,27711.158454690518,27233.668639960222,27247.24818512167,1030272386.4014385
2022-04-21,27283.495216371623,27295.130019824956,26233.947934100495,26327.33172459069,421108627.13016975
2022-04-22,26195.660195821136,26891.874036506197,25817.334517031624,26891.578505368958,237019435.15353644
2022-04-23,26830.399821208768,28335.612985964046,26432.784032300948,28003.07291507422,775826193.3013256
2022-04-24,27979.151507212548,28640.99235539065,27059.290662151154,27085.96501829275,1049086083.7995918
2022-04-25,27066.974705466186,27670.522149774148,25333.63269995607,25862.197073356525,847324194.1719855
2022-04-26,25753.665074375556,26632.733091589842,25742.328382498217,26204.603772469585,636329400.8257927
2022-04-27,26137.321333237316,27231.858734602232,25369.97148035468,27223.375276518404,1200391209.8439827
2022-04-28,27200.58505198419,27387.58184791149,22888.587142441538,25024.666047585935,1736255875.4029987
2022-04-29,24977.777688216564,27382.046500462904,24974.625377055825,26599.289351082116,970677646.8732048
2022-04-30,26628.4786115191,26798.453791459015,25687.12289928308,25797.92534229865,430059435.742611
2022-05-01,25997.925582302996,30126.612963494037,25915.84991425109,28676.097234248133,437887493.9451434
2022-05-02,28771.23565424554,30579.567879528317,25628.44219817507,25898.296342030964,493735148.93485135
2022-05-03,25864.607962584047,26975.066095496935,25515.51032948722,26835.69839561179,614846656.7712666
2022-05-04,26779.11737178477,26842.75979304185,25572.798228680578,25990.312378868806,828714306.7576908
2022-05-05,26000.651142349394,28198.813961825545,25744.003215134726,27136.485544051087,402364635.287155
2022-05-06,27124.49570077577,27947.227128153147,26981.72113150213,27785.713454838267,421895084.5845956
2022-05-07,27867.46459506118,28846.86653674286,27269.009410244835,28799.31485992294,641466834.0912175
2022-05-08,28709.96390518443,29725.628368756672,28403.721107596128,29321.793548334434,880675647.0202458
2022-05-09,29296.22581452407,29620.621148603335,28539.11432865676,28583.8100385557,783794811.7031304
2022-05-10,28562.413316693914,28573.115191146437,27962.724501294422,28127.106967142292,866524298.7075754
2022-05-11,28055.868524916474,28217.217814585907,27912.128825348726,28175.819889151182,648314678.430758
2022-05-12,28087.10791087847,30816.325281372057,27862.417832401767,29460.962382301397,708721445.473943
2022-05-13,29554.958278269907,33917.68431201099,28312.325633704688,31438.020806425277,862400958.7858123
2022-05-14,31452.982553025355,31501.59568186959,30393.388017988833,30445.347916095558,878887917.8057746
2022-05-15,30416.389115796206,30471.97580130854,29318.063105330733,29745.651012094313,1189261412.1127787
2022-05-16,29807.95805803515,29841.93062925167,28928.776829995357,29371.000245998875,625376376.4099604
2022-05-17,29234.68983972591,30035.93737472581,28397.876425197068,28669.404858205533,258851279.1017765
2022-05-18,28571.370068271688,28632.245735373945,27174.962640286325,27291.95934539451,1080198013.0237613
2022-05-19,27376.347766608513,27609.945258175605,27274.97561145967,27436.390614072287,445135892.1877441
2022-05-20,27390.885046650106,29386.144876329687,26947.813605622545,29151.41088220238,400508220.55061626
2022-05-21,29289.643526313466,30442.325812098312,29240.835809306813,30334.556271226877,349724621.7532887
2022-05-22,30444.380384287215,31050.71604872166,30443.94269004564,30821.35815322882,1033819410.8331567
2022-05-23,30821.323079360773,30894.89595100004,28915.806752924567,29208.866494619662,757045902.9953206
2022-05-24,29168.030746612025,29321.573323755714,28404.780421793916,28443.99485283278,289740983.5745839
2022-05-25,28480.233019048486,29210.15716210611,28434.45865022097,28922.916311891408,636864813.7338202
2022-05-26,29034.277042650672,29053.535225148833,27429.059853704843,27867.1354703259,1099717016.0294127
2022-05-27,27866.98301618748,29507.32239201012,26944.256860537313,29189.180679938832,402940814.1790299
2022-05-28,29215.85202511418,29683.10638294718,29023.327144439743,29567.13094926146,549461771.2744234
2022-05-29,29547.696595307523,30039.115964178265,28055.327866180072,28125.41212207897,1045483895.6519552
2022-05-30,28071.2394363235,28181.599566207264,27876.472647367442,27906.7625138792,1137967578.2899797
2022-05-31,27798.765897779405,27880.738682362942,27790.973076912156,27877.802403366277,1186059953.8858504
2022-06-01,27828.080605458486,28016.631444904768,27746.35367427356,27888.245013244737,371523641.07184416
2022-06-02,27819.609755371603,28135.660411617497,27763.65010169795,28122.18784064681,509660649.6485018
2022-06-03,28277.563314257448,31136.36466922948,28157.36590476012,30982.612488990402,393413436.88341236
2022-06-04,31006.348346706698,31740.84067650076,27934.445118605938,28095.724134144024,715255657.3038148
2022-06-05,28117.394211579598,30484.84065480184,27965.84219957505,29586.043982141982,600485136.6587658
2022-06-06,29375.246460617178,31124.311794641613,28854.54002020068,30921.48880020153,456855272.9272882
2022-06-07,31131.639897945726,32151.525520024792,30205.880242262465,30270.31292616275,1287990554.1151905
2022-06-08,30223.60759392623,30874.500967039465,30167.220000055735,30703.227700421394,384811073.93516666
2022-06-09,30691.146783445416,30935.30233577426,30622.19721911314,30812.83302851618,682234008.8524761
2022-06-10,30760.74932004756,32566.161613177628,28082.832985561305,28865.27013062084,1456497379.8460946
2022-06-11,28802.011898970704,29322.920476788837,26622.303654376272,27472.375264757407,681377201.9518795
2022-06-12,27503.538965880063,30167.653827260558,27186.27754583978,29051.4778010263,800429644.9032389
2022-06-13,29091.782314465698,29469.42260534122,25475.82338834058,26633.662048533297,662969372.7353708
2022-06-14,26542.56625857733,27128.548502263566,26476.99848056202,27125.56275693846,656729409.3497574
2022-06-15,27030.657251708115,27454.740247968526,25189.077869444725,25760.47348436101,693935156.952634
2022-06-16,25755.314207241932,26409.09969743798,21764.819293172655,23236.874045708162,1646948807.6972663
2022-06-17,23258.58267553734,24048.112239289898,23125.90213662803,23874.38787549669,1248036999.8764515
2022-06-18,23835.79939287046,23868.784912368945,23530.874484088967,23602.908045310847,264118539.4808862
2022-06-19,23606.245147221573,24265.955893002363,23550.049722446554,24163.13367707135,980555561.9152071
2022-06-20,24103.69311755091,24159.84563357728,24058.941205219588,24090.49400358244,522043159.404612
2022-06-21,24132.762976052276,24186.2558297756,23260.42113392841,23428.167846837434,632683800.4301854
2022-06-22,23476.43872686969,24172.766418914383,21093.805289305954,21735.349546993173,504961743.2365498
2022-06-23,21751.926078388267,21785.260748137243,21179.163094107793,21287.920146779732,498183351.8541098
2022-06-24,21272.48246953316,21527.348976990343,19754.903799341468,20037.12172953417,1811399273.055127
2022-06-25,19966.951915573067,20979.82556822992,19764.467176167414,20574.51108516522,204750344.722717
2022-06-26,20528.22610278042,20595.835229241216,20411.951792488348,20434.09323645173,635380225.4564825
2022-06-27,20439.16712457546,20712.168879175864,18994.57147442875,19463.944539266235,1100026061.5842175
2022-06-28,19435.33586000002,19956.565873024214,17890.563774011123,18245.182767690225,603683960.7863693
2022-06-29,18312.189497276053,18334.11876874203,18208.592490430743,18275.620499922403,318759926.61416495
2022-06-30,18222.281822585202,18431.844169769065,17313.845861299385,17579.996685832128,474047336.97707176
2022-07-01,17539.488220923122,18349.62660600234,16483.621556567698,18303.779301268303,578542661.3685452
2022-07-02,18313.09048795263,18807.8251338209,18280.459433162432,18521.898611536377,813891089.2996814
2022-07-03,18484.663464797035,18553.498153376575,17974.231527333504,18048.190776295658,547351029.889062
2022-07-04,17990.23343217466,18019.388264096568,17982.364609467328,17998.018521862265,752787968.7031258
2022-07-05,17944.868314712756,18511.51936522865,17885.97044232223,18367.444413004006,598813054.1214529
2022-07-06,18360.164627984963,18497.806914440975,18069.816218809705,18110.970360074596,406647341.13603544
2022-07-07,18125.92472302686,18353.922237646886,17817.200597568797,18252.360215699966,514254352.4359851
2022-07-08,18285.47735769456,18392.22655029831,17314.394708755433,17474.57980074411,464300864.30083704
2022-07-09,17414.99327706577,17497.88279838327,17413.182770170704,17455.529209158172,285407210.2168842
2022-07-10,17487.75734674381,17689.264700216572,17484.550295310146,17583.567242218396,721861919.5922531
2022-07-11,17551.40702732409,18496.610962103223,15284.189372550502,15645.987414394034,455703361.61955446
2022-07-12,15606.3631806259,15838.305620903988,15300.170713847794,15347.487855555053,347254403.11691964
2022-07-13,15243.727580085548,15857.672677087392,15206.91333325609,15842.450077228328,604084635.7685375
2022-07-14,15842.536660387948,15842.6167354042,15822.839619030567,15824.240939368352,302033578.323301
2022-07-15,15747.623664169172,15795.917513844171,14900.29163494838,15017.302098701808,596184167.2961526
2022-07-16,15085.602634432908,15471.877919303852,13250.83347893071,14139.286866910032,767805185.2194744
2022-07-17,14111.019107875585,14681.890288075658,13979.171283892638,14666.797586309096,531677092.1198485
2022-07-18,14687.629068616088,14899.091831073947,14105.14245456695,14342.283855916212,723579133.7381872
2022-07-19,14425.186978355909,14536.454288555511,14028.824883968802,14072.084466210614,802240039.3438541
2022-07-20,14031.264930245059,14123.076609716356,12902.907246689481,13347.361950473487,328242310.2248258
2022-07-21,13412.261553254079,14128.077107693472,13382.53705646871,13955.754761547876,936074459.6586308
2022-07-22,13937.085316040713,14076.41106737671,13367.491929346354,13388.084968528698,622672645.6800828
2022-07-23,13446.221953917586,13633.280652292176,13422.498381208008,13591.778503715002,551001797.7186401
2022-07-24,13602.799423816397,14330.513694773035,13356.64265078461,14158.509862603607,588209342.3129756
2022-07-25,14207.95105435642,14261.518206864017,13622.525657585396,13632.891320451961,822381295.931946
2022-07-26,13670.965109060025,13708.459716259871,12101.165171050288,12945.83545479019,918814341.7067224
2022-07-27,12955.39369117964,13045.404543325003,12810.43968523759,12934.518865900649,667076433.0974848
2022-07-28,12885.465843617578,14224.936399978835,12760.63935743966,14048.455306546672,387052773.2313256
2022-07-29,13995.165783529403,15120.243627718035,13947.516981372451,14938.459451500818,189041853.13089478
2022-07-30,14937.620770831662,16412.59892311194,14434.474720403685,16343.328593268601,650107061.7742186
2022-07-31,16320.640525766701,16359.053946690565,15959.770110623342,16031.637291660214,241605198.73287737
2022-08-01,16149.47879541616,16370.336821507955,15292.435603625092,15301.305919748438,375009578.9938053
2022-08-02,15347.949020340871,15419.949210949953,14901.998515444604,15049.038236013404,539481921.8534971
2022-08-03,15036.273862013191,15041.531317516236,14681.441530811448,14763.597975223012,653742390.3363507
2022-08-04,14735.016589177205,14785.871530494878,14687.049701225915,14738.715148343228,555098846.6315459
2022-08-05,14820.356663568971,14898.471501080834,14365.54201340148,14379.028446318494,599514704.9682467
2022-08-06,14316.906871018757,14674.000969033323,12289.91619450029,12502.070419552692,374104840.77883524
2022-08-07,12506.171433246369,12883.257843468367,11674.258783226998,12009.97690702433,430617912.69078505
2022-08-08,11965.09981636234,12426.478295635403,11935.869079566251,12291.058674155796,739521018.7856138
2022-08-09,12313.252347935835,12317.097367098528,12228.562468373586,12230.359597826762,325195031.78652376
2022-08-10,12251.945196679446,12785.85773352724,12089.169323697646,12776.457716306562,1467471568.2251732
2022-08-11,12802.877614980256,13097.982361334565,12779.623792660128,13069.948979250235,586487629.3124126
2022-08-12,13098.122961534424,13218.866388695764,12665.752312745502,12738.733328239237,489532987.8801477
2022-08-13,12699.769439691887,12847.21190959846,12629.487493012852,12757.804753551734,623142753.5177159
2022-08-14,12710.324893181216,14164.015182387102,12522.262779412406,13406.180999325206,593287122.6485704
2022-08-15,13398.611795549636,13585.55939462465,12382.358158091878,12670.969984710455,2281144109.656083
2022-08-16,12650.897312034227,12872.413376643066,11486.391887667753,11580.015579848485,811420880.872307
2022-08-17,11609.938579639012,11934.979088037242,11602.282325680098,11837.059962383679,306336512.32837397
2022-08-18,11827.443891672201,12133.148799228784,10997.690428173268,11128.456968561883,849200966.5937487
2022-08-19,11016.405355399102,11102.2645500569,10989.6725036145,11067.989178583945,831551057.2535958
2022-08-20,11105.69548091321,11187.997890855804,10866.704614124053,10951.056625973206,1341927011.5866032
2022-08-21,10986.228912889583,11750.447072718283,10898.904265558362,11288.841669367965,244709650.65188038
2022-08-22,11230.287684080215,11330.72359442904,11220.310360041783,11329.717019001504,318100301.7514697
2022-08-23,11338.81091814509,11647.502963521832,10820.465414424138,10823.918487283036,740626409.1437112
2022-08-24,10777.469361397343,11045.214433667315,10748.317395987711,10959.24987543763,1052951133.6019464
2022-08-25,10965.822775522109,12280.859148699936,10962.232485006585,11920.4507317885,950812113.5857772
2022-08-26,11912.285657123817,11965.441092769555,10988.350020473741,11451.62625416575,823623774.9657556
2022-08-27,11397.027176615093,11484.677206074784,11136.85979879495,11144.407048640398,731834441.5854555
2022-08-28,11182.297605482723,11482.496523778515,11181.986609467463,11400.859788293561,855226952.8932805
2022-08-29,11412.177210850983,11427.642514658779,10727.13081945849,10783.14145559668,963695805.3049382
2022-08-30,10780.182104868329,10853.576077910864,10299.044638769674,10351.390844211333,652956260.2309184
2022-08-31,10341.90364514914,10397.832482377265,10331.045748610073,10395.510860895021,1002567977.6642153
2022-09-01,10378.196643887411,10388.305523816618,10217.253159816792,10292.546203614766,552203684.7208351
2022-09-02,10296.024200043235,10432.412618019605,9554.033078464832,9972.470391959718,1664628197.357876
2022-09-03,10000.681170122038,10092.947847004323,8883.127232725565,9257.103911880129,370505744.75377244
2022-09-04,9301.352168715424,9305.660760371942,8745.655759050267,8825.484338220496,611658750.4663103
2022-09-05,8820.59299137693,9119.34494331345,8677.288350485607,9078.754619273708,709945455.886602
2022-09-06,9090.563267459971,9505.105350854867,9076.012147902306,9426.343195547297,223228873.9735117
2022-09-07,9439.679452308692,9760.283181665513,8460.29773849066,8712.508426510785,602968319.4579871
2022-09-08,8712.010204686729,8720.338096777577,8647.852243516052,8690.048697430626,561086006.0102457
2022-09-09,8673.978180997978,10706.951172426625,8607.571386555885,9490.476754934492,753018369.5523784
2022-09-10,9490.61421385797,10046.29833346809,9425.760930246399,9987.386328359113,508261367.58309704
2022-09-11,10075.519580080347,10857.637837106906,9975.116841238043,10305.43449054973,2587499192.0989423
2022-09-12,10319.840503198553,10752.683577018008,10288.541465069544,10614.119756524178,356639636.88387233
2022-09-13,10597.08615079155,10625.44049516446,10585.123347235398,10585.647647594255,642317740.6465756
2022-09-14,10590.289318645291,10680.411684301589,10462.226096442357,10470.908712638615,613420880.8948613
2022-09-15,10437.292149572242,10580.125674595112,10407.643444787436,10447.131720476435,1174832588.54246
2022-09-16,10453.508298938257,11448.300642131608,10361.920273588668,10927.8624070768,281886257.9081031
2022-09-17,10927.43613385892,10933.812120101564,10736.276855120608,10832.293941916456,404393517.18104964
2022-09-18,10838.71160311204,10891.469353555165,10792.515873333183,10797.682529597156,355902281.54660565
2022-09-19,10807.73307932303,10842.038107963905,9913.882238750097,10165.175146416574,674609923.8280795
2022-09-20,10166.382773315258,10205.047618115954,10162.195383071603,10202.801150783434,455962078.18316174
2022-09-21,10209.380845060134,10247.901352218869,9944.711890057837,10007.085796945628,781840363.111807
2022-09-22,10042.010413207965,10231.818401886247,10039.74740926165,10173.210697988488,528166375.1775125
2022-09-23,10156.524736407506,10241.940193646222,9750.62130024594,9915.842151817558,198819483.64454612
2022-09-24,9849.225868863947,9871.959254571577,9783.287553198528,9813.592895889165,1178299257.9552445
2022-09-25,9789.59871031892,10282.617488402428,9699.468278176235,10157.830063314068,263225571.1839454
2022-09-26,10152.530558947838,10207.254882772833,10056.593364546465,10079.934482645876,752481617.6666749
2022-09-27,10061.57614653335,10726.3167253905,10035.669554421953,10610.064551740763,615497815.3135092
2022-09-28,10596.796744610205,11067.754095638156,9824.596750499157,10095.926186680575,643147361.2528359
2022-09-29,10119.82634738491,11166.067096677367,10022.181017624807,10766.949232296785,449065272.3716289
2022-09-30,10777.529146835559,11109.355109526881,10749.221993974797,10957.994048168011,741763200.72632
2022-10-01,10956.248246845162,11165.028232345487,10564.483567261332,10678.689166687362,663196522.0963613
2022-10-02,10631.082226730337,10758.843086372106,10628.362592874862,10725.227040285958,1233135569.6963305
2022-10-03,10753.477665009648,10767.67707055846,10315.60126164669,10322.16062340532,1189160258.951382
2022-10-04,10318.436971881456,10364.597076353704,10306.897844255183,10354.47587050985,283791648.1436421
2022-10-05,10398.121156223728,10423.777439866615,10109.447298631987,10163.942561934356,626780856.884896
2022-10-06,10197.062025618097,11308.32388327964,10164.529473865226,10566.339951380523,286816970.221046
2022-10-07,10548.42378151751,10662.716906167498,9860.594874476059,10011.261431189658,533436481.3378046
2022-10-08,10034.087704670994,10639.02582776603,9901.953094954659,10498.751727530112,560212029.7446254
2022-10-09,10504.930725498343,12369.752477260488,10313.638716916728,11265.703902448273,608227825.86828
2022-10-10,11211.966720256529,11503.927922938652,11199.537114989746,11449.241396751013,780674271.5986334
2022-10-11,11464.509282791028,13698.353288112621,11251.200780267476,12343.95102254193,350914021.6479204
2022-10-12,12383.89501256459,12487.11713117477,11417.3559905747,12144.5015475939,373019580.68576103
2022-10-13,12129.627839465977,12148.641469680933,11658.120082767546,11783.939876724933,380779468.4529183
2022-10-14,11837.91534239572,11841.399358265206,9601.866359596206,10380.515932345046,575813645.1355666
2022-10-15,10345.755822465031,11050.865864848902,10271.035042988799,10885.26518455043,299095140.1467241
2022-10-16,10811.994674876143,11203.380657793727,10634.643148977104,11138.113120653508,602155598.9475473
2022-10-17,11076.733778279628,12165.766389900926,11030.531970097549,12006.566390091992,702677370.4766089
2022-10-18,11982.746484451807,12089.90717345908,11930.488065317175,12062.495762658806,809433736.0188141
2022-10-19,12072.50636517831,12304.087159170855,12011.393103118253,12256.551456289912,309375924.17053735
2022-10-20,12265.440099965634,12267.312758435468,11673.057814860338,11688.214101482872,1868589505.1618605
2022-10-21,11716.5226460181,11843.657942589483,11534.35484642487,11545.224773965707,277933505.55904555
2022-10-22,11559.17227623644,12401.214208417847,11395.649415060801,12193.776191412684,697989251.1516932
2022-10-23,12265.879552244342,12657.996300232902,12154.55614578296,12649.932284779734,383376147.2314594
2022-10-24,12597.526975072711,12935.608572706247,12569.36035413559,12921.23736488392,1205286894.3093567
2022-10-25,12935.634989006548,12950.669699271268,12208.646601035021,12371.627779751258,1095118772.5995786
2022-10-26,12357.517928898711,13257.033078268445,12210.938259822122,13205.492770339066,755640345.2550931
2022-10-27,13229.398246243212,14605.773191180217,12859.06304104106,14219.897577633177,312771477.86270446
2022-10-28,14178.745509065295,14397.633686641131,14050.7838123963,14380.079358722729,900906188.909238
2022-10-29,14348.086322061443,14720.408322623854,14280.04989584078,14501.831469566769,341908738.5605476
2022-10-30,14564.249132433282,14606.475888594747,14533.200760259593,14553.388850639301,533154978.3867892
2022-10-31,14541.88236840824,14682.23414220848,13555.109192947191,13772.57150237316,471056069.6087174
2022-11-01,13760.149310841,13930.489490359281,13057.234057779648,13304.38496718607,380780863.8363329
2022-11-02,13305.952384840755,13798.99522201339,13252.070472713445,13732.721318821934,503074468.25956845
2022-11-03,13762.248299866427,13778.637011868026,13520.215904298388,13651.838434843445,470548670.81491995
2022-11-04,13707.24531262248,13710.290785617633,12707.125756040788,12812.70702643156,182688498.8145981
2022-11-05,12865.531610236083,12930.391678064558,12595.097203608822,12636.411944640688,737190834.9147975
2022-11-06,12720.847512986904,13969.51497737975,12030.873877597669,13883.551827081857,549718072.1627094
2022-11-07,13836.899799408044,14306.064615077854,13826.873109339876,14251.188339907221,345753720.2930068
2022-11-08,14233.044364540256,14323.37326177569,13841.471248139813,13855.41291846821,768538491.7490578
2022-11-09,13914.38702641574,14005.830663796241,13343.349543724751,13688.243471824198,358864849.16719586
2022-11-10,13684.377267877546,13800.954164965317,11649.261009627351,12621.743017782244,638537017.4952414
2022-11-11,12604.057149885823,12628.348751663523,11964.121192017223,12454.277595582873,197510351.39537823
2022-11-12,12449.561442094991,13190.891771845787,12365.450239599348,13173.88962317726,445407890.77295613
2022-11-13,13166.175389334108,13640.825448775784,13092.6521907116,13632.905657415877,910589956.8323325
2022-11-14,13612.895193302144,13758.284710538745,13497.31688512809,13717.53987206639,1033954399.7770463
2022-11-15,13684.67754147353,13793.907740111928,12813.914561005548,13344.337968872122,761440163.5120224
2022-11-16,13327.212700098615,13853.735783467895,13301.77972451494,13638.397734140279,443796838.02386224
2022-11-17,13616.130185343014,13708.52496183304,13547.221716311955,13701.704365182779,739059222.9613259
2022-11-18,13688.605308857297,14124.444854081245,13635.931086362269,13978.83802252422,551539878.7371049
2022-11-19,13991.32182586784,14050.858989240141,13987.468875544326,14012.66450398722,561422066.0486157
2022-11-20,13955.84132725335,13971.036653044468,13084.84807995861,13214.585185929687,476296952.35996616
2022-11-21,13206.842543749088,14650.254657622876,12806.761442638097,14492.822712535235,1295675310.8104105
2022-11-22,14484.479696181303,14720.697661505086,14452.938603071352,14647.556365172277,397272397.3094165
2022-11-23,14661.862731059608,15134.68633621083,14649.961124061409,15089.65651783286,507980794.0404548
2022-11-24,15117.13775849756,15234.901472715952,13701.976754267302,13838.580062918143,929939644.5623643
2022-11-25,13771.59572128266,14319.495555532192,12405.160522250568,12489.943783635355,992116195.6897334
2022-11-26,12515.754894254716,12557.454128564259,12179.65404500639,12235.617597398776,530036015.48799473
2022-11-27,12209.439669777537,13358.076117896182,11710.302834558102,13298.99036987739,294507915.6549844
2022-11-28,13235.732119680975,13236.139113508672,12473.020893431849,12753.459294211763,444094134.61436635
2022-11-29,12721.612222439442,12927.488892663072,10220.508852351162,10357.536755250121,886048982.2767285
2022-11-30,10309.713516905194,10335.270164096997,10221.322431218123,10244.54146872383,823500603.1498148
2022-12-01,10232.631698577296,11758.154605589936,10230.726978874998,11404.50108929641,782513864.5638113
2022-12-02,11421.22697094685,11564.58544801501,11389.268880442824,11548.603646354972,382312268.43677694
2022-12-03,11572.991361113547,11632.63635366046,11258.143425276368,11296.598711112027,498236209.6230398
2022-12-04,11274.304912465344,11278.125624588247,11142.096288860645,11217.763633165174,469123997.22789574
2022-12-05,11227.336782689372,11342.432901417906,11116.192151615565,11339.628604031408,418504705.9474555
2022-12-01,11307.536890307529,11325.369017571034,11011.430469828028,11159.523031944245,304629636.87779766
2022-12-02,11134.538578161188,11597.16641928662,10836.568332818148,11422.680202420419,1161744775.5794618
2022-12-03,11413.603438980583,11721.836507989512,11404.802154143952,11507.124286001726,560103779.6860687
2022-12-04,11524.363362775,11540.05233069364,11357.675786405249,11373.707088265965,545162986.1794834
2022-12-05,11388.743027794557,11729.093388389445,11293.05739822903,11479.199557257474,421637910.5306088
2022-12-06,11494.608047901107,11531.556390201364,10937.048514813676,11015.363921551298,618676798.9352933
2022-12-07,11000.601194102643,11060.240377891303,10669.014521571069,10839.388481042606,285716801.01327413
2022-12-08,10874.241646268247,11094.263402647915,10271.451361715051,10355.03757662801,739513179.0982789
2022-12-09,10342.955274179527,10344.517183591746,9995.830532594378,10014.261990729654,785818883.1903982
2022-12-10,10039.313175275356,10238.53757335456,10035.49932544061,10200.821898372698,567623637.1695147
2022-12-11,10170.199254862744,10217.63196285807,9675.403635105444,9923.711759254958,595864749.1355898
2022-12-12,9932.098543916865,9932.285428864403,9926.325457278228,9927.705707686053,663167885.9699472
2022-12-13,9908.682565127057,10713.52219062237,9906.74871908339,10512.116552964799,218307207.08806485
2022-12-14,10527.088097446067,10681.885778201715,10513.479856687436,10626.81307956407,591906510.5818956
2022-12-15,10650.471360758705,10710.9742502146,10239.222164425664,10339.231332780482,723653412.6769257
2022-12-16,10325.043930971588,10759.103969089534,10190.326862851334,10541.59065542825,988547642.4654578
2022-12-17,10520.076495385245,10962.509020320209,10143.525910254239,10899.926458339572,536758436.99486446
2022-12-18,10888.079975812092,11086.7829782947,10881.39182881192,11038.30230885995,343382979.6393789
2022-12-19,11012.902733517172,11784.144407908816,10952.111628963723,11659.507273414525,609764165.0067309
2022-12-20,11613.906357024594,12462.190168719759,11050.470568578005,12156.206192992093,523328972.0256958
2022-12-21,12213.925330210901,14046.118007148534,10810.895118554827,13270.929127627218,765002343.3868132
2022-12-22,13176.084707713155,13262.32847320503,12193.204605453448,12544.330319032879,1678293234.0753164
2022-12-23,12536.836202871478,12565.9249934643,12511.869020353792,12563.15653491045,742629541.8313986
2022-12-24,12537.410237356251,12689.541003740012,11530.591018164889,11993.828624814196,636872838.8169357
2022-12-25,12016.05432910026,12291.06889180249,11995.527761595595,12288.110437243888,355700546.8748124
2022-12-26,12276.437940425372,12302.349926466846,11710.089822487835,11757.547427744663,721203188.8523483
2022-12-27,11723.983663666544,11768.536220595204,11551.29051737717,11628.576256808437,221137962.96898982
2022-12-28,11613.217391811742,11672.405808108806,11238.658641445256,11284.379375229386,986165378.8705643
2022-12-29,11320.657872723566,11498.485245547306,11301.828739999466,11425.909887818018,372326489.25110435
2022-12-30,11423.391799634712,12735.872812690397,10848.03698601291,12487.741804600757,1833948041.5608413
2022-12-31,12417.456275583905,12665.542855276863,12406.858070397808,12549.684522346206,536075913.70705587
2023-01-01,12542.43967732446,12666.759999577815,12512.413062811269,12625.98248990811,1091568134.6927025
2023-01-02,12558.358403306123,12861.809725843674,12520.26300978878,12742.190307844801,221507529.90430185
2023-01-03,12701.886213917467,12857.68689181156,12687.92790924445,12819.340266065743,665327568.9547564
2023-01-04,12778.829073048553,12854.719521462433,12065.30268573747,12331.834284319295,600644314.263223
2023-01-05,12379.72687614659,12394.489001302742,12027.679275500888,12140.727584925231,372104443.3524077
2023-01-06,12031.97629607854,12093.191794437398,11793.313316574879,11814.268075002416,407295098.5257485
2023-01-07,11803.901511010255,11929.249220452624,11801.40779473999,11903.580515573756,606547449.719194
2023-01-08,11929.829134940977,11939.46216853423,11863.352283675815,11866.443903434933,530101111.6333345
2023-01-09,11857.421478842703,11868.929319185592,11761.191726432138,11780.317720767014,373278183.1745841
2023-01-10,11748.020926636747,12164.265482539746,11716.310289253144,12045.78164521072,245715887.55308014
2023-01-11,12094.135091968714,12513.596660965204,11990.848188351247,12384.04097502904,279397679.3384034
2023-01-12,12365.365314503777,12365.653543382678,12324.551850271939,12331.239187799312,853109909.6271282
2023-01-13,12353.223770863257,12903.96317550166,12349.59735531269,12605.199391179049,357635486.0962138
2023-01-14,12574.793786116923,12762.129898855914,12572.607963746916,12752.922770054232,456476931.05367744
2023-01-15,12756.402918813415,13076.36745005494,12677.472929547814,12969.389859279425,605528894.7047346
2023-01-16,12944.193781713884,13090.985051688478,12394.76451557009,12574.4074986174,923602867.3894964
2023-01-17,12618.10750123327,12646.235134432496,12487.912693795452,12496.271165956403,430587464.14509946
2023-01-18,12480.169981361922,12508.764718581317,11534.170671735314,11984.703933213461,636231037.069542
2023-01-19,12018.099127983462,12023.254756543683,11943.692780459107,11981.094859260591,425991066.64948255
2023-01-20,11985.98708320496,11986.1964697431,11657.919311178044,11691.941814688798,412963465.85373527
2023-01-21,11685.526137661222,11846.500301621447,11498.371334002206,11536.400722316312,949923119.777772
2023-01-22,11582.983607181395,12182.852153068598,11210.672869945982,12120.853563909608,331479865.5181563
2023-01-23,12089.988616226545,12224.57010326133,12084.966956095555,12144.87467193244,563361734.2061445
2023-01-24,12105.144612907454,12267.171385312027,11444.851272591399,11605.111125226264,548442657.1949202
2023-01-25,11622.275319757828,11694.572397928228,11554.359262026019,11564.763912994456,611116106.6040244
2023-01-26,11639.631573032897,11742.973421223927,11610.128571722436,11642.776451229925,320799147.77111346
2023-01-27,11651.58274260315,11695.731430853808,11356.590168003613,11399.999593050441,248837202.19862846
2023-01-28,11420.37442356598,11756.42162741478,11068.985470628093,11755.29441580198,639799980.3298893
2023-01-29,11752.877128145245,11871.23628023646,11249.996558557863,11256.031008852893,1450730164.2830062
2023-01-30,11253.194974867656,11989.169465876805,11034.513783171395,11824.146289305072,1159181366.5767794
2023-01-31,11849.551636400207,12218.461544237038,11698.354997445185,12214.875329742597,343058425.4001288
2023-02-01,12227.417654268276,12914.245803666976,12130.537093896206,12612.461669974497,599134168.9119899
2023-02-02,12603.186848191504,12612.424466333057,12580.493663055931,12583.604099440967,381434373.9878834
2023-02-03,12546.991388227652,12662.51434053355,11714.749288135301,12096.234556048505,599878822.6791131
2023-02-04,12138.550677693647,12142.280835016189,12121.262624600857,12121.370455995595,751729390.9182268
2023-02-05,12118.843408340374,12445.204510525338,12106.769447026603,12441.787048002396,792323887.8919944
2023-02-06,12439.037131474772,12484.113818080164,12375.349381709426,12426.73128455433,624218349.5827398
2023-02-07,12417.387345008932,13252.128286698755,12314.15475904215,13016.971812156899,1076004307.6426547
2023-02-08,13026.022642720605,13030.28009302286,12774.43726148926,12840.658190631522,255161612.64600873
2023-02-09,12810.054002374502,12810.169533804818,12790.257005647332,12790.549582985019,1673891627.8111134
2023-02-10,12833.371888889422,12871.281345135105,12494.566782262666,12565.603300045983,797876889.9938909
2023-02-11,12519.351655616694,13173.731896250014,12264.784381428104,12945.40051599915,391465936.341964
2023-02-12,12887.02502277583,12901.035499853422,12496.157664554856,12591.934301073024,318015278.04488957
2023-02-13,12568.40114510214,13487.58645741494,12382.551286075917,13089.03957648901,308886873.44490176
2023-02-14,13061.669394212498,13069.544168373359,12259.2691814956,12513.022572902919,458080251.45069975
2023-02-15,12501.07032400096,13386.321697222647,12476.015631118245,13025.6922743062,1583601795.6017153
2023-02-16,12999.656025615886,13490.125728736675,12752.620710405563,13462.327493117125,581084739.3677063
2023-02-17,13416.039358308317,13583.891704133293,11463.64652404551,12532.035957737979,666038757.3701526
2023-02-18,12512.800778714372,13534.184023526397,12215.350349895154,13153.055942380455,287448550.5339712
2023-02-19,13159.497400274548,13164.160091927282,13115.200492899316,13139.85513625031,282798859.5471198
2023-02-20,13164.99670140846,13195.389736462552,11929.221320054694,12581.739483274732,704985555.5909413
2023-02-21,12585.248453933624,13446.481441126858,11844.18606362145,13368.987018448288,426218082.9903735
2023-02-22,13338.492978148843,13551.15756195166,13325.760951918273,13496.84904603784,328324871.42196196
2023-02-23,13532.474594737352,13717.70327571397,12687.976022434437,13133.499519326926,611978538.0904235
2023-02-24,13164.60773749379,13949.911352534275,13024.340479444467,13502.595456403144,1113504213.240084
2023-02-25,13440.887434087173,13515.42020776198,13406.636880553695,13414.34253056479,449878053.32264555
2023-02-26,13352.328810797138,13470.41533404933,12864.280769531455,12967.94158184215,525469161.78272474
2023-02-27,12979.303961094818,12982.81991272288,12259.909061368979,12273.551806703283,437073504.5639205
2023-02-28,12270.761479898276,13156.166859620085,12035.59057047525,12928.834893104815,305819111.55859315
2023-03-01,12913.057182828117,13074.563197826326,12847.226169541087,13036.195681108713,592902657.524459
2023-03-02,12990.563455779618,13047.81082102331,12988.827885104354,13047.490100462048,180265457.8067799
2023-03-03,13097.697303242549,13210.243115454385,13047.652713258494,13131.695110247982,494633087.7728247
2023-03-04,13077.611899962001,13215.886980896408,12879.36135401904,13027.193489200703,677940419.7578692
2023-03-05,13067.614488488507,13627.356452555434,13054.244851944504,13500.351817505352,708041306.7721554
2023-03-06,13483.604165421819,13999.414062617378,13335.040149037784,13873.15047283724,665788144.436102
2023-03-07,13890.007081202171,13912.01792622937,13109.037671220338,13153.257036298104,859846970.8061111
2023-03-08,13224.208638279468,13667.012203469649,12305.40542933612,12408.624740820454,1508250292.2850323
2023-03-09,12465.889147115318,13236.491545647843,12396.0854845292,13129.28822981334,367747277.9360934
2023-03-10,13181.546296849683,13202.946410865432,12450.68035813125,12766.756059572299,310132340.9563291
2023-03-11,12821.610741742335,12929.133321334404,12143.514403227524,12426.15368835451,1386692938.7970679
2023-03-12,12383.309277597102,13023.668706449438,12335.109553604494,12763.449265747198,401353157.7871638
2023-03-13,12737.134897856104,12795.205900078185,12735.141346122333,12792.78789239409,1281931760.7448177
2023-03-14,12756.442860948231,13549.260626621479,12600.952824964157,13190.33251910257,800382326.3280513
2023-03-15,13214.598607766882,13234.45397826901,12802.104263745927,12810.472074738764,1140548835.7828326
2023-03-16,12801.561183687205,12845.700493492064,12781.68917261589,12836.304650009122,385350571.71400106
2023-03-17,12855.806391339915,13013.709822841252,12845.438385547044,12890.310508287883,447020531.42994463
2023-03-18,12883.570737125448,12901.863309129076,12261.185971169212,12394.496907154025,541950829.1542156
2023-03-19,12343.139331100454,12700.461738461809,12324.907539141594,12629.841200430821,673819891.6758372
2023-03-20,12701.235212919693,12702.698344080034,12655.853039237003,12656.934800418863,594363099.3705989
2023-03-21,12584.535294213987,13176.378827560868,12552.466875775724,12968.65447773156,675822789.4695388
2023-03-22,12992.704967484673,13521.247613969066,12683.076474577376,13264.6753223511,475151496.58010036
2023-03-23,13299.66221914151,13846.785336520794,13236.437433306752,13802.526534901097,239526681.73685166
2023-03-24,13849.22326889224,14044.039312183528,13849.013204491004,13997.943469163261,1070217841.8398389
2023-03-25,13941.88577206784,14298.53262664845,13887.267847318488,14179.13604001948,658865679.8853637
2023-03-26,14295.880357754651,15096.758954714485,14238.301220505333,14962.745567832595,237839084.3767862
2023-03-27,14937.886799755272,14989.817607263256,14060.567892957974,14356.371636470296,232975941.67425367
2023-03-28,14317.00822052511,14468.706440059676,14150.592201361194,14160.565435585291,806107658.6818413
2023-03-29,14165.211419538238,14172.562402853797,14090.555007796294,14119.662298748484,781967416.1560913
2023-03-30,14152.52541633759,14283.83413178992,13920.293381209789,13931.113404693462,415219919.9169373
2023-04-01,13905.149702376626,15596.10325042965,13822.39911266277,14927.291215672736,400614368.397065
2023-04-02,15000.246288586368,15017.549030678936,14832.572500366958,14835.060702002791,120885787.37583616
2023-04-03,14887.187910760462,15419.315716921854,14649.956908283099,15185.099320174386,516564021.9989808
2023-04-04,15206.249198752706,15627.600100327985,15080.471328051317,15485.939361137192,613486766.8359963
2023-04-05,15522.055626190331,15834.061472792297,15390.177682313852,15730.84518059947,508295003.901632
2023-04-06,15717.502757399288,15816.732987848283,15667.58501281268,15803.61442277956,267092848.05750158
2023-04-07,15855.694274556383,16022.610506876992,15710.776233871464,15951.471090562198,1249204987.662407
2023-04-08,15895.474695080691,16038.681380239505,15833.58806062327,16035.160092905431,409496730.50195426
2023-04-09,16075.917237731755,16125.836014097327,15905.095300063964,15907.037484096527,627231978.0596399
2023-04-10,15851.7346211914,16031.645831313168,15807.665675561917,15931.19921467722,834199628.5361401
2023-04-11,15980.959023175852,16264.935561367502,15850.779347889636,16205.140112335492,441011233.99584895
2023-04-12,16305.473064301428,16434.889798912092,15601.649511881513,15655.073297398148,392915833.5673635
2023-04-13,15630.837507899578,15872.677817265328,15610.275709767287,15806.37044613664,495922582.63861555
2023-04-14,15801.130741847932,16660.024831529587,15143.566533065576,15524.218945914039,956311399.1968346
2023-04-15,15586.015793240074,15821.8040774209,15582.959537685427,15777.648693542444,495920134.5143252
2023-04-16,15796.0465094212,16104.421179496947,15784.20704512941,16016.673643202377,280103544.43948257
2023-04-17,16045.370747849212,16318.13324474611,15038.825469352336,15499.777286472434,889154674.5939384
2023-04-18,15530.66023846928,15773.1665894439,15520.53628816356,15672.041367231903,583405649.8392539
2023-04-19,15628.547862766934,15724.353926354868,15277.236085455053,15324.010489555563,708975726.5337152
2023-04-20,15353.161368535408,16084.75240186719,15218.95449232316,15905.615005706577,1407394322.7152288
2023-04-21,15841.067691882481,16362.953657318581,15800.423241682309,16293.818542949077,614503219.5547206
2023-04-22,16286.923614845091,16835.593262807124,16132.204523573928,16778.564787557076,1224452315.6873848
2023-04-23,16892.01797408097,17112.71227046797,16535.318584426164,16548.15321486382,485804549.9381751
2023-04-24,16622.84196909805,17700.88552297967,16605.00412551674,17203.62393885431,810696601.1382176
2023-04-25,17187.417817798596,17472.895770884144,17095.839369039593,17411.825710067467,651429350.3286135
2023-04-26,17420.435668515143,18407.556260177535,17420.01488061521,18199.41415936851,721977985.3502778
2023-04-27,18163.74446596198,18253.765237116808,17823.336126117545,17830.660523184244,350359013.3146479
2023-04-28,17896.89186000316,17967.520162837678,17805.535514650554,17809.68760045794,529205888.8075541
2023-04-29,17924.862267009674,17969.511941698387,17464.975099334973,17631.723551486328,857096826.6732032
2023-04-30,17684.873509322497,17697.114159598797,17596.97687598815,17612.71762398233,637955793.7208339
2023-05-01,17607.575533738243,17774.3346050152,17587.24194237275,17759.94912509206,573547093.3462915
2023-05-02,17849.843292821253,17851.127476258127,17751.657242633853,17754.110031761218,772261062.2445781
2023-05-03,17775.2331472785,17905.0216587039,17655.818099084052,17900.842687089193,1383286480.2726772
2023-05-04,17816.593560693615,18291.259785683404,17792.165254953776,18096.179222164294,489613615.5881468
2023-05-05,18144.428524682782,18419.378191686927,17778.818786558397,17790.14031875784,447302461.2155919
2023-05-06,17837.690485552917,17884.9887599354,17531.31246298268,17578.02674487237,723243338.8578731
2023-05-07,17559.546987823578,17618.31349675218,17255.959896201257,17371.580966441208,654539907.0639634
2023-05-08,17360.009156996737,18366.905835040045,17314.995146428213,18181.835180617076,860793561.0375754
2023-05-09,18166.84206442262,18390.143702514946,18105.10417166634,18317.045036258354,926378444.7615759
2023-05-10,18267.64917536876,19356.348697346588,18222.739947443064,19119.74674675073,586904314.7058611
2023-05-11,19054.65674636152,19925.063600647656,19047.178709279648,19742.254161902423,418640622.7135551
2023-05-12,19738.901861052833,20017.502648217316,19650.109786968293,19895.839832346017,322044226.8586053
2023-05-13,19847.95318344058,20257.168222000633,19668.087390170607,20109.384158076173,553750980.8330027
2023-05-14,20149.036719327767,20947.10646562375,19931.15843164737,20768.808072258584,831032791.2068282
2023-05-15,20747.423750577247,20954.186249523005,20652.36308646043,20924.92065479912,587402092.870291
2023-05-16,20917.084232686444,21982.32625499539,20415.328344176116,21388.148805155746,1302872650.6218207
2023-05-17,21426.14662925003,21783.375041009007,20525.9762130818,20745.89020747748,437187422.87469065
2023-05-18,20725.76839275842,21249.08883295565,20377.977794976538,21064.15772741258,545269387.137032
2023-05-19,20977.789093079333,21547.837995594193,19114.786809161284,19482.21508632666,1396742677.09205
2023-05-20,19560.72231079579,20059.43153870134,19482.352785058465,19612.919827843965,1013146787.3189583
2023-05-21,19694.262987749513,19762.20316837191,19088.775640451313,19237.885870936767,410563541.2326639
2023-05-22,19196.85232088793,19678.6528627401,18051.781884925473,18610.837275764905,1111185379.8403687
2023-05-23,18545.94840194482,19087.163954358053,18406.498697305076,18987.49458863994,1100167707.6973693
2023-05-24,19052.416189437234,19356.163804876862,19040.371076712567,19256.264402380537,454935531.9922467
2023-05-25,19338.38016570085,19413.391231676567,18909.655614202784,19069.239055663726,650570110.6216087
2023-05-26,19055.772314703085,19655.920760186138,18508.722496153812,18879.752605801084,785413893.553178
2023-05-27,18862.580236195172,18914.417680989023,17864.986373293545,18042.200734968203,321696996.797619
2023-05-28,18077.612641227202,18690.522657744677,18020.11137191366,18674.428700870118,822671055.6237849
2023-05-29,18733.481917387333,18749.41798737012,18111.7489455165,18361.132922844943,898826317.8219026
2023-05-30,18322.70446364386,18606.173842699754,18286.90882335624,18515.07461989662,722055117.2139539
2023-05-31,18501.441104275138,18529.252677965404,18300.338803607454,18386.374104286653,668576397.1226864
2023-06-01,18374.11040379509,18417.387694595393,18221.709489927773,18306.233802293704,1059753834.3856992
2023-06-02,18243.452271184866,20559.380936820737,17983.420122990523,19827.789657313704,1137005958.2826822
2023-06-03,19845.192573989094,20922.25427930344,19737.727770670128,20682.156378234165,530809604.3564445
2023-06-04,20698.128429405097,21115.600504151458,20620.678678910706,20912.74503332541,556637260.3382888
2023-06-05,20979.190362629317,21207.59050739165,20600.06160906499,20662.97524110642,989699616.5620924
2023-06-06,20629.59585691916,20960.57492613488,20581.97396843827,20943.169723702023,835861788.3811816
2023-06-07,20863.870135565518,21018.43569630689,20859.75550049362,21001.958366091552,405135765.23855877
2023-06-08,20898.19051054081,22339.164452514775,20866.026556045945,21791.60437521064,690105687.7698622
2023-06-09,21769.75398509736,22622.799018859314,21493.4028580528,22439.446514591476,233404525.050847
2023-06-10,22447.857741702097,22779.170036936466,22434.71282062303,22649.036768264727,207018935.56485078
2023-06-11,22689.806111241305,23938.601894480755,22540.977345279094,23426.309518612223,100799811.99233687
2023-06-12,23440.562243710407,23465.45924398099,23402.807140472527,23417.09019507395,1042616198.1174471
2023-06-13,23337.979584756195,23896.96568405372,21896.11286335955,22581.667222953634,579233153.9177253
2023-06-14,22571.631169063425,22644.47911305089,22525.899440459758,22573.250054147513,518996527.4200359
2023-06-15,22614.77077229301,24615.11417030025,22295.3774615849,23999.53637867447,564783657.7362102
2023-06-16,23948.649146647378,24122.627052224376,22669.062143752668,23195.52352033169,433048141.00827146
2023-06-17,23175.629571045138,23284.397675819087,22711.98084336892,22989.521381757335,669049668.167001
2023-06-18,23003.342045654757,23290.731140704327,22923.068234533435,23198.959032659186,658655544.7472628
2023-06-19,23182.88905086121,24534.86865585377,23048.39605721481,24423.416087992544,781804904.5097184
2023-06-20,24508.157782994498,24608.5638587758,23670.261483075938,23807.705713380623,944255539.5322958
2023-06-21,23777.737420503803,24574.719721953068,23767.851063201135,24336.487763973237,148395276.98827133
2023-06-22,24293.74720918573,24963.472140801605,24241.77562818386,24738.521793848828,310012960.89896613
2023-06-23,24612.4848689056,25199.305973356164,24402.653027592056,24835.826416650732,502069977.45410293
2023-06-24,24886.066402597655,25109.9203401491,24874.46763411091,25055.878076558474,499692548.8274049
2023-06-25,25054.761347811123,26184.785184370263,25010.677138187104,26069.507387731224,672542854.9147007
2023-06-26,26072.71319680851,26106.152410994095,25850.3672705533,25890.917878269436,379212398.35260546
2023-06-27,25718.289650407798,25734.87990432664,25055.453354242567,25597.73403947547,903906544.0191989
2023-06-28,25558.353847615133,25607.954055088514,25039.997868242746,25040.862556000353,1018859763.7732918
2023-06-29,25007.96963179645,26440.545562107935,24316.96984855609,26069.430100638237,385908476.3008109
2023-06-30,26135.439163155235,26492.673961259195,26085.042993594623,26380.002081995495,1212502736.786997
2023-07-01,26337.549380162833,26393.092652984862,25953.129770815925,25993.64542565403,449023565.3775959
2023-07-02,26011.00994961432,26542.95496126508,25878.67468233386,26271.12927505725,233353065.60804236
2023-07-03,26296.650274705353,26539.588085987732,26086.921158091853,26440.829339861615,261183156.8399296
2023-07-04,26347.222115870532,26470.879373876654,25850.617230655876,25888.59793518143,406175966.1887612
2023-07-05,25788.521957490815,25887.09398408194,25293.226498269054,25434.032766564353,534774826.35095793
2023-07-06,25504.50225570094,25523.700317518505,25345.71454368576,25370.21152551357,742982335.4589571
2023-07-07,25309.866593782033,25554.002156252176,25272.720225559315,25526.94929432071,438482163.7843451
2023-07-08,25533.163919357317,25577.296633538146,24964.498721823187,25027.077504686713,921016087.6194708
2023-07-09,25088.910109554934,25194.023077432103,24779.215703812246,24947.712307476126,331030733.3441062
2023-07-10,25107.115157154334,25151.92041941281,25083.634685464716,25086.766690581084,850554775.9174231
2023-07-11,25125.299840646825,25565.79840535385,25118.14508301775,25412.303155361216,494336675.7327877
2023-07-12,25386.745190797308,25496.823631424377,25376.58416786623,25433.755424565592,307070211.7083052
2023-07-13,25549.380605450315,25870.250447212336,25119.070794475265,25187.862413596675,588098885.7649363
2023-07-14,25194.543373496832,25974.27289789045,25192.071256277606,25904.166732984013,471686417.35591364
2023-07-15,25917.0890245366,25936.360536328797,25149.643895105677,25525.099954289188,1057571387.707695
2023-07-16,25533.34883173829,26206.13818888904,25372.881006927848,26152.902773292608,240503014.73074993
2023-07-17,26292.6693879956,26683.06253106451,25928.96099834764,25940.082728123554,453382862.2779434
2023-07-18,26062.79982717496,26533.890150003386,24454.671522970726,24989.860980122172,310396766.7511511
2023-07-19,24977.61958248979,25154.596938020677,24490.063408301765,24622.395429325446,428265022.8689682
2023-07-20,24541.9393894436,25119.000078988724,23053.37773703423,23799.59523088092,711734484.7048111
2023-07-21,23862.442316417688,23880.22943800971,23782.03359319175,23800.189727279365,311343824.3086589
2023-07-22,23812.398058205505,24252.910029585957,23634.417520101888,24196.121275695135,899586788.4268447
2023-07-23,24224.655867345024,24414.26834084232,22580.673470226822,24209.170971121497,581542112.4445583
2023-07-24,24288.656387319268,24312.006145016727,24267.68198145475,24305.08669235848,379902216.3297295
2023-07-25,24090.442188244895,24610.58131566935,24088.955573177383,24500.425752750307,419230498.11291784
2023-07-26,24448.20064256582,24687.923183552353,24423.434747077026,24633.141709915846,431841049.69319934
2023-07-27,24583.264100030796,25197.62302531259,24491.09014392636,25189.413947915033,389466891.3660861
2023-07-28,25292.6920154045,25484.497605634868,24787.62626011018,24815.86481204484,265752083.84093022
2023-07-29,24856.81224315781,25558.016237214877,24766.216666149663,25457.807482165157,343899140.8970526
2023-07-30,25547.986306481984,25722.45943971722,24559.94273015,24724.308499613224,579000597.7675289
2023-07-31,24683.851456028624,27170.77695697748,24071.22931235514,26314.503119037076,1212407073.0152705
2023-08-01,26360.715854319205,27488.394655849195,26350.28528349539,27405.761007615827,1068574605.1469191
2023-08-02,27490.606853165646,28009.55765554251,27488.612530858492,27774.757829962018,701344138.204196
2023-08-03,27766.42353018607,29102.9527910357,27660.236681028236,28365.25851898506,274312269.0120635
2023-08-04,28445.159139363535,28939.40752069281,27313.41530457731,27762.40109114031,869267771.3525224
2023-08-05,27711.1996141235,27746.409327113637,27626.634816652684,27664.168835001816,349344588.8938668
2023-08-06,27753.930855967043,28058.84632867716,27726.621679191376,28009.520772934062,720748034.731611
2023-08-07,28141.297419275274,28199.975458840407,26245.095905696035,26670.184200243402,401321727.0258233
2023-08-08,26655.580074016987,26667.36793981457,25584.144432700476,25695.56231687933,397576415.0516551
2023-08-09,25699.99284689082,26442.124923939682,23621.43197530276,23927.550066001444,512406669.0226883
2023-08-10,23913.00424704578,25612.52018259522,23727.89827731571,24917.343902836983,151472474.5966489
2023-08-11,24923.71704301111,25439.6496890288,24464.462976953855,24792.41791507667,649919123.3604152
2023-08-12,24682.33215960919,24692.458721693947,24378.887907405668,24526.11457615342,770893599.2696124
2023-08-13,24620.643550706067,24795.12418596493,24382.23463170612,24523.220226068188,646400432.650659
2023-08-14,24552.149966991823,25833.685864281248,24527.984111907124,25326.0464936256,274822550.9097514
2023-08-15,25459.246729328446,25591.537246971795,25334.47842807747,25424.820703927136,357947436.16584826
2023-08-16,25515.47052370281,26468.406547864648,24916.52596339803,26468.04803316643,1144689584.3506289
2023-08-17,26638.73683465656,27226.69228504148,26576.469907067712,27193.95057555086,601271382.1048485
2023-08-18,27084.99971102439,27241.172145962366,27072.169188594275,27187.87231957073,604362503.0563269
2023-08-19,27079.458041337984,28478.92311835337,27015.587354317406,28024.714463301334,316959469.1437632
2023-08-20,28034.45525461316,28148.116134119497,26337.88591273752,26587.44516235213,738468234.7848244
2023-08-21,26589.091080556227,26845.1941767886,25882.082888158573,26075.609600029085,462621773.53861564
2023-08-22,26034.592337628474,26451.861037980132,25959.481819849527,26323.204011861384,348093477.3066158
2023-08-23,26278.20300366161,26390.40896602044,26274.256246295477,26342.935877110613,358290077.76301515
2023-08-24,26379.00267131929,26518.42617834575,25856.766247832547,25869.74266665597,375916295.64794147
2023-08-25,25897.28717549094,25950.418441360354,25233.109171990134,25398.54318461448,370451273.63429326
2023-08-26,25518.299030992213,25553.788302647747,25499.160017589664,25511.24347950774,324973035.49900985
2023-08-27,25495.85576406942,25745.945886744652,25491.022492224034,25707.961999687224,414046614.98039013
2023-08-28,25624.636931059096,25702.900643294186,25439.185366093097,25677.79827370364,1112861110.258314
2023-08-29,25595.769443110432,25599.179240902868,25447.611017187934,25552.137489898123,190708435.57808056
2023-08-30,25590.067545044218,25605.02129380036,25386.876243844497,25454.985694080315,745918658.6723335
2023-08-31,25483.234058127375,26675.000862449106,25456.99391304147,26609.265586529127,670945195.6544163
2023-09-01,26557.908871779357,26567.457512947196,26211.999745420424,26448.5649789994,280898021.8842935
2023-09-02,26530.592610737916,26577.655416137364,26463.849032604834,26563.58773080545,420527438.4300792
2023-09-03,26551.671634518556,26692.172382263292,25734.38700963564,25922.601218385997,1035581446.2403027
2023-09-04,25980.782887464436,26032.56260262677,24076.60712177353,24610.031196598775,891968944.0037789
2023-09-05,24595.1323784655,26660.304623549844,23883.745244230275,25216.688293442698,330548680.4013477
2023-09-06,25291.044511587268,25532.881070672058,25286.516035658966,25531.640101824865,664366471.6223047
2023-09-07,25528.012306068536,26855.025746790438,25364.737322562847,26654.26305743297,627579008.5933146
2023-09-08,26676.872473057196,26737.059259201636,25170.656777118,25801.156077529486,734458679.8357801
2023-09-09,25758.41649292818,25928.86752259613,25754.61942227099,25916.21901328701,327027036.90160245
2023-09-10,25679.618634224247,25707.865072737844,25497.137037317014,25514.594181666125,637354921.5231194
2023-09-11,25577.58886453556,25904.054889083898,20770.674422547378,22762.411966057254,1036209663.9044468
2023-09-12,22702.30339614592,23551.816146898676,22693.29326681364,23525.645033044104,486626774.9001085
2023-09-13,23431.38128796562,23728.70720231422,22887.513235140064,23277.627536293643,291073499.21177316
2023-09-14,23210.591817630353,23211.894870601634,23158.14337619929,23197.608994093316,532945289.486138
2023-09-15,23180.867510407104,23760.962918954127,23082.045571871546,23651.404973421708,848366420.6320058
2023-09-16,23644.91703136222,23725.742055196803,23516.715878445888,23537.87929821412,746927341.0476156
2023-09-17,23516.685959106988,24356.294067503986,23443.17676989063,24321.627391164086,521914071.336256
2023-09-18,24347.87957858118,24375.102449052436,24033.85375852265,24180.727567560127,932161369.2875184
2023-09-19,24214.003271560592,24449.326347144142,24189.267914070333,24447.844691139195,152313053.9245386
2023-09-20,24385.839094717587,24441.776538989187,24261.98443770021,24371.57886885308,422774787.90221
2023-09-21,24347.88198823608,24475.79030249617,21374.93275795491,22730.653362662062,549254754.2745029
2023-09-22,22622.459570656913,22704.855582566553,22063.63483033439,22290.08063441598,507983012.5242168
2023-09-23,22321.117624935818,22334.622214482737,22123.486565848325,22205.19081733546,155906799.92375815
2023-09-24,22247.3590132026,22422.04163812063,21588.546233508318,21599.07132476148,441942369.7824964
2023-09-25,21532.22594330987,22280.702283402432,21434.375988646134,22174.845763987716,363469764.6863791
2023-09-26,22174.358047634218,22964.14199185843,22116.86757123732,22757.11849750423,411556854.1566004
2023-09-27,22906.085789901812,23223.639558892,22593.08013968831,22955.721612871952,1164145264.4452617
2023-10-01,23064.951209355146,23158.202028654556,22609.516973434005,22667.506258693258,476605160.737899
2023-10-02,22597.553367134184,22817.838263421305,21969.319497184413,22119.52372745569,630505483.7849025
2023-10-03,22047.41289074888,22817.697207701432,22036.311160080317,22740.235795345907,1444586365.2459872
2023-10-04,22697.817380363715,23814.603479112713,22399.066808531727,23786.874157385108,791217559.2342666
2023-10-05,23861.156751147773,24091.737211051226,22799.22137104449,23122.294583931485,1143359786.2015367
2023-10-06,23055.29271783757,24179.52314634044,22972.747514880888,23900.590666442306,594420935.3556936
2023-10-07,23820.280964569116,24424.304968215754,23761.417747370182,24410.994208938846,646047792.5626602
2023-10-08,24403.962785628755,24437.678177719783,23880.04324862437,24061.669318741733,795235349.0394051
2023-10-09,24037.77339095254,24729.189599638783,23958.321421720622,24608.87031522319,755198619.4407502
2023-10-10,24634.38794862561,24880.571961788533,24474.355522482212,24803.71376117838,1407870437.528748
2023-10-11,24858.092727963263,27551.618792455847,24787.077666230354,27166.912961560785,658508646.2140896
2023-10-12,27188.790392649455,27200.42200632571,26691.8764311111,26820.713170590552,499834575.16157365
2023-10-13,26835.568081895202,27961.897861556747,26604.088560286425,27561.601954504855,588208450.2363952
2023-10-14,27422.698470537794,27464.892631083774,26583.138871317024,26663.128547846856,459553821.859405
2023-10-15,26655.24852611557,27110.512848904425,26485.6911056243,27027.337220556394,781244376.9407071
2023-10-16,27109.379507791473,28066.271625513295,26398.423717277696,27834.566601428818,662108385.0282719
2023-10-17,27867.291886916963,28488.01627421293,24489.847945128364,25829.95654220451,276617749.6503112
2023-10-18,25821.381768173414,26227.137414028683,25712.860276248273,26110.428143005847,914735596.8875855
2023-10-19,26197.97225656402,26242.56657714595,25965.329776133454,25993.802123838923,794909859.3367658
2023-10-20,25931.5310888398,26301.156000010516,25867.625808603716,26230.925068229702,1005835101.4111742
2023-10-21,26248.78378833366,27110.019134290553,25329.15552630517,26691.744314863183,1133509992.938941
2023-10-22,26750.649440039793,28305.119361837787,25585.169239849885,28284.60690923603,648969066.9573667
2023-10-23,28356.756424877065,28772.72559124327,27489.50410509351,27749.32256036999,399996899.9960037
2023-10-24,27618.50760991446,27711.45212366904,27288.951964226868,27710.926459649323,749383919.6208833
2023-10-25,27647.14071217657,29010.011519629104,27409.343736351257,28850.990814149936,901502838.3181901
2023-10-26,28734.281431101448,28839.46889041942,28197.70990002713,28259.71046226914,669372742.4763783
2023-10-27,28218.251607007915,28252.910166005073,27666.210896266268,27683.079214988305,246176566.96854532
2023-10-28,27677.957097415027,33059.58769010616,21085.856400349156,21284.218868208984,1050611845.5894791
2023-10-29,21378.853171806542,21598.182781205876,20547.052530674595,20666.21317313804,859233078.4744047
2023-10-30,20790.39327185697,22142.084770885504,20754.77030724225,21281.310625200204,690253837.952114
2023-10-31,21272.155228291722,22249.56400596642,20161.7193336297,20197.548793973518,520036977.7818809
2023-11-01,20248.191558326016,20607.534757595968,20158.493603984545,20484.852266866892,499520908.96570486
2023-11-02,20431.228579205923,22144.906214635448,20330.77801266947,22043.942320774568,634931031.6856694
2023-11-03,22150.999537619904,23179.41829666139,22118.639832908306,22812.704571237715,464499429.7516644
2023-11-04,22786.03448010374,23071.632126529876,22782.81073161656,22980.41051072235,170435224.75963467
2023-11-05,22953.758271929364,23515.7852763175,22395.875635813423,22418.961933552393,564624066.2195935
2023-11-06,22319.798087861775,22377.76498894077,22167.52474320499,22297.656628229764,513124291.4988082
2023-11-07,22239.45241614176,24288.95581407048,21852.069352239738,23660.095832119485,842052912.8863138
2023-11-08,23710.03262711367,23927.954394708308,22604.800189217578,23015.86172768942,243673601.59532648
2023-11-09,23113.921870617494,23133.188153028157,22346.209592280225,22575.899956886995,1453451373.360089
2023-11-10,22542.420845548146,22628.994577124897,22264.12913706173,22424.372171604013,552309651.3055474
2023-11-11,22567.513086197807,22586.242496894953,21406.469525980458,22083.377849951677,240939636.5025956
2023-11-12,22087.408150719406,22428.659583376542,22064.144948770627,22391.67493671588,847489393.1388236
2023-11-13,22318.49639852086,23588.141354138756,22116.465344611457,23525.962893974698,490754079.42614716
2023-11-14,23486.22473814271,23873.37752425009,23446.943487653116,23712.450879675125,665278884.1204696
2023-11-15,23683.542857480687,23719.45667428073,23669.78768874183,23715.892779959944,1067830062.9321009
2023-11-16,23644.080753053408,23672.47319313223,23115.256550606464,23116.150376534177,442865138.88170743
2023-11-17,23046.92677686311,23239.975716417965,22283.060275857533,22510.16475523048,446444452.20150584
2023-11-18,22429.81241868212,22496.900181939847,21167.537195414978,21743.45027381213,671899857.4583464
2023-11-19,21714.169279760903,22332.751007898612,21567.25312543547,22294.98370639119,1041541514.8227359
2023-11-20,22310.688280465693,22423.567362108235,21044.243735109925,21729.67908396845,276665670.75550807
2023-11-21,21671.39015225246,22558.3718300594,21648.29804719711,22148.693839316016,347792174.38661766
2023-11-22,22222.517396241274,22265.134497113813,21425.05287032698,21557.824211251205,714852108.3380629
2023-11-23,21539.264360088553,21719.81088041479,20121.35997738487,20919.18438517814,1146990369.4548237
2023-11-24,20863.27523350589,22197.75903106725,20829.83412076963,21574.975447616507,712897425.8029615
2023-11-25,21535.711703451136,21673.53292301151,20309.280189723697,20569.69904267536,600119873.6501395
2023-11-26,20504.80784931743,20546.94344208079,19463.937390592106,19851.011649074706,411886684.1914654
2023-11-27,19847.888051084657,19963.48011340138,18869.054710433633,18986.554617912447,362470360.1491162
2023-11-28,18983.81295514173,19118.180609578772,17647.73873992497,18025.41875350434,1113491217.8815675
2023-11-29,18057.123736085283,18062.378257014698,18024.59850805577,18045.90455739821,1633146429.9868553
2023-11-30,18097.41873140005,18352.4105734553,18057.037906907055,18236.834625735893,1248983644.833895
2023-12-01,18242.7758359354,18263.45625504323,18227.16870609773,18248.70500444793,267202014.79853472
2023-12-02,18278.856799705834,18281.644677839897,18039.321421163666,18132.232526674667,325804351.3683253
2023-12-03,18157.828151983747,18253.112979223337,18151.16484012725,18235.901511529206,598483367.605985
2023-12-04,18256.699289269494,19351.071149649153,17931.98295654356,19072.400536971054,497792216.0757337
2023-12-05,18988.81423206956,19212.132730342528,18425.71123659583,18611.320719993448,733549094.3721485
2023-12-06,18631.469612307825,19572.119087563926,18496.590638650327,19197.01602720532,497899816.9245627
2023-12-07,19185.690119840794,19709.208436158762,19098.777105691883,19440.72482313338,514951058.85104054
2023-12-08,19390.783144834975,19707.50900103068,19358.487047813054,19501.11756057411,555143281.9176904
2023-12-09,19417.70900920421,19861.28924039152,18494.989154976087,18560.433119800116,833386023.2571558
2023-12-10,18597.376750269694,18650.291405013628,18318.741359547286,18359.76220211346,738743719.3167909
2023-12-11,18371.116474703882,18400.387077074614,17342.584316213313,17387.885962419816,283153670.82638615
2023-12-12,17331.954007324464,17470.092216361783,16651.839248887558,16709.208047238895,300582917.9732098
2023-12-13,16652.942463144413,16831.016473527823,15682.162101431033,16010.981573305875,325177154.8210111
2023-12-14,16000.571335887593,16822.37204355803,15826.564168685667,16660.80013130138,985896673.1040514
2023-12-15,16635.17021443643,16659.499069474903,16145.183476916101,16317.951492200575,476806947.8785552
2023-12-16,16348.773003797638,16398.941502734313,16115.618352267747,16143.60058634441,249892348.7513552
2023-12-17,16176.730001701708,16203.297166607972,16038.81367957135,16048.75563244047,308208757.67130977
2023-12-18,16160.218712638423,16339.723802709103,16146.607037635396,16278.564137252766,599908270.991267
2023-12-19,16282.06903806302,16322.780524966554,15953.358256281783,16052.54701934351,474291939.1881185
2023-12-20,16065.661366700904,16318.703784644242,15984.44415484469,16226.699368913,529888146.1509063
2023-12-21,16204.614993588782,16640.842760796328,16141.722760977,16286.467098242822,1520693206.305565
2023-12-22,16216.12798604575,16492.100588340818,16161.592459832736,16424.919106726786,352130472.23579454
2023-12-23,16442.49670655532,16765.156751958686,16291.779426044777,16668.687162822815,622845725.7114472
2023-12-24,16589.63087831831,16959.84496805132,16578.707728556823,16793.108400410885,524418080.5909114
2023-12-25,16776.67908290622,17070.84915896167,16738.037976591015,16974.473650255488,600252031.4137071
2023-12-26,16989.29956612344,17002.012258979496,15640.726635502155,16092.862349553012,1092042215.9159112
2023-12-27,16072.084139059247,16294.67168904546,16036.072407831021,16290.956223071338,828709866.4211088
2023-12-28,16284.511191500438,16371.34510390987,15674.503714421498,16052.515157856971,406932545.559753
2023-12-29,15885.69444259592,16058.5678731624,15885.210611636481,16056.007243469712,155107974.07666025
2023-12-30,16076.928448688985,16173.167697899484,16030.420138815314,16162.06390384206,225646100.39766458
2023-12-31,16234.272115168746,16414.369602169667,14524.830153030778,15400.663364418102,767153234.4144826
2024-01-01,15486.739830219562,15603.494434719723,14262.053945442925,14945.959996611331,726866593.1321746
2024-01-02,14955.081356162316,14994.560386399551,13905.483510205833,14136.334728513264,418084843.0799049
2024-01-03,14222.85040746951,17056.362522824384,13560.144770994431,16226.979817912152,1243066982.588863
2024-01-04,16243.71524634002,16254.210020984487,15261.377416363537,15820.661237287133,323878890.5747239
2024-01-05,15835.26136193162,16688.797028584813,15626.686015735953,16442.060524967368,1267653514.380289
2024-01-06,16488.52569060795,16554.187882976796,16415.622988456827,16515.206512971705,356059413.2530936
2024-01-07,16591.23861536807,17215.288182701504,16401.862969463975,17176.857893583747,363052973.2422934
2024-01-08,17182.35344453118,17420.503691881186,16534.94340668004,16901.93505060131,642818919.1765683
2024-01-09,16991.376218625373,17196.47410614981,16979.969563652707,17060.857382306935,949732392.1518893
2024-01-10,17105.073743749326,18024.667746170402,16976.03314628993,18024.057223358548,522012885.7085969
2024-01-11,18005.8042960665,18232.932433511636,17986.094980117647,18207.53368827569,985750424.3693722
2024-01-12,18273.512938164004,18631.385884016392,18207.170468163626,18626.216748120165,431855828.13437635
2024-01-13,18614.35459159287,18724.030668100866,18382.946877226248,18402.59785966152,494841721.67696494
2024-01-14,18554.20860227306,18563.542491073444,18151.37146412067,18183.703825426575,566872731.5447708
2024-01-15,18229.576982419123,19791.73037688072,18143.06810610812,19524.6099658145,900827357.9753063
2024-01-16,19425.2994933112,19673.283611930838,19390.632062882476,19659.885038369,577603998.9098223
2024-01-17,19613.790823136314,20948.288668560606,19431.33290127099,20710.50315048733,683911590.0022488
2024-01-18,20792.993999369817,20975.09668902799,20150.9428356799,20369.55593410783,290602241.7037569
2024-01-19,20398.24204614514,20435.550790720863,20154.990069879917,20234.720639584517,1260918486.0315485
2024-01-20,20235.66965302708,20503.42718746403,19752.121587566635,19982.384069434876,299654626.4569622
2024-01-21,20068.349646237668,20112.269923791708,19182.3874427062,19193.477611281596,1294765765.2463248
2024-01-22,19136.92453951074,19209.82621055259,17505.901970108913,17599.98250535717,451224496.237233
2024-01-23,17633.20606550569,17688.983826684533,17164.99524221611,17243.304930233422,272841104.57480574
2024-01-24,17330.39684798,17364.614195795188,16848.256580299534,16893.553567959007,1561838453.6930027
2024-01-25,16921.046490639783,17835.70618335803,16308.818302500178,17699.266196430985,734373707.1406809
2024-01-26,17656.17867008957,18338.214488004494,17530.11508752522,18251.50235277291,701966409.0870641
2024-01-27,18204.71001565953,19089.621209406672,18179.198069061036,18843.575344425688,547154880.8569648
2024-01-28,18834.49897130783,18848.49568558803,18278.70697071851,18589.984619961586,220571029.13160664
2024-02-01,18634.091002549023,18726.515881741496,17649.27729217418,17786.981254364302,692666750.9549524
2024-02-02,17826.607398518096,17896.29032191921,16855.555325439047,17049.46777851823,552764618.7255254
2024-02-03,17022.143997487186,17336.067794612718,16935.53469778107,17300.911414780883,200358576.64540297
2024-02-04,17260.23441754536,17331.87328044357,16635.554211758998,16757.962323122076,462164189.20404786
2024-02-05,16696.8056329955,17290.33042391973,15116.891331486706,15412.017724925161,840441741.5688838
2024-02-06,15451.072647542305,15600.867293979954,15164.453577918483,15174.781880559674,447661132.72373676
2024-02-07,15156.719144972267,15693.9534716116,15127.147067998205,15658.775275532755,968543298.1785289
2024-02-08,15601.879509046692,15746.921865177701,15523.216809423178,15737.765497509225,454648725.97012097
2024-02-09,15681.338644203564,15695.37046730883,15642.20289282643,15648.028818312,279346242.8012933
2024-02-10,15625.126831016407,15664.840487040388,15223.223523017534,15228.373582386761,681465221.8334653
2024-02-11,15222.90435034125,16154.040640343243,15218.941890483298,16124.296124455985,710819748.563791
2024-02-12,16097.150389906303,16130.083614133699,15436.689215148765,15567.257956780632,367462625.99017096
2024-02-13,15499.401572798552,16694.704977305482,15091.401688220669,16248.903062049076,589795985.591781
2024-02-14,16273.548034376523,17939.89800314898,16114.478420542782,17289.13195288345,450751072.18292326
2024-02-15,17289.36682060059,17305.681450901247,16990.689536591708,17037.287107046264,514079666.16098034
2024-02-16,17006.034634252654,17013.681628436312,15844.29024085973,15926.222695694249,1166747786.956475
2024-02-17,15899.740367928336,15944.639878061571,15020.6990656241,15177.34448030621,908539069.3504435
2024-02-18,15168.441273447565,16707.81433720813,14940.97720163617,16265.97599585667,553573089.6317378
2024-02-19,16242.745634554954,16244.890221923266,16135.833606672868,16173.360651236206,286802435.23896044
2024-02-20,16109.537033304003,16199.994963118916,15393.51312819358,15671.294473606635,642501675.6917857
2024-02-21,15665.936685856685,16078.939801639766,15637.313487441073,15973.355150521915,662470378.2669201
2024-02-22,15950.515024133885,16084.75237885515,14903.025483115982,14970.820129015563,675172547.454456
2024-02-23,14943.185078210097,17269.015441703355,14399.417920857977,16495.349675677724,928353073.4764279
2024-02-24,16433.181274019204,17910.97425605668,16397.842493386044,17207.201953402782,382129856.5974485
2024-02-25,17197.162204397428,17566.77997703016,16999.904085054455,17017.493463505518,428667973.9707029
2024-02-26,17043.37612992965,17658.8236470371,16986.518608410697,17483.56738473896,315519704.8917211
2024-02-27,17402.310463541806,17405.732808660585,16970.762862507214,17175.39430096664,793616299.7998854
2024-02-28,17211.43157050317,17445.73519698563,12647.270683567851,13511.884111507175,1233524666.408935
2024-02-29,13551.288255878995,13929.960328033943,13516.158011245729,13738.524841975532,734611626.541938
2024-03-01,13675.844381130293,14129.246393423662,13672.830917157618,13946.104181466919,426812214.18959135
2024-03-02,13949.30075878664,14354.299494281164,13946.277573950225,14233.508599936567,801064199.0671061
2024-03-03,14193.893857027062,14211.26749968861,13866.803952085176,13924.161953237288,442549996.05239344
2024-03-04,13933.994883966512,14044.336100085524,12956.79670415118,13018.128793266875,332899364.9548352
2024-03-05,13037.495693427825,14228.14218091612,13030.48828295611,13791.22908155721,675166367.3793831
2024-03-06,13716.460451136707,15480.196196521852,13711.505714430394,15012.43030380486,766387119.82858
2024-03-07,14998.082808438334,15210.589998637362,14022.368923150701,14031.89635073149,511059569.9295141
2024-03-08,13961.138253358647,14964.508749833562,13781.534153130227,14842.93833384498,781409341.8646939
2024-03-09,14868.171746649543,15754.318465178958,14837.58610037123,15426.283956255986,744335516.8107116
2024-03-10,15508.151240994825,16245.526145495727,15483.98105870653,15904.385816516004,698017384.7742556
2024-03-11,15900.764027748224,15934.419009080168,15110.173972593593,15160.962277525352,448478643.2647535
2024-03-12,15145.249570417918,15615.311514982128,15103.332763427328,15600.258373912837,590679857.4780797
2024-03-13,15654.313918150765,16630.102592917832,15582.576189391346,16515.612930479005,520636992.49929965
2024-03-14,16594.78703675995,17782.34569202719,16175.505191208227,17276.1573882043,405516724.353829
2024-03-15,17288.621482335286,17316.359802450497,16996.29864708485,17009.330858048233,417227867.38992894
2024-03-16,16935.195531564106,17456.29578684514,16849.58490234013,17454.618054249742,358853515.9968032
2024-03-17,17441.178482263716,20092.93934535003,17400.009392697466,18370.5630061084,839427127.8872192
2024-03-18,18374.33024686697,18742.089139886142,18315.291601428868,18646.121810900928,794474434.2010148
2024-03-19,18606.944660330177,18627.5578484314,18176.565205386934,18293.0663896239,299427063.89787704
2024-03-20,18331.664548915654,18564.61569090266,16137.141790120222,17259.132692962216,936431778.6772239
2024-03-21,17239.202517405123,17329.34261419154,16060.91117806399,16901.89333061413,547395485.0787755
2024-03-22,16918.72682979003,17728.96278204376,16591.751053839303,17580.5724551618,416331229.5917275
2024-03-23,17647.4083786662,17677.698802660245,16806.24096446636,16868.905354018385,437633990.1626604
2024-03-24,16847.68513204774,17250.98132423391,15857.0833509413,16001.140116532444,264800524.48896223
2024-03-25,16011.161369755318,16137.807902327258,15972.210988135288,16116.92389321726,524986373.50693274
2024-03-26,16067.855241891879,17245.536776477195,15977.058087300486,17209.74893032439,528862003.2693842
2024-03-27,17167.987680311715,17855.37859637964,17108.585387836545,17771.24069031119,617720514.9643558
2024-03-28,17792.18944202888,19427.147283186543,17604.05900268382,19188.63131092591,862522275.4047973
2024-03-29,19140.002187768696,19963.665246226512,19060.91972318025,19754.466464778834,930722115.0056925
2024-03-30,19686.554813564813,20761.547735543063,19460.97665196293,20608.687538851253,781615399.8228047
2024-03-31,20636.500150087162,23027.541129343226,18176.542841182636,22846.567100329696,396391036.0476061
2024-04-01,22807.61153647085,22908.079558382633,21527.559344339155,22056.508728569646,2802698533.0229306
2024-04-02,22119.198836333977,23264.058745993698,22071.43356702472,22943.026063190813,514110326.31196606
2024-04-03,22894.18422875423,22904.825970118625,22063.569582463613,22352.73031608395,1004427674.1760852
2024-04-04,22438.89712954054,22445.953147475386,21036.346955679794,21740.64135294873,657815676.699862
2024-04-05,21689.419089177114,21788.7640825474,21138.32302061617,21292.77041312229,786164111.461289
2024-04-06,21388.209780337605,21620.942300329803,21386.357001119755,21615.096789173982,858780269.1325017
2024-04-07,21505.288654583288,21754.198140224144,21176.058709373247,21184.0058705198,884978716.667075
2024-04-08,21109.03781982705,22795.868717206675,21076.85256841387,22254.866602746813,672513753.3636053
2024-04-09,22193.26736464513,24141.609354553715,22129.125689150133,23959.90185871438,626880228.721305
2024-04-10,24031.613166301984,25291.957631239602,23839.21875266909,25243.506274300544,565633827.7154539
2024-04-11,25203.24229350497,25247.6592342456,24858.794342047935,24994.79956112225,850756340.9394525
2024-04-12,24865.090715707982,24989.532252930283,23623.504104442985,24051.261875712404,1194927600.9227035
2024-04-13,24021.874533547998,24162.164414791532,24005.33784584244,24054.85530735187,151581666.67912143
2024-04-14,24054.4901275095,24114.019718472944,23391.631330673667,23634.982020864354,795812067.2649546
2024-04-15,23558.874560257154,25473.85700090073,23443.499875511636,25052.037880291413,1933075805.931861
2024-04-16,25102.25383772673,25685.703544400298,25089.890834879752,25491.545944782538,339573998.404538
2024-04-17,25525.090573395508,27073.73867419156,24264.778236748774,26822.714053609405,799202647.8131859
2024-04-18,26903.520271801095,27156.16643176881,25609.644518445722,25665.773805769775,462404792.43652594
2024-04-19,25712.576395357813,26817.567746093384,24748.555920758496,26647.598614395916,494092574.9817705
2024-04-20,26586.725547902526,27587.334143808584,26548.10053950976,27433.084034266765,373038027.63961524
2024-04-21,27414.090399089997,29048.06464615181,27364.620939910536,28713.92871605748,464153312.0616266
2024-04-22,28837.762876492074,31078.56283123256,27467.245429657807,30779.499909308157,226687057.13161534
2024-04-23,30793.89784667853,31891.246917446126,30682.06156728612,31807.736754685702,390968277.35512805
2024-04-24,31660.238255373715,32879.71139148354,31238.28475831632,32560.430866208982,938978287.242096
2024-04-25,32565.06878077105,32592.98103331861,32284.001914530756,32487.653543468412,501684392.20181996
2024-04-26,32257.22030417001,33555.032000389336,32129.719296913314,33194.991981982974,748631803.5142511
2024-04-27,33108.61433051338,35548.414927667094,32684.52458879952,34196.00669843017,1525029421.7899115
2024-04-28,34160.81245828684,34192.614560518436,33947.27959523225,34017.80955088203,1008937306.9045115
2024-04-29,33998.62700171897,34441.16385918979,31323.49822938604,31558.16660625449,1005913608.7028502
2024-04-30,31544.64680566985,31967.997009430932,31420.990786330694,31800.65087849967,272702134.164806
2024-05-01,31908.755331456152,32068.797858504175,31127.482866032937,31251.420638710428,179729159.01764968
2024-05-02,31250.664255867723,31467.579293742674,31183.96898666895,31465.706825910704,303816680.0201885
2024-05-03,31561.833832023764,32021.16674631016,31067.131745666564,31930.421729253172,546279220.6233943
2024-05-04,31814.899084770033,32330.816969128377,31726.27892303806,32037.88956309411,189172402.1449828
2024-05-05,31941.288223392,32063.008903720223,31366.286788689165,31468.934969023703,1126161380.1557777
2024-05-06,31663.254038389034,32111.30496189144,29247.0091775136,29417.558389661022,383573061.7412487
2024-05-07,29374.900677863145,30289.684013936032,29255.974539311603,29851.179015630827,502931647.54317206
2024-05-08,29912.009146782577,30440.599936911698,29252.52325786048,29305.22560206974,1054354308.9154774
2024-05-09,29279.390634466534,29418.268149974047,29245.804702683905,29415.387417645692,508989476.4480577
2024-05-10,29457.911084238258,30271.071785623044,29216.647175560527,29774.280233336092,219687433.90299374
2024-05-11,29779.0542803631,30440.27740096163,29704.119734413885,30227.032566998812,321331770.25467104
2024-05-12,30473.13244120308,32758.43903687214,30361.386183897852,31844.26783753833,300713932.578597
2024-05-13,31893.25142759397,32648.74280365543,31695.404208030297,32614.32943302765,314650762.6075607
2024-05-14,32637.182620715426,32736.238115854645,31815.723985396944,31842.817044112515,973340482.1951123
2024-05-15,31746.396052213448,31928.726096571463,29556.5821106639,30208.008363647543,901178275.9750025
2024-05-16,30266.045095960857,30408.509123792228,29195.194060104983,29593.62299812125,504471227.45337147
2024-05-17,29687.398315267354,30092.422958987292,29580.641478050205,30090.384611759087,1439919432.1179395
2024-05-18,29980.870523513608,30031.733451307995,29972.03666160275,29995.586188788697,524908410.236813
2024-05-19,29997.009097022048,30001.193835388814,29958.07204732391,29958.92190260267,489360368.4661176
2024-05-20,30064.40191286761,30070.884598288565,29559.054065354154,29667.003043829012,400299586.24252087
2024-05-21,29573.6440699348,29879.607965874628,29311.51138437289,29347.12088022136,324320730.0950195
2024-05-22,29267.26381251397,29306.086828008025,29154.027769647713,29301.354425348112,406273136.0472931
2024-05-23,29310.751568949378,29966.802061827933,29307.899618581574,29773.0126951057,421411379.44972545
2024-05-24,29591.52663405487,29669.298848962262,29347.331853700234,29437.75456161445,403256303.71066916
2024-05-25,29389.465665987722,29428.025754973274,29089.66902078307,29286.506078592818,697997836.8109739
2024-05-26,29323.451296689153,29576.9357897564,29251.952336449187,29286.367888923916,306868982.87911576
2024-05-27,29158.946695392984,29222.22792353318,28195.71989571466,28214.633325130588,773090084.7782887
2024-05-28,28095.948236711414,30562.00377284219,27624.90548274272,29060.96393880374,1086694780.5120366
2024-05-29,29157.481205978314,29228.259822929755,29153.95074058975,29154.71159403556,399064285.3712881
2024-05-30,29148.283614927223,29271.758027390817,28124.846323499598,28457.857460789495,305909013.5394994
2024-06-01,28464.660041020277,28467.97606450213,28367.379377202524,28373.416488799114,279396224.4815845
2024-06-02,28451.448584431724,28545.115807506885,27918.131494734364,27984.344410153506,612076620.1902913
2024-06-03,28022.027002986993,29543.275529172726,27375.477485555526,29397.042115174474,293208361.72430617
2024-06-04,29294.181070322873,29473.816137574984,28177.1806386608,28364.93655094397,262372832.4130523
2024-06-05,28296.02032237286,29301.489082785793,27471.938154093787,27912.70994355884,388081192.9406917
2024-06-06,27874.043355275116,28121.532938400134,25441.83142612016,26069.827354310662,324509195.1799005
2024-06-07,26037.120821242945,28450.073990058292,26035.259389145147,26848.41655161849,1261910214.7726195
2024-06-08,26884.111137937307,27673.98843053443,26833.49860433709,27086.20244790687,437762836.2417846
2024-06-09,26986.77069704155,27411.52803642999,26812.914831015227,27144.363468169868,690817923.1840929
2024-06-10,27198.479409713284,27294.462924289855,27161.88992048112,27177.812335517363,837545762.3955334
2024-06-11,27061.518155866223,29285.017324144585,26948.44185353855,28819.19635527856,520459098.23543644
2024-06-12,28781.114357282448,29499.224517573173,28228.975158590096,28622.37505465406,639270376.0778431
2024-06-13,28590.55686087657,28721.94275713345,27231.370149489077,27503.453826125973,618783535.6500529
2024-06-14,27587.030370277513,27590.57506851561,27483.222407565274,27489.91886525227,239460832.1726283
2024-06-15,27520.589927262397,28634.681975154293,27269.173527717834,28243.30373200326,807717257.0093614
2024-06-16,28174.255188187344,29525.203658923867,27879.789408793426,28902.966825641186,948786650.9869586
2024-06-17,28834.846929110445,29227.764938528315,28810.82888119067,28968.793984834945,575066168.4162803
2024-06-18,29062.288247886885,29822.73504085482,28940.350271374635,29532.23640095841,580794803.0709786
2024-06-19,29455.24838948476,34143.75646587934,28407.437714029584,32581.904097694838,417688827.850045
2024-06-20,32621.13527961834,33784.52235344554,32548.997300675328,33191.791801510575,421156988.4077451
2024-06-21,33229.290468218394,33390.28895043006,33090.657880238934,33257.43465265126,522130009.78477186
2024-06-22,33109.513548294606,33191.84135585616,31905.104464319975,32249.761178236367,808719861.0404531
2024-06-23,32213.601949054468,33559.38924565823,32063.955068230636,33473.431984882285,579374492.6856148
2024-06-24,33441.3227500348,34151.863977855195,33440.58016476096,33957.49680446111,832972384.2057823
2024-06-25,33949.52111248795,34194.82223311057,31929.2584949499,32053.61223336578,674067737.5981629
2024-06-26,31763.6074144594,31806.273961525574,31095.279876906796,31145.687304919407,600416779.6916032
2024-06-27,31259.9403276746,31306.84334423735,30323.896125844953,30487.411104544393,580051345.9528415
2024-06-28,30630.379213703873,30659.94953055875,28137.681611883498,28353.520364143937,728411503.9131361
2024-06-29,28372.52207980153,30839.444998406587,28337.07513955629,29750.23570204943,319821429.8180931
2024-06-30,29774.387702518416,32610.142023503766,29571.935251864616,31739.263646576692,2244095590.501216
2024-07-01,31729.256464221526,31977.476651137655,31554.050369097193,31932.15611788608,433703916.0533858
2024-07-02,32148.269485626457,32185.678804594943,31887.005388261718,31922.95444700744,449673972.62944794
2024-07-03,31788.382286838318,32352.14859600995,31537.190959096475,32302.799916356955,1313515640.9404259
2024-07-04,32298.400033421603,32526.686891261037,32133.826322213605,32493.33557843822,235142459.7984905
2024-07-05,32489.038201664505,32499.632990256407,32098.14394369162,32313.45404980201,282998385.8989552
2024-07-06,32263.627854526276,32984.757630617605,32227.178474381144,32839.50871131843,792804738.6840987
2024-07-07,32760.059128814235,33263.4763982147,32630.423777278353,33219.954888668835,297549792.4612913
2024-07-08,33239.0745100595,33413.948658893656,33037.073476123565,33192.273181353325,466855886.35979074
2024-07-09,33333.01655391902,33902.75115759818,33328.45604723696,33454.6637704359,351771047.0580191
2024-07-10,33519.55265904481,35412.701635055004,33294.284973020105,35135.45375823303,1188138331.7423394
2024-07-11,35142.14993565889,40073.532455457265,34844.984749249736,39886.875866547,1049279382.2690024
2024-07-12,39993.57272521322,42199.62692575872,39589.92041602412,42032.97880287254,436899816.93918556
2024-07-13,41973.29882406325,43987.713887143516,41955.43177704153,43909.38621406065,880180409.9784226
2024-07-14,43734.25657396814,43859.28210953744,42634.33067097071,43368.90368184242,285663454.19402945
2024-07-15,43248.18072013311,44294.2709885408,42698.25228049137,43917.067285719066,713344534.657882
2024-07-16,43770.71103719575,44099.36618538711,43557.0239843363,44086.394542024376,306201270.15992117
2024-07-17,44173.70057404202,44268.0226062448,40824.39022968248,41921.807612294,2075000921.9962823
2024-07-18,42137.84188350491,42191.994245679896,41259.13291461005,41394.966587131574,588264994.6514789
2024-07-19,41450.69330185223,41671.96309040619,38804.092707434975,39909.08165077661,823084201.4318101
2024-07-20,39899.970978821504,39906.337671044246,39041.49120461366,39059.338253488946,683524183.4055313
2024-07-21,39179.85302333419,39520.98500730666,39114.4940053425,39438.4898019884,660678774.9958838
2024-07-22,39584.465066098615,39599.69898429237,39536.84082714583,39581.61596060062,837069880.0302622
2024-07-23,39544.97169755961,39644.44445026429,37115.43335149231,37482.81620214556,421285931.9186896
2024-07-24,37497.35311279548,39101.069901208466,37074.535122492794,39069.98660128296,559301130.3560385
2024-07-25,38865.117046066116,40853.28376901377,38467.46823305894,40518.116903481154,847916168.536426
2024-07-26,40208.47606455844,41031.32431133468,40126.689290181035,40761.276925970815,682970862.0678463
2024-07-27,40821.44076474121,42015.51529097043,37691.27175802399,37934.76807381911,1092951876.6287847
2024-07-28,37743.46926921509,38127.08485356768,36814.62506292158,36838.08650494434,292511794.45696163
2024-07-29,36685.65911146436,39777.71395840399,36679.31418870563,38219.45204891735,1035492842.997345
2024-07-30,38215.565756886695,38288.980824288126,37797.43967365738,37884.338003694815,333293944.45993286
2024-07-31,37789.370744908745,37820.942542379096,37253.22736267052,37263.270549487934,1427582434.8458748
2024-08-01,37126.515301001215,38741.96663302395,37032.58674256277,37595.91618254316,545795508.919312
2024-08-02,37711.440716515026,38072.91600887309,37584.59191109818,38032.118312782055,504212056.9762135
2024-08-03,38096.20557094107,38392.19498134025,37828.84947239404,37960.73346620787,200017692.3414947
2024-08-04,37836.7680733226,37940.793039825185,34385.61722082104,34759.468351545715,248292240.5888117
2024-08-05,34956.15951708917,35049.24820886385,34677.46832728564,34792.12109463513,461448425.1065385
2024-08-06,34770.27522065369,35158.22906567257,32086.997495334137,33834.220609659795,540095748.7535646
2024-08-07,33824.10814416021,34364.502149728076,33456.3278658542,34107.146857299624,454825100.8136084
2024-08-08,34000.29165397334,35890.175195015305,33808.03279415209,35844.95861316258,797399854.2342938
2024-08-09,35835.579956114525,36632.49966296876,35751.46723264647,36590.819199531725,736882648.0519708
2024-08-10,36580.117396016205,41507.623062645005,36139.74845812465,38712.783244551945,975139300.800353
2024-08-11,38569.44538056002,40551.63155265734,37766.93342469899,39925.494428861035,598066557.0343481
2024-08-12,40069.78593082241,41052.67224823842,38232.27366384132,40981.59968301918,720475860.5263618
2024-08-13,41160.19481718445,43317.13429531729,40307.57520631649,43240.33335419588,803730042.7331252
2024-08-14,43216.71732976499,43761.11583721278,41726.699192620086,43664.00890666611,418423652.59629166
2024-08-15,43336.64722380793,44275.088905166784,43320.852369647764,44030.99959282115,484591240.91767615
2024-08-16,44066.166737387655,45751.94753704278,43962.70411155246,45477.614385278255,518104477.95252186
2024-08-17,45506.48792514756,45511.928552336576,44713.75244821787,44933.42120590802,786577773.5533106
2024-08-18,45040.46229486773,45048.91076950852,44946.25251397911,44949.42510712836,591697896.0049194
2024-08-19,44859.16559285562,45052.32301194895,43548.35189582173,44230.81013171622,374618678.5351373
2024-08-20,44271.626458218976,44624.859724219124,44250.0800474928,44388.4166093281,948751123.6547532
2024-08-21,44411.374115769795,45929.94902019003,44265.87243077401,45825.60376289228,321815218.8921631
2024-08-22,46051.42829978256,48185.629236906396,46045.99400654613,47637.904712024494,529347546.64746374
2024-08-23,47733.955025330135,47813.67805649946,44912.29731523184,45756.743779277036,238765977.19191423
2024-08-24,45694.39062650671,46580.81591499142,44500.54348136748,44550.09341266285,477366390.5233751
2024-08-25,44491.17761393605,44680.12240536081,44371.81708348935,44433.27819226377,933692498.9198567
2024-08-26,44279.28143141366,44689.46411170027,43102.37991697791,43705.16603423594,326194474.9198128
2024-08-27,43808.49638085504,44477.255550611975,43231.913407453816,43646.31527289109,842713240.7261306
2024-08-28,43613.68023971943,44355.214237451706,43480.71422448773,44266.19437179674,615295681.0809735
2024-08-29,44160.42685981077,44330.773741810764,43209.6518512246,43589.265284888395,698491558.4170916
2024-08-30,43530.230476486504,43534.29325141758,43478.99453656843,43505.60745261228,743244819.8106335
2024-08-31,43457.110942508814,46040.21939997917,43414.10818439634,44936.87326908482,672829850.5284251
2024-09-01,44858.611658085625,44889.31664839723,44432.30479436119,44679.04347442427,616624663.150011
2024-09-02,44635.16749483018,44660.78111306013,43333.84794298027,43588.41271839448,548225056.6612155
2024-09-03,43662.185922428594,43863.70693659373,42028.23833927829,42422.49674589746,715163788.9726354
2024-09-04,42480.66961000373,48692.65129644497,42429.5431735904,46076.06608195923,1604813936.8762279
2024-09-05,46114.062581352446,46256.80295623572,45743.60342149466,45774.84997363408,464581420.4081178
2024-09-06,45786.51640311591,45849.84838350392,44522.63220556856,44579.160725153895,369610105.82814974
2024-09-07,44713.058446465024,48217.632922845936,43515.22246588228,48161.74643596201,712704237.8185786
2024-09-08,48274.77701980994,49264.382883397724,46348.03936832889,47473.28349245134,857742119.184919
2024-09-09,47516.423786282816,47591.00103161502,47043.54160961291,47071.32491501762,361528384.08600414
2024-09-10,47210.73805727839,47221.49997911641,43045.872030276514,43971.490366004764,483780586.08442265
2024-09-11,43984.779390221294,44904.18927515026,43017.844304024096,43053.225716129455,178955411.37266487
2024-09-12,43033.899250515286,43047.98682252753,41898.658081887406,42178.022966713725,742554614.2550447
2024-09-13,42392.47558526359,44103.232034539324,42317.95032469254,43678.35302726199,742252582.0465127
2024-09-14,43834.439121003765,43928.1549596305,43083.2538973646,43444.09202394106,449485656.55534047
2024-09-15,43329.42049783,43496.62039620213,42869.969253472824,43142.71449210341,507940764.5917992
2024-09-16,43256.708038254386,43258.399535221455,42170.72618948263,42469.375974112445,2756571507.4141426
2024-09-17,42417.27107935198,43631.843139729965,42073.581359355856,42981.018250379806,614101845.1146486
2024-09-18,42821.8587812098,43500.88633524198,42742.83451728079,43478.053064235304,706943377.2324897
2024-09-19,43656.1480584875,46950.736366021425,43094.781527232706,46015.91032879122,921841366.019759
2024-09-20,46198.424028476395,46441.33096571209,44217.341142464014,44815.0797558557,475004767.7713866
2024-09-21,44690.08921972851,45656.18529479001,41565.65396791529,41766.156003276265,433105865.3152992
2024-09-22,41614.91090501675,42579.993847410005,41611.944592150125,42564.46400129013,673926958.6713792
2024-09-23,42511.35557650131,42705.36077646356,42499.91547295027,42549.81065825856,653127660.5800217
2024-09-24,42562.20230088962,45807.116019238376,41737.29781584147,44882.56906547635,262121601.50704908
2024-09-25,44799.49294834449,45049.20857821238,44793.685170246266,44996.88022811934,910287554.7439535
2024-09-26,44851.79893095381,48006.359522358405,44518.69695746249,46861.61317563669,458763340.40070164
2024-09-27,46771.97445449533,46852.56441269921,45536.96949657803,45631.05635939632,316990407.21634376
2024-09-28,45529.711242743295,46954.15418050113,45001.27269549015,46587.752918899896,696053540.2492434
2024-09-29,46310.95355086977,47772.741489860586,43499.593813655454,43820.40770533693,551679042.6140527
2024-09-30,43799.69380659888,45842.976216887044,43346.40396049128,45599.06141169398,427703978.878477
2024-10-01,45475.26570705294,45846.627763079654,45279.17252803895,45762.08910081482,340045703.7744121
2024-10-02,45782.50663694124,45897.994532823934,40924.580437319404,43582.18096102712,553232195.0967232
2024-10-03,43716.75389394059,44465.75665598058,43529.62943066713,44218.9042683023,776151511.3647313
2024-10-04,44085.69279324363,44716.830875142376,43224.590568951775,43442.02367710751,1318991851.3131664
2024-10-05,43488.290423801125,43778.68139798354,43455.12073046425,43716.56366354541,937040998.7450936
2024-10-06,43822.75183984775,44354.15009046764,43583.766715433034,44344.288263972434,207518010.38451877
2024-10-07,44559.31068946329,44847.62202899891,42942.235851476886,43081.740796415936,361677240.49869597
2024-10-08,42796.02592476335,42890.12264074435,42331.52981233332,42450.756501608754,272306594.3995137
2024-10-09,42419.59574689657,44688.232385650495,42038.459218751006,44145.42193602271,1279291414.4718208
2024-10-10,44371.05409622993,46110.1258001837,44081.562574588956,46084.034457896436,567315164.3829721
2024-10-11,46306.79075176841,50104.36937700345,46136.332675147154,48682.335423972676,777169902.1707655
2024-10-12,48765.48222683367,49091.01076199382,47149.7222448253,47654.85161608693,786518818.0514718
2024-10-13,47378.32704960866,50694.82601131297,46429.552449460716,50127.82853864896,1064901465.3151208
2024-10-14,50066.50127624671,52224.89396178865,47710.96263986626,48178.11819138333,445005200.34433734
2024-10-15,48402.439748980054,48408.5805837121,46716.0891415114,47290.075937792986,570048466.0248607
2024-10-16,47199.67800939578,47691.6443359489,46743.04838251458,47608.89754637881,614450055.9039906
2024-10-17,47672.725001565115,47740.53041279566,46958.5719712313,47247.99045728139,300674306.83460325
2024-10-18,47227.58569880949,47278.80017923136,47127.60126008281,47157.38048402213,483980654.2796036
2024-10-19,47042.62720166965,49085.371425651305,46843.60525345649,48926.19685187573,1087631896.585427
2024-10-20,48978.282088445936,50421.91020613327,48893.25313602988,50393.35210287103,532644012.0034706
2024-10-21,50708.81918255192,50805.702236048644,46182.39776250975,48119.45985278794,528142515.2957711
2024-10-22,48233.073876528986,48287.049152486936,48062.046669301446,48167.9530316647,312143789.51416004
2024-10-23,48154.27183230138,48419.05067997956,46841.88159421395,46843.001555421775,429847021.1866708
2024-10-24,46848.44303629647,49350.379532867846,46669.943931850714,49062.28745349065,426238517.48272866
2024-10-25,49042.58975054025,49073.805030531614,46433.09007732984,47158.77670814317,481407200.56424516
2024-10-26,47223.3552330401,47272.850261274994,46722.06524847012,47056.27675636526,554436678.9576234
2024-10-27,47046.54504638119,47210.07058279385,46680.64141206053,46739.48844762184,204215202.20658037
2024-10-28,46694.19748010016,47044.948527210756,43896.243877707006,44288.98148584342,477076670.7700444
2024-10-29,44524.043063002195,44874.96012180545,41786.84449478007,43163.723221898,401869887.28374445
2024-10-30,43177.68304318495,43887.65276220168,43096.04648854211,43773.54591139387,298134743.7289456
2024-10-31,43749.1996205468,45178.720470535976,43731.042804451994,44766.68833023028,350158776.9913113
2024-11-01,44693.65284839654,46546.929528459914,44042.840892970235,46519.4779915833,936916438.7062317
2024-11-02,46783.47883070489,51046.21621250233,46701.535699531545,49100.481151329266,761942021.2829274
2024-11-03,49228.3820677005,49817.82134125285,48116.65927325806,48473.90579404473,807448707.9691576
2024-11-04,48572.78792030631,48722.02376381084,47969.65275029344,47971.19156646003,971984618.6033766
2024-11-05,48178.961835488466,48459.08381521895,47918.90537416409,48087.32416717835,413314827.0564469
2024-11-06,48123.671572347535,49184.47147547677,46961.49908632148,49120.41562983709,1013116769.2114186
2024-11-07,49034.657133900946,52699.56141951763,48975.7030013677,52612.653795705744,358450637.6341395
2024-11-08,52594.20276111137,52599.79218644922,51524.79858223604,51983.62070694324,449668315.7144414
2024-11-09,52257.665367768466,52439.47842889261,51251.79481479739,51352.897375265544,365499172.009337
2024-11-10,51391.78693879593,53193.1887651169,51038.6832204184,52695.250501751114,433255624.8520413
2024-11-11,52529.952866501124,52881.318820806104,52073.82733934447,52175.41149816519,679287491.2806753
2024-11-12,52183.46426764605,52657.44697893712,51928.98846582578,52431.643277680916,388223039.52078
2024-11-13,52443.64933185649,53127.027710433686,49874.74290087696,49968.437524514724,649790731.8133502
2024-11-14,50170.59118158292,50251.015152401815,49785.9512785897,49879.51419779123,281206712.7127676
2024-11-15,49886.03281049492,56003.77668911161,49400.81068592604,53503.3484496868,985312520.8410782
2024-11-16,53488.07796977949,53711.57779869089,50961.135901245696,51566.302440713625,810097286.6906303
2024-11-17,51388.784412707995,52687.73589565313,51332.18823524748,52329.26386489073,613057077.7738332
2024-11-18,52445.982864200785,52458.201100092025,51674.52602670969,51994.84286495371,526270991.9495697
2024-11-19,52159.764969066644,55723.4292291772,51097.703336227765,55657.55927502667,469602147.1764842
2024-11-20,55708.74092974228,56175.24323673482,51191.383162145816,51357.22748002857,651494680.4149941
2024-11-21,51399.57239277439,51821.98931182618,51314.86500868119,51741.10732859009,513312299.86673784
2024-11-22,51813.68191928255,52590.18415884662,51465.75259830812,52312.619967849714,1045578254.3457587
2024-11-23,52127.330673725104,52936.67022369035,51853.0074146533,52549.002549416764,460448771.1913273
2024-11-24,52687.9936730043,52704.45709768751,52489.50582771763,52508.032040102415,466456522.48481846
2024-11-25,52351.22055150033,57781.26006261511,51843.27879437942,55479.995773899245,703862585.8105985
2024-11-26,55654.786304786016,55738.26458654968,51739.93789138137,53565.01713548206,469046339.69720817
2024-11-27,53608.82090710524,53652.58646820357,49686.31854376075,50229.52523943983,351436401.69699067
2024-12-01,50456.873320193205,50703.2524019271,48340.13355057046,49285.633807556216,313274427.5360957
2024-12-02,49235.693970939974,49285.38767268475,48173.471147299155,48430.65433521667,618977962.4821708
2024-12-03,48445.35135801257,49927.629048281786,47997.328045717484,49770.6148427962,1206720593.3518875
2024-12-04,49554.89124663199,49796.874424499765,49545.47619255479,49754.04329494853,612439526.448369
2024-12-05,49962.809398723984,50283.345701437014,49152.63319667838,49573.13316064219,957909134.1002547
2024-12-06,49300.565354601094,49412.53052995343,47829.17286846272,47890.182935490295,987485303.118384
2024-12-07,47930.35202705827,48444.13537662978,47860.5234079812,48363.62332506542,338538311.428609
2024-12-08,48338.351395934034,50560.05896431385,48207.13169189823,50369.950443786256,581703546.6981401
2024-12-09,50432.865915982475,51396.95743853254,50278.609972583545,51348.04396138691,208159275.28189293
2024-12-10,51295.285292245186,52998.376648420206,51235.62800805714,52662.09952289858,692156553.8202571
2024-12-11,52634.51703532727,56907.19230653066,52496.21719182765,56271.60942002353,640914070.7675693
2024-12-12,56500.03901516974,56540.1198418969,54579.60193247807,54821.11200428308,882993883.8930557
2024-12-13,55028.38723058305,55112.57069846385,52962.88476728687,53487.24791856075,801817594.0268736
2024-12-14,53310.516294501205,53987.86527706044,53254.55195032002,53886.977058318145,344101583.3026634
2024-12-15,53812.95165561209,54258.264324788484,52747.460048451474,54257.24044573448,420994751.26441973
2024-12-16,54266.25114532353,56965.9955697377,54203.607719700456,56296.594212567354,425821553.43815106
2024-12-17,56257.37607843679,56690.08642903313,56042.86751341324,56577.7387835811,451416112.38860434
2024-12-18,56608.271619608844,57652.22023233289,51473.85885536932,52834.05708320923,377890740.8084746
2024-12-19,52657.2424309153,52922.98242492466,51259.77719735023,51802.26435204501,391221280.38090885
2024-12-20,51859.19590827817,51896.38559398529,51299.57848900114,51327.43218819386,534915755.39654833
2024-12-21,51366.20875003339,51595.40232507639,50329.03720671015,50335.9114818603,514764444.55748314
2024-12-22,50455.74944490818,51631.612539108195,47051.678678233664,47757.18951013014,374575021.23090327
2024-12-23,47790.121241541565,49099.397570862864,47725.00318564193,48800.56480978942,796835187.5630863
2024-12-24,48680.924878801976,48959.960462954245,46777.67323600296,47188.8790981097,378748114.43714464
2024-12-25,47147.26795630955,50105.00362964871,46801.93231176096,48806.79664865008,603459165.1488146
2024-12-26,49031.14890362962,49069.09033220319,47660.80658406167,48219.53489310322,205567875.46379432
2024-12-27,48210.280848434515,48645.89962868495,44341.81119915651,45289.31405731716,1361616249.0949717
2024-12-28,45371.478512050286,47293.97087679984,45316.40412839955,46861.394346112196,287108412.0625786
2024-12-29,46875.43025199494,54043.044261115916,46420.987230849285,53405.41550600345,744434668.895787
2024-12-30,53320.97281101566,60459.16533486274,52590.92734207409,60435.404376939056,431252208.57846415
2024-12-31,60379.59540503088,63202.062573105686,59718.994139413124,62610.74558665952,276640463.5081649
2025-01-01,62453.25884256456,64585.39338639546,61877.35695557984,64569.1089755106,704332046.8471556
2025-01-02,63979.12793756719,70092.96421157743,63954.66509303757,69975.10691455287,1035233918.3818697
2025-01-03,69726.62658258149,79659.63540521688,69595.44737768122,75327.53486934755,472801176.1318653
2025-01-04,75387.79627822257,75489.34742407191,75262.14290468552,75432.88675475107,207586427.22613204
2025-01-05,75456.33412133291,75875.29857590634,73584.16947360642,74397.81553523167,480721429.72378737
2025-01-06,74539.9555811419,74748.59158608645,72326.29191320806,73517.63212981455,288116511.51652163
2025-01-07,73459.82882041333,74433.65372379076,73042.79771464142,74102.23629623084,575609768.1429099
2025-01-08,74038.70288499992,75686.07884342922,73919.22389179887,74706.91939880021,434008221.9709417
2025-01-09,74565.10203216007,75509.18290908389,74435.80656090008,74843.37415386431,444303189.87746215
2025-01-10,74283.68361810897,75678.56494125606,74039.74230289737,75551.5260995129,1076109763.842618
2025-01-11,75263.62215008044,78037.0069978418,74518.04965625181,77615.73622713191,928618843.9902875
2025-01-12,77592.78537181945,80658.21745711153,76602.72149569573,80063.47652632206,500467029.08906734
2025-01-13,80183.43666006801,81018.0496907967,78631.37442374146,78728.00190908578,278288852.5594501
2025-01-14,78968.71933206418,80580.73175348749,78125.62686780153,80465.88743395283,345234860.37512594
2025-01-15,80509.73754241668,85216.67398248936,80296.2740693251,85054.70819559353,503099775.8964285
2025-01-16,84966.0679863803,86099.9560618196,74419.70447654948,82143.0123694159,194297116.7395299
2025-01-17,82289.79510551837,82717.26581021518,80044.53837918144,80626.8907256159,1236985149.260372
2025-01-18,80548.09148698783,80955.22617955242,79348.52564189023,79535.55761409769,774713492.346267
2025-01-19,79280.88020282741,82925.95584987037,78822.56606664471,82161.51975422836,208428734.5663899
2025-01-20,82238.98079090622,83519.95175489834,67002.90774290427,77585.51034895994,415647172.93557423
2025-01-21,77510.19062747306,80535.60062874915,77122.52017910981,78725.85587471926,720006599.5671518
2025-01-22,79034.68278252728,79554.39221108836,75258.86779481583,76580.84160950327,550075696.5516822
2025-01-23,76749.22395164578,76787.98864393006,72675.43305495635,72940.05524964655,639343648.4152765
2025-01-24,72969.0502767687,81162.62925954751,69676.77071320805,77585.58730260293,513192959.1769719
2025-01-25,77641.25860526261,80821.74065244962,76043.90878580968,80608.08367209624,904608298.9385659
2025-01-26,80591.6360582263,86096.62487040347,79967.1830841011,84377.93954142557,431763402.3784013
2025-01-27,84170.85583865801,85269.09560104233,81139.89985183752,81195.01193687085,1058683806.7494092
2025-01-28,81337.76560021676,81524.79818872908,74608.7417865171,75769.92038205906,1431783896.9132035
2025-01-29,75478.37098659456,75794.60125728359,74627.21395738145,74971.7659049722,1409965229.0946815
2025-01-30,75074.76488635772,75270.86216033557,74722.40127466,74847.91487775471,590141621.9791775
2025-01-31,74780.48059139984,81317.31388941906,72082.15598321299,80040.59032743334,456494878.19114107
2025-02-01,79586.3567943403,84311.5536109246,78833.31509053436,82432.5611558976,1091267535.0152688
2025-02-02,82389.92277817901,83518.22753241909,82238.09632355977,83135.70910463604,668822523.7261089
2025-02-03,83037.50920304409,90869.52891320427,82596.3259729213,90457.45698496726,1459110005.5841498
2025-02-04,90380.73896825578,93147.40081094687,90027.05580031892,92695.72540700035,191509520.57471055
2025-02-05,92124.46191823804,95460.43371117629,91978.26451490521,93942.72166323179,1044176700.1132483
2025-02-06,93982.56496562403,97433.92011120061,93190.28842019415,97257.09824172538,1002679834.2817376
2025-02-07,97618.41058503854,99640.88964814921,94460.02972209957,95274.24762662046,355889605.24858904
2025-02-08,95517.98895892067,96767.8541452194,95402.13912791281,96506.0924217641,359631069.718759
2025-02-09,96588.38260679871,108348.08740301736,70422.02358804434,71800.87863820586,521687896.80929756
2025-02-10,71576.16889323396,72503.5846522492,67058.21753208093,67242.90323902898,783646955.1351918
2025-02-11,67071.02748811792,68615.78486331468,67035.67147448477,68602.2083493352,757125027.3162597
2025-02-12,69009.19069477831,69073.11878076388,65686.10715978206,65882.6732660964,1367393215.4943085
2025-02-13,65688.8004102477,66064.81785062939,63526.71223540946,64164.19223133468,180988276.26599762
2025-02-14,64531.88614012809,65780.28107912336,62735.07749249131,65448.99504526854,228033906.32024735
2025-02-15,65487.34248034164,66169.04774814544,61389.864541174866,62341.50488367074,627561637.9370059
2025-02-16,62302.17202713939,65160.24358373883,62055.37843919679,63448.49829972397,450198100.71862143
2025-02-17,63504.564626190615,63883.68486040159,58869.92737086344,59466.28338042212,954594042.9823564
2025-02-18,59252.36259502246,60253.08280183942,55203.42138794494,55671.56478662661,780404554.8168244
2025-02-19,55727.11410944497,57190.56116466006,50491.567933634935,51942.52828328265,245861112.6831336
2025-02-20,51637.33617490843,51804.88942894258,49235.95586077097,49442.1435249544,984497930.3293025
2025-02-21,49436.38725554361,50076.70287381936,47542.80535795292,48134.313874125124,868311149.5322244
2025-02-22,48048.661245097064,49213.583142895804,47220.762098405605,47266.86773000238,663955685.2817873
2025-02-23,47391.240341824436,48853.00719201916,45545.00023235225,48811.83086695069,915379212.7416394
2025-02-24,48620.48964267947,48701.896177296585,47029.582726783,47130.83318266297,615253314.7410305
2025-02-25,47245.619391312415,47294.40240392383,46652.30300820206,46684.617174585714,232633638.47358522
2025-02-26,46846.77302968719,47026.42263650727,45619.641857507304,45632.667943064465,680934044.0311843
2025-02-27,45648.39651295721,46164.78648150746,45645.689161266426,46118.345771696586,1273431746.0071483
2025-02-28,46248.81159380323,46388.14161442247,43798.038057360034,44339.366138152225,561403282.417978
