date,open,high,low,close,volume
2019-01-01,123.27418618445533,123.32365298844617,122.98270486558218,123.03840230196484,1023617886.8574001
2019-01-02,122.78494368940918,154.64966787954003,121.22935432811042,151.86840108536666,680696171.1578583
2019-01-03,151.78716401680765,156.18380953295576,151.6966888399616,154.54309861847662,305686922.9416692
2019-01-04,154.95182898673832,155.81673666248827,154.07065873498632,154.80326088013263,377082509.7779462
2019-01-05,154.25088050989416,154.58669466508843,147.44662581778837,153.8997101297721,450148076.3872567
2019-01-06,155.35576528237033,157.6959764342853,153.97630831900435,157.33722446951165,669612097.5866593
2019-01-07,157.89050596282368,158.8463758039046,153.4548117539841,153.50203947855738,396703148.50834614
2019-01-08,153.99050179111785,163.1286088172082,153.53711859176093,158.91891294607657,931854319.0048977
2019-01-09,158.95125712693272,160.4352661179064,158.92388611563703,159.86409627636294,521596827.8178397
2019-01-10,159.55254695633204,173.44493979974925,156.05147125380245,168.92511282809204,381055805.6238278
2019-01-11,169.18895669689138,190.49932910925116,167.60978010416818,182.89714919655611,1388565111.3825638
2019-01-12,183.3171832782449,183.85071919286392,178.00621647705898,179.60088856816935,398339121.63959384
2019-01-13,179.15279247553548,180.40515104052255,173.69456171254114,174.02873893808683,546559382.9168094
2019-01-14,173.97896195900674,176.70369638130146,173.10405559610265,176.21867788704537,496133424.016705
2019-01-15,175.116596341181,175.72507357983534,130.81919841404425,149.6329891214858,644403426.1406958
2019-01-16,149.3301373420211,164.53455689160845,148.05517752909682,157.55662514098145,1059690725.2489392
2019-01-17,157.86616233127515,157.88712203486978,145.25414445870896,150.05990109687366,580027218.6399857
2019-01-18,150.35500411425437,158.5054516047398,149.8516242871621,155.54630480007663,365268999.9808327
2019-01-19,155.79619426318783,157.49515716218278,155.7636338083656,157.38341783015503,607236986.8351698
2019-01-20,157.22486260182285,172.75704784933635,156.444116518296,171.57559367207654,573951117.2276266
2019-01-21,170.88520178943443,177.41419518612426,169.69903986232632,177.06634431415685,749877274.6628963
2019-01-22,177.14244347743954,177.68657793658338,172.38968522309463,173.0153262511811,1013049983.9250108
2019-01-23,173.57560148165882,175.21037935638887,171.1170162197093,174.66526435320702,500722935.6120749
2019-01-24,173.9027208172207,201.99030545422056,173.0523376376365,191.40786822402904,901076348.1132377
2019-01-25,190.90364833351572,214.90744873313182,188.41902378403725,210.88830555283573,964504720.017141
2019-01-26,211.30426682813467,220.51608092247983,210.74959454103072,216.6977813356678,612615914.6238943
2019-01-27,216.82404276537014,219.0014813500215,216.23202420296815,217.95709446157207,577496260.1299505
2019-01-28,218.30926458251093,218.66178960160647,216.6837310034384,218.48334512961176,473382628.71656746
2019-01-29,218.0699816139819,226.39721494167287,217.99688337980146,224.85020618472137,431138602.21922547
2019-01-30,224.7208879768906,225.85723561710418,217.40381023022326,219.19607737016693,771903219.0292827
2019-01-31,219.54429532470468,220.15536747093515,218.35387721809767,220.08083028352542,305160263.6058024
2019-02-01,219.87219776561363,227.9993023414573,217.62931813922992,227.6766125101599,570323980.2061894
2019-02-02,228.00254721157708,231.99782374138607,226.37954211225508,231.48919991596975,484196537.24249035
2019-02-03,230.47293480936705,230.6909773533729,228.88633788350336,230.21012443818285,845201320.8616675
2019-02-04,230.93569507862273,234.97566374090852,230.54949956731988,233.3437341668332,582171449.5522217
2019-02-05,233.19083470843628,234.2090105017376,214.4990097875439,217.19492220579892,461359972.1269214
2019-02-06,217.18815742196296,219.1029608193053,217.05044446720572,218.6982068312855,548948204.9710709
2019-02-07,219.2343321527883,236.24385760366087,219.09546091003003,233.68498887312765,809872183.383718
2019-02-08,233.36654520338652,234.38313504033238,231.29913694735964,231.64075832053157,401778988.1324325
2019-02-09,231.0661300075626,246.3294436596454,230.4499537260216,241.60814104781088,801442346.2794628
2019-02-10,241.45435963457547,246.0591930452566,240.17569247228724,240.56713128604565,267043615.80049244
2019-02-11,240.16987811245244,255.11528587907497,231.32810166901032,254.55192410409848,1388409148.495113
2019-02-12,255.12804016509665,255.3637817493525,252.51970412011923,252.95057734748016,577723159.5161132
2019-02-13,252.8414509543648,259.9408458916218,251.0996947770593,259.39245734430574,869147450.4074703
2019-02-14,258.9339200911405,259.6453156228951,227.75331317909948,244.8239133098399,358400515.3114371
2019-02-15,244.4622129449968,258.1994155247098,242.40176142919958,257.5595994763764,265589748.05178097
2019-02-16,257.2464010717685,265.5826211677122,256.79993373471905,263.81776451995233,611012386.3872372
2019-02-17,262.99626747805956,265.6338178162164,252.1289726274526,255.80163413655674,805440626.6476523
2019-02-18,255.08901666415122,255.3825745332957,251.52572181388786,251.85718686925517,206570122.7173674
2019-02-19,252.131026792144,254.68817689607863,243.90989252020435,244.04228915731596,417159168.5371864
2019-02-20,243.76699449444132,245.66640814308036,229.3895487784405,235.32230693590452,764666033.0218775
2019-02-21,233.35236479948674,263.41492702697184,223.59522010717927,258.2261316422628,449422618.71675044
2019-02-22,257.80377966167737,259.4699883808172,237.68969829945667,239.0264700456694,990999458.2333782
2019-02-23,238.27734827242983,238.61819133208724,232.65204499577064,233.28140987265726,462849598.2938349
2019-02-24,233.28690640334003,236.29145753696224,228.4437717236502,230.2307842752739,214908886.24934265
2019-02-25,229.63201344795633,231.50693720456727,215.04151186398335,216.27690102595176,471767551.4321337
2019-02-26,217.12873460193006,217.9895310835389,216.82413206016074,217.51228153233518,807155481.2818773
2019-02-27,217.089965409246,224.3178012479404,216.30791486359445,224.27545170139652,276342072.63849324
2019-02-28,224.60628322652028,225.16077063833728,222.0984425075489,222.2089218163905,917083724.0524061
2019-03-01,223.58659571937463,226.5604604814541,223.52203720810184,224.50493115417368,518278456.7837138
2019-03-02,224.63937807186932,228.27408101885788,224.38826699334902,227.5194770176409,964759645.338764
2019-03-03,227.67427085001137,228.00597633541878,218.771226146935,221.58241954519764,336922180.566262
2019-03-04,221.25862500877165,226.84078163385814,218.99291417912707,225.03245854507614,362804465.23337376
2019-03-05,225.06951085971033,225.09030992301788,224.38078264684665,224.638589921855,489016004.9765887
2019-03-06,225.3979350576385,225.48074337848817,222.26165899352972,222.86742711447627,243069343.84969613
2019-03-07,222.47783247791656,222.56095202110194,222.15203094018088,222.42341288657138,996249835.9674757
2019-03-08,222.48768299310026,229.03417169637575,218.495710956386,228.75536659533844,366770753.5233126
2019-03-09,228.52092178117513,243.9643628592755,227.6923787427366,240.3209653117919,357841314.2265054
2019-03-10,241.03905196840518,248.5902890995695,238.9653643883818,244.5183018473821,564034876.0283717
2019-03-11,245.56846719976522,252.96868742185188,244.31598183521058,250.4500948169668,428833747.5711606
2019-03-12,251.0709869904847,273.91828934505645,247.0170819083109,268.0092523544394,404933953.389959
2019-03-13,266.8534802088304,271.35753721585206,266.83113479731253,271.10545885715106,240064338.33481678
2019-03-14,271.78904527970866,275.9673802497631,271.73679654260053,275.17467227501356,341728239.5233873
2019-03-15,275.8982393297097,277.4157259539037,267.16020603020166,267.805669118634,344198461.27433306
2019-03-16,267.51311931746886,269.8461874216907,257.0896672214948,257.2714972545692,655484928.8619112
2019-03-17,257.45719111655234,270.9921496534247,226.62036027502828,270.8679261455399,575286261.7855834
2019-03-18,271.64708391066364,272.41100001641695,259.7660626051372,264.53513169518504,1153093839.8746214
2019-03-19,264.45831261870546,265.2566504339957,262.21944418475334,262.7687688371829,422350636.9377138
2019-03-20,262.75145102763435,272.76399400858105,261.379020399674,272.1915916908169,999018791.2263592
2019-03-21,271.5829474583087,272.8100670119995,271.3747876195232,272.54661291221214,529554025.6380308
2019-03-22,272.96310071011436,277.0140286345039,242.31834562156223,252.85054691281658,688722911.2788938
2019-03-23,252.95275970910842,253.50543401331984,242.95960227037068,247.2479535657494,319962733.26541215
2019-03-24,247.7337996554789,259.0397521405744,246.44683139088565,255.7047655947043,1720665151.1312609
2019-03-25,254.2695713807422,255.914001524789,248.17818519905893,249.99382027268666,538365910.4043707
2019-03-26,250.71910497409462,254.92294350864543,249.17085778460307,253.33967667378514,540055502.2737062
2019-03-27,253.9768328867192,257.2515226885373,232.2982467807842,235.83925547378573,1013717157.1015075
2019-03-28,236.40705400719838,236.8324964290292,232.23126075031536,232.6877220904695,539938824.5288708
2019-03-29,231.78677908613003,236.79951819488747,228.9332356559957,235.39403053822483,276043246.98633516
2019-03-30,234.82478894830854,244.89398744366022,180.4581069648132,186.40426795554495,810049649.9491173
2019-03-31,185.48164331125622,203.6990819428123,183.4763424817858,197.06932019418232,717448253.0292996
2019-04-01,196.97242922499527,201.77923727512695,196.54264713265167,200.7095555616637,190512429.8191673
2019-04-02,200.77554780449697,206.87644967268386,200.53002102582388,204.74560292011546,466790651.97242004
2019-04-03,206.10353125205725,213.55075587749187,204.78381997984332,212.1650382959008,199093718.6824683
2019-04-04,211.2240208093593,213.45751666176204,206.451423958208,209.15484250607952,621545739.805217
2019-04-05,209.63405428099207,210.65185921110555,209.46790803209078,210.5298581023131,552020816.1719687
2019-04-06,210.0385332680866,210.5425078962154,198.46436570300105,203.14132441187942,576074871.5874417
2019-04-07,203.2236080161983,209.96234953285753,201.61407792400885,207.86650171208285,639406946.128977
2019-04-08,208.04697286821053,222.89843144366208,207.90144342795688,215.59234665943268,686298116.8507395
2019-04-09,215.76692241461595,238.3071890880932,214.77774548803407,227.1382175250197,469617957.88549805
2019-04-10,227.003802818116,228.87059947235988,226.74207140253313,227.91246871396535,268206853.28384027
2019-04-11,227.97283509108394,229.9438501979592,227.88498381498016,228.8984703446326,231954590.1763264
2019-04-12,229.28362650363047,229.35276102602572,216.3585183475065,221.75425479034058,869619982.9177146
2019-04-13,222.51541527066914,223.37275743219323,206.23194896671674,207.43047062006985,396640097.73454714
2019-04-14,207.21346443497706,209.62133267189157,194.849312583348,195.45652513743931,354639393.1041091
2019-04-15,195.5465939653813,203.96532473611003,195.22230954623893,199.55468549791198,523919852.41237193
2019-04-16,200.16215497030856,218.5778324348784,196.849600481927,212.23312605896427,259516072.44047958
2019-04-17,212.6470830913008,215.195814110173,199.5232651706563,203.54850054261408,516757324.1309651
2019-04-18,203.70152832822905,211.7802687893903,198.79523320911824,208.45489734628,502117253.9451435
2019-04-19,209.0868720332056,209.86477013001928,209.0513501868063,209.62908526329778,346514346.0543249
2019-04-20,208.55205421527825,208.67661327374196,202.74184677711287,203.27603448553603,410324563.08563364
2019-04-21,203.70794896865735,203.72512429124467,200.70323580609758,202.30439063755367,749721526.0428733
2019-04-22,203.04142804792644,205.51911410144137,185.57349823742908,193.00718884032037,213945766.69781443
2019-04-23,192.34696961031952,192.71781519620612,191.53144071824346,191.6098526027384,313665730.8438131
2019-04-24,191.28312903940113,195.07840222122772,190.95832580046525,191.827072115473,168235107.33101714
2019-04-25,192.231128682984,198.9692504414963,192.1140614544286,197.01437356227788,477718759.7845647
2019-04-26,195.7316959754524,220.4521327022972,194.2645705715961,213.2590690276127,663155816.9186203
2019-04-27,213.34067098175888,217.22239924493925,207.1465184251302,208.1567871022475,541811947.5109806
2019-04-28,208.82081793536284,218.0752045479031,206.3412049748408,216.05972175769548,822959256.1666481
2019-04-29,217.07724825246447,229.2111976796532,216.70852665580801,223.39008213642254,242488022.23198667
2019-04-30,223.7339019446831,238.86377459616872,214.95996228590926,233.48727777307028,934719745.8192941
2019-05-01,232.99721724181686,243.16185159022106,229.92863272653676,240.5068975683534,1563966383.290822
2019-05-02,241.43513021410894,242.66171780480872,230.7852567383548,233.38676702253377,829301896.2642505
2019-05-03,233.19172182159386,251.34460090862265,231.81737299371466,242.00710564881305,763250879.2766367
2019-05-04,241.2323537216585,261.10401835668165,238.18993746975403,256.57914538734934,773040548.767437
2019-05-05,255.56599008788768,278.20374278536036,248.66740113792372,270.744272930801,820677489.5165602
2019-05-06,269.7656583721052,271.1666014339709,260.4538073620163,267.0531503051029,179252069.04179215
2019-05-07,267.72812460016587,291.65402488342426,267.17373532241805,287.76555933786943,503745097.4700482
2019-05-08,287.1599489267506,287.1733429423682,286.1145811338152,286.15731527946645,790466720.845432
2019-05-09,284.981401028768,289.9437477971514,266.8363843637524,272.8380723768167,335265361.72274685
2019-05-10,272.09328178465717,272.2290283740769,270.91159227736125,271.90586797096745,769367810.9193251
2019-05-11,271.5929589598353,272.38577384895336,264.98495312670224,267.459806790862,494200654.2774818
2019-05-12,267.0970269458801,272.53248329977697,266.59636259686783,271.91551899940794,449729606.4272463
2019-05-13,271.44799727353694,286.64614011391683,270.3751726143599,278.2608616622852,472119552.1040693
2019-05-14,278.1155951533192,304.4338293769448,272.33401056576287,300.2095562600199,602083413.932992
2019-05-15,300.98378819466495,305.2956108003184,297.99975428766226,304.33923327232515,1033887179.4462478
2019-05-16,304.2264860958317,304.29079400551433,298.12521227372775,298.8966624721471,1413212795.922696
2019-05-17,298.73676464816475,299.1229715567821,289.7860986872168,290.976602527532,254271113.84141025
2019-05-18,291.1366990821856,295.6164829033287,275.8680827505844,279.94230794401443,950895097.1812463
2019-05-19,279.1191479887167,280.485329577411,260.70227182634875,265.474323702747,354194633.55132204
2019-05-20,265.37214476802177,269.90201508920467,248.128061810092,258.3197099149385,906900350.995787
2019-05-21,259.4606105518679,270.39496860283975,254.63014549389175,270.25768326691673,510038030.8848635
2019-05-22,272.65639381778135,273.4758604160646,266.79314087144235,267.0301139153263,486259825.1958551
2019-05-23,267.83616644978963,274.12933327056044,267.59595114301226,271.2596222404706,753162875.0495183
2019-05-24,272.00966370289314,273.9406713817541,270.31636108233005,270.5015510707995,196885743.9910173
2019-05-25,272.03013881101214,276.7367541153316,266.0895888624187,266.84051631620014,723472554.7380955
2019-05-26,268.5187131691944,272.58897179561995,244.01115023504414,245.95362079748358,730133340.3765645
2019-05-27,247.0754703830343,248.0439400772222,236.51056568620064,237.05230846893946,379639046.72255373
2019-05-28,236.24229011816115,247.2669414588682,234.97038713066354,245.63486693758418,395470493.7731625
2019-05-29,244.39914274848863,260.6610870564806,243.37797317003475,254.55209010315167,313969240.19049525
2019-05-30,254.69933996522167,257.1310355218471,244.2482477315313,246.10044183184473,572190647.186822
2019-05-31,245.80963662492434,246.89568332211357,226.13513034222413,232.97990280779564,531530121.67346877
2019-06-01,232.8567743493877,236.78452391444745,219.74851626756245,223.06676066473185,1427122155.8027604
2019-06-02,222.663541496139,228.34327079925666,196.1735551812324,208.3929446775223,1130238360.6302927
2019-06-03,208.27522366232895,210.34278262111533,208.14837456178822,209.9997980115283,494894992.9321711
2019-06-04,210.19569364835922,216.53835998090915,189.69766344706144,190.31869526030363,555145902.9531783
2019-06-05,189.65440193175942,189.83765207561234,177.10686586067138,179.7504415087728,1396633933.4854553
2019-06-06,179.64031994093185,184.39888158861666,172.48468324526283,175.759235523978,399906351.00080633
2019-06-07,175.25993996098666,180.4480693529963,173.72536079723383,179.34877077834423,450940935.5804703
2019-06-08,179.44738400293127,179.822189860261,161.49246798795977,166.57870386519912,366802511.8288418
2019-06-09,166.98637883563924,171.42303599182208,166.21579604383027,170.0276523874332,655440360.3299683
2019-06-10,170.16882968453416,173.98292003736915,156.77612682279144,158.51163832798898,819280946.961998
2019-06-11,158.91587148840318,164.51875051585444,158.82455403555429,163.6022931943482,378887303.0428363
2019-06-12,163.40147496208,164.67931967017088,161.3584194965362,161.41956793772894,386231318.5721359
2019-06-13,161.1438671025474,161.54247267136145,154.48433366062147,155.02874321032652,398736976.650626
2019-06-14,154.4107842830791,162.27876253930847,151.76103953996562,160.84053950453617,767510526.1468961
2019-06-15,161.29489557672264,162.49584935081572,157.41889100637866,158.2165531709073,434421471.6916535
2019-06-16,158.39302193193484,162.98401525710366,158.34721423802375,162.21147194826258,644564888.7748004
2019-06-17,161.88232372564073,164.88119362716355,153.83011681475668,155.92438180716556,641554211.2045254
2019-06-18,155.88264456183816,159.54183053534203,155.75215093025798,159.4470851499654,279380664.91548765
2019-06-19,159.5435046746219,160.98437634970418,159.1735239430449,159.56403855421098,509899915.17918175
2019-06-20,159.50341990152225,162.46977962752226,153.48857197448623,154.73082416747462,494036308.568432
2019-06-21,155.20731057383892,157.73682680972155,152.92555105420783,156.50962585260507,345250294.4624312
2019-06-22,156.7906894875282,160.2022165295388,155.7705874182232,159.7808377244122,1540966219.4272618
2019-06-23,158.4934058012474,165.79897848936372,157.6486627208088,165.6049494999799,572531676.4463015
2019-06-24,165.40222457751082,169.12946902389282,165.37231829247114,165.9460142905403,775870974.3240883
2019-06-25,166.16064809974878,182.58095692599832,164.28169863574286,180.35039065386457,483864269.62902457
2019-06-26,180.32804746624802,184.12647236032188,179.97001312701985,184.1214310209759,654836187.6358972
2019-06-27,184.22055461060887,196.5785610931706,183.65253699070493,195.3083853183203,775566146.2391928
2019-06-28,195.22792927668578,201.05646825706685,195.07850638408337,198.61233753368307,591209079.4241834
2019-06-29,197.89502664238302,198.28425833433573,194.36288443531137,197.45643236469832,570509648.0549765
2019-07-01,197.2604000738471,201.39888751693272,189.98615516039945,191.46732915282436,313905528.60456276
2019-07-02,191.55178550748298,195.52021883925272,189.48000653613667,195.42678544762856,431725750.43284625
2019-07-03,195.73062376585676,195.97072544939763,194.81712828138137,195.0753184576182,172072257.87857267
2019-07-04,195.5048038816708,198.76339334623046,195.4897547389212,197.05041985474327,826478135.939294
2019-07-05,197.2034500610498,201.3473688326453,197.08632660503784,200.91749200979984,337606761.6158891
2019-07-06,201.49379137632502,204.70247354773113,188.00508856585316,190.96644861744545,1955790148.6169918
2019-07-07,190.80369731775767,193.14592157778407,183.1723899650249,183.62775440385764,913638542.2219894
2019-07-08,182.96511135376932,184.8806208311905,177.01509056392206,179.61360923623613,548837307.3008987
2019-07-09,179.80644592388242,180.2613630165314,177.28546994323526,177.4094598000824,525157723.2282903
2019-07-10,176.47123190232733,181.0869642308325,175.67586644118225,179.9915686983743,504601798.58839375
2019-07-11,179.83773096181721,180.0643096415713,176.96456646555274,177.8505082299631,260911365.87987655
2019-07-12,178.1324403666733,180.6706153116936,178.09702117703966,180.50599848615175,492889666.6362916
2019-07-13,182.30536270285614,182.35212745379258,180.46782989549948,180.6592228088215,303219166.91768926
2019-07-14,180.4354302305765,182.62955174864987,178.76217824242605,181.08926879424155,1135749853.261234
2019-07-15,179.9081915808624,182.20722976350973,177.1990041986992,179.18124499781047,1798860477.1387713
2019-07-16,179.20225371973586,181.49409060425788,178.72895383948244,180.84304013476134,560367615.6722853
2019-07-17,180.67474186548307,180.88653922743862,172.26099836771087,172.45592074241344,885554191.6557487
2019-07-18,172.17683789707615,172.6808007518519,170.12122622330978,170.21976518230102,519346931.80511546
2019-07-19,170.11578112916257,171.00155498114873,145.35116635622788,157.01328161085672,924750325.4170651
2019-07-20,156.93202713181114,165.80267011839595,155.06292740341777,164.50848101043525,491753149.2002955
2019-07-21,164.43064305657487,173.31172694931908,152.88382743936856,155.09099462743464,298922918.6601327
2019-07-22,154.65069374829721,155.86330163492062,153.99848521155093,155.76182377352467,398068673.86118567
2019-07-23,156.3798653035507,165.35926582853963,156.11063899630705,162.48753326543184,330490926.4435146
2019-07-24,162.48348861943336,163.92973955206043,162.42262987743155,163.5911361381306,1291841039.1978269
2019-07-25,164.75719882062924,167.92959418678078,162.48143234320077,162.94903427282617,171876466.24562708
2019-07-26,163.05841868547037,190.45889798963813,160.75826679378943,174.31496579535641,465927141.8125338
2019-07-27,175.20118018073885,175.4840361715551,171.62691176970063,172.98605504017897,289346059.4455599
2019-07-28,173.2944581587108,174.47864985106787,168.14697782602795,168.63860584558256,951864102.6600213
2019-07-29,168.5245496185306,170.46786650838396,166.37861390852305,169.7619089440046,480141456.76839
2019-07-30,170.16187528539757,170.27470163812387,165.62182769696065,166.46193749098916,835878687.9107573
2019-07-31,166.2608579125257,166.74058501769943,160.360506447893,161.27993250398598,492903384.634042
2019-08-01,161.0659471708081,161.72734223797264,149.61886065623386,153.05002713672644,223914154.33918244
2019-08-02,152.9712631534872,156.75186117684865,151.24580729315002,156.55753567714007,714552830.495919
2019-08-03,157.1507249037664,157.87974743727867,153.49953550865686,154.13215455448798,832528998.416203
2019-08-04,154.2684404970562,154.7815201398427,150.8545626580292,151.94113222600168,352076893.7298361
2019-08-05,151.77901404781832,152.40946365121468,140.41561802921163,142.4052569581011,614620214.1573874
2019-08-06,142.81560169720876,152.4338517431571,140.18197841741807,150.16410834986095,1355127524.7438705
2019-08-07,150.14117362165746,155.6697003296953,145.70086216906267,146.14395304052985,1465152569.75652
2019-08-08,146.5200545417047,147.64206977203963,143.25824863927778,144.0881605864753,655137933.3999363
2019-08-09,143.72585885419684,143.97626035941605,133.74031358767024,139.79399750268254,433989574.9929308
2019-08-10,140.19468279541806,140.20127101154353,137.56098679329318,137.98435752759667,813160778.0069988
2019-08-11,138.1477256328164,138.91192566496866,133.52561740851942,133.72706895297478,720784993.4778545
2019-08-12,132.70980574534966,132.8580358945304,131.26478380703062,131.76096016671409,525850177.9057771
2019-08-13,131.8453970078951,133.89058003568854,131.607381457976,133.39619915703543,417848058.0586835
2019-08-14,133.1436710361992,135.77638884111025,132.39735792496825,134.68442348800875,690888218.7743845
2019-08-15,134.81639877633526,134.8385837706036,134.72105403183497,134.75654955403465,316339569.32145053
2019-08-16,134.77129185726835,135.0160409957393,134.2531154855022,134.25498579410052,815162928.261802
2019-08-17,133.969064157867,135.11631574661544,131.92036471273138,133.14759298875106,565264403.8407733
2019-08-18,133.25766761247417,134.8899148451162,132.89035503756583,134.01296070752556,395402327.666873
2019-08-19,134.55793962506124,136.0854736072355,127.64563988295077,128.29992020855568,1041122790.54603
2019-08-20,127.77786418572389,127.85828428726177,126.12875637240556,127.50623472575198,835598421.0077903
2019-08-21,127.44804419438591,131.321524375183,126.9136457949892,129.23248189598496,355657941.3867755
2019-08-22,129.71110023063187,131.4705171488681,123.58118196692526,124.03444735998934,1007554865.3805611
2019-08-23,123.90093140692639,126.65373313785128,123.80610289681601,125.72186503654291,249442740.6994352
2019-08-24,126.2372786503385,126.5218151221867,122.760682692262,125.5862557242088,230907433.71675137
2019-08-25,125.19646385479368,132.09400263902157,124.95198220208141,131.26660588941132,1033270206.2857178
2019-08-26,131.35524564864494,132.17255163483173,127.38239917382626,128.97888831330587,272776799.9818591
2019-08-27,128.4682162884217,138.69602659740337,127.86660673767943,137.92134225549742,2631174742.515831
2019-08-28,137.6166120554614,137.9473200084304,134.20970519021213,136.2068225406072,425152257.9971217
2019-08-29,136.95986393113552,141.4018189984606,135.84628313566074,139.47801170265072,454723604.89812636
2019-08-30,139.84874930994303,139.9871930648207,133.94915985026262,135.67131734427886,690825573.0019329
2019-08-31,135.4175020524143,135.59966532680647,135.39307880664006,135.55402672892228,550010446.8320905
2019-09-01,135.84550083285512,136.88041108413194,135.0294441199227,136.6971294965328,857299034.6823367
2019-09-02,136.40776042642418,139.60614861801764,136.3947327537491,138.4973348443318,486663138.2376706
2019-09-03,137.34701771575627,145.2082875886851,125.38986620367085,127.2397699917747,583134970.1574792
2019-09-04,126.87705826652042,129.82457130811773,126.71620936756037,128.9997990462083,271386391.36680657
2019-09-05,129.00131482439437,131.84611779517658,126.8133934413727,131.68109390501775,786766732.4176697
2019-09-06,131.2565687886257,137.9231741392931,130.59722477732032,137.02759140557555,428486789.16620326
2019-09-07,137.5834710684507,137.75392981673673,136.59896266338404,136.7120220801551,402912990.3839386
2019-09-08,136.43328348704097,136.58089431784217,135.51322793823203,136.0352913197829,780887339.4777825
2019-09-09,136.03142029721437,159.43745834230074,132.2157514634775,153.10710962084724,374372811.8569129
2019-09-10,152.65615320400178,177.64013283616308,147.98133697963317,164.2729037859534,813214922.6830696
2019-09-11,164.33281822288734,164.67032971519177,136.0507514702221,148.48620405410497,675470328.7922353
2019-09-12,148.5561196463458,149.13325843640393,140.15611926018468,143.0320952880439,537399334.096304
2019-09-13,142.3650191653699,142.5970019428114,140.27635459421353,140.7658088947969,501332306.0964504
2019-09-14,141.9139459479451,141.91718844795906,136.6111698395431,137.34494632065775,459546248.2453546
2019-09-15,137.72539516771724,137.8587364526409,135.97938303985214,136.09218122965746,282369831.02448124
2019-09-16,136.7943461335593,137.7322064323773,133.03882832527725,133.80055934090296,642053649.619405
2019-09-17,134.06414458015473,140.51196058754147,133.7273422089275,137.76995589677318,683813034.1779882
2019-09-18,138.05024556101944,139.80733712094553,130.4508233617277,131.1622694520844,1245489249.4806337
2019-09-19,131.40209477660235,132.52699554642842,121.78554440087467,124.47167239088434,807940200.3835647
2019-09-20,124.4991510461037,125.19105892300102,122.21429124722262,122.92066295090568,429974625.2825146
2019-09-21,122.7370255751144,125.15131215857639,120.8651857820407,124.93570034833215,792033542.9288238
2019-09-22,125.38670136665111,128.09196415548,121.08931341448096,121.60393323511339,1091396359.093377
2019-09-23,122.44478158039742,122.46830553902488,119.57151735885617,120.44832296617255,170466163.1363962
2019-09-24,119.81593118759726,133.20299516943302,118.33343173637434,123.54484292553562,917936213.7132014
2019-09-25,123.36475435804891,123.86776612852456,121.24465098427463,122.50747638129904,442296924.197878
2019-09-26,122.47250051166301,123.66198067771664,122.18370596411427,123.54011442822937,1060262937.3684095
2019-09-27,124.01452748838818,126.47417369267059,118.45251174877552,120.05816677514302,766968774.2578244
2019-09-28,119.38739829731874,127.97717277827893,118.37653775468995,127.13282188374053,674392118.1428177
2019-09-29,127.68894701008132,129.28904844413063,127.5258248912312,128.47174567016484,180343053.47205988
2019-09-30,128.85908429458425,130.69744080229373,128.15424065297083,130.25646862401433,1952073843.0123785
2019-10-01,130.73712365655274,133.2525150237968,125.21094630651056,126.11014812626696,856379452.3779976
2019-10-02,125.85288825368431,127.83267029300843,125.72456862852663,127.44643803958984,810026591.9931328
2019-10-03,126.94795928560524,134.2072706164739,125.85001136928229,134.1570051378967,948517964.7619319
2019-10-04,134.37474557959385,134.40588690377083,125.37214449974223,125.5126653041934,598143950.7867608
2019-10-05,125.3169421331565,125.45143028190549,122.97169405004463,123.00671084032496,554785528.1138449
2019-10-06,122.84846549713548,131.68556688136175,122.28797927642326,129.76840307958312,470088086.6919383
2019-10-07,130.0625793228143,130.0782401439852,129.81969322233172,129.91488067416498,353624473.738192
2019-10-08,130.834381586601,132.25145055154402,126.02521534406299,128.04356381440755,472191634.4972607
2019-10-09,128.75863979006579,131.74900393018035,125.21214841729152,130.81664624429624,495554180.9572238
2019-10-10,130.20730511596523,130.4201623415063,127.88171339854807,127.97397465399423,634699603.8066826
2019-10-11,128.00182222152918,131.3614519725327,127.27470594147339,130.62213194333302,931236675.5951649
2019-10-12,130.36199239769527,133.44149360575602,129.89095340448293,132.24030714459684,289417290.35442746
2019-10-13,132.31918386784326,133.0124710606543,130.9538864777134,131.40795237316217,630284844.451833
2019-10-14,131.2120322584712,133.88307413822818,128.74899364196918,133.74372093977112,693428362.7331675
2019-10-15,133.50988792533332,134.1518358206812,122.26589497105493,125.3324877070406,859641966.9293406
2019-10-16,125.07887588846964,130.87549950400148,124.78154731375277,130.5756850904929,506460111.58642304
2019-10-17,129.99897314631312,130.63819077884747,123.11408766574283,125.19541022522972,974349230.0503515
2019-10-18,125.04643002268533,126.89760713506442,124.64040771218082,126.69294907245094,604093620.2605945
2019-10-19,127.10446979713842,128.46948231565926,99.02989759155108,119.21502086421222,581007820.1341181
2019-10-20,119.41110614287929,122.348980445825,118.60295172540725,121.9010662650894,723760280.953642
2019-10-21,121.58047923977503,127.0878629276548,121.53032292065362,125.5329737188392,185279575.76923537
2019-10-22,125.78984694811386,126.28728225327141,124.26488120137958,124.78842440729332,868597958.5956168
2019-10-23,124.38253103897786,124.39971078846632,122.7248565361929,123.12250722013067,710158552.3406956
2019-10-24,123.45163833565616,124.93572983618324,122.09657010567095,124.67493175808329,547431310.2291439
2019-10-25,124.96216369656823,125.11774602175552,124.24676939469047,124.74248952439316,506743532.88532645
2019-10-26,125.15906823006168,125.43633277175108,115.38796934055709,117.28024250475387,189848254.0178723
2019-10-27,117.56249068062304,118.5860953244751,117.35201519393623,118.50750931518026,1003305378.6434323
2019-10-28,118.29339911441376,118.34899748014898,113.29738286731866,116.17818230821612,813074493.4952503
2019-10-29,115.6501337656711,117.01299429290191,98.34878286140712,107.8333395840146,507929624.2127816
2019-10-30,107.84085155480311,108.46960855166154,98.23462450227893,100.45663668967617,621165346.6209451
2019-10-31,100.49401120648969,101.38728401276396,95.34702244424696,96.47187637271834,373210585.3613199
2019-11-01,96.83082807694497,99.62970659749794,96.75130864483616,99.12274763346986,368201067.5444624
2019-11-02,98.77865900384313,99.01013338519009,96.16341286824462,97.12211361610363,652064519.3997806
2019-11-03,97.27219612064134,97.51226248077084,96.36986672250104,96.5380125889039,757909871.6017185
2019-11-04,96.57766949918184,96.64963356342165,95.6852046821318,95.74686632440824,657344100.3494123
2019-11-05,96.44098369606829,100.0003576111479,95.31706643859717,99.72555584976647,530629305.36129713
2019-11-06,99.31682102442667,99.88864664428597,95.46199517790257,96.54496073427417,432746463.49707127
2019-11-07,96.8868996995657,97.27242877242038,95.98473710201412,96.34752685341317,886437649.3640168
2019-11-08,95.94505992990283,96.68518854851493,95.93965310024133,96.56338431953886,1663926882.5959816
2019-11-09,96.40927366694245,96.5983107658473,96.39684916888156,96.58493743230345,1058194129.6709008
2019-11-10,96.64749892488084,97.39338489109218,94.49321609343683,95.5362076780837,773619240.298011
2019-11-11,95.78411774969706,97.77082903903218,89.88516029300534,91.99442292568975,461655836.9062136
2019-11-12,91.58642437403815,97.54464956708314,88.86809107328799,96.38544856535849,321904923.34300715
2019-11-13,96.09316063297013,97.39025482980755,91.39813461515067,92.67258868902493,302949839.5285955
2019-11-14,92.19440586781393,92.34187456524982,89.93166658015149,90.84820752460882,417356914.34286064
2019-11-15,90.59336516696493,92.21606408133326,90.30592556036676,92.01906886005425,287567508.37699723
2019-11-16,92.34107700732108,92.40123802351819,92.10203895167535,92.1642059507691,424462810.3016801
2019-11-17,91.7707905750812,92.09643952950809,85.00459228054969,89.16474048731817,698273623.4188784
2019-11-18,89.20571757629409,92.28060304358789,87.69819659039122,91.40764755574895,644271376.2253246
2019-11-19,91.30805109785697,91.94881322332937,91.19371037469442,91.62876623920461,602978228.2938613
2019-11-20,92.0157901992289,95.54018881739749,82.30868594387611,85.73855108973237,580090365.583777
2019-11-21,85.95891340536346,86.00819156461583,80.96011831928759,81.35939828213162,682234674.3207674
2019-11-22,81.52247042441792,82.98358908940428,81.41055998953603,82.41908027311625,702858849.5313966
2019-11-23,82.55188063273364,84.40279166822413,80.97002196713662,84.2105113404145,332026988.3197745
2019-11-24,84.30637809281927,87.28580169581754,83.60841450738378,87.11264133049218,652952106.3147244
2019-11-25,87.00337820568774,87.09493647215976,79.65725730970317,82.51473121043911,417137055.1124977
2019-11-26,82.575903641654,84.93530587665232,81.83948605838171,84.80212967755067,529708622.3864293
2019-11-27,85.19195524904727,85.1943318856571,78.43639242208607,78.78089417936597,1857361440.3610806
2019-11-28,78.50436908355245,82.34766550156937,78.22936740355922,81.16212180809876,1267196807.6562593
2019-11-29,81.06142659922872,84.93776318073529,79.68073159307409,83.50152531033434,1020616193.1783066
2019-11-30,83.27583101816461,84.6845115427969,76.5241451448324,77.8193120265759,512602834.4098617
2019-12-01,77.74575290860449,78.80654133319982,72.48660028769218,74.64838958795144,748073385.4853003
2019-12-02,74.50286829122585,74.88610592302916,74.50065553361027,74.84995860051637,1000827769.5334969
2019-12-03,75.29771890347317,75.41671171610697,74.49816188033999,74.6520446716955,346451700.2634954
2019-12-04,74.7580050698834,78.06057737866381,74.58972479667672,77.19233819482686,403462065.7158133
2019-12-05,76.97834945719974,80.52638754903775,76.71033242265996,78.94737056104238,613202514.421462
2019-12-06,78.8951066531177,79.3700957292936,78.67239653813044,78.77007519052076,605613697.0739456
2019-12-07,78.8920758581379,80.6391140331812,78.65974039032744,79.94575007587194,464437866.1243132
2019-12-08,80.16685736292446,82.2776862029486,79.22166911813258,80.9129443823468,280320996.00703853
2019-12-09,80.25433717460703,81.31792666156544,80.01927049909116,81.29010313471034,226298310.97569197
2019-12-10,81.36994896462832,90.69102099692269,79.17799713110645,86.80049497419354,234515712.4907419
2019-12-11,86.63915516404926,87.29526884465434,84.36318121111643,85.38671946724362,312301758.195993
2019-12-12,85.40318799352684,86.18909506330644,85.17327246409377,86.13057800343176,510016956.5217281
2019-12-13,86.11844273064882,87.48407349350681,79.5156160754855,81.69103445441371,240172274.33075863
2019-12-14,82.16994598590492,83.43190848707317,78.49450604020325,78.97344234771728,567729563.349845
2019-12-15,79.16245501309513,80.35152979741873,79.01317339333376,80.20077119695856,322018833.6049706
2019-12-16,80.17333321536356,80.40376719516598,78.42256349634673,78.72816065431701,436899193.0249378
2019-12-17,78.50817589359131,82.5608708061746,77.59046682524071,82.41326663298773,604745633.5893067
2019-12-18,82.65461834143852,82.73725429205665,81.88809762283574,82.07233928179015,795951848.2481532
2019-12-19,82.27152452990366,82.37862046219355,74.67220855016963,76.82343242589984,772156702.0565245
2019-12-20,76.53027029181084,77.81074084963387,74.34777803067551,75.63583313112744,276433931.3066266
2019-12-21,75.26243183460475,77.86921222337563,75.02535123836206,77.33385784813679,929660351.908746
2019-12-22,77.71542139392606,81.99191549345854,74.137974349652,80.17958096761578,704556076.3909967
2019-12-23,80.43937380448344,81.71526839817648,80.42666195440783,81.42125028500452,325940067.9111906
2019-12-24,81.40296570656005,82.87575393414726,80.82043639667863,82.55894638026449,1077260489.628971
2019-12-25,82.55986095476477,82.56451542199392,82.49247046924938,82.50571290662484,293754501.5157096
2019-12-26,82.83251664356492,82.91086915221811,80.17621541323085,80.81735928776912,359319281.75913936
2019-12-27,81.04196853012976,81.46449572114078,80.91269445530999,81.4582437129557,290150632.20131844
2019-12-28,81.47478703055135,82.5021826466972,79.3537326093582,79.4722227986701,329866309.57887405
2019-12-29,79.41611004165112,81.85322940161596,79.1822299720679,81.79040478693715,791097024.996852
2019-12-30,81.63852291941299,81.6658487632369,78.7053618238891,79.48615215979802,594130460.8221021
2019-12-31,79.23685385124672,79.38411980133507,73.87439542097641,75.03602584410089,749023869.8797743
2020-01-01,74.9622414956131,75.38988616791406,72.79067890744513,73.65193029638576,412356415.2175871
2020-01-01,73.69142348855381,73.84693644107938,72.91553678708357,72.9246051662991,702892920.273256
2020-01-02,72.89056783024579,75.07357348865702,72.11260801222292,74.81014091793982,344610654.2738043
2020-01-03,75.08035341003357,75.15818644103014,72.25222816228,72.49585349004099,1335873566.5325413
2020-01-04,72.46029073473781,72.73374073486917,71.07776664075934,71.57471638480676,621542097.9221311
2020-01-05,71.44327643989084,76.3179532597947,70.4891320273232,74.6172281064406,591143049.6928326
2020-01-06,74.50886192414234,74.8623524731326,72.60054609891175,73.16058286758164,241725040.9021377
2020-01-07,73.36441295163685,73.60513312166714,72.32871096414512,72.47762876816728,961989948.0205284
2020-01-08,72.75391876158955,73.02102836670569,71.0565634359265,71.25411543340086,811833246.5387042
2020-01-09,71.52468925906452,74.60243724251386,70.63167718983615,74.49514940214581,239932908.3501472
2020-01-10,74.40225276685396,74.43834770322178,72.19759592239005,72.29820308667554,427067222.42544776
2020-01-11,72.59042958102026,72.96054434002278,70.91219170280277,71.26305735353934,1037885873.2379415
2020-01-12,71.39200426046067,71.72655880567146,68.49981620505046,69.23322564511248,619647620.3195091
2020-01-13,69.18669554625237,70.88153034083446,69.17322966885138,70.76219230667225,333311063.3026781
2020-01-14,71.11087756427564,71.50080640810683,68.63526687853694,68.84653655512945,193627884.77346176
2020-01-15,68.9299457986107,72.49192906922379,68.6471457849941,69.87943760663315,1434077529.1887944
2020-01-16,69.92397769285311,70.37256410175911,67.65697581227903,67.8525460447564,436193218.2738325
2020-01-17,67.63648001065691,67.6563909386731,65.06462705558793,65.23031341309733,908143897.9513502
2020-01-18,65.39077347423876,75.46151449996128,63.34781732204762,75.14225356581306,624596457.7868015
2020-01-19,75.39056096715622,75.72003941428473,70.80805582938672,72.30641291304109,791068355.1467041
2020-01-20,72.3678441003791,72.50942853974763,72.27102533628046,72.31434385868829,597012354.4271518
2020-01-21,72.3456999160232,75.76164575665592,71.83219975767008,75.40280063033005,610901622.971168
2020-01-22,75.46308953211081,75.53043542948038,73.98389212781305,74.30377145463169,632690185.9040284
2020-01-23,74.23499872557363,74.35090602499929,73.27702308073818,73.41141529933374,289959036.54253453
2020-01-24,73.14642224929868,74.35343104440534,73.06525758600239,73.96546357815713,171470782.33915338
2020-01-25,73.97366762231219,75.52585787797074,69.67736265498509,70.05195814696081,1084668029.7710989
2020-01-26,70.07765231195599,70.08171629229453,69.96397624299982,70.04849819930537,452539649.79046077
2020-01-27,69.92431494591202,70.694011831335,69.87392094906362,70.6862594029601,400632279.82669914
2020-01-28,70.5913026876153,70.63388847680255,69.71617639292423,69.75506543597558,1479596498.4361472
2020-01-29,69.6329144320876,72.50689414352242,69.31002928428852,71.92905995768042,488570930.7970321
2020-01-30,71.60611673940403,73.18683370505904,67.83592627366417,69.43349433730033,836667838.265676
2020-01-31,69.7707797667267,69.96676171476024,67.40395775018706,67.46260892069196,797004104.1444014
2020-02-01,67.36126632936315,67.5047058051737,62.55411789576241,65.51582871474592,511698612.2160594
2020-02-02,65.62700242008586,70.33832959053545,64.92976525552294,68.03545049555537,435565072.96150804
2020-02-03,68.28876299621707,70.07461838807804,67.84814265961268,69.6194182889625,666105334.6181399
2020-02-04,69.58829921743973,70.78350584419165,65.87314199380931,66.85891075828371,494800059.7374021
2020-02-05,67.04258580364699,67.05534367553801,66.95246935092622,67.0058500125939,481693884.4476754
2020-02-06,66.72292755782098,66.75690533497198,64.70183180649425,65.16499911367289,665988294.0222156
2020-02-07,65.14627337556996,65.31487875903001,60.665905946881814,61.20203177187342,872970910.8761722
2020-02-08,61.058058157987794,62.418183820596255,61.0286607583293,61.87942824932976,783917769.6165282
2020-02-09,61.94410369678101,62.130445528617024,59.75735515781263,60.24647183382956,501539763.36259604
2020-02-10,60.14597136189425,60.89169665604156,60.087229510656414,60.701338114903436,466315232.9983885
2020-02-11,60.56614215259285,61.07614855718705,57.82720500830814,58.40371809827542,888853873.6123788
2020-02-12,58.32368475358087,58.89502703888602,58.27108946102828,58.4615205438172,707639554.5891747
2020-02-13,58.544566808509295,59.81275297944519,58.50558304266851,59.25942167840708,309234827.7371037
2020-02-14,59.173306073304886,62.131233949559615,58.921640500973,61.15787067739102,642579746.0658969
2020-02-15,61.1413753669062,62.78402618800507,60.94485678410646,62.70705687592936,759765808.9486194
2020-02-16,62.64258944935155,62.792870133270526,60.781431221160375,61.4117349268366,341269913.57196987
2020-02-17,61.42849407559022,62.94377018539972,58.557292000889056,58.674523036671964,650935499.9533067
2020-02-18,59.05102921600032,62.22445893977051,58.54083066892805,61.00000811365455,216551727.10957888
2020-02-19,60.97459447278561,61.04672071406963,59.80586220381429,59.894240924775744,469414083.5133768
2020-02-20,59.98125973613224,60.26843751819737,59.779071959730175,60.030420279532756,318622262.4374837
2020-02-21,60.0846223150513,61.07854572667385,59.99721687660632,60.941795173360575,658799411.7049484
2020-02-22,61.30780906309747,61.308914333145566,58.480009103579754,59.179136007215945,652133317.9717588
2020-02-23,59.13037203756371,62.70814818414457,57.559823168331796,61.24914833658511,817049515.4448327
2020-02-24,61.11813693851698,61.137290012893594,61.007470838561474,61.077263663873026,1262293176.0304773
2020-02-25,61.09933865539341,62.90222132727714,60.09659781369292,60.84440017706989,501409010.4707902
2020-02-26,60.84224195078098,60.99749979327539,60.47576473586508,60.87652443041762,342959817.4656752
2020-02-27,60.7959085008333,63.84344467266758,59.94907779481531,62.50590079671793,564737755.8210034
2020-02-28,62.234974953714875,62.36533641158712,59.13135636267655,59.540592018523434,747515707.2285835
2020-02-29,60.006255251943934,60.05943085361394,59.275058032210666,59.38024497297533,445112041.21716446
2020-03-01,59.547663379576214,59.80910661246412,57.94802836697963,58.022773313212184,448942345.0603667
2020-03-02,57.92878214715567,57.95093973195011,53.81239235310293,55.129859902655326,638081375.6222972
2020-03-03,55.300426079986075,55.664713242448286,54.91170268919851,54.97625959030921,1222623424.394304
2020-03-04,55.19139186782586,55.194920802428626,54.54614490007983,54.627317676915645,1234745879.85577
2020-03-05,54.81002039709291,54.99831673441283,54.753318326733115,54.85937752589776,832415713.3981191
2020-03-06,54.777846229510466,54.784217453712145,54.46281559814629,54.586877417901206,978651703.2939297
2020-03-07,54.5902083244863,54.86627394989116,53.69769280177189,53.903995738878365,743563755.0977563
2020-03-08,53.94062471719251,55.27997678976577,53.80941229661794,54.936036353682496,671602872.8234626
2020-03-09,54.916049797490196,54.98863392339078,51.57627830516,53.71994252146325,367281662.23245245
2020-03-10,53.47969898829851,53.88157678823629,53.45893660281433,53.827605230593406,399966765.50216043
2020-03-11,53.87612649134396,54.02065501133203,49.02311630243079,50.374590492495955,627540134.6375673
2020-03-12,50.278500087984156,51.72454333973047,50.155993524213805,51.67723053766383,860481863.6574488
2020-03-13,51.471695114014324,56.68725490581183,50.47443602787272,55.6782889474187,904487656.5704083
2020-03-14,55.610625692447435,55.67939233052816,53.90296516908377,54.132758687532935,442599990.00091535
2020-03-15,53.94434247729993,57.04986012439692,53.32396974698045,56.81501153901808,579215109.6250302
2020-03-15,56.80794400618243,63.71316964803573,55.89057787273958,62.96068615887016,378929103.9579407
2020-03-16,62.778600582993796,68.53485270379959,62.09080674174857,68.32991671099084,841030058.1927842
2020-03-17,68.78026801385325,69.69393056920761,68.76716397390886,69.60440095464755,329205765.1767829
2020-03-18,69.64060924097868,72.9698018551144,69.39749729238005,72.19107100741343,345340883.76123345
2020-03-19,72.17477558381172,73.2898740270195,71.92233242886388,73.2612932942628,561121449.5540894
2020-03-20,73.39421334843391,74.07646213670148,65.78614380422819,68.25216682220099,341373665.8105909
2020-03-21,68.2204864311967,83.44120823366526,66.63458213926914,80.93147131658986,878905826.8611223
2020-03-22,80.71108190204613,85.01257192990838,79.61396783249216,84.85258676510436,369638239.23685324
2020-03-23,84.87836653588154,86.33582403427071,84.70499500945743,86.24898054477123,485432437.150206
2020-03-24,86.71501580760547,97.5921144106294,84.77057189054764,94.15313752989711,327427612.09553695
2020-03-25,93.76709199101447,94.03742983372226,86.82041814601283,87.66034484995207,609149849.4937606
2020-03-26,87.8377795067665,104.73079201243996,84.98550746741181,96.38898059051093,1313043527.093598
2020-03-27,96.05399297087658,97.46304335754233,83.40907329110848,91.2886841167514,979366810.2582414
2020-03-28,91.45037842089577,92.38004215164946,66.26786211609956,71.16953324753366,1358625344.7814198
2020-03-29,71.24808978583654,81.83539486435048,71.23615496602238,75.11110324710029,914200467.9852146
2020-03-30,74.76670988887345,74.82192411287193,65.96531892987714,68.84880229742063,411730004.59366477
2020-03-31,68.90022617487436,69.83567475054012,64.44250433248929,65.30381546770641,663146192.3395404
2020-04-01,65.10139541159396,66.09624371640012,65.06696053668034,65.77745441409705,612654731.4889014
2020-04-02,65.94014048984656,71.88921246235759,65.89051518146624,70.06316696362916,1621474418.590492
2020-04-03,69.8335012751804,79.19311705748744,69.23244481927156,78.8064139558413,712661046.6466155
2020-04-04,78.37759744638655,88.27502516029207,77.09017363614417,87.09811250487105,474627518.15540147
2020-04-05,87.52199077744044,94.0863246351215,87.05420879128712,93.66915141732753,1228323910.999776
2020-04-06,93.72319451424585,103.44207492724038,91.3413758610146,101.63952473774802,613407057.6398907
2020-04-07,102.3431642450949,105.62191756447825,86.89124822400031,94.43975091415551,578527365.2956047
2020-04-08,94.02950724546346,94.12558287772546,87.45458971765062,88.69827870322415,649479482.5467496
2020-04-09,88.67901062324083,90.21275596300993,64.52563389746575,77.10263692186993,860571679.2465224
2020-04-10,76.42403902870744,76.42534464666237,71.54946076192394,72.81894818072524,830401731.3811045
2020-04-11,72.79138538273203,80.33437557369547,63.49220948651747,64.06153035946635,620648657.8616983
2020-04-12,63.99687092076465,65.97925801671045,39.890199746954416,53.36874593489388,629514331.556767
2020-04-13,53.56554166868732,55.033683057187496,49.92185813779393,50.188561013759816,208334814.78241354
2020-04-14,50.14868819384605,50.27261569024349,50.128683568705625,50.27082614687826,376184620.05958366
2020-04-15,50.15534839528506,55.07080151914966,49.229065219341436,54.22916646859996,475107272.18940765
2020-04-16,54.129354951101824,54.6521988397558,52.356915666941795,52.46856769807843,613940798.9383495
2020-04-17,52.92163813507729,53.04772791410785,48.613325909153616,50.49074334712091,598636377.718904
2020-04-18,50.24133818668623,57.169762160836726,39.241507937998776,41.7982754393473,644093849.1496351
2020-04-19,41.900982573469136,41.98908100168593,41.20994321172432,41.47609368230533,638354686.5085065
2020-04-20,41.505231155277265,43.05184276379717,33.24089563817517,35.415940023698106,699082902.8795836
2020-04-21,35.527519625654115,42.25313130613085,34.907698700588405,41.06598943917647,1906604545.0344212
2020-04-22,40.99338736995586,41.673873854626045,39.72672106278394,39.8803265485502,502233377.5563554
2020-04-23,39.78422183780192,40.394131816206325,38.78932939788407,38.86064036750309,934819194.283498
2020-04-24,38.91797256064159,42.76108854230718,38.90427762984863,42.037755099644386,277253602.1035477
2020-04-25,41.99463222185299,42.29040770061938,40.35548744420538,40.654876859823446,756523349.4870707
2020-04-26,40.63058748210427,40.936486494870465,37.02345451400632,37.07423450421677,1383664997.7718382
2020-04-27,37.22680968735628,39.504797910587406,37.11358669518266,38.55572101361732,893896277.4723767
2020-04-28,38.34480869820744,38.43256977434468,32.2979935417065,32.8266134397719,603505229.3331684
2020-05-01,32.92311554087969,33.00623932908349,31.303051316154413,31.834042710973648,267834053.8756017
2020-05-02,31.85418299300168,32.231900035554,30.691819000177418,30.72369949770462,1386773344.110222
2020-05-03,30.680169035778363,30.74823405178849,30.00803920961012,30.238679106093535,1375599766.120275
2020-05-04,30.07224085805436,30.124770114486285,29.824877353669486,30.01178514683596,566033198.3688973
2020-05-05,30.003703837459796,30.0086575217576,29.122877016846317,29.36591022221641,519345404.186444
2020-05-06,29.39741668593536,29.445292581007706,29.189890300245064,29.342431685482275,565282572.9063164
2020-05-07,29.405223275245007,30.75264857641577,29.348685197629607,30.37359871188914,350721546.2968633
2020-05-08,30.399154916857608,33.553137126128995,29.25023401696281,32.33128827251796,536370976.7373953
2020-05-09,32.531946697434044,34.157710741067504,29.742936728874433,30.291079749662106,1769338669.035437
2020-05-10,30.267196565526735,30.464452147033885,29.2115827937792,29.543996955789513,880001411.8560618
2020-05-11,29.42874188738167,30.385069732614777,29.40834236914445,30.075715058477673,550113073.3261443
2020-05-12,30.177915336920602,30.953763647334117,29.788287134518395,30.891840609165886,693960015.8636862
2020-05-13,31.050396926669446,31.06175183882146,30.782181638072505,30.797633056728255,461710676.4863315
2020-05-14,30.70436846038295,32.860776720090286,30.277443072617398,32.316401925331625,514661783.04509616
2020-05-15,32.192702465298645,32.64422159718572,32.09714985458038,32.62060363779027,658712389.925146
2020-05-16,32.70778540130006,32.95672592828855,30.79843611351885,31.193030029273448,761080432.2380875
2020-05-17,31.12104919736204,33.9079191911333,30.959949946562816,32.64459768577316,598109746.9411329
2020-05-18,32.57723426205573,33.89903368956079,30.177540511896318,31.378077384986454,846248213.1793444
2020-05-19,31.516052065971458,32.4199083474781,31.293241039149525,32.05343586965701,339515200.5726294
2020-05-20,31.949033573882076,33.43308591914227,31.872488870649793,33.212094640431275,1260453792.8718746
2020-05-21,33.343262006706226,33.38664777872294,33.26735706676418,33.31009624349653,610177258.9540814
2020-05-22,33.435932859578756,33.916649048161865,32.98738292140032,33.751658249132554,500053305.7044001
2020-05-23,33.60271447193701,34.22652574747796,31.985935935059736,32.13015227934021,399989420.1105733
2020-05-24,31.92743318667793,35.244296616637115,31.880232026827773,34.61441168811331,340158706.7462153
2020-05-25,34.78220553658309,42.84606003184422,34.01832419725738,40.27741745458212,1180689447.0767486
2020-05-26,40.22961121226426,43.491401889179116,39.50602382026543,42.23247516797509,599680071.6498785
2020-05-27,42.096077590718814,43.81103199134554,41.219877063233604,43.43552202110244,382069680.22009623
2020-05-28,43.42003091393448,43.656206928047105,42.561498529967686,42.74732321322125,462042823.32382715
2020-05-29,42.82991371874996,44.03931698029111,42.807938840509316,43.47052660854154,485860051.03685814
2020-05-30,43.53496730047064,47.40552403676041,41.544514069855914,47.063512351563965,374065817.47690916
2020-05-31,47.08146488360322,50.397529704559794,46.16492387382582,49.97657951967377,422349566.2266787
2020-06-01,49.91286403753057,50.75366896907079,49.617019548283814,50.22088081996576,421871388.2832939
2020-06-02,50.05391365141664,50.18109281511634,49.38041904681383,49.693110569221595,754104084.2623085
2020-06-03,49.64081433004918,52.127586106792776,44.5803359980531,44.58183562442958,483541751.0524956
2020-06-04,44.674184537833824,44.712717401785966,43.82816973862614,44.124090433381284,387032103.68609077
2020-06-05,44.00289601584636,50.146081171650295,43.46488454704199,46.98715346390515,690215678.9238629
2020-06-06,46.87995671063175,46.98170872435818,43.55685677385012,44.21524804061463,248816780.89186043
2020-06-07,44.40631139744995,45.82625896643902,43.04453615579987,43.18086166762288,493093214.11598635
2020-06-08,43.305930596471484,43.71130421206285,40.27441836806917,40.98815973674435,478311000.2229241
2020-06-09,40.865122063982604,43.677370072571534,40.83147657747398,42.55658104177953,537650041.8937927
2020-06-10,42.382287284187335,42.73587637391834,40.45232076078562,40.68383945947802,694652457.857461
2020-06-11,40.5489076984582,40.760015048923606,39.15859390579845,39.94372955109739,697655216.0338188
2020-06-12,39.87194912317128,41.16279758358205,38.7906925701368,40.3456773168485,902779047.4982082
2020-06-13,40.3590176325684,40.85236457335055,38.32981730960228,38.36173090169305,213484805.21907637
2020-06-14,38.279233396414035,38.875687539529395,38.22904662028166,38.837622427795864,617029933.5906631
2020-06-15,38.70345522224199,42.7660884943313,38.29901122085898,41.647683137930024,344126143.3271621
2020-06-16,41.682623691507665,42.92584782578961,41.68244500017995,42.53241955231608,328056537.00509393
2020-06-17,42.46106210260569,42.83703102421191,41.228623524532594,41.67793562497458,731548399.1679974
2020-06-18,41.57585784247876,41.65154675089098,41.02764130227514,41.27663187985484,1155346080.4909983
2020-06-19,41.189592363924746,41.62348375855414,39.02149977698255,39.16025406452563,783588545.5909208
2020-06-20,39.2700058761867,42.90811627525847,38.79529310268426,42.562026723181454,444555263.2345032
2020-06-21,42.673867210483635,42.745813832039886,41.735900235164735,41.95359131959689,545323650.5124815
2020-06-22,42.025102703084364,44.54461179800989,41.82438433632218,43.280302712919415,525534487.6591303
2020-06-23,43.410358148851635,43.73796915838422,42.538387634792024,42.56366061320368,921109140.7775252
2020-06-24,42.57539641202222,43.30698956920329,42.53018711941479,43.16472820333522,473974642.8839522
2020-06-25,43.12574890639269,48.31103371195256,40.66157847043616,46.70615298196812,565065483.416894
2020-06-26,46.60543498062182,47.15283043964567,46.349499268302885,47.11976486684161,347955422.17359716
2020-06-27,46.91512152882746,48.914481602048404,46.81893364336141,48.88669036049965,260572654.59135276
2020-06-28,48.87759017709894,50.161488895811175,48.87623079330946,49.250540482316865,692424820.5267099
2020-06-29,49.157684034297205,49.87361381329893,48.55905635761316,48.565587525547905,570216631.1530173
2020-06-30,48.59915937911696,56.91157930408873,47.70877955719948,54.013613661152014,479130313.1993161
2020-07-01,53.64369179309685,53.74337710358535,52.5709724269952,52.80717701777098,257189455.93474734
2020-07-02,52.77837716158395,55.294518002140414,51.955126304192476,54.6085899361886,819443800.0963079
2020-07-03,54.47287528032807,54.875012684692734,54.41982960467762,54.85646350141815,631746140.3145393
2020-07-04,55.19797730775398,58.177310172481874,54.7236610397954,57.59207058878942,610907586.2793039
2020-07-05,57.60574750548008,61.260222421090525,56.54925037779382,60.52993745554989,1415331623.163012
2020-07-06,60.50152751420025,66.61913166548977,59.7557285517589,65.372531702915,1071510505.5046223
2020-07-07,65.44979334021737,66.06706981039603,63.19332112653829,63.41685512931097,915065289.5516768
2020-07-08,63.1289415495482,64.41066690263092,63.043094484546494,64.09261228199016,684629096.1471093
2020-07-09,64.45882592880803,65.00509530303005,59.94725359587116,60.911865156651096,944923370.5773861
2020-07-10,60.76528697629598,62.52758206391467,56.638296422515175,62.05628570006371,1076842554.512225
2020-07-11,62.21380884352413,62.26769283491233,60.56392712778144,60.94133681476797,461774202.3181471
2020-07-12,61.01910768384993,64.97600311241584,60.76093644738694,64.32337731542229,257380537.85956368
2020-07-13,64.4346247079172,70.0675521431873,63.71692286107006,68.33292900563015,485407950.46244985
2020-07-14,68.15002563150199,71.34131309538745,65.79578022223552,71.04250176240201,704180447.737647
2020-07-15,71.31413113810231,71.4057869560326,70.62114169425907,70.64180864358065,962959737.2061647
2020-07-16,70.82398676010378,71.14094754671132,70.634758262626,70.64518726156646,462670191.68709797
2020-07-17,70.12747809811803,74.8785728026613,69.1737873938366,73.31344146122343,215522082.76650816
2020-07-18,73.64623325035852,80.11212281153645,71.12431138566166,76.78321310137828,1260754778.917603
2020-07-19,76.7869196923307,83.15476002191014,75.72512530646792,80.20636344191803,882041184.3751475
2020-07-20,80.3404101605279,85.36870629714188,80.14297107347396,82.14165110412299,739894918.4136233
2020-07-21,82.25430657767816,84.24287193765187,82.15176683038723,84.05807805995798,286586874.0165143
2020-07-22,84.33925697483457,84.71413165303296,83.35645004489469,84.51334745041373,1067379900.7344377
2020-07-23,84.42355249543975,88.53661005724845,84.28259595346917,88.14833476648285,935889032.1284544
2020-07-24,88.59520478447087,92.02698254057529,87.93214566582562,91.91747910348226,463628276.6496813
2020-07-25,91.85533155792182,99.63657441536903,89.98617206496677,99.5424938545188,707011109.0663484
2020-07-26,99.55912232834875,99.72138385207265,96.11615945570418,97.0590708806298,495150045.58017033
2020-07-27,96.93219814516509,102.34165611169453,95.27756859900524,101.16185942204513,765967402.4027368
2020-07-28,100.92089874336253,101.13335383579908,100.76282395513734,100.97473920339176,665760413.9322459
2020-07-29,101.01197829463001,101.49866976349074,100.39262272686084,101.29997401064823,407207647.4374613
2020-07-30,101.41347864204806,103.65184681705111,100.98632864216712,103.52427606590595,290678560.7878874
2020-07-31,103.49581433618631,108.57454632411263,103.04672773692151,106.80500570071987,496881317.5438625
2020-08-01,106.56621685976492,106.86018287570263,104.17383139183336,104.49484764876549,444296728.2498537
2020-08-02,104.33885824319879,106.72884446249866,95.7551239396015,95.96459602105892,656188328.1389811
2020-08-03,96.118913341752,96.90008937833784,90.73729361765267,91.3307277405251,748611998.7881275
2020-08-04,90.95722996349564,91.46724132295104,89.03545973409484,89.55171518514776,276642480.85356
2020-08-05,90.16760645053112,94.27303262884534,89.89645128959474,91.68940115690906,306003311.2718728
2020-08-06,91.27097351543665,95.04255543677658,91.14297433911527,93.70984406810553,543664940.6364316
2020-08-07,93.90710819814083,97.0803524585527,93.70703479976324,96.76152854812302,544791053.101811
2020-08-08,96.17429468588762,101.47116201946746,95.6811509737224,101.0577835886345,1008395704.9847089
2020-08-09,101.19212320435363,107.67616612755506,100.39910547810271,106.6162648705558,572694519.7845364
2020-08-10,106.73377317891867,106.94344175899458,101.82400632565103,102.52661471099364,796468567.0726755
2020-08-11,102.53156256964216,103.26695159299624,93.84881662820399,98.76605371140069,805291784.1374369
2020-08-12,98.5989479233629,99.66030503560016,98.46231989275311,99.65664340713637,571715298.9871497
2020-08-13,99.86761128221885,110.30780099617417,98.80095403878755,104.65781656421072,610273630.2113478
2020-08-14,105.08450747477039,109.03387934932782,91.88231517726985,92.83322401657033,797058420.3484721
2020-08-15,92.82346951278065,101.93059859516636,90.37061184822744,99.8770134744395,426929668.5518596
2020-08-16,100.50115463761982,108.11134187907808,98.14921678922259,105.72494338507967,367226418.8994266
2020-08-17,105.94729063043418,115.42389230057412,103.58620791612651,112.132679913864,1095792407.639633
2020-08-18,112.45386489305444,112.86662972994058,106.1383243631553,108.11618568049346,992092049.9411418
2020-08-19,108.14143545718326,116.17596389158697,106.94886928053208,115.71467191618632,2051624651.242166
2020-08-20,115.76840494176007,126.08452140313885,114.02667929719213,123.99013968744232,513079392.7082246
2020-08-21,123.52098304254874,129.47181713931548,121.82574884640728,128.64711865167342,1329388020.389438
2020-08-22,128.212697235042,129.9567483966493,128.13031880628267,128.82335518838184,813150073.7288235
2020-08-23,128.67864281032814,128.82715027218092,124.45780717061542,126.28280479420567,935938953.6769408
2020-08-24,126.816893102138,127.21652521952083,123.12830007537455,123.57513979066239,101566550.57713588
2020-08-25,123.41243782301233,128.2527778123909,111.75965897230027,118.22034532825255,913815340.605196
2020-08-26,117.9875065370255,118.09039679920502,115.39302496707947,115.90482137882289,700378294.3292452
2020-08-27,116.145100852546,126.25600120105807,113.53810788465192,126.2015463623046,1389597741.4378314
2020-08-28,125.94698887395103,126.8962576481389,118.33765585137544,119.68678093824133,644216790.5576835
2020-08-29,120.01248815049662,123.23588772619664,119.32341365701602,123.11266059637406,853227976.6906635
2020-08-30,122.8808786267031,129.5139732658372,121.30978374150826,128.84366325514029,297912094.22520894
2020-08-31,128.26205135836645,130.10999451423854,128.07514322633656,129.4056865611912,332559039.20380956
2020-09-01,129.80658271659138,129.95374492901635,126.64142073863178,127.75594752058821,408550497.63712937
2020-09-02,127.93720093464857,127.98907487142014,125.2059139785132,125.53190558909579,1347651591.2971423
2020-09-03,126.18335344351674,126.2531215577538,122.21267375850503,122.3929427882702,1133731417.7863803
2020-09-04,122.03751194340599,125.88248292534541,120.5124083044983,125.78697182715005,736114832.1291349
2020-09-05,125.75764976074667,125.96666429899948,117.28461520070917,119.00353573222871,256988556.00920162
2020-09-06,119.50368461548435,120.97080447816562,119.23484818405646,120.89283960966733,317636922.9921424
2020-09-07,120.6881428347035,120.85258639810984,117.93314905973688,118.15428012232022,358525514.5346086
2020-09-08,118.23606639177298,119.68999448379112,113.11120551883373,113.21385771650786,782206934.998267
2020-09-09,113.47765678851225,117.39644438540296,113.12485398586438,117.03090018617478,588429927.8156815
2020-09-10,117.41869275504008,122.09115426239919,117.2812935978891,122.09033914749708,617097112.2134267
2020-09-11,121.8516119328218,121.87523865371168,120.18666843066339,121.18598726440764,481897260.9930327
2020-09-12,120.89683259009595,122.90770326156479,119.97495572542552,121.91028764725631,469688050.42960477
2020-09-13,121.67851795872042,121.7265719824887,114.66265488596218,116.87030369004162,667268232.9121588
2020-09-14,117.01253735187186,122.7239077758921,116.54529508255922,122.3408682381205,444917433.6088971
2020-09-15,122.33700476962721,135.02653787601,119.42907075561368,130.61848970325417,806933925.2947674
2020-09-16,130.59523420941414,136.67135131147612,129.49775539839598,135.9453955928112,1933772528.3880935
2020-09-17,135.54796381387112,141.5500994477414,135.10084500242988,139.64555786517127,458319115.5916573
2020-09-18,140.02257002681642,140.9221896978915,138.9561359037588,139.45755115077327,862768003.3077992
2020-09-19,139.73993852123004,140.26768336563399,134.8420775220788,134.8854361190055,515373044.9472507
2020-09-20,134.7696863167699,135.82861282944702,134.61097834407656,135.60041167044076,990107834.5510958
2020-09-21,136.21288710861293,136.90337848624938,134.33741529320494,134.54162381016727,179201846.7146147
2020-09-22,134.24733548572664,134.81717283025398,133.95078306103233,134.01638959447786,576596216.8191979
2020-09-23,134.3227497361738,139.45834000247186,133.39866183549194,137.13109197542425,835938342.2906857
2020-09-24,136.4341517529145,136.8796489969108,125.41352955685844,128.0394308390935,372340202.8085364
2020-09-25,127.12870019436792,142.82609661689716,124.75161191013237,137.5472597773259,382876848.412084
2020-09-26,137.3241794087532,138.55384054026774,137.04142404997904,137.93620774236706,805737715.8103377
2020-09-27,137.99247422999545,138.3922492109529,134.61066393439808,134.7289752531433,672557936.5473907
2020-09-28,134.8789577360034,139.6483792213504,134.54149955059606,138.26908215039668,331049831.0654716
2020-09-29,138.2779453184436,143.23732170540987,138.04697597996955,140.19104313196942,475134946.0947951
2020-09-30,140.29525127078404,142.7123907117991,140.0904245393525,141.96364626343603,358626542.56798834
2020-10-01,142.53399412086222,158.85183014014478,135.47089549690543,153.9898940398572,712853416.8724756
2020-10-02,153.63936529422813,154.43174915879624,148.099416314428,151.12238781146536,759911135.4917321
2020-10-03,151.8648766987226,158.12372041138164,149.1722713230874,158.0481396363451,670500742.3709477
2020-10-04,158.14652586226157,164.0886661177486,144.05446392299294,145.20278583245192,932750897.251471
2020-10-05,145.47673421081495,150.87337913267595,145.2799122546766,149.73677394401065,1092593255.8688798
2020-10-06,149.6995294131235,154.04963288936685,148.79262898828915,153.42043445659374,492103230.1465279
2020-10-07,152.99925053396143,158.6975294471258,152.82151465375745,156.5605832898003,759916390.2695379
2020-10-08,156.523526453331,158.167420780083,156.39317882647092,157.72235415724268,225378027.5873208
2020-10-09,157.5625421282473,174.73265305063046,155.01515807781763,174.17249713144443,752187604.7318037
2020-10-10,173.3950750709129,186.16344171301603,172.16174078653327,184.1139792161311,1156683765.8352215
2020-10-11,184.38519787331245,205.1937084883533,177.04170309628122,193.66716757076105,343368522.23998225
2020-10-12,193.54932442273838,198.45105879859358,191.22451829318288,194.9593516982666,547667992.3261062
2020-10-13,194.6836618414395,195.01973281175594,192.80862001649083,193.79709270955433,285932594.5618961
2020-10-14,193.77224780339608,208.8707492190057,193.4382908158816,208.26825993505105,813723537.5807897
2020-10-15,208.14124044192727,210.09083503154775,207.5433262692815,209.4065484858859,602056762.3116704
2020-10-16,209.60956409331425,213.15993785521766,207.70556458032894,208.09771013213813,322477449.1250543
2020-10-17,208.74862034548013,217.8755514387175,208.16867855058425,216.49871956738588,1277960166.0767345
2020-10-18,216.02011667057252,217.4853676792502,211.54054542240533,213.73349270670815,573134955.2991251
2020-10-19,214.70792323808107,216.86052883329472,198.1344505468003,199.3072989813074,668672106.5079619
2020-10-20,199.90865094092882,207.0109859213514,199.4198143088631,205.1548212560666,905292314.2731647
2020-10-21,205.25452184948543,206.7355658012667,205.1253271043239,206.42587917525216,1044029364.6506597
2020-10-22,205.46276393223133,206.04031586628432,202.0319330878529,203.90009373039615,1059809521.4949704
2020-10-23,203.9149507877217,223.9027495962354,203.64240985871922,218.37023414850535,422589926.9810593
2020-10-24,218.19653052977122,219.34163900320056,210.1739711325588,210.97518240018505,1185231809.997808
2020-10-25,211.313869254654,213.02295935939762,206.86427836210143,209.54246940493894,819115898.3096052
2020-10-26,207.7755907968281,208.4928788526966,202.18471095945586,202.92833628641066,985076375.7528474
2020-10-27,202.45707542115485,211.72466797690896,201.95457477031593,209.9424805782726,1373720259.8220663
2020-10-28,208.71532937530117,268.83978116149274,199.56508511948678,241.09122142586665,887161522.6577853
2020-10-29,241.0181395220984,243.04429607646668,237.6858875477869,240.2345812586905,342475453.6150306
2020-10-30,240.0770915578663,243.69810764642543,225.7577389087322,229.83234522869677,357776852.61204743
2020-10-31,230.17831791150914,260.9412583496015,228.751020830033,247.39411485057795,683967635.9242328
2020-11-01,246.92878706085568,247.18761855224335,228.8730631934018,230.25790842644813,806442735.1835726
2020-11-02,229.23857070672202,230.91789075156694,228.03317854441698,228.10019528347874,933159596.2134645
2020-11-03,228.8559543362566,230.04958410410077,214.15774942465313,218.11379298325423,235587967.82696077
2020-11-04,218.91515766392249,283.4896030774333,197.68397069783907,247.64258270014417,1314351731.0330997
2020-11-05,248.24202552810124,251.82655613737967,247.95281072979986,251.0090964255496,1226648760.3932953
2020-11-06,250.7906535153236,251.7033932156968,235.167773530239,239.51722684790488,1148539757.6490684
2020-11-07,239.9215676311011,257.40548011263417,235.24890416100587,254.51375787914967,371580820.7203953
2020-11-08,254.37277539140453,254.52547056722722,253.48897088873295,253.6695872365673,216941493.3611568
2020-11-09,252.8525847510802,254.16076214261895,243.1084423343534,249.16093059305948,226555447.13435316
2020-11-10,249.64713232621187,264.5080388081612,248.3368628604552,252.75701005382743,1369866173.7381654
2020-11-11,253.57505040214832,261.367310686772,253.4438303459506,258.0986458484908,481059372.6082019
2020-11-12,259.9904955551948,261.318649638595,241.6396443824574,245.8066123537668,453945635.92505825
2020-11-13,245.30160864366565,245.58691304677873,243.43316487213963,243.66878352387343,517373059.69648135
2020-11-14,243.56068328009493,247.30564498441694,240.81030714956017,246.57236032059657,1306356622.1731937
2020-11-15,246.2375807321372,250.9190539097796,216.21800671341532,221.258832409397,228027104.06806815
2020-11-16,220.99477344244252,229.86890304841242,220.69859638221757,227.53112737135848,652527228.68152
2020-11-17,226.05915600439275,229.71348834993458,221.83321142148617,221.9009265259847,880885773.6357257
2020-11-18,222.44176155106013,222.4913257886185,219.20847813214203,220.21177452707607,213257661.62288982
2020-11-19,220.3399408991033,224.94439973228708,219.7822171880568,224.50327893912245,823807316.5127487
2020-11-20,224.33020119206546,253.33221083146537,219.09584214206583,241.56975128242524,280499018.4969988
2020-11-21,240.74832939920404,287.5816828160742,233.36556235192535,268.30216702336764,1569309896.5148895
2020-11-22,267.8823504454039,279.10710591679924,250.86380981553816,254.6344828946722,261015791.99575406
2020-11-23,253.760982003353,285.1292662971087,248.99419138411474,273.9079972993152,1355050972.6612115
2020-11-24,272.5034976063317,273.8887115300031,272.3268755346078,273.7590358235923,319381188.71473056
2020-11-25,273.41655222196266,280.6540325092825,271.9912649524816,278.0883750625385,1237254823.7321312
2020-11-26,276.66408344184737,278.5942716224244,246.37754360661373,248.5987096514024,575453302.8904665
2020-11-27,248.53796039606382,252.44236611196212,247.25365601921195,251.2858305394792,1295652327.795661
2020-11-28,249.81067907120203,275.8639900728549,247.35938035729313,260.46728548670745,670203780.8033036
2020-11-29,259.54516357069303,261.2162798731868,259.0439778080928,260.6876269145618,355402759.5828041
2020-11-30,260.29290116218334,268.41477807002946,259.1612872915384,266.8997494263232,209604362.9531203
2020-12-01,266.2676041172176,266.94444530887563,264.5779920605204,264.7161584708614,153320322.16667673
2020-12-02,265.3552857991935,266.02490939645867,253.3304189999954,255.95101355198577,528078304.81049144
2020-12-03,256.8881710751721,257.74488922912667,251.16427454524694,251.86136606903258,356944742.8560207
2020-12-04,251.66368430845364,253.27687995671187,248.76612781437052,249.84878100814032,637929145.2798282
2020-12-05,248.47914817707823,248.6159118841834,245.53713362746137,246.73195580152125,661143388.6132237
2020-12-06,246.51065478626518,252.15211976274406,242.57018080708974,251.15728637371865,529133491.7407962
2020-12-07,250.402808446496,254.746746603151,249.87319552118626,253.79966388025713,684803367.7949138
2020-12-08,254.02331051303238,256.91781422421826,241.56486767238394,241.93437578197603,201038635.23021123
2020-12-09,243.37816582624117,246.4442695972195,242.37596852607592,245.08044032576439,563134886.1422211
2020-12-10,246.3976889138828,262.0613790493735,244.05611603445,259.0461816757232,777559287.7486314
2020-12-11,259.6057703425837,271.1754903657765,255.05560286088286,262.9694910359574,500345478.0192237
2020-12-12,262.97044706107016,279.8606689062742,260.5401674267685,274.76427429085567,976245044.3545874
2020-12-13,275.786505586719,275.89264991581393,274.13806324717115,274.38617498377295,562690731.7484983
2020-12-14,273.9530955649305,275.23943332009634,264.3556433793777,268.45886114675983,532220173.85579723
2020-12-15,269.459086175799,294.7663822639642,257.9174057769538,289.83780014977464,609089439.4195156
2020-12-16,290.0440191603924,293.91353867811466,277.56472916322724,278.38296970435385,1144569107.2452695
2020-12-17,279.0032746855662,318.2745049697239,277.6159258886942,293.5251032481995,778878963.2058703
2020-12-18,295.0628921335985,295.0836577236945,288.9261459991044,289.65592953750564,954347565.8388492
2020-12-19,288.5417033983218,341.02946480718515,288.36944293273507,332.46790299833174,903707094.9436505
2020-12-20,332.04595245096607,339.9491283565274,331.9977867907978,339.48796299826535,292238557.2511947
2020-12-21,340.0830353859173,369.91718495653816,326.61940929590617,361.9861669287498,434138979.86574674
2020-12-22,361.6680382710238,368.5317806406371,358.7105760174874,366.8489021292028,384569900.7908345
2020-12-23,367.32614550328196,390.82098869381974,365.57560207449285,388.1210595321395,674189667.8855393
2020-12-24,389.32581252840646,409.4451558746807,344.97053237677045,350.78245851564554,823947264.3456252
2020-12-25,352.2186821973383,370.4557974625364,346.7103118347674,368.6489679214823,745696500.7954148
2020-12-26,368.20818924326966,368.5210544068292,366.8539233606455,368.0572574750576,528702467.3061634
2020-12-27,368.6133856639983,370.9273800420668,316.1053272928678,323.3987313005827,373969402.55508065
2020-12-28,323.286418912417,350.1295107366358,316.7341065720651,344.0801507760909,1659320739.851154
2020-12-29,344.0741627817776,350.75694060580446,328.3844633341004,330.72027456559067,297784547.25566083
2020-12-30,329.4433577077839,338.72426225185427,328.7539688127038,337.94012024862974,256038403.53175208
2020-12-31,337.899204828322,341.27481493014375,327.0015581210652,327.63706991920975,453020671.2370346
2021-01-01,328.45481485066904,348.5466388681982,328.38531253196965,346.7017770285407,795529089.3777874
2021-01-02,346.2945101860005,348.738134335338,342.43509137912537,343.30567496937306,394559925.60872966
2021-01-03,343.8596595494319,344.16452291525565,340.99029568774944,342.40378204289135,569927173.7493011
2021-01-04,342.16971818965783,344.6378049604202,341.72076239519123,344.1618589980016,724825253.3131951
2021-01-05,343.76661482747477,348.14181615903124,317.6001167752797,324.1389779498004,438562466.973027
2021-01-06,324.3542980066579,345.26732447143047,321.8779189413282,337.17125550078,527801006.87670326
2021-01-07,337.50980942550405,339.8439352463965,316.18232834988453,316.7694659932244,387511668.9316244
2021-01-08,318.00673467739875,323.0183914661846,306.9143229264768,309.5839066611162,1688441475.6984851
2021-01-09,308.70534002584077,368.15285160659585,303.70293625341935,339.26913455097224,407320205.7382958
2021-01-10,338.8778806886569,351.4178398350843,334.85252168117165,350.4733693482134,641020046.4333916
2021-01-11,352.3712836231374,361.1022890061983,349.03356085708094,356.2646569922153,313503195.7174753
2021-01-12,354.51181387227416,357.78888105435493,349.67355894517596,353.20122744333116,491254350.1148338
2021-01-13,352.04878130565567,353.4253685718259,351.47238270251455,353.0095512262094,351998456.4045912
2021-01-14,354.1962950943659,354.4455287348265,352.9130543473599,353.9780339118855,562942605.8624532
2021-01-15,353.82535635681194,428.06674196303726,352.13233957622936,387.28707420125875,611267381.1234884
2021-01-16,387.86518603326545,395.83223873668766,360.6907666530865,361.7870988278721,469551907.2103868
2021-01-17,361.7770912588335,392.984556186145,361.22151573442585,382.9781486616578,942080267.7144458
2021-01-18,383.1820005353824,421.9354571495899,378.50603090457923,399.6567068206092,455753547.80290484
2021-01-19,397.80805392792826,437.393444135905,387.5122338166358,431.82223811632525,1696124958.6435275
2021-01-20,430.6783521181274,463.000643910813,426.0103037556025,447.9881355630147,975425084.2777377
2021-01-21,448.6621847132688,449.89583556085876,425.2733657570131,427.00938143442403,469748369.5306555
2021-01-22,427.5872556105159,440.1515377593094,427.46623572294686,436.7420433953577,908751807.4999285
2021-01-23,436.53841386704966,438.7616686983781,423.6092903786452,424.32879108692595,445690881.99373484
2021-01-24,427.2832479449007,427.50098822618514,403.8862752009521,409.37296968591687,605250730.8554884
2021-01-25,410.7793671735255,470.97378956500904,376.327593939231,454.9319405423642,815409048.7902217
2021-01-26,454.1341569448481,462.1820714297495,453.98184771460177,459.716531267008,752957275.5577778
2021-01-27,460.35546613263597,476.52122059706164,452.4664348922562,475.52279228490875,970875568.7025015
2021-01-28,473.08362585765383,473.1669227115042,468.68534355008205,469.70731776084546,275006001.14478827
2021-01-29,471.71543704403473,488.95451407931745,439.3274842499991,441.4891856453108,677466595.3634006
2021-01-30,439.63735420204324,444.3393485984762,439.1479794850836,443.58415100007244,730377036.5029631
2021-01-31,442.87322017973247,448.5787879279558,423.2723627198144,428.0047961124365,250730936.99051836
2021-02-01,426.6711244605073,429.35805291927164,426.5893461071574,429.3017651319585,155371801.49043947
2021-02-02,430.7205138907022,438.7952474481948,409.9381748932415,410.22453047805965,154722793.07445306
2021-02-03,411.0208719046107,412.0685071161388,370.2017285195891,383.0366956628182,816248211.4203875
2021-02-04,383.95171619079775,390.7993736536032,380.8732215794719,390.58777186951073,303744742.5567974
2021-02-05,389.35384641236897,418.7211217173075,384.43421144844655,413.9855452988247,604559580.8522666
2021-02-06,414.3365407736699,447.9158130864968,408.3473733425905,434.3033411541396,420676979.3587329
2021-02-07,435.6248476654853,488.72054324097434,429.3766119140212,479.4291034256767,716042033.9854393
2021-02-08,478.41195936635125,479.022813686702,468.81010347959887,472.57224589449106,661493442.9602883
2021-02-09,472.7516157290843,476.4809565901093,435.1367492143675,444.8450796262638,644499388.7539122
2021-02-10,446.18902867593476,487.4336763187091,442.2706132123269,477.3997204623805,242599949.42569357
2021-02-11,477.3050600507168,491.0166187261058,433.2315874369454,448.7321642184506,1220285177.436529
2021-02-12,447.2148396985257,476.5730112030246,445.5301328964781,469.25761037772213,1367008806.4239767
2021-02-13,472.32499350585965,479.78534919480506,428.49965388713804,446.8574157365612,527958495.96060306
2021-02-14,447.5302891873476,448.0649118634482,421.0215929407712,421.82111062702995,504006108.71385485
2021-02-15,423.0486115654986,426.0320220950579,402.9688884939077,406.44128398497736,638678408.3133805
2021-02-16,406.75882196910044,427.96665191903367,396.23951812031714,423.0230079300926,584917942.8259877
2021-02-17,420.51761120063367,444.7573904936021,406.1634524176462,444.14183420358097,345081835.2846277
2021-02-18,442.08832488894546,486.44012148767183,394.33790047193077,398.50412414973806,1333950218.7947655
2021-02-19,398.71685384169103,408.03966644704576,397.29541227282806,403.16301551834016,310091676.6670238
2021-02-20,403.6659845731021,417.5817385808185,403.6553157097228,412.9941918307878,621286411.8792372
2021-02-21,412.84024762906296,425.01597824854446,412.50252510285856,420.3424267681604,368611781.9988262
2021-02-22,419.42952682209324,500.7124857912534,417.4954808491284,459.20392574252196,375462191.0539542
2021-02-23,460.9977862588415,463.45077696813524,460.1757730767255,461.93494962172525,929366706.9602368
2021-02-24,462.83051141377126,508.06542846779314,462.16414317153686,501.63487728849134,713082803.3694724
2021-02-25,498.0352905721986,516.8767398176419,495.3128753486832,514.2834157888224,469520653.8376672
2021-02-26,517.2752385201344,523.2710239743898,493.34023475702753,493.39245634116264,482693613.0837806
2021-02-27,495.3077083710152,496.2301001590347,494.21080691108176,496.21494875590304,645132293.5918036
2021-02-28,497.5929170524152,502.3071721746891,497.47870196115906,500.64287867728325,379586280.57706445
2021-03-01,501.3802701825799,508.04675422723056,501.28906177735325,508.0275290736471,361993408.93621993
2021-03-02,506.4249286284099,529.7049902872784,505.4519567103308,525.2803643094173,501042162.7258102
2021-03-03,524.4590864411645,552.4048602559038,515.89938059624,549.6960591894643,405229766.78501797
2021-03-04,551.9980243820315,643.9789262537953,547.2874058421054,634.6619016147699,555566314.8616796
2021-03-05,635.052816953683,636.6941074539483,608.8951080905041,614.7955873854435,676232106.1416048
2021-03-06,615.1556958284552,677.667321285558,598.9200158600963,677.1460585394443,375731423.81375724
2021-03-07,675.6358329468313,720.622180792001,650.3628002866094,715.6803031329182,876948202.5422974
2021-03-08,717.9056887913058,768.3614926162096,714.9051243122306,757.2481280320458,890450317.3868364
2021-03-09,751.6682756313592,756.1717241167252,730.304036902996,733.6927136926749,707039280.8870565
2021-03-10,733.0338917318154,776.5272064908537,726.5943041109128,769.7508251315943,451679499.0888265
2021-03-11,770.3078501474001,772.2870633260201,726.5548466052752,734.773867991642,1844495519.0675738
2021-03-12,735.3968560321549,752.926885095483,733.8671496764161,747.0669691677232,925791618.0876436
2021-03-13,749.7022574898338,767.4310314340731,677.068934181293,689.9415460090383,257717207.85623446
2021-03-14,689.1466165632237,717.91311055084,603.6341392533172,651.4558028827948,1981368681.7229164
2021-03-15,651.9592802226922,657.7422735163852,605.3151339398488,611.8903082891198,220164550.0023139
2021-03-16,610.4830036864948,629.4624388112014,610.2195166997385,627.2609997251506,495415948.52212274
2021-03-17,625.7355564726436,665.2120064465918,616.5223993753275,664.667272073459,979628335.1230701
2021-03-18,666.6436100277093,674.8735003454751,644.2142072813581,645.000364672183,663681867.9292325
2021-03-19,645.9700840126644,715.6533002616749,643.3086950965427,695.2940785018192,1272486288.887013
2021-03-20,693.788189587688,694.0146574957346,657.6358472553578,668.3574936728471,604674189.8384277
2021-03-21,669.2383707613988,729.663973849926,653.7595623734024,729.2807695778773,617713983.6420989
2021-03-22,726.9801176535252,747.1121063773926,703.7482713845083,705.0650913738866,579396183.8262035
2021-03-23,707.4742323727207,754.5766209157806,705.46212325342,753.5441545519983,408826313.9422064
2021-03-24,752.629975943046,753.7471752458695,732.2076692869931,737.536264368529,1085780855.7631872
2021-03-25,739.6060384017985,743.913050771337,698.6819640246412,708.8643114670924,639066952.8282245
2021-03-26,709.7644772011284,711.6142000100006,697.1915220514167,699.2299908947012,254474822.97179535
2021-03-27,699.4005734618942,703.6368489873984,688.5151657401707,703.5143499788982,572948687.8400375
2021-03-28,701.1134822776002,722.6636936165543,700.5764773924641,721.6879519674419,282230260.1458849
2021-03-29,722.5400264343812,1036.6335532000467,709.0758382433389,848.2449219465943,826850257.3370099
2021-03-30,851.3853355258,864.9808667075281,850.4624889560719,864.7392057671833,1062324855.8762581
2021-03-31,866.4172821234406,900.1450476879231,765.5875540920948,776.4735616893731,591522166.2234018
2021-04-01,778.8288079125707,778.9086837269142,735.1049453071131,765.5334384579717,2201040213.9841843
2021-04-02,762.9678117198445,852.9688426890161,753.4424157479536,839.0364858041987,1116709008.9660113
2021-04-03,835.4962523456375,841.5642387650548,820.005776469476,830.9405516713332,678140142.0255482
2021-04-04,829.7597590215446,864.1178640431103,710.0499738996357,766.7153372605688,566007007.0236174
2021-04-05,763.7220653013975,808.3818545831533,751.0082073314805,806.7416294086189,1102532643.5639298
2021-04-06,805.5826620080206,872.9150342903021,793.5369766057088,869.7114390879531,948845909.9763372
2021-04-07,868.784529896984,1025.293110944661,835.6080041925446,995.2258793824299,769599311.51549
2021-04-08,996.5790594218496,1088.042377702942,994.5643736004843,1074.3570606565804,505359847.5349799
2021-04-09,1076.3604814057007,1079.4512957912484,1016.6709387611103,1023.823125917534,761010889.370088
2021-04-10,1020.3957758700316,1022.6582001450471,990.995130826016,999.3489296377995,403477911.0757781
2021-04-11,997.608956384054,999.2601958913548,967.3792289263429,973.853359357078,881100175.4740654
2021-04-12,972.8384473139962,973.3531192925971,971.2265331677623,971.8509217795944,589297728.822377
2021-04-13,972.3569889212449,1081.9497093163634,942.6460286088931,1040.7396360013706,322536698.39404833
2021-04-14,1038.5391693658864,1188.540155484123,974.254615290757,1183.8149598554733,876961068.0399561
2021-04-15,1185.5781799753636,1243.6396844727212,1179.6729934160082,1226.0498555062202,385315308.6211719
2021-04-16,1225.8133224224944,1339.7543643265542,1202.2419951010204,1338.8496189160098,533124736.3234329
2021-04-17,1350.6191502736765,1376.190068508177,1198.4429153875105,1268.2682610861236,531285141.8784427
2021-04-18,1266.5927634563498,1267.1304233274423,1244.441623166218,1246.7157379738526,254165642.7705196
2021-04-19,1249.4743262267998,1250.1780528763747,1235.0493692659218,1237.9581659009027,626980117.7121637
2021-04-20,1238.8258989145477,1251.8547991512157,1212.8159175465205,1215.4190843330362,323535962.93439054
2021-04-21,1215.4245929547144,1221.1931455911329,1191.8019445519296,1198.7264265278395,572588925.832199
2021-04-22,1197.3090622357183,1227.6774098884289,1195.8107182236768,1219.8672537453265,546280473.3623587
2021-04-23,1225.742483637838,1227.595665191911,1212.5573788414047,1212.6311169540502,327019832.90784353
2021-04-24,1220.315807063149,1221.2216998061424,1217.248617732707,1217.451642537908,401799395.69395185
2021-04-25,1215.842103949189,1237.5874832076415,1214.229926548557,1236.9321145328572,560125756.2390884
2021-04-26,1235.6669531748587,1474.418826128132,1233.3984310501623,1370.743259438211,1200278737.5429208
2021-04-27,1373.4945986783225,1394.537591564567,1364.6400878761867,1388.3701345230822,538769029.7738988
2021-04-28,1393.6262954445685,1394.8647206414223,1356.4115165650094,1361.9743781596565,560330483.6970097
2021-04-29,1364.3060348102674,1381.3738117434923,1275.4551246390108,1293.8329049379083,735016935.1732547
2021-04-30,1290.6761060508834,1376.1424684002595,1290.5563728813968,1375.014637227728,693067209.0809525
2021-05-01,1380.7529097296947,1535.3021557084762,1326.3885902713814,1526.3289446852755,1507943730.9634144
2021-05-02,1526.3999512646183,1528.734209797635,1501.79834100241,1511.0351743943047,874707575.5061309
2021-05-03,1504.8368063456185,1508.6307442986385,1465.010033251846,1477.9791917004986,1154240224.1306546
2021-05-04,1482.362038668522,1583.8742872597552,1474.2212459841985,1552.040939378406,727121023.6515453
2021-05-05,1549.1498345282992,1552.503381695327,1452.1683038441827,1455.0844169713905,395572654.12455416
2021-05-06,1464.0258436742938,1476.6089825367246,1418.336361306673,1419.6677434355936,338381663.0922504
2021-05-07,1426.7972702484965,1428.5446328745857,1371.5669235157438,1380.4733740122117,310721746.36133105
2021-05-08,1377.938649644289,1379.026737841335,1266.9772952206085,1292.187387832478,637102125.8427676
2021-05-09,1291.1590381794304,1430.2559275398173,1285.4507074916567,1422.010997836453,479365628.8226257
2021-05-10,1420.682980754896,1429.2555878721184,1347.6359602725806,1358.5292812747675,610379611.7065693
2021-05-11,1360.4846316322582,1387.4734903740446,1077.9853379264373,1239.7881466701513,315548798.3007309
2021-05-12,1237.709246374366,1374.3911484258063,1235.7959093151994,1339.2009051331274,724662595.8494097
2021-05-13,1334.1908444291807,1338.3571582007162,1314.0919636536412,1320.9167549396057,993468881.7807833
2021-05-14,1324.544842011466,1335.1943375258936,1302.5478424100336,1311.1780933038535,619221191.2018573
2021-05-15,1312.2905918742435,1326.215757549659,1193.426332655011,1219.8537147023421,447146945.04161733
2021-05-16,1224.6265334989262,1239.1720269342875,1103.3238768048814,1117.3010535836072,1091328010.6230078
2021-05-17,1114.3240421056455,1147.6417592944506,1114.2198589503614,1139.876097386597,350538222.4463706
2021-05-18,1144.7242429692715,1179.6370436694617,1077.6828066683152,1084.9090980188798,666537931.7694198
2021-05-19,1086.2941150378479,1095.6519730903121,999.9548764152842,1054.8900751530525,257304697.32654804
2021-05-20,1057.7064500267095,1057.9029712513982,945.0494676119143,952.1509963958569,367575895.4878276
2021-05-21,956.0871387371673,1013.3385745125644,932.8133569083643,1009.4300876766317,723352326.2510465
2021-05-22,1007.8446698639059,1021.3620739728592,965.8773225337753,990.3678390880859,295565462.7767498
2021-05-23,989.7052910391149,1006.1076939139535,890.058894856808,925.796801909857,825390233.1133502
2021-05-24,921.0796868769023,930.7517011710771,920.3993087642632,929.4631376855526,682617922.3393477
2021-05-25,931.8645957886464,934.2595497345923,912.6039624888211,914.4705828533054,533225973.87698114
2021-05-26,911.959011758195,916.7368128818678,829.155655972058,852.9072713623779,1468600649.0638762
2021-05-27,853.2438661993052,860.1715460799528,813.3677898525563,820.7356296363616,1049589626.835445
2021-05-28,820.7832455689165,852.2129510947954,819.8852449937549,845.5954966517519,1009340421.9250387
2021-05-29,845.5119073045441,846.4308709550079,834.226807538482,838.4855662703067,341324720.32137287
2021-05-30,838.3927550714496,882.8125669768286,820.0524126830613,867.6371267013137,2057574111.5668256
2021-05-31,862.7912368307985,921.8241814668501,833.5154077017255,919.0048158677797,1223498965.5272727
2021-06-01,921.099219131915,927.6319786883214,798.257746275283,830.6093442453534,450815921.97914547
2021-06-02,833.8319767021442,874.5286101974829,816.556544760526,872.8454782210872,302217409.28891194
2021-06-03,875.453143147036,880.2130741140953,829.081798465443,846.1733096065524,202108566.3976938
2021-06-04,850.3684971558066,857.9222627333972,826.1039895489115,831.5360579039484,325260849.3267537
2021-06-05,832.567786904789,863.1349784348,829.7481386650572,862.3975291141993,924720242.8129025
2021-06-06,860.456816434533,862.9015853452931,860.3524808058443,862.6542117321023,585148229.1405604
2021-06-07,861.9515509687989,868.1449829051039,861.4736406769866,867.9126751102118,1047919556.8903885
2021-06-08,868.0486962085329,880.815787301712,798.9257738420138,836.0179896760708,621236094.6305994
2021-06-09,832.5585117842078,890.2675912765001,820.6344739157689,873.7612772730182,477440369.24711114
2021-06-10,876.774669002504,901.5365596622656,753.6847444936228,785.873751041219,2128790448.6010003
2021-06-11,788.893286045362,930.7401296495377,779.4509336678248,895.5275490498354,910197218.8087052
2021-06-12,896.457458883473,983.4968209376684,845.3768946952476,976.5313149231079,551719733.0108532
2021-06-13,977.7638240968671,1142.9793689983744,975.7233901236659,1052.834765492542,463656214.56442726
2021-06-14,1055.9093446030058,1056.500724932862,1049.1013824464146,1051.1736022725966,538299221.3787353
2021-06-15,1049.4938571860744,1061.0142266210823,858.899798351354,911.4204589038221,1368179482.8059325
2021-06-16,913.4030765791716,914.6784226529003,904.4701663162913,906.7897990079937,695073369.4349829
2021-06-17,902.3524102776682,928.0643613762255,902.3162873050492,923.8842280108137,298161330.43545485
2021-06-18,922.8280245136821,1034.3924893797482,920.6960130404019,1029.8599094102913,1339810008.0495458
2021-06-19,1034.3788982806757,1041.8847543734917,1005.9204829020268,1011.3347564338588,361247008.38326794
2021-06-20,1010.9447772741771,1020.6126437091247,875.0601918667188,894.6408170835031,990877455.0576532
2021-06-21,898.5221071250762,924.9465290891047,886.2121051162351,921.5888218070963,593243535.609999
2021-06-22,925.0131954167883,929.0664128597763,906.2751413343645,907.4758434638034,299462709.5807177
2021-06-23,908.1289322319932,923.4183564923186,859.0572411718927,860.6982821455086,555339059.6262219
2021-06-24,859.9179319882506,887.9609726055388,858.8147692141988,877.354260665167,903167389.2792637
2021-06-25,875.7440511848569,876.9372472835009,844.2200367221106,847.6937517349978,460801212.6254784
2021-06-26,849.4719276297861,873.9455175079335,780.0185195700404,792.4482992029276,1148251008.8871126
2021-06-27,790.9534735838891,861.4863231003018,772.7361479843006,842.9979840870752,314755864.2198038
2021-06-28,844.5267705590769,852.9825339117721,758.6049502154849,783.062538331565,762057140.2811562
2021-06-29,785.0606263851314,923.554204131235,657.3889205854539,907.8245900549065,357415594.1010052
2021-06-30,906.6741050251584,912.7545538249519,856.0595114603863,859.7782252545487,718813620.7037401
2021-07-01,859.3569346090119,860.9183297150827,773.6854401199997,793.0557457672909,1038212063.3853161
2021-07-02,787.5235045110056,788.3440062791861,757.6572247982713,770.2862354697912,473165628.14762765
2021-07-03,768.2564224665662,852.39239294336,755.9735561564324,822.1918440046994,354956177.98014694
2021-07-04,826.9455922058075,827.9598747065966,811.3098576874636,814.1310387912985,379954708.4976033
2021-07-05,818.8405804174105,818.8962362212421,811.5456203412332,811.9243259599186,560989958.0807619
2021-07-06,813.3095599776448,819.4887696995667,696.509172544617,702.9469747989635,838998595.3857665
2021-07-07,702.80573578913,788.0551956974032,643.9684577297485,657.718022158902,306707340.14589393
2021-07-08,661.0732589969023,661.0865478157408,657.8698875890638,657.9131769004288,926612759.2470434
2021-07-09,659.3534670627637,671.1869574786225,655.5246237676255,670.7160211475788,372528868.1648968
2021-07-10,669.8264093577391,678.2206210171241,560.855428092241,585.488254992236,393046583.79999197
2021-07-11,586.4719947538119,675.4646532651974,575.0884724774351,671.6990278821987,799019811.0400246
2021-07-12,669.286946673185,813.8905876904026,665.5678368414964,722.8392900163079,649036807.2124418
2021-07-13,725.4090518247996,770.0626510424025,716.6967307801984,763.0992570093653,1170460625.0409882
2021-07-14,764.9222098288295,806.585853681975,745.4304165674696,804.0667462497578,1366114924.5110288
2021-07-15,803.8162848441184,804.2463007368691,771.0600655142619,778.1813389822399,1079872095.3071797
2021-07-16,779.2346548601026,794.2657611392364,748.1965353107569,748.5081413277566,741239931.744864
2021-07-17,747.7034293087512,749.7567741469115,736.7511310324879,738.4822623194907,397483872.9940047
2021-07-18,737.2206817347575,804.7071149846544,728.6241521240113,788.0411917248339,852733140.1639682
2021-07-19,789.8504619327172,794.5928650004851,706.8503601575317,747.6354995551562,1435872975.3559666
2021-07-20,746.1581713786941,757.7800485014506,661.6373745261038,668.9895031813304,1179383501.521983
2021-07-21,669.0916939321448,686.3643401316859,525.7255629387972,587.3919408492853,247019271.79193047
2021-07-22,586.1522206139206,594.8874342984716,529.0307726964205,545.5867962810651,408161907.5925529
2021-07-23,542.801351858717,544.7955645218987,519.3680870921436,520.7569905619924,1031413957.7036867
2021-07-24,519.5262890367891,530.9548817259397,519.02652300386,526.3594661913519,339769743.63463587
2021-07-25,528.6091358090969,531.895387772871,449.34016491332375,451.9234357260613,491047923.66854095
2021-07-26,451.2025536287771,502.68880352192963,438.4140710157457,484.22918196873445,760747743.5918964
2021-07-27,483.4868158920932,484.3194112839554,431.57779128932395,450.51385005829826,368178200.58611745
2021-07-28,450.5919247355897,451.4560866485266,426.4949959583422,438.97600391098837,332706458.7992312
2021-07-29,440.65302735995175,441.4070393916927,440.62308885764014,441.0886853404194,381881624.3030467
2021-08-01,439.4473941444361,442.3393116912975,438.41790089113624,441.86627309581854,272609230.80438787
2021-08-02,442.5165435874382,444.98189603190633,415.4547710239556,418.6546258847056,445042588.7734234
2021-08-03,417.3744837004396,418.20635286412175,392.4210176182361,401.16813471677233,502690192.7005797
2021-08-04,399.2412377070794,399.7359333552528,397.94643114701296,399.04648270755666,554760239.8200536
2021-08-05,400.8163571539334,404.19287048856586,397.70690597777633,404.13198319615816,1656697298.5625193
2021-08-06,403.3018038431968,406.17532528761694,397.28423640311377,397.3565565891529,519346521.76411
2021-08-07,396.99321043893195,404.9128939703313,396.7038015973462,402.9881344032977,623731878.1375846
2021-08-08,403.46644028417114,406.84644246215663,392.69601128771717,392.7876100154476,559167622.0259961
2021-08-09,392.9573113545467,404.05101678774884,392.3834079518144,402.82760900081877,584171941.1723871
2021-08-10,404.2782701629267,414.77986001102045,401.1794340866653,411.66392682419166,411196001.1446857
2021-08-11,411.737705216288,415.7897229048813,399.0938329346438,408.07603771659694,1013562835.8459221
2021-08-12,408.1593165388376,418.814759504274,366.7484679034784,379.4697462015369,1122586153.229281
2021-08-13,378.9086627436148,397.3084734661826,362.6722716518944,396.79583344382,400807895.4643535
2021-08-14,394.3796488913817,395.7705041114755,376.9844816967177,380.6914775411072,534502602.1315082
2021-08-15,380.20485367103254,398.94378853966657,378.7823079222749,398.85712698302,398203750.8883964
2021-08-16,398.5305579946662,400.14998801885434,383.1390719949645,386.8058603637556,593622308.798765
2021-08-17,389.0597813856712,393.5268456639704,358.85410202861493,365.088330983184,662131381.4968189
2021-08-18,363.530232118024,363.94945250235065,357.20368532316866,361.9785601231583,997687926.3717556
2021-08-19,361.15428344093993,370.3389638711425,358.39358710750514,369.985474929918,803048646.3576841
2021-08-20,371.2685196026286,371.90912238484896,353.83748216300455,354.39671460422517,678643435.971516
2021-08-21,355.37550042490426,380.353802228802,345.90206136887014,377.61931831546923,366646301.3087162
2021-08-22,378.9338931067276,430.7058013242585,346.0542455601676,349.029877337691,1052902946.4045522
2021-08-23,347.3482968151998,384.6187415808282,324.23536509971416,377.8068299348772,866267391.7877916
2021-08-24,377.0539913248057,386.342804571284,370.3341100660678,383.71704972620546,523341808.8605188
2021-08-25,384.05667716946016,390.6820216371661,380.9840572769163,390.6287819292096,1026290986.6372207
2021-08-26,391.58229863962924,394.8994535179247,382.01314337189797,382.2780816958782,271779222.5518695
2021-08-27,381.3315442995339,381.77082625349715,376.1475423647034,376.5976689032202,453665037.0624461
2021-08-28,376.6889071021589,393.27410797525175,366.7615648789175,392.18847482782854,551759414.5222409
2021-08-29,392.08824905884984,425.89678424395913,386.8313927538124,410.1983554788898,1752135308.3607647
2021-08-30,408.60895250048355,420.74666195240565,404.59476238227705,419.5227650042861,941350512.0332171
2021-08-31,419.2128508711301,419.5458366778322,412.78540702284135,414.82015627070433,772684308.3276399
2021-09-01,416.6593541957582,417.2861880914645,380.23891308479017,384.16529810665975,388263461.2880379
2021-09-02,385.4123651167539,391.32732387322704,369.7357592301882,371.64175598873163,348698409.092597
2021-09-03,373.01872287857896,399.9152812238722,371.99073308627044,394.88597929586086,809303268.416274
2021-09-04,393.89524758836103,394.0931427043661,387.45387231540667,389.03469873878214,574553300.2094396
2021-09-05,389.75696876386036,393.990440040542,376.96771802625466,377.7842983931197,700608604.0899147
2021-09-06,378.43308278210696,382.7728258814729,342.91778813416397,358.8502306380876,397901431.8090807
2021-09-07,359.4700625163747,360.1873135809489,356.94921528766895,357.66287925229943,233008054.62264106
2021-09-08,357.31018016810617,357.6705588923439,354.65995086473475,355.86542001525993,738140758.8300902
2021-09-09,355.04984903219355,358.53022939002045,349.8904501707086,357.1719038805007,280798449.32298595
2021-09-10,356.5780964365308,365.13043267643945,354.3729370630457,361.94604026180866,441138251.720513
2021-09-11,360.50838550048996,399.2020218975461,342.3512942838995,394.71689094913205,1034926622.4629374
2021-09-12,393.2951852501462,396.9121590815046,372.0459454521944,382.0046822115021,450777954.33819306
2021-09-13,381.41316409468504,385.4600743292206,380.6803853338155,384.744123403943,369328856.2358388
2021-09-14,384.5781934044909,386.34409457828576,383.1205149483967,386.27915561247954,212727796.06345546
2021-09-15,387.214595558244,392.02078891160886,377.5624268804894,379.286153146507,399168424.7828288
2021-09-16,378.80245472976407,400.9370826108805,378.4540885122789,399.9249331975854,580090342.7066473
2021-09-17,399.0388626733863,420.97524260922603,396.3035015130952,407.9461387825545,432784236.80234504
2021-09-18,408.20998544254246,416.92488896199404,385.8360065342467,394.4438574241885,493983258.3359018
2021-09-19,393.9299941410987,410.71793376977166,367.0923268969349,377.95469804470224,558141383.8031822
2021-09-20,378.677377987036,379.4279569477638,367.1941568378886,367.9840963560214,792129249.2903216
2021-09-21,368.0748825876961,369.49800943858645,353.7458364652781,356.75091094429644,1056588366.0136389
2021-09-22,357.60356735296176,358.1899777012506,332.4245834781426,334.33879123682595,811578461.2299341
2021-09-23,335.70908613068565,360.3055437137478,332.3447895831442,352.75789440717807,1521181897.3196335
2021-09-24,351.80857502182766,353.78590954254264,317.49936461590295,324.25921115822325,987218395.381841
2021-09-25,324.8157205361653,325.3867097782413,306.5833792762411,310.7162183203347,587633516.6101546
2021-09-26,311.4731778190859,316.14755378943215,311.0554622380811,315.2450139496953,464981703.8601356
2021-09-27,313.86524513825424,315.681524500823,280.4276964611856,290.73995158651275,719906077.7412024
2021-09-28,291.92240621266336,293.53392427624027,271.3523223536003,279.90565253304334,248431155.28702837
2021-09-29,278.6615101709959,278.8244138363436,245.29396037951165,260.1265869704257,520274675.8629266
2021-09-30,260.628844048989,266.00374576168304,249.5606115837841,255.4865573851853,682620693.7556471
2021-10-01,256.62414436208155,268.7801170276846,256.60656566166523,266.5348017259683,525800158.9053173
2021-10-02,265.9293809674665,267.8257842621588,229.48882876552446,246.3789665933222,1857424008.1533067
2021-10-03,245.7735371891908,254.58016256618947,245.14835450537646,253.23386798529404,563487195.614073
2021-10-04,255.13322707124675,293.62549050689415,147.0938360938191,150.99180673608254,989990745.1304741
2021-10-05,150.96426862207943,167.49501191403365,150.79470433069346,166.18852921358567,3295709850.441291
2021-10-06,165.98324117247031,172.7332791221532,163.42126768986333,170.24370232182042,858350391.555278
2021-10-07,170.61435562385176,170.77419451698913,168.37642948659683,169.4128530114664,608187593.3262497
2021-10-08,169.67583863236186,180.3760198903364,154.99535263016415,155.83434217115305,272289417.70823276
2021-10-09,155.8078816893628,156.08814768455227,148.30864673011047,148.88672133482146,604102785.5359184
2021-10-10,149.37943200855807,159.8986076971156,145.65092092988675,156.62360764934857,676999280.4188523
2021-10-11,156.68649111710093,158.78302125216905,144.05160580198554,145.8699924961678,514408476.2243762
2021-10-12,145.828477843442,146.84876364152143,144.69868695450427,144.99731785995363,677596405.0147567
2021-10-13,145.06462459224025,161.36196632917242,142.80084322792317,155.06854744558558,294272094.55080795
2021-10-14,155.27354149799712,155.59691516689819,151.58449331617103,153.17996173779517,206591327.940395
2021-10-15,152.29614136296172,153.24199660719495,149.2612831169188,149.83906381267752,384949304.34616685
2021-10-16,148.9805773729336,169.16958178914211,144.75629447886527,164.22911152097168,348317332.5620145
2021-10-17,164.11803860505975,169.24726431817177,164.07587577161632,167.5707920198624,1203370694.5527267
2021-10-18,167.81621321095167,176.94287444040097,167.2942336246191,170.26868624948906,854481038.465854
2021-10-19,170.3994898714174,170.6109981070203,168.57277411102595,168.7947419190022,346714395.7100262
2021-10-20,168.57975920666394,169.0552462623123,167.71520977454728,169.01920242180896,679175873.6128172
2021-10-21,169.71806954577968,169.8803101424555,168.1339426438316,168.1936319595794,1296851907.8762298
2021-10-22,167.8258954978069,168.2040043967321,166.95120017239577,167.08485504918679,468449976.3466027
2021-10-23,166.50082072836628,166.5076256983159,161.7954021509954,165.0878563623308,915648330.7539407
2021-10-24,164.86927122160265,167.1239255041229,164.8265096782789,166.96324383806362,1219789367.506649
2021-10-25,167.00329260016875,179.40696556300682,166.0393198924296,179.15086683579946,1026222558.1104106
2021-10-26,179.80255337642498,181.02476509220676,168.69427455484166,169.66184126770935,584145238.0444657
2021-10-27,169.40608408103122,173.707214067932,168.739241078775,170.85578218424266,978809860.8449647
2021-10-28,170.7614219607609,176.65310242252863,169.96394585506854,175.70910156421309,592713198.7998564
2021-10-29,175.9314457323928,176.34743520088236,169.19888661027812,170.8295232080284,434891666.743928
2021-10-30,170.8976532942917,172.43887326064822,170.6169726590627,171.63735097032466,409811044.5222588
2021-10-31,171.54039676445933,172.38241375714586,170.31697758966942,172.11075157691067,977343869.1004043
2021-11-01,171.5552436235929,174.0248347962572,170.66787574162706,170.740559505721,299581709.09428686
2021-11-02,170.64255878941478,170.6804615776685,170.610543195104,170.63298913868513,246719580.31677482
2021-11-03,170.88374846607755,182.90841221378872,168.75606464851188,178.1615469307479,331101346.00340176
2021-11-04,178.0834388765797,179.15873378444493,178.00551870624287,178.83929826635148,601405278.0558846
2021-11-05,178.81516807082556,184.00792003624574,178.05071925458788,180.4036049751824,984191194.9451548
2021-11-06,179.42967404594,180.6756716726722,178.50888748095278,179.6976943227133,724473937.8765391
2021-11-07,179.42754302475151,180.37162653575484,176.3623254102517,176.41496601732024,446910717.11011493
2021-11-08,176.0619439799211,190.0799097354979,169.3835022454323,187.4204139135593,459532151.9563196
2021-11-10,187.21722938280504,187.63226592333987,186.48878135059658,187.52045545337532,1034304714.6785613
2021-11-11,187.1480344888457,196.48769028695386,183.68936390540583,192.74010365070998,709977935.24054
2021-11-12,193.07094107900625,194.4623392801352,181.1766830831248,181.74032785357136,170472979.36594656
2021-11-13,182.56880886083496,185.3893093091732,182.3118308164502,184.2030889607611,1106433241.5769885
2021-11-14,184.4396724724515,188.32090899307997,184.0168488974727,188.025386086744,629892834.1083006
2021-11-15,187.1658500432824,189.49553911922084,164.85007288307204,171.32481964343265,691704618.1518804
2021-11-16,172.35379762310285,174.23554300515818,148.8756134370875,162.07788904409963,153207548.51969793
2021-11-17,162.31261245118114,164.9669866400139,159.87558434996595,162.59036364222493,964765460.8378508
2021-11-18,162.34744428498257,164.29359583740145,161.85617391006795,164.20292840499752,691227982.5584852
2021-11-19,164.62003111383814,173.86128560480526,148.11814221283646,157.71058963369256,1449256230.1278343
2021-11-20,157.4958103994504,158.20529677691826,154.26286866527144,156.64189378416387,1125289068.9679313
2021-11-21,156.8820390705951,165.03992698135136,152.52270619012359,161.2564483425243,649810666.6909863
2021-11-22,161.42038767553288,162.11858895390046,157.10808074746794,157.7655096188014,1636555941.617996
2021-11-23,157.73781972739962,213.81380676827794,154.20623431548205,178.19440767504506,954184349.9043808
2021-11-24,177.695276838929,179.18064481662486,177.66208040259397,179.11931522455083,567259794.3576365
2021-11-25,179.1554352586,181.21209868352813,171.2065415995246,171.27062490916563,1205386930.6265783
2021-11-26,171.02918707244024,173.7158386976429,170.71489099080046,172.4861363195241,363570308.34113747
2021-11-27,173.01581681629358,173.0532079356702,157.49544414150188,161.12529185308867,384310178.54455364
2021-11-28,160.46317352597032,161.0032127250332,153.72784693835933,154.99071377648536,405794146.7668977
2021-11-29,154.43661750606697,155.67876991570657,147.89736918771808,152.67792783081384,216102255.72792718
2021-11-30,152.06722032541552,167.39347973742966,151.29828353182518,163.98859157969747,758520745.3551868
2021-12-01,163.6896854236623,166.84453654377387,162.64945404051895,165.98942505761727,426683279.2670121
2021-12-02,165.98391102541046,168.32133165171007,160.7987252792257,161.48400062386375,501399735.1286694
2021-12-03,161.455941879795,162.06802103749033,151.38865614942893,155.41212944273775,794747120.8723682
2021-12-04,156.35858621367802,156.5685875046168,153.41728303521603,154.1607174069914,674836258.5905229
2021-12-05,154.5099869258134,154.80683195991307,151.7342174259605,152.56967626628787,510528686.58366096
2021-12-06,152.3985431739348,155.11667769868492,142.88870665593006,143.43112296451733,612030210.9878292
2021-12-07,143.00212442070895,146.545491659944,142.69580895053767,146.04398891432376,733701468.5212437
2021-12-08,146.3108181323062,147.12285045737244,119.19946548323888,128.79895479748063,689580437.5849679
2021-12-09,129.47340381331563,129.4931354074828,128.70749682600876,128.72885348447585,467132464.1479512
2021-12-10,128.21569720091048,131.5379388994832,127.3982797525987,129.85854055769798,746353577.4698489
2021-12-11,130.2249347127318,136.06996244697362,120.55000045521714,120.90452874885483,2644440864.489137
2021-12-12,120.5922733762166,122.10504134369509,99.08811976447655,107.31609528045301,794028134.8077774
2021-12-13,107.67059415896806,117.87344280527371,105.60139920188925,111.98163936540087,226952964.1990874
2021-12-14,111.97317438391399,126.09334532383528,108.98406029367406,119.85402282004385,178136779.16810325
2021-12-15,119.87425005845775,123.533128858849,119.77418244612294,122.84869960289461,897273566.7030203
2021-12-16,122.83780346529147,125.73136633035234,121.34739540250098,125.71916124837412,334145875.8754165
2021-12-17,124.77203950023225,126.39127270184851,109.1906154486729,118.18503053053615,416295384.8483581
2021-12-18,117.78173744583573,119.24050339326192,114.33933230829206,116.53310414422958,795859065.3674774
2021-12-19,116.11896827883075,116.68932555053226,112.07411663365782,112.8659674558909,782703229.6783838
2021-12-20,113.15617424733367,113.43196304010186,103.27809567877127,105.21035676023332,1258025715.7648041
2021-12-21,104.9540512386849,117.55640623215481,102.57487377352787,114.17787527546098,675664415.2478399
2021-12-22,114.06651755736736,119.61518136069948,111.36256310510007,119.15841809905552,790428908.8165708
2021-12-23,119.23401027374238,120.19811865263166,114.29563840106105,116.06390232594836,687951836.6558995
2021-12-24,115.54395663143531,115.55051538378189,108.22164176359873,109.43369900931435,174083294.0667018
2021-12-25,109.25072612820735,116.83571064080499,108.65127854212353,112.19794927923873,490615951.8013624
2021-12-26,112.6304355999398,114.5543993064457,107.28374405112152,108.90088878226102,296335551.57328814
2021-12-27,108.49963267896501,108.65361750779364,103.01911489268879,105.95292508961901,440340652.5578013
2021-12-28,106.18606186392998,107.00429685439312,90.94178877296342,94.84688534563703,539514989.998074
2021-12-29,95.02215881444538,95.5681965428681,91.52725791260042,92.81202786034765,598186326.8689436
2021-12-30,92.80553180581954,92.99437657337263,90.47885267471385,91.70059856556928,257300453.86050493
2021-12-31,91.55843580935341,92.3308531581232,87.20788229833278,87.72986809971113,330146621.9659468
2022-01-01,87.15577412594752,88.06872130182401,86.84317861915169,87.16985263133898,451577806.42286825
2022-01-02,87.5038904714277,87.87788720151944,83.74698224950173,84.14305749037325,778384680.5547086
2022-01-03,83.9078468734747,86.11536575304262,82.93168737842255,86.08148544763958,269489281.69265425
2022-01-04,85.97021330431414,86.69843411273497,83.41978882269616,83.65400881752193,781954899.789211
2022-01-05,83.87639106148683,85.27516866310225,83.80095173581454,85.13667094212838,430820862.07509226
2022-01-06,85.1629182612231,93.58517025078837,84.65851518004875,92.87358231922417,199963182.8511084
2022-01-07,93.2097800424935,94.98669087952892,85.07346613015447,87.98118227840791,480982686.4273088
2022-01-08,87.76201349774591,87.93780888072344,87.51521031131215,87.5190349057106,321963247.524462
2022-01-09,87.57690052880054,101.28965758067798,82.39670995925627,93.7657331829147,955736981.0980468
2022-01-10,93.77758648619366,94.68841915151573,88.32711405323023,89.08329139967321,795372127.6617998
2022-01-11,88.79556506509671,90.74120600127058,83.45402031579461,84.03554982995,559463053.9175769
2022-01-12,84.24783433621693,84.25134220381304,83.38380925626085,83.51560686606408,311754868.91437113
2022-01-13,83.4840656761071,83.71166546985363,80.0122107344402,80.13023349353128,663668255.7139618
2022-01-14,80.34437119604553,81.91461113694204,74.70331366809627,77.37106302895093,340783752.83795434
2022-01-15,77.52070108385955,79.38843135495017,77.3683420414569,78.17824702357798,625236779.8512053
2022-01-16,78.19715454193559,78.20248028338284,77.95340440481684,78.09512929812232,734826775.3837088
2022-01-17,78.23222377514716,79.10460235477859,74.30647760812559,75.13875918691589,526843225.034883
2022-01-18,75.26855263916185,80.73126361382285,75.03282527101983,78.95915755782909,1252562558.7022417
2022-01-19,79.1497885462422,81.0496474782658,79.07712974772362,80.6046455731595,359630823.51468706
2022-01-20,80.57745462407269,80.6752964337104,78.47320666868703,78.50331011036442,300124256.9030859
2022-01-21,78.27554978747783,81.9215184264226,66.1531753768943,67.14082960916797,624688515.9324175
2022-01-22,67.13437152093645,67.42828871945079,67.11806057980887,67.39322308685792,508607743.60269344
2022-01-23,67.35371964527634,67.65757227370135,66.92122987619582,67.00529813603191,854452419.2453791
2022-01-24,66.97085070616863,70.72699455456576,66.6998329160206,67.8137376687524,309576449.87793773
2022-01-25,67.78095242488648,68.64794410041623,67.43112640748112,68.64281705182312,748678249.2055283
2022-01-26,68.62480640163608,68.66048658655278,61.98429630275448,62.0731659478439,484682493.28237695
2022-01-27,62.2120060976246,66.25335871315627,61.954306194914224,65.55811578031694,767681235.347274
2022-01-28,65.47158553940872,67.56665225555489,65.0112815922272,66.02063021426885,438533503.6473374
2022-01-29,65.77289110569826,69.23689527316881,65.72843171631979,68.20103682945127,466836932.5121333
2022-01-30,68.02164949615248,68.68449673886418,65.43898972219317,66.25332372816253,385079640.1201161
2022-01-31,66.33694977512646,66.62364520291632,62.87270119589574,62.988105204878494,447362013.2457395
2022-02-01,62.55838313842634,62.77266183127236,59.68448984817477,60.500476846445935,487319064.734196
2022-02-02,60.451212315271505,61.46509854168768,57.13839055912402,58.096047853939744,380210327.171975
2022-02-03,58.308371907292646,58.41507738774195,56.19571171624843,56.510120773103395,610762822.5438144
2022-02-04,56.61811287153192,59.17454187874621,45.39777746729113,49.85832763624755,268743155.11301017
2022-02-05,49.86048407697059,52.405196612039184,49.78924626258648,51.926763417483954,668565616.317492
2022-02-06,52.055005204002384,52.14430923210049,49.18389163707571,49.99036436385841,933387105.9758525
2022-02-07,49.787231715394675,50.204083344971586,47.701965946237756,48.53072700709869,662285284.7544347
2022-02-08,48.32276156801991,48.4805887891258,47.82173337133361,47.91479218750504,962552055.3321245
2022-02-09,47.93485995845053,49.703597058929155,47.91970628101394,49.68574918398001,935759560.3023802
2022-02-10,49.50885387857035,52.00802003517946,49.12678327905956,51.401320355604206,591925595.6567901
2022-02-11,51.45274681887755,53.249272648183336,51.37206575309009,52.919480617771086,763159083.4791996
2022-02-12,52.7227739256875,53.2334589051376,51.206691411593994,51.53247826615246,731235885.1991248
2022-02-13,51.85756839559671,54.080467086392346,50.03597263097984,53.348156585953795,527221285.9255099
2022-02-14,53.50445784803684,54.18617359502076,53.04879961486069,53.86236388690514,722619684.1326288
2022-02-15,53.98829850635376,55.6350567804598,52.7690053462498,54.70258532099666,1278064906.0933192
2022-02-16,54.72069143708111,54.826831136100395,54.169383033921186,54.41883759206565,496996952.29889935
2022-02-17,54.39982489896032,54.40489345161309,53.538737646610706,53.663737530526994,872596492.6629823
2022-02-18,53.70770524997971,55.74682617776849,53.43110376628465,55.56221110204088,821631503.6801867
2022-02-19,55.680955875646866,55.928033770424875,54.11111682316392,54.616771226853395,563249055.1637669
2022-02-20,54.75722770430368,55.559104578175585,54.09143520807411,55.546193388444685,547816005.4655504
2022-02-21,55.70271996168577,55.949243232675386,50.59901946558271,51.63758581737379,217620393.41138276
2022-02-22,51.70620888851587,51.91234170013942,51.37529131610373,51.51912173332468,251061191.03017515
2022-02-23,51.634922280034175,52.169530957927336,51.605055589536384,51.76269031453855,953359861.0806453
2022-02-24,51.926308094556134,52.83888713043834,47.49969405357783,47.50722822372846,508731527.3273859
2022-02-25,47.44873063209575,51.079128175074814,47.400157181810926,50.707800161658774,568592031.4910011
2022-02-26,50.74840069045924,50.81569562942725,50.14541880185311,50.16052576458279,390096890.93526685
2022-02-27,50.13342877844485,50.169530134315586,49.997006623681756,50.10916573492398,710297190.5448651
2022-02-28,50.105659272089696,50.27247604607784,48.626770417931326,49.44309770545359,434386793.8374242
2022-03-01,49.47279742424221,51.10767706201125,44.590423677830984,45.722123384850825,247586758.8243027
2022-03-02,45.80955542391016,46.057671367700344,45.47139786012011,45.477168325233336,355032495.10287863
2022-03-03,45.45638552091429,47.22900479243106,45.18842376862925,46.48253236330263,786671338.0643045
2022-03-04,46.38878879921368,50.99155932150287,41.03692024041716,41.443499441736456,1435698288.571939
2022-03-05,41.60452841403111,42.51413917320678,41.48155639659562,41.8528464681326,626624028.6720071
2022-03-06,41.7328619104661,43.06290511552654,39.58517445608505,40.033310217582674,426431378.0895323
2022-03-07,40.1067268879352,40.27727189245133,35.82911051652392,38.13526710287765,700689149.8267287
2022-03-08,38.12941749520003,39.71729827207306,38.12253269189807,39.52569124970723,308240098.719943
2022-03-09,39.562206751056216,39.570629065732874,39.52430310527246,39.54231104670449,491742893.3426365
2022-03-10,39.419216508652525,40.448293538990335,39.39217204765888,40.3195502596767,388575544.56502813
2022-03-11,40.0673284359395,41.21005579474657,39.86173066612341,40.97415289127735,398154575.54017967
2022-03-12,40.80986359410624,43.03798519284939,39.546951837419165,42.789871608698725,285765945.8268778
2022-03-13,42.67771995348489,43.84532730135243,42.36948231772848,43.78801973081057,446138770.28058594
2022-03-14,43.62324087203927,46.20109894586277,43.5512059332917,45.301327997653004,705414266.6295291
2022-03-15,45.44800504347129,50.544049133274164,43.68903456983748,49.92320322375487,857653495.9175744
2022-03-16,50.092917259908305,50.09810069816524,49.56130144107133,49.719584308936426,514115245.26096064
2022-03-17,49.93003108980863,59.19495341564386,45.984320813557254,53.41073167659104,587013993.9771823
2022-03-18,53.32038520803587,54.310329444238725,53.299897992880936,53.77760632166346,1029956292.3381053
2022-03-19,53.476467509886284,53.997012278925226,48.78391946847974,50.30070955144823,901884565.8173571
2022-03-20,50.38843539306917,54.25949039444072,49.639361072692175,53.81035780176539,1157440617.4132967
2022-03-21,53.90938104605055,54.308018783042584,48.9444028846429,49.71480158133947,1272285053.4749558
2022-03-22,49.88624733151827,52.14647745180848,49.69501683275917,51.92521613000424,668634459.8177766
2022-03-23,51.91594474726954,55.29851470800314,51.65783354703278,55.243033038070045,841128510.6838424
2022-03-24,55.47803609984001,55.695502661482045,52.38606920263242,53.43243506508859,797368562.4926821
2022-03-25,53.54917216988573,53.55763301547677,52.72654089303344,52.93091484486011,1019446992.4268328
2022-03-26,52.870341826620425,53.270042756845555,50.44914441614817,51.53531445846761,1714221387.6225066
2022-03-27,51.247211555726615,53.244239158786094,50.61855171485918,51.95010765610732,526073622.80384237
2022-03-28,51.87245438552326,51.94217902177128,49.06377972757523,50.185678054494105,941423050.9836122
2022-03-29,50.08837058338373,50.16972502578906,48.759484501647734,49.121223656273294,1213547479.3181787
2022-03-30,49.37737684004493,51.2223476182229,49.25868572822527,51.05572831391349,1064313116.3678812
2022-03-31,50.76126284026945,51.025662927291926,50.50060297848917,50.963518970567364,833957035.1811308
2022-04-01,50.91841357440202,51.33852134468995,49.8623867598831,50.14909975858968,305080898.6584607
2022-04-02,49.85157886058348,58.093658214182575,49.47621541786989,53.218194185138245,1002378371.1003073
2022-04-03,53.28601550138641,56.58186307130093,52.42352380487989,55.9715210056084,1231713616.2524338
2022-04-04,56.05364556768303,57.001458176262,55.95223646859667,56.741047961159076,596447235.2515103
2022-04-05,56.49783415060271,58.93895728900673,56.15087887722604,57.842364837772685,363495153.2784264
2022-04-06,57.88514882846711,58.01217546861016,57.754706692025124,58.00193581125799,702781163.2656889
2022-04-07,58.190532512621616,61.18762818555367,57.31122161714917,60.966289096318896,466606857.6403449
2022-04-08,60.95433181796327,61.111319348587614,60.482482666567286,60.85969569517117,453496970.53898084
2022-04-10,60.79939503384692,61.399935772185025,54.13635389220228,56.227177253527934,320494149.60940135
2022-04-11,56.2073430083024,61.700629511553664,55.88617754442677,59.28775919771516,668467873.249075
2022-04-12,59.20147132356205,60.79286457730231,58.719179913701424,60.20831001010663,397129832.4685325
2022-04-13,59.836298270408456,60.60281277115571,57.56196262175767,57.89653306040186,689728087.7119377
2022-04-14,57.99515203699069,58.35875058682898,57.97381339230996,58.059089309484946,1091173517.4062765
2022-04-15,58.17502130167345,60.24754889317889,57.83018534639642,60.0661729325674,644825989.4172809
2022-04-16,60.01860160542968,65.39030107892172,59.56206964957438,65.0465887269941,1256048630.7902021
2022-04-17,64.85898583882303,70.27635019651554,63.79700501862814,69.99331645479394,1000609352.5511781
2022-04-18,69.63503301392753,73.72209315427035,68.37591299037166,73.05471492075057,799280191.4081333
2022-04-19,73.40036590158124,73.48827934963842,71.37187313010105,71.5288513283854,680369943.5720369
2022-04-20,71.70944122142646,72.87281102645768,67.94022396069285,69.2661041915733,623758175.5973709
2022-04-21,69.7655498412691,69.93505515766658,67.48771070765103,67.48929161717055,1703712665.5480542
2022-04-22,67.91808574611797,69.17341430912661,67.73326719159186,68.71868107487664,708543869.8955537
2022-04-23,68.74097420094098,70.46650967922197,68.33015579180476,69.93788902384242,692855630.8063811
2022-04-24,69.69482282922763,72.74747824407524,69.60985212464324,71.6262963575581,193524097.94332683
2022-04-25,71.72301561098787,76.45061118102537,63.416676243980724,66.60936121973532,676463597.3330591
2022-04-26,67.00157156777064,68.7156524421305,63.57493221478184,64.87536684223129,261719137.14896852
2022-04-27,64.55963099752208,69.39661766270987,63.921594529170044,68.5604586154138,454655657.4216314
2022-04-28,68.3873013123856,68.62539830369826,67.41371815098267,67.69383988607804,376736933.2012951
2022-04-29,67.88331132830862,74.11719931908449,65.80364123035628,73.3915170158642,1403254988.1660645
2022-04-30,73.35041756664778,76.55635429695813,65.80531778888715,69.21679384373101,272287813.0494419
2022-05-01,69.27559805793726,73.87848568547733,68.10607990373529,71.48488842396551,752992455.038168
2022-05-02,71.50506667151019,78.20773875135114,70.38820691143918,75.175066804892,676874376.78206
2022-05-03,75.74831994591715,75.93649778071944,75.57111063440301,75.77721520605567,731799698.1783985
2022-05-04,76.0379104145668,76.51620477753157,72.13543879269807,72.25575763608141,412868373.06639355
2022-05-05,72.29829279445235,73.63046811405222,67.61248523013904,68.40589016731225,605933474.111573
2022-05-06,68.48312543521602,76.73907926481316,68.13870535676368,73.7372340642781,573908891.941486
2022-05-07,73.96320412570938,75.09163295073692,73.18835954823173,74.51746715817893,796722720.2250876
2022-05-08,74.45223644637936,82.74273226682149,74.40427573570487,82.12920517429336,528980678.1861767
2022-05-09,82.267546259765,91.58514791093067,79.97890878298101,89.76736138483402,1470647420.1810875
2022-05-10,89.84419208067493,94.28951834291665,89.70826366416085,93.0917102744162,279284194.30318373
2022-05-11,93.28125743520292,93.78839840008943,91.5497848443504,92.40297381695612,812809148.0975674
2022-05-12,92.74861035277645,94.48340746506143,87.12925637782466,87.50904548301196,323171267.4707502
2022-05-13,87.49016754891429,90.37918902726423,87.18448805310821,90.20281358110412,585523171.6000283
2022-05-14,89.94484679566999,90.6497803584529,89.15695563995347,90.55769379097457,760931480.3128295
2022-05-15,90.90788996372372,92.98630425650508,83.37289494953188,85.0025665391836,673222977.7629629
2022-05-16,84.8623545994939,88.97556178855942,84.71782597455737,87.84653645266478,315300356.9607206
2022-05-17,87.89433489458563,92.25190826897261,87.62080363994588,92.00572602663667,557478457.9461377
2022-05-18,91.93535221700867,92.80468485600392,91.52153129067335,92.72395169692896,530846098.9198842
2022-05-19,92.65224988503164,92.89939884445961,91.45880588824701,91.77179427618816,549870047.9142957
2022-05-20,91.69166013706618,91.93107830929873,89.28229808318689,89.88482327796625,450082667.819676
2022-05-21,89.96402121317219,90.02115558343726,87.368166729929,87.60501643161426,678424029.5150326
2022-05-22,87.39326958775469,87.68648367450443,86.90810899835681,87.03113777477331,660037330.5379443
2022-05-23,87.35374593749724,88.50936467470882,87.07830330615649,87.44041813012768,330160593.1057676
2022-05-24,87.40791549775741,101.7611530636956,87.06825368106257,96.76449019491635,979611896.0594299
2022-05-25,96.50316808712726,97.46490912929913,96.49858408820567,97.36401163469912,908580072.5284079
2022-05-26,97.8198792355989,97.92596784486402,87.79501420081853,89.8017341466908,557266353.3647282
2022-05-27,89.63539262495023,90.19681969851953,87.31783495247484,88.38300730596869,544085144.991639
2022-05-28,88.4539297127818,89.56200621089833,81.66261824205932,84.9154987265251,352133047.49809337
2022-05-29,85.04678457777403,85.12000083014588,84.42367204662196,85.02725237947782,271252932.73178035
2022-05-30,84.89192434108108,86.69212005229116,84.88304728691523,86.59765498782212,676185810.2994928
2022-05-31,87.0403004672837,98.78024082178499,86.73653506067684,95.44163435100998,1588761607.5596745
2022-06-01,95.15058261655312,103.77482774055477,94.990841545742,101.46789071773559,649931228.6616657
2022-06-02,101.41219801874213,102.12463703663222,98.96606060475706,99.46866474319438,815917805.4904938
2022-06-03,99.5299828587044,99.57019801057531,99.43212661866329,99.51614285364475,393779957.34483707
2022-06-04,100.10998667798955,102.95670487038977,90.86144398914072,94.16131832403195,493102337.7747461
2022-06-05,93.96016011537934,94.6653284916798,89.7471498612955,90.54242422280394,741333236.851888
2022-06-06,90.26209586505453,90.46753677778258,89.09814670969615,89.37336694465525,695521528.3258803
2022-06-07,89.49510673381252,89.69827702438349,86.3522210100789,86.83875646897044,431502203.96395206
2022-06-08,87.31915344247804,90.31358374532574,74.33117119731794,77.11262152148426,299994085.5839445
2022-06-09,77.2107961221367,77.53235658972669,74.71388511437512,74.82187595331453,582364850.2151787
2022-06-10,75.07598647048299,79.67929415988652,73.07072610098164,78.91172644739532,214891864.2034377
2022-06-11,79.02670067174311,81.87129508800962,78.19305464693693,81.07455959740317,731238558.8054063
2022-06-12,80.59819839541032,85.68029431616107,80.53102792756103,84.02661326230654,469381343.82826716
2022-06-13,83.71619581647289,84.46642182701459,75.74566246091779,77.41850380324362,679265243.4706024
2022-06-14,77.35629238082856,83.98252233869675,77.13122124971345,82.2067379150464,1071289836.8299116
2022-06-15,82.00842287411403,82.12344815856055,79.41703304657443,80.08692614458568,574994321.2107975
2022-06-16,79.78431643510734,80.46848806958269,73.163714201536,73.83524080961406,290039904.8253383
2022-06-17,73.56816038732684,74.56816909390493,71.3308606595387,71.9238748649525,343254517.51738214
2022-06-18,72.44974460809588,76.70927472899723,71.99267484716034,76.46509488595564,548219199.9506745
2022-06-19,76.36535327374776,76.38160627958048,76.12889207624393,76.21751595520418,233076411.99293184
2022-06-20,76.16384515557134,79.325598478023,75.68042626232649,78.984880208959,362238393.8086843
2022-06-21,78.88980431634742,80.28319198725482,78.6088065759382,79.78239531798818,172079800.2398654
2022-06-22,79.93281419282947,83.80943127071806,71.95483881801837,75.48783803370061,1358113478.9683385
2022-06-23,75.44175074733712,78.18782583662879,75.07955586344758,77.99257475238215,592448362.1250747
2022-06-24,78.06962105393563,81.71285291850437,76.3984255979338,81.22211668906333,268301193.1754196
2022-06-25,81.23553881830667,89.90946366000902,80.95763677972622,87.19889721881688,370437373.303784
2022-06-26,86.94060145954376,88.01592320251198,83.31813976664344,84.85284334987223,633938086.0227014
2022-06-27,85.00226576412358,94.141630160762,83.77381254203925,90.11470415355869,663041913.8808155
2022-06-28,89.68085880279895,89.90251624543171,89.64802241405194,89.8845773113112,356538278.11814725
2022-06-29,89.91473624141841,93.58550523779554,89.7376543127687,92.81106409292339,954401528.73878
2022-06-30,92.94018817905959,94.51597576407057,89.40206076171248,89.45874773728384,571961963.0052497
2022-07-01,89.32945338765327,91.48031575486613,84.67108523216152,85.31176860531865,583130553.6663891
2022-07-02,84.84020240002364,87.83337204069807,84.31410367131552,87.76589236917471,719065182.2832497
2022-07-03,87.99257782451308,88.07664942225506,80.46595127618903,81.05586590104156,402775978.19985926
2022-07-04,81.17268842778218,82.44692078319285,81.16508305957932,82.34808502110327,482493261.7179036
2022-07-05,82.4460504169715,83.13639225226723,80.83588274420755,81.13470613331113,485664865.6943748
2022-07-06,81.28504785724803,82.89308814054533,75.38061650988327,77.65209521340321,1284478264.2532918
2022-07-07,78.01078526684103,79.01681355954162,72.78421610196622,73.90125482718979,474505184.3226238
2022-07-08,73.80454583728027,74.6202678077457,67.38442882665323,69.15385793821633,515516734.3318056
2022-07-09,69.08813510856321,70.12427975165454,68.40498089946236,68.6058961888991,598679762.7791879
2022-07-10,68.9075450303408,71.09791713397966,63.93922185008515,64.13560981111306,1212733089.3360677
2022-07-11,64.08293074733494,64.15450663384935,59.90554063208431,60.95742677384208,616381998.5429411
2022-07-12,60.99739392537592,61.072046410595796,56.79012715616704,57.76505263771463,1155527986.1262758
2022-07-13,57.58901660409126,61.47142636512545,57.17648376948565,60.60344316272279,279408497.0562369
2022-07-14,60.766593958906995,61.79375860575295,55.43741616456217,57.96176222300039,891500532.611412
2022-07-15,57.98482652526508,58.00040489228646,57.92747829910223,57.94170110240736,440906375.9087527
2022-07-16,58.05027082383647,60.15181350454494,57.5372925839022,59.990878382865795,954513084.1666688
2022-07-17,59.89082446772605,60.000815291702814,52.01525447656598,54.93299435460473,354129348.42102545
2022-07-18,54.718117476134196,67.28553570358872,53.33536410482064,60.783475853926994,357267593.0458214
2022-07-19,60.514355559669596,61.16797096835257,60.34925727717461,61.0595788766399,1124276557.2836058
2022-07-20,60.97879068607511,61.25622996508475,56.70888389642417,57.31539767568549,887279171.6624273
2022-07-21,57.18764513068039,57.6486259892831,53.30798253621854,53.95977810067876,2096609184.346681
2022-07-22,53.846544881263256,54.01309654908238,53.83516404364698,53.946386344757904,258638165.3618976
2022-07-23,54.188846092830836,54.837265619319275,52.072323878245,52.85949901714571,404892724.83839923
2022-07-24,52.83296073280823,52.878324253479974,52.61321376173339,52.81054374160204,636527261.1582726
2022-07-25,52.801267578627666,53.08925780984679,49.36911190819016,50.918931442432076,494542033.18599004
2022-07-26,50.74062735060178,51.386384312897675,48.01467703751176,48.09500746091826,288658899.45315444
2022-07-27,48.101316480111116,51.86365803664285,47.72606606692107,51.073253736743425,412856149.31558347
2022-07-28,51.23199112408762,52.77311271453049,50.90293744926161,52.45061601892046,657821192.6380181
2022-07-29,52.39685748564099,53.20772061643246,49.932822095249385,50.64712067291228,1534452394.0728724
2022-07-30,50.674599562784955,50.98451028166494,46.645277842850746,48.08121856411136,610139331.0049723
2022-07-31,48.183636579761824,48.558553610837784,45.82759569318692,46.415092911553124,1024472351.4465417
2022-08-01,46.5307184571417,48.22667718959861,46.498674527306456,48.111277461677346,544716584.675114
2022-08-02,48.168911255668036,48.739806638932755,42.22330321244381,45.28945471647961,471811237.30327964
2022-08-03,45.42853630992244,45.693130068550026,44.39081121926424,44.48808419227192,696974760.1062309
2022-08-04,44.51186652348767,44.558280384529915,43.41273023470176,43.74768356648914,615501933.1588722
2022-08-05,43.54385775109819,43.66028980029031,39.479297279036665,40.750803763489834,344216597.24953455
2022-08-06,40.586743667529845,40.780199498634715,39.38522465203875,39.60357538484101,815123927.7989004
2022-08-07,39.49248776302337,39.55864090700284,38.4916104999981,38.50626599662503,859064774.5104917
2022-08-08,38.44905961253904,38.46107377293084,37.95434467852255,38.01007389609647,383792071.23877746
2022-08-09,38.10521527354478,38.2815750240713,35.48891488258999,35.70202937861144,728245671.7578356
2022-08-10,35.71209433306528,37.811053742088006,34.9062735448516,37.364475121942924,2104401394.91568
2022-08-11,37.39236862807005,37.73799418120882,33.71232371202144,34.82676895575102,468563773.5649476
2022-08-12,34.928932698106024,36.017234717676885,34.82126746333664,35.73164725753172,276134694.61932486
2022-08-13,35.84197331633383,37.196834424317416,35.57809857844196,37.04126370071828,743211289.5608153
2022-08-14,36.97479389208584,41.4382869700228,35.65289715206133,40.13521770658021,677418175.0938644
2022-08-15,40.094839544330604,40.20380781100684,36.185280455285955,38.379194287989826,342540397.62456095
2022-08-16,38.32682468113329,38.444558053068825,38.14321010126216,38.24190287504272,894631557.7928914
2022-08-17,38.11996558805636,38.35174078503248,34.82179624807446,36.048148956596975,781321667.6604183
2022-08-18,36.14426646532786,37.69716303095085,35.613258438992,37.60043245115037,1164901723.4422724
2022-08-19,37.738202299111876,39.68423562627243,37.73604220255723,38.74804723839495,348901741.6556921
2022-08-20,38.70743272022967,39.90999174346629,38.68188842044049,39.15060649297244,442432877.2170094
2022-08-21,39.08480172097694,40.27219003036631,38.28795604112145,40.246987141185436,286981311.0586348
2022-08-22,40.248495421220305,43.48496739094833,38.55243559133903,42.3070897400858,453886220.74679404
2022-08-23,42.39579659371686,42.498873422311235,39.174141787660886,39.29151908512047,265278581.5560482
2022-08-24,39.20789886486269,40.63619050680088,38.232197803641775,40.49194310359497,294545071.3056917
2022-08-25,40.48751485646203,45.767728824599764,40.19678203788687,45.471652496778354,1233414022.117083
2022-08-26,45.4491752213301,49.626360061199485,44.70860262827921,47.9114450421884,113556567.15393919
2022-08-27,48.0442138337338,48.948010767805606,47.52411893535245,48.77366833238419,804067251.7063334
2022-08-28,48.67135542235083,52.95677742571856,48.38955892053745,51.381526183027546,409401286.3303179
2022-08-29,51.465418849312165,51.5523734277922,51.178034975668844,51.21547220666452,320799892.37069297
2022-08-30,51.27007469357392,51.50910861415539,49.88411088113446,50.242101445544435,690300257.9009273
2022-08-31,50.1471628123609,50.92143517198393,44.63869030099647,46.17107696439132,512911681.3707065
2022-09-01,46.081307343298064,48.12396882586335,46.07805833346651,47.66555268813903,417423651.64971036
2022-09-02,47.816556645092504,55.09188848592857,47.31257933925494,53.369347655713476,598174905.4805917
2022-09-03,53.37132647450371,60.10225290306282,53.28216506187727,57.7727533804128,396390024.3260636
2022-09-04,57.45529519082789,57.74118237519351,51.645545955014484,52.429378705301026,559593406.7134944
2022-09-05,52.76302287929671,52.78955163834314,52.462733115305056,52.62958452623381,443644998.2307709
2022-09-06,52.61474556935576,62.3435160844573,52.104841761115864,59.675135333609816,799315989.9138647
2022-09-07,59.69009454089125,60.50130554741722,59.38612882763273,60.016153375295055,682546368.7805253
2022-09-08,60.22147138430577,60.65225655146811,59.31641209197357,59.52750885199607,409581197.9141514
2022-09-09,59.38861635551864,65.79241146005116,58.39697533909744,62.370085283344785,633512840.7030327
2022-09-10,62.44214678364401,62.76594010499581,62.36603052583056,62.68548806338825,348499884.42608106
2022-09-11,62.865187505751145,62.86730600184713,61.86199372017224,61.977810805078235,238220053.3132404
2022-09-12,62.205079170143975,64.79971769716687,62.144353504655236,63.11395341879303,730023052.1857961
2022-09-13,63.01029652731796,64.29723784510611,55.43202506905138,56.31508116049784,492701314.11702526
2022-09-14,56.58736403891554,59.97162205077506,54.98550686880582,59.138663555783275,653843312.361474
2022-09-15,59.15139939979777,61.73166660818651,58.89406710246562,61.544906603013004,878301864.5827198
2022-09-16,61.63543598191397,61.69898289722651,61.012749221296026,61.12167968914746,829117400.6842366
2022-09-17,60.943828036092306,61.58617933934486,59.298591940990676,59.561145650031236,625688147.4331334
2022-09-18,59.487017437583916,63.321324648557834,59.37203319335027,62.352491953036136,1221387529.9307349
2022-09-19,62.29649015071954,67.9647185447255,61.99612636453527,66.74366605407714,485120609.05701
2022-09-20,66.65081821930312,68.32467314004231,66.59433926827447,67.97671967302878,664145312.7633666
2022-09-21,67.91417477377125,71.3701793960757,61.413920439441135,61.672031491962066,250368085.78745604
2022-09-22,61.60086192733653,62.596265822600635,56.18116754250487,56.579152037864205,426123227.64215875
2022-09-23,56.87292442034152,57.72681197861265,56.16332577859295,57.515685484796386,505075913.45381665
2022-09-24,57.34211669233183,57.43601872448826,55.245159743730454,55.9157163905439,712991213.8208963
2022-09-25,55.69423014317138,56.9486152008686,51.08270527503003,51.519553046980754,690106052.5067918
2022-09-26,51.60815615008274,52.07852691229252,48.5939397057333,48.92923967519109,640677522.402666
2022-09-27,49.02496574871241,51.55078594470681,48.801131954421884,50.061005471187244,521731080.48004395
2022-09-28,50.326679606912336,53.47615697321588,50.092127658396755,52.463887562682466,623341447.0834476
2022-09-29,52.644457610128455,55.10980926210522,52.28226552752853,54.825377103562005,247178393.79407245
2022-09-30,55.23056089147018,55.263182747560506,53.8407048127199,53.956213321999144,341623559.52196264
2022-10-01,53.60796283905425,53.65919063013366,51.65165743029025,52.5200319390927,873254362.4460924
2022-10-02,52.84949605076088,58.723675917291224,52.634294028527705,55.962396046503805,254386895.2854882
2022-10-03,56.21288566050466,57.394818461140034,53.05727136704482,53.10032053908627,458328396.8606059
2022-10-04,53.06647210416807,53.22319880945922,51.6144732875506,52.518520314124764,1390186943.2189603
2022-10-05,52.41941325166439,57.17892775287484,52.10333534355096,56.6620757339444,466076727.7831318
2022-10-06,56.44593518210409,58.51505258948668,55.792534172590706,58.480453953961074,344122979.84122336
2022-10-07,58.39316851346614,58.6816469426558,54.72796361774029,55.91649441110845,993494899.0121856
2022-10-08,55.83988164106232,56.37802496683877,51.348370848964905,51.5464281688733,669428241.8624996
2022-10-09,51.41802925756315,51.44629435438206,49.43956564841955,50.12771808807696,841041446.8774589
2022-10-10,49.87484902433399,49.89069840639378,44.84081591830432,45.35024619403644,348544210.1869958
2022-10-11,45.232152260654345,45.76322493594648,42.32411815874736,42.48280548678877,350708236.5373713
2022-10-12,42.345124859810795,42.81586566347317,42.32702857098211,42.688361538673135,262380691.06116802
2022-10-13,42.806271280652005,42.939742680467155,38.75987601405168,38.80520423633055,833340562.5861337
2022-10-14,38.91519683348763,40.344285256271725,38.32564230772846,40.26893340210466,756806486.7911308
2022-10-15,40.51817443178224,42.80535794693035,40.113204254139944,41.601557426151935,962668650.5389053
2022-10-16,41.5351050023067,44.32963222799883,41.1926795792189,43.74394148414589,907086073.0370947
2022-10-17,43.824061930534256,44.721455264733315,39.49503019458313,41.416072283088376,792926488.7541053
2022-10-18,41.27038071238534,41.77751585519199,39.08920380298423,39.17646012746689,874388424.9467672
2022-10-19,39.19484194884395,39.88469641558815,37.62477768559572,37.683220316197634,551362967.4928428
2022-10-20,37.468588887051816,42.19875195128052,36.84313893511686,40.57243968048411,468626016.14989704
2022-10-21,40.511317849965835,40.86153213825107,40.5047671555134,40.838230206672456,590556076.4235438
2022-10-22,40.86059101545025,41.09813363457759,37.64518197554365,39.246077146216784,394831934.9154023
2022-10-23,39.18400557414158,39.77119003690658,32.88642349921092,34.41095980786715,1789232884.686804
2022-10-24,34.56019240089998,34.60717625709046,33.913332929243104,33.92828205761544,461469454.21389586
2022-10-25,33.96427836691412,35.31951396620693,33.56554186312209,34.81619468172826,390607128.7497932
2022-10-26,34.904409964736125,34.99319144359766,32.682879665394985,32.86504527545671,650905524.1919149
2022-10-27,32.896414856348784,32.96009753955,28.50424799801928,29.231726483275263,353996454.00849235
2022-10-28,29.16392486172723,29.846269703824508,27.066048993782488,27.917864697474258,532268455.91267836
2022-10-29,27.925812954406368,32.65106055458143,27.5612763638412,31.096635590424068,1353023549.2154417
2022-10-30,30.985970676212457,31.72357004300974,30.773728850376042,31.605151623686467,763483812.8679786
2022-10-31,31.706088462242302,38.59739794015126,31.587154762624643,34.38219381271883,997831007.7835793
2022-11-01,34.258723319956665,35.78838383868587,34.18093376330248,35.66988147529976,697067887.9061482
2022-11-02,35.91503748045684,36.22202849481502,35.67831197394489,36.09639578394122,408138026.8899813
2022-11-03,36.241843299806156,36.24758225096913,35.4962915430049,35.58558119375275,748643959.9067421
2022-11-04,35.61466071895416,35.8719631014175,35.611777206602625,35.68450050239884,428452184.62910295
2022-11-05,35.854370724786826,36.12895947946756,35.120416099185604,35.32999734280729,1064819747.0161883
2022-11-06,35.10305718605357,35.30482779092841,34.62168312058447,34.80956569828308,723236727.9501109
2022-11-07,34.82278587978814,34.91022925248993,34.60491946076338,34.614441857703596,300050906.59426016
2022-11-08,34.622415111004706,36.013158212827086,34.549136099067475,35.98835007188326,360101115.4902841
2022-11-09,35.902611752667276,36.12447885911026,34.87274045671261,35.07768615907162,393736864.01087
2022-11-10,35.0990165339985,37.60623134522931,34.16165838375461,37.26767471671211,760105433.0591276
2022-11-11,37.17828829273997,37.74114089118698,37.15697866530713,37.66208889333301,585251097.7128816
2022-11-12,37.764460044655074,37.8063779198918,37.23049846426085,37.351284503487214,589881513.9037509
2022-11-13,37.28184802562125,37.347952470899614,30.79968022657056,32.34587420792492,372839188.3091341
2022-11-14,32.2861802461379,32.77476934136548,29.350001665885088,31.25063580927873,565320319.7647463
2022-11-15,31.180715029461048,31.406430294970242,29.542654179779127,30.055464715970874,814990961.4421315
2022-11-16,30.223169282067385,30.26925734878987,29.162928192676034,29.636031576612954,770208836.8054305
2022-11-17,29.79201230588346,37.06026334942567,27.546416767416098,32.14836941031405,323457209.6466179
2022-11-18,32.11368923931497,32.126346730907315,31.97155317618498,31.986679968916324,1206511113.807968
2022-11-19,31.875759296398908,31.951544036725117,29.302421472967954,29.787034967794686,635428891.9969212
2022-11-20,29.890899778351653,32.57773481244714,29.4766753032242,31.439695976805208,354682073.47720724
2022-11-21,31.3507394051247,34.44054106805252,31.101698956497263,34.05231308368123,519259285.7185399
2022-11-22,34.16121016365577,36.390007614043455,32.92710073732134,36.199982178206575,768985777.7798185
2022-11-23,36.213337673016035,37.28470086325767,35.77531934673801,37.23379301819121,478814520.9818962
2022-11-24,37.11867919866049,37.77032068867549,36.04851153307748,36.30828798046187,594703355.4149191
2022-11-25,36.083832417020155,40.098657549506484,35.7334874738856,39.53921809807347,684423010.6021053
2022-11-26,39.465295188266246,42.86463255499687,39.019224748631515,41.82404280420734,472753806.27676296
2022-11-27,42.00625057602441,42.526622678520255,38.539595771764205,39.5396885965926,487324757.1432536
2022-11-28,39.40827553568216,39.615948860198884,38.024208559247455,38.31583124598856,1180149132.7611668
2022-11-29,38.199937120334795,38.28159530703256,37.74783566983258,37.806849027144814,699975696.4082556
2022-11-30,37.75227681704681,40.133109490022605,37.67820809010479,39.93546253596495,1049242729.5450858
2022-12-01,39.87609240484284,41.09083007200298,37.72486895327771,38.536532087421385,555506920.6538315
2022-12-02,38.570593988800766,39.439236868090845,38.2232991446549,39.10532455560175,616272243.3941984
2022-12-03,39.17096283830308,39.43813426657033,35.867330402331774,36.339827217600316,1498206595.824432
2022-12-04,36.304010621796635,37.64205512367834,36.08033254697085,37.30838035853295,158666458.70059842
2022-12-05,37.51117888131354,37.6577221480903,34.5806578589839,34.94124773983998,1165621705.1782928
2022-12-01,34.87810851741896,34.94643964792922,33.42859424503501,33.54968568990494,719018418.9848582
2022-12-02,33.58519678418449,33.61330227696967,32.969629673894815,32.9873963957198,979358760.7355769
2022-12-03,32.9924230402571,33.16310034360321,32.505630123308975,32.642924085613934,637167462.4279743
2022-12-04,32.69698176996231,36.1396805526923,32.496198046090086,34.72752731634799,1130849798.843324
2022-12-05,34.828538901471056,37.20697597298949,34.40326518647458,36.390270032408196,426148454.6491619
2022-12-06,36.32388012466801,36.650383852601905,36.292611494876624,36.57632410732294,395734333.20996934
2022-12-07,36.605353690476484,37.23992320840763,36.46232015075509,37.22299149856444,198198221.1518714
2022-12-08,37.255303529523474,40.60143616422195,36.92035771488052,38.4825167067022,548256509.8504254
2022-12-09,38.53209996503353,38.65150344793539,38.02049726949202,38.27634914500888,952759857.7237728
2022-12-10,38.22612503135072,39.60136329622524,37.125168675898436,37.25361111084572,1120151920.4985006
2022-12-11,37.07694086543239,37.39475146925683,34.84645539444025,35.70702318424657,894489142.7606629
2022-12-12,35.53566805757946,38.6888688934732,35.4390629069703,37.39353149485157,300227073.4436764
2022-12-13,37.55760805909086,37.76330956248228,37.53271354388197,37.68476784538369,289398947.8224017
2022-12-14,37.73395960998634,39.59776971994557,37.701850097892944,39.352783226984975,894826342.7693466
2022-12-15,39.37163888602164,41.06302375148851,39.32616483630331,40.67753153697609,908103823.5023476
2022-12-16,40.44912698035485,40.749808104967755,40.4367676906247,40.733083850232234,235536782.71296042
2022-12-17,40.7887959566333,42.31894377751259,40.6587462291494,42.10305605233176,986444916.222518
2022-12-18,42.24682219304128,42.66000799208435,40.27181491755982,40.92358802155559,594014793.8938044
2022-12-19,40.84809507411289,40.867183217890954,39.768115847445536,40.09058685954224,398930356.9386204
2022-12-20,40.20996261050491,42.136499121979305,39.85984389761863,41.874534645963486,788847595.1961892
2022-12-21,41.854893284278795,43.31549904996867,41.779821468642886,42.75707617309382,508322878.38356495
2022-12-22,42.864772861989984,44.74300019164369,42.68052612781694,44.034701455321546,837737014.7116734
2022-12-23,44.18693188157097,44.27195536854895,43.55031294437149,43.76334644127107,1599791886.36441
2022-12-24,43.77990546446349,44.851277996565464,43.413035833690685,44.84567610792821,948187197.5308443
2022-12-25,44.704741747227,46.80821278768617,44.60982852707266,46.10580860709791,743655535.5294861
2022-12-26,46.13909135420861,46.192908177887126,44.8544222541934,45.04942220241221,342886489.9721078
2022-12-27,45.23466278710055,45.774836502603634,44.633535372835645,45.6675707633853,405720993.57099
2022-12-28,45.65767870056151,46.62372628652975,45.58731382010799,46.36497688633687,969116116.0039694
2022-12-29,46.69609724812994,48.7543934360434,46.31626810684805,48.21646586306478,735530739.9505348
2022-12-30,48.03409166451323,48.125321234430174,48.01870815655101,48.10108951690028,160620682.13477936
2022-12-31,48.017928286753396,48.13101500370401,47.39930751413521,47.87555836333999,615606777.1614435
2023-01-01,47.88958098329868,47.97182362610408,46.669335519601546,46.908659940365055,479989998.98522097
2023-01-02,46.90571979064731,47.22473140903822,46.45293131737895,46.64093163840979,877009439.8811747
2023-01-03,46.52042994401786,47.22757401891665,46.44694703600946,46.979695522699245,320924002.30468965
2023-01-04,47.01911938469686,47.467185595560494,45.40587642865381,45.69084908675358,298455418.2654596
2023-01-05,45.666511195510566,45.76339167976214,44.934131078123265,45.36618208050627,564865414.7929504
2023-01-06,45.38727818056879,46.77059279578811,44.09284067488838,44.31941734015302,557630674.5895298
2023-01-07,44.340088865141404,45.11079252013104,44.21376234475168,44.89441287162305,638639990.7744157
2023-01-08,44.80680470401798,44.84731142722123,40.21406024198517,42.65053452923623,301769562.069163
2023-01-09,42.60249603013713,43.36513816626871,40.25605266763956,40.61008205692899,673338712.8261744
2023-01-10,40.910653635859944,45.94722708033208,40.41488172105343,44.99157046597334,477127904.61013854
2023-01-11,44.87359782850702,46.72898754878759,44.81042671003504,46.30578486188033,1489564665.9561327
2023-01-12,46.36900181111269,51.57246553195035,46.10662886533088,50.75078301885749,648347150.4397631
2023-01-13,50.57861679540725,53.595426971224285,49.13565530707095,52.46744258968291,413480979.83832026
2023-01-14,52.541121254641574,54.72214222857651,52.50741156215445,53.56529861955842,445641527.75332576
2023-01-15,53.26709964884435,53.47863185136876,52.81989663603699,52.846213807299534,779946574.5200261
2023-01-16,52.98175111862011,53.790738534989316,52.944892186239926,53.46792788010579,440669139.19223267
2023-01-17,53.66697463779276,55.14855684574603,53.588666479822905,55.124150155522585,612182119.6119391
2023-01-18,55.106086805169795,57.45941331910099,54.51870653264269,55.95554618703233,797607304.8007268
2023-01-19,56.102228332812984,56.104623769306585,55.273923578165075,55.84122871195764,494674139.33253974
2023-01-20,55.6875785763936,55.93616538912413,54.66996197343031,54.75238686349204,396312279.9564141
2023-01-21,54.814405126973604,55.52347692046273,54.813581862043876,55.4859990973634,1582539462.3028464
2023-01-22,55.38541027195739,55.41064678467192,54.54509800359485,54.676652738600126,520804348.0949708
2023-01-23,54.68710574681941,55.464345681208755,54.46904133059131,55.4081800573456,757620347.4719241
2023-01-24,55.492406859204166,55.57867787699612,55.306175668424956,55.561662104475985,320951572.05249226
2023-01-25,55.42953945526622,58.3033828627147,55.34137041911304,57.398180946304436,403728611.86164576
2023-01-26,57.80974985707472,57.91124290432751,57.047853060088215,57.10829935530895,548384488.444185
2023-01-27,57.0033124059656,57.01942800716974,55.64368591624776,56.643046937633954,465012513.99532235
2023-01-28,56.453899061058706,60.925786997669405,55.97278575557033,59.70139484167818,473865280.3765477
2023-01-29,59.939773498707574,59.96906256443575,59.37481420947113,59.47191589080839,301175168.1751661
2023-01-30,59.47911217023388,63.14193092914748,59.11005896252114,61.65972890649508,419766304.4962641
2023-01-31,61.88769803717759,61.88836780614166,61.82494767613978,61.842058974508454,273649514.3725303
2023-02-01,62.47207395374937,62.532296742903156,62.10515587227453,62.22319376477076,341093854.5630244
2023-02-02,62.476416626701536,64.02552432540125,61.687508894072806,63.67079463937942,1029991274.8920654
2023-02-03,63.79648863126006,64.1342644948641,63.74161807081585,64.0278338128841,528898089.7718937
2023-02-04,63.93399798237214,68.94918191975248,63.84782752409238,67.46423287398868,166646210.23260698
2023-02-05,67.3716106900806,69.74207026665506,66.58076066727801,68.7573257001114,1040240377.8396012
2023-02-06,68.59270363094356,75.4587317674593,68.48922182986229,71.2711662510951,342869324.7455267
2023-02-07,71.16013324613847,74.40223333809152,71.14905041978982,73.5682524083782,2992260786.9128995
2023-02-08,73.54033396804441,78.71318500671131,73.34508808118612,77.19101635789856,1115017973.335814
2023-02-09,77.45630061977066,81.85335091723275,75.81078071727435,81.7120074045845,414028705.8431242
2023-02-10,81.71973118337438,82.47204567914525,73.90047549936125,78.03883595441512,927160577.0468547
2023-02-11,77.49668519981991,77.7349936483284,76.20445204712199,76.39414840481567,1913064649.9384573
2023-02-12,76.56505485869287,78.33039689561313,76.30630324347945,78.20829634608506,289695878.4561736
2023-02-13,78.41189680591168,78.45094680154271,77.5882840189642,77.71496886020155,996930802.4952127
2023-02-14,77.67850920318237,79.16332995244007,77.16997471560234,78.54382688298973,431618430.6850879
2023-02-15,78.81733844019426,81.13657153625081,78.04391117975109,80.71129391379496,1126062754.2276583
2023-02-16,80.26656801750987,80.6401917897986,78.50854536787571,78.56829656031577,697293511.4023144
2023-02-17,78.1804617948945,78.24271961488893,76.87838721082497,77.43500535941116,626274471.0317541
2023-02-18,77.21234572245517,77.27111738681229,76.27924534480572,76.3497476106231,740441047.7162936
2023-02-19,76.24923700823128,76.34036025176648,73.00458165958727,74.26764849060254,524256014.9716617
2023-02-20,74.25667038491395,75.39043084252228,69.33100067740942,69.8709205201509,1347282035.6082516
2023-02-21,69.93884160065036,70.03390453883617,67.66006014570303,68.65266416777742,590277629.9211527
2023-02-22,68.65059879929522,72.47727351007438,68.4194631099066,70.41193160615687,1191697795.5976636
2023-02-23,70.60056583376323,71.13343706231136,66.25358665856486,67.58281005632068,1412310862.9513977
2023-02-24,67.54480601011875,68.16660681640259,67.39078874913305,68.07273823919179,383858203.4037939
2023-02-25,67.97859684916091,67.98941786629065,67.24590265162801,67.77907981818142,1310615470.5070071
2023-02-26,68.01449664230468,69.52489680550374,62.76330799413374,63.93969336502345,893853895.9826618
2023-02-27,63.80913394726391,64.50805817951408,61.983801320245576,62.01736021453014,332840561.36061853
2023-02-28,62.1104885905326,63.45053855393399,61.717621377183434,62.81121171964443,443200183.16195416
2023-03-01,62.666419590153,62.766331803529766,60.93667770930082,61.20455227320974,237268563.81542462
2023-03-02,61.34640964384535,61.60617915132236,57.76051593385041,58.46045259918149,615020509.7495365
2023-03-03,58.521540913292895,58.56702704281956,57.27322940776342,58.31520419344991,454043443.1247711
2023-03-04,58.389939452858926,58.61806526359098,52.97789947329278,56.22317408662787,302815353.7817907
2023-03-05,56.003717747219625,56.05374661060446,55.750495622640294,55.89970902428747,351475255.4729126
2023-03-06,55.736084842847625,59.629571398815024,55.343411910544795,59.11830330460555,507439246.9728921
2023-03-07,59.404420882473005,60.228983630966304,59.05141222291615,60.14936185636993,609061146.7524545
2023-03-08,60.189408620065116,60.57986323305574,60.15135237064605,60.23514798549118,332732101.4181367
2023-03-09,60.09767138787013,60.13071256905381,56.62314675667614,57.50843849143614,618920362.9978079
2023-03-10,57.582134993865736,59.42165626801595,57.33942630504469,59.32364782782476,458329913.3777455
2023-03-11,59.35086540435976,59.5716350456052,56.599641344867685,57.986112704089194,414802453.63634497
2023-03-12,58.08355237851797,59.51852446184976,57.8826130863045,59.033091012974175,207688982.7670525
2023-03-13,58.98205349247123,59.512164788813415,55.65657156883867,57.66733302976685,354245482.1033435
2023-03-14,57.54066993826721,57.87830803180633,57.53104453155432,57.79476066283087,639460086.4975643
2023-03-15,57.82679028389967,62.8656653169523,57.6510354825768,62.288000252981995,170492709.72202042
2023-03-16,62.237141042953894,63.12931913752877,60.880066472553054,61.11685215437191,576217078.0759981
2023-03-17,61.30676745458902,61.80272273240351,60.41847741768289,60.54358050310081,274559330.74194556
2023-03-18,60.89893719946541,60.935545789690316,60.51746376174844,60.52354523136888,1189554059.137122
2023-03-19,60.56723389621221,60.838714555826456,60.421017760341954,60.64517088701394,443212369.8625762
2023-03-20,60.763695269356994,61.46591728935598,60.623066769701744,61.22484483029671,1769028497.366573
2023-03-21,60.964312596175084,65.1000386444248,59.44345367201969,64.6696861011409,2236361080.7402787
2023-03-22,64.78385562607635,78.74697490809267,64.49255069357524,72.34042408441455,1260208691.6932888
2023-03-23,72.0049319424965,72.01206635571329,70.73444215619722,71.99525494126982,468206571.0961552
2023-03-24,72.37152861259887,73.85758223966816,70.97355318825542,73.65123094528936,387878318.5537602
2023-03-25,73.6109871526968,74.3386827972811,73.34036251083303,74.26281879763526,1908530293.2749758
2023-03-26,74.06123110536647,75.78379093785775,73.78457231115269,74.70132360933088,825200573.7141553
2023-03-27,74.35785623657553,78.097190263486,74.03486588405197,78.07173227287018,1484319282.3046596
2023-03-28,78.07520913051901,79.21649584848687,77.07401903278182,77.52510551317528,743174914.5704314
2023-03-29,77.36264426856131,77.37119818161871,75.16518806812239,76.43764256278565,471630941.0996514
2023-03-30,76.62548238658317,79.66614176967724,76.47126201885725,78.97299445219397,611247252.7097409
2023-04-01,78.98256424582117,79.86538351368817,77.3245106734826,77.36805349501188,793099944.0135019
2023-04-02,77.28471085908406,77.62708205718953,75.76965754285395,75.95464830952662,268351965.0279691
2023-04-03,75.79575375278932,78.28664896619856,73.95283134901098,78.22001203610847,406003647.44427866
2023-04-04,78.22630939437873,82.0535053436797,78.02512239697856,79.37831467098867,232187280.74710822
2023-04-05,79.43365142962148,79.61935378673486,71.6777413414577,74.0472629316789,556774546.3600143
2023-04-06,74.14767388686573,74.16531620688484,70.9358838633229,70.9969905880141,810855809.7908994
2023-04-07,71.28444713914878,72.272013362825,69.89185597238777,71.8870006230777,434529404.5788942
2023-04-08,71.52678556814834,71.8516061687284,69.53620806090022,70.10065150599227,739899678.1608762
2023-04-09,70.05522770838935,70.67822894049368,67.09547058592345,68.3228848958616,1013647691.2968405
2023-04-10,67.78086487898264,68.21923076240623,67.62296367987649,67.92951805026907,748795076.950808
2023-04-11,67.68670915614722,73.44631008045096,66.51852170739862,73.0227981587456,277323343.4568795
2023-04-12,72.52116497859575,78.85296915470862,72.2967818811907,77.38932477060322,437389217.79419327
2023-04-13,77.19575448210733,80.56744831368576,76.95870190502323,78.61732410097022,1201016839.835842
2023-04-14,78.83413081498402,83.15649936104263,78.34011687417694,80.7968393046178,477600002.1394451
2023-04-15,80.40011329629536,80.46370111647026,78.9741974032369,79.77813717780656,531353331.28059715
2023-04-16,79.63117160537315,80.35210995393594,75.52367287028066,77.68861241087087,306375953.36075693
2023-04-17,77.53544556530733,77.68307593713308,75.41947045105674,76.09212852703862,691414334.6800108
2023-04-18,75.66271931331005,77.09133089451153,75.64359343709825,76.8464259032172,375932005.5968807
2023-04-19,76.96268002884825,78.44495419354314,76.89869617841627,77.78182918172527,796105551.283779
2023-04-20,77.65652995747732,77.77853614681796,73.96109118063504,74.07203850859456,651679658.8126545
2023-04-21,73.66822644388668,73.6868792031323,67.71895249305102,73.48936777976404,291751249.34351784
2023-04-22,73.83612161843661,74.4970037962981,73.81296013369764,73.85297943631296,500285360.87592363
2023-04-23,73.38752109646919,73.41852909557649,72.79021656166276,73.09605379226046,378072097.05615306
2023-04-24,72.73702475983127,75.29042180711087,71.86266557150518,74.64164236284321,284783153.564867
2023-04-25,74.54663689419488,74.83839557607007,73.9922309446222,74.1095039384765,565955335.1275047
2023-04-26,74.59220955487872,74.83718212089234,74.16878265278713,74.36770768832808,301993337.18405104
2023-04-27,74.42301114374794,77.7418101875531,72.9562735413827,77.04635596736746,826549541.4982427
2023-04-28,77.27741298439307,83.16563523430817,76.86704815459014,79.9901840604604,386849018.4567614
2023-04-29,79.88272019812224,79.93475359726354,77.03638267264571,77.71797646052318,519324103.10673857
2023-04-30,77.57670417173347,77.75881328957384,75.31482319413217,75.99140559521244,663271224.8598878
2023-05-01,76.09725760949233,77.48801363014519,76.00244665363941,77.18956034775128,177673559.00769067
2023-05-02,77.0837183779455,77.38300259269836,75.26217116485827,75.42076224454127,386835662.92876065
2023-05-03,75.25749848642499,78.65945779751085,74.6733296472287,77.33206223939725,347814798.3942856
2023-05-04,77.16042617718307,87.46779758951494,75.32947800317102,84.61463488144364,603945207.6833119
2023-05-05,84.62567708299794,85.5602602284165,82.89763418115807,82.92238784252085,573952797.312365
2023-05-06,82.85888436655682,99.05675095586291,78.2804234981843,89.0416842660874,782451358.2446327
2023-05-07,89.0355390884553,93.65496554123368,87.61021664907459,87.83637306472924,1110715263.4428036
2023-05-08,87.58586828336102,88.36658130292884,87.0109591979867,87.68368480086491,746565495.8256079
2023-05-09,88.18915487223606,91.0096643366058,87.42144691557965,90.72431845800166,222547530.8293713
2023-05-10,91.29589213373087,91.42007031398356,89.67181988196005,91.16501524402307,920749548.0276111
2023-05-11,90.876421475588,91.4029682835793,90.84970473640455,91.05698449045943,543990684.7210889
2023-05-12,91.64274973866647,91.90431386553092,86.14012695289239,87.12792141948886,295014188.7498731
2023-05-13,87.13641575933082,87.48595634713277,82.56609339280665,85.0452998179632,426234665.6012708
2023-05-14,84.89423128080506,86.82327323090855,84.5517801631292,86.6576446190738,502833685.4032146
2023-05-15,86.96524820407103,88.1497476464716,86.08569412657148,87.61055327050117,984388465.0484573
2023-05-16,87.72230693290464,87.74664281384291,85.30956828489138,85.94115325375223,1303939123.2869656
2023-05-17,85.99918672082421,86.83077725090094,85.6996777126156,86.48647094265559,437649313.64431
2023-05-18,86.5753258792805,86.60971718831944,83.28850632891326,85.28036911632559,804722040.7433645
2023-05-19,84.93311696121252,88.3920450886498,82.22029019112148,88.01949503184711,297880053.99426687
2023-05-20,87.6067841634557,88.57007702520055,85.7301607244522,85.9629110759466,311056307.0599079
2023-05-21,86.21074182600049,86.43538009621217,83.4963813425864,84.08250060360442,484586539.62882775
2023-05-22,84.41856977430844,89.16740877086289,81.06676062263139,88.02412345643977,477319564.82729447
2023-05-23,87.97206361419667,94.72026776189206,87.19333196160865,93.59975201584315,1211464736.2024946
2023-05-24,93.56754839477478,101.38709124324765,93.52201377869653,97.94565752275595,648141826.8516818
2023-05-25,97.97736717145236,99.94000793252052,97.0105198426247,99.61515281975834,438564762.69411206
2023-05-26,99.8490528851655,99.86473340996244,95.57347322213867,97.59347713429523,565601667.3332263
2023-05-27,97.90367082777453,103.42500539520086,92.13100920199543,101.78037020439643,682706259.7035899
2023-05-28,101.49961106913528,103.54787706517716,100.72744556900768,103.36263464276105,169713545.0827463
2023-05-29,103.12697107596749,103.26915108678001,101.06866786474282,102.26728568625525,920204892.3646759
2023-05-30,102.21977342339287,104.15280224211115,99.99644648384063,103.70032714539335,438715018.6705372
2023-05-31,103.93390539723605,105.42401010750845,98.01009307142498,101.1880203441435,685255583.1736451
2023-06-01,101.23875909178192,102.09367990446064,97.40858743541447,99.58572587901205,365897571.134953
2023-06-02,99.53584383061117,100.9035019840604,99.52044430615554,100.40872606840519,544122394.266651
2023-06-03,100.29552980389711,103.69058960196699,100.01958482517459,103.67502308605327,511229982.9417937
2023-06-04,103.63760718908493,103.82090136999591,103.45559828192782,103.52876874845198,215353049.866557
2023-06-05,103.34220008462691,107.92842618324109,101.97191934093537,106.62313272591578,352707213.81411844
2023-06-06,106.64240245016101,107.15073812445331,106.59054601552788,106.90915868581605,285260588.86548096
2023-06-07,106.39027496150061,106.9311462694469,105.48286152468427,105.69194232009201,690710158.0504913
2023-06-08,105.47231406522772,105.83596907545403,102.96456541660433,103.2568961768905,558861877.2775935
2023-06-09,103.43627704290057,105.19421824823854,103.22348361239649,105.1861323477045,544592722.3720467
2023-06-10,104.85889690906355,105.05194016935816,100.84125267783851,100.93714018236736,787727142.7556282
2023-06-11,100.59605625294569,103.43227249056385,97.70242903384246,103.36919585910607,405324138.4580513
2023-06-12,102.99398179478996,103.12784427763509,102.20823917112652,102.25331780663855,611837302.569282
2023-06-13,102.34462550732658,102.44520734851602,97.76100553434729,98.33485635827903,536300465.38500047
2023-06-14,98.75153635329809,100.85770214215759,98.57131386945129,100.54058874525731,1071200858.0801407
2023-06-15,101.09412924016794,101.2664014948474,99.62349224652648,99.90268403054753,380748816.9525917
2023-06-16,99.73442782418313,100.73149400623828,95.49529627399323,96.53488829731444,1046612711.9304007
2023-06-17,96.94969743695047,101.65488634676983,96.18485422315361,101.62859146556383,335262811.95124143
2023-06-18,101.69997878514592,101.77750024463039,101.00448762087613,101.09369694524086,619609358.6981567
2023-06-19,101.13429872251433,101.2863186602596,98.55354275055836,98.95416601043037,894532378.2218548
2023-06-20,99.00433684000858,107.28513472115549,96.41662537916608,106.48234519755711,526678091.27783066
2023-06-21,106.79023072488265,107.2607576450662,104.24221989939718,105.41350223594934,601994303.5029591
2023-06-22,105.4443008091793,107.31432668924984,105.40973508853658,106.51333445520966,694417949.8481787
2023-06-23,106.87587154654032,107.91359674438117,106.77434205102932,107.78724058790469,1010413002.5840966
2023-06-24,107.66511177734802,108.10668453114685,101.09723917945185,104.09719843503014,866030098.3132112
2023-06-25,103.32890769157673,108.90430365980208,102.131371912646,105.81661880054155,220174942.27602193
2023-06-26,105.88771635684239,106.69974646986832,105.84605666391455,106.32310921179501,927572366.6496246
2023-06-27,106.72561578778645,107.8896446150964,98.80376148552129,101.06850502796162,1259166938.4020624
2023-06-28,101.27035978220304,102.1218265721047,98.25962342793774,98.46705181206099,553176304.1007591
2023-06-29,98.78848725805788,98.83626293524502,95.06419273457644,95.06560208597544,494695462.62730104
2023-06-30,95.08087997343812,96.56945846579548,85.66879869223256,89.56120605440273,825496825.6247331
2023-07-01,89.474554688254,90.78787627941107,86.6564772477489,86.81380735348901,286450234.312557
2023-07-02,87.263287662372,93.1365911884089,86.73145388551396,89.48168089969985,432489262.3230631
2023-07-03,89.64550411787746,94.31731920337295,87.78686799360202,92.63538254497598,489790092.52178437
2023-07-04,92.4373518714111,93.50821696722866,91.91927432907445,93.343520425186,783696886.4992886
2023-07-05,93.68924358591599,93.74483986791226,90.19320672710465,91.80568423057927,622367880.0786363
2023-07-06,91.58125816251562,92.06843774796248,88.01340164179025,88.14386309940231,501335130.7451963
2023-07-07,88.50172585713507,91.11693533718105,88.41804306332025,90.84452965927689,449555458.973782
2023-07-08,90.97056252887198,91.56267946552092,87.41546343384353,87.46590317884363,1261649290.0964293
2023-07-09,87.19018535039147,87.39164605137532,80.7101620067366,81.10525851938387,332314518.4467466
2023-07-10,81.49260354586856,83.26973242009873,75.09069679572684,76.82694522165534,502019513.1228536
2023-07-11,77.18552960607066,77.26861774821435,76.55792549847467,76.6876574288681,331655700.03891265
2023-07-12,76.62566519141387,76.9551346867753,74.37140061766056,75.29295561908737,350307853.4924486
2023-07-13,75.16014462919811,76.09785141478822,74.18104548107667,75.42815713781647,109056585.58243847
2023-07-14,75.5508626043757,78.52908109617022,75.53021291258865,76.20266168665157,492513265.8912366
2023-07-15,75.73419713932756,79.27520464503746,74.63667188180312,78.62123013023768,469990313.10971206
2023-07-16,78.84416481600209,79.14747254799184,77.71909229112623,78.12680678730904,811748715.093176
2023-07-17,78.38641375009968,78.48208198572358,77.29212269346739,77.39303141643758,1197229463.617007
2023-07-18,77.29462276794621,77.50407208135265,73.46045225047897,74.38533108088531,353531210.41855067
2023-07-19,74.33620006222131,74.4038590370887,73.80811679029627,73.96672738623361,116389229.54081462
2023-07-20,74.07867805824327,74.16663898276593,71.70577780149227,72.43262152702282,540974198.21265
2023-07-21,72.53256725028238,73.16906430669334,70.05150561610691,70.28033256999305,719996002.1419523
2023-07-22,70.28939879154484,71.88423046124946,70.23182470914949,71.65185560930294,281577325.56622505
2023-07-23,71.87911629664107,71.91281186575581,68.18308626172721,69.08895893915249,354708374.73785615
2023-07-24,69.23157918520899,69.55633663236539,67.30268056858972,67.50433372596373,658902927.9781387
2023-07-25,67.56673284689697,68.8335706855855,67.49407941516876,68.64459044539531,282719773.44892347
2023-07-26,68.69252933794033,68.78494261469234,64.8388606651925,64.99728910879769,397335644.3121203
2023-07-27,64.85096045710127,66.83523516869752,64.78426900217205,66.18511383550452,778567072.9386514
2023-07-28,65.99667072829435,70.65974403672165,65.19006215490012,68.74097154500885,838064410.5818493
2023-07-29,69.00607896198538,69.03699780970828,66.69539469672661,67.26233336549197,851681663.7888471
2023-07-30,67.17913189069854,68.55791781850232,67.04159730170751,68.05732607544876,711567996.1392269
2023-07-31,67.86817872240728,68.13913926734114,67.72669827755405,68.09223609628181,413488917.56937313
2023-08-01,68.09551304941142,70.24594209406777,67.99781893181093,70.05045508550818,743438005.2752278
2023-08-02,69.97074418954348,70.19908782403641,69.9488869086856,70.16050168427607,399399409.9918023
2023-08-03,70.17569873533782,70.87037193193582,67.01988450101891,67.7036605453076,831971029.4862247
2023-08-04,67.32151422452492,67.361225667037,66.69525377913344,67.247388594617,1615807530.1950343
2023-08-05,66.7651729108567,70.1082995365221,66.73955796182315,69.13294859172812,370207334.90657073
2023-08-06,69.18070627656124,70.36873258516435,69.00421708368741,69.86252387342681,580539063.2849702
2023-08-07,69.93657200900175,72.71377683024855,69.7546606301855,70.94795171409825,756547032.9358308
2023-08-08,70.92664137073622,71.23014834371713,69.74404460578079,70.93445339959256,425390163.5463225
2023-08-09,70.86589803229175,74.0998831672502,69.9835300455545,73.11792867989303,490147079.6639773
2023-08-10,73.09223552625086,73.46610507149549,71.76754956762524,72.02764382191454,303011676.4543869
2023-08-11,71.82935431599947,71.9894270999439,62.51525816309031,69.59138630045761,659596218.6122445
2023-08-12,69.38093282814809,70.37605972570687,67.29263696939756,67.88225364561899,1873972327.7716377
2023-08-13,68.1695990531472,70.65196303118177,67.87947045833918,70.48949000047432,349443480.28019756
2023-08-14,70.36410397085768,72.40188134660201,70.15212474431411,71.8934307720747,994158125.8991475
2023-08-15,71.73505881471802,73.11291805679737,71.64469864765182,72.11998896250782,727196080.1360224
2023-08-16,72.12622326076797,72.23536447413525,71.35801321992497,71.40664117178278,239266238.62117574
2023-08-17,71.7639377228636,71.84872927017716,70.49858045674668,70.73069062617556,676752236.2188152
2023-08-18,70.96473448652426,72.02846458612613,70.61143288524705,71.58303621446241,350887129.5671357
2023-08-19,71.06609720357596,72.20319931409793,71.04803040091063,71.72423126043563,966786330.3912911
2023-08-20,71.53440293184914,71.95197752985837,70.85877038222338,71.94842702914357,412111244.4877036
2023-08-21,71.49453647264215,71.78005526531767,70.49253558602459,71.0109391523013,522012922.8492153
2023-08-22,70.69915477892583,73.34572772802265,70.43675245623821,73.28834002579593,2103446846.9180224
2023-08-23,73.46543916978742,73.78270662366117,72.61123736661075,72.91858697145071,404220076.83628494
2023-08-24,72.74400110088409,73.48204215518561,71.67911453381858,71.87962398382524,644125425.1046581
2023-08-25,71.55002917492985,71.56571768053838,70.05436540925271,71.0424453303162,712926865.369077
2023-08-26,71.14765438993493,71.73622154506738,67.82063529283403,68.49933372772465,753614067.6361063
2023-08-27,68.48980076082768,72.36775753370111,68.18154509516877,70.50768172102302,659063782.3526475
2023-08-28,70.68905627267378,70.9827471437069,64.72813086617771,65.67963487333434,987587115.2213045
2023-08-29,65.6630077894645,65.74348145865532,64.41944197163504,64.67360824379188,676091340.9835744
2023-08-30,64.75767735856905,64.80013991231921,63.08411105923974,63.106170095485574,529879132.8032452
2023-08-31,62.85961868338143,63.146375441095145,62.48019509357372,62.509889433853395,350836147.3232111
2023-09-01,62.353791738841515,62.504519020792635,61.239188394275565,61.55242995152129,275726496.860153
2023-09-02,61.552749990986534,62.14464066123695,58.41873233622428,58.69663090971315,722241114.8126608
2023-09-03,58.72223410973899,58.752952634851304,57.57343782273997,57.6127658196644,590970928.2348396
2023-09-04,57.141802842870256,57.20409611125211,56.041790470345724,56.64202534704044,842328030.1257027
2023-09-05,56.63384848002186,72.50000234333089,52.813608238774485,66.29745172097569,1425737453.1297653
2023-09-06,66.25324068190619,66.77638585407124,65.97203605231142,66.17961940323114,548020666.2423694
2023-09-07,66.04895779167315,66.40955484040266,64.48072515578816,64.87431237197234,607289304.783505
2023-09-08,65.07872708185938,68.22104716436957,64.93200831110964,66.70103540123593,820993304.3366084
2023-09-09,66.65534270510027,68.29512928620265,66.42219106509208,68.10011085567173,445892807.45431834
2023-09-10,68.37127135624908,69.69497599660026,68.32432832709064,68.79849656898905,1024878487.9179806
2023-09-11,69.07534911135835,69.68781364747244,68.73289957496247,69.61722756589035,360405262.2363735
2023-09-12,69.85124598846296,70.3339969108706,67.8308005252728,67.93226913561271,615290340.7457025
2023-09-13,67.9121988765059,68.02789366481322,66.66295206267104,67.553472818486,673870857.656994
2023-09-14,67.54156054727599,68.77772092271897,66.96503899971508,68.73300516485503,1730902873.5214458
2023-09-15,68.73930429726475,69.95141949201458,60.69301543739352,63.39851397563255,376118451.0736232
2023-09-16,63.16195025402577,63.167660421102525,62.92568078253781,63.09768914238211,340300429.5673461
2023-09-17,63.087195432336465,73.83344015633762,62.1208941905011,72.28348177449351,859548345.9952021
2023-09-18,72.6161222534098,72.71651827184921,69.35953347993357,70.41886197189595,1308593187.696411
2023-09-19,70.47301449670738,70.81844759760669,68.87468521121798,69.20758322536219,909499859.6311249
2023-09-20,69.1441234678447,71.59741866278915,64.77435822829786,66.18529051816016,303020072.12711924
2023-09-21,66.46769611295522,70.02487212128815,66.3040984414668,69.62116218951856,289200581.87881786
2023-09-22,69.68922979546734,71.0660952007598,69.50074470207437,70.66531924476189,722477873.837476
2023-09-23,70.5970884106422,70.60017041436708,69.73335465163247,69.96660987193695,492572447.1549329
2023-09-24,70.02718591103499,70.52634744439182,69.2872430135378,69.56735901061947,1277647710.85345
2023-09-25,69.46607688369946,71.12872270980132,69.15125254360191,70.94599736027871,1248344747.9692256
2023-09-26,70.5062622294187,70.52607227929322,69.35539359101143,69.94729778133618,1515148919.144046
2023-09-27,69.7921388373977,73.07872205712397,69.19570396940055,72.4909299275383,823406513.2752607
2023-10-01,72.58055079939565,77.04643817771667,69.39601434960531,75.6289712867395,421777803.37995046
2023-10-02,75.48529610657066,75.54414839247886,74.94432752613534,75.01797389222591,907747153.5358154
2023-10-03,75.1219745995449,78.34116352315266,74.65535005731252,78.0201302789287,635690398.4737451
2023-10-04,78.00040382513275,79.27074112181377,77.99538285478035,78.9976862234974,413447168.93285877
2023-10-05,79.44646078770693,79.90574778919138,74.56466637788641,77.20377564091194,511698595.91288406
2023-10-06,77.24486696708475,84.63110895037315,75.9006277652951,82.07128071376606,531327417.1251258
2023-10-07,81.83801426746787,82.29575594854886,77.94649923078295,78.35859735789606,749008714.1705854
2023-10-08,78.81861123323316,78.99747566865854,77.36849036535952,77.4306322377026,270364674.0098066
2023-10-09,77.45554121180642,78.80935888022152,77.24418949022848,78.56078057021818,490652223.3011637
2023-10-10,78.94015628539923,83.78846001920923,78.80465015032892,80.40862214498046,162862526.5585213
2023-10-11,80.69383892695838,82.35965957809688,77.34861070470589,78.15999205068414,771349754.9406104
2023-10-12,78.19811988259391,78.24728109542367,78.04534200949648,78.05433142287967,698025425.209559
2023-10-13,78.4698840355735,78.8440816120145,75.3140140071791,75.90748203663283,407193776.52040863
2023-10-14,76.19977004569657,76.63450968767096,70.0294838901439,70.96864163440733,403234634.6947865
2023-10-15,70.84731276868757,74.29241051897048,69.34770834439357,73.99908389729642,873025976.753908
2023-10-16,74.2623498838302,76.04759926706339,71.13103362482681,71.13900441921479,1020213532.6849997
2023-10-17,71.24524076636975,80.7701457660969,70.46344498337332,77.85241249908087,530712138.62333757
2023-10-18,77.59115758498285,81.62689206366151,77.15345534581998,81.32114073303921,194728706.15201214
2023-10-19,80.66582156636414,82.07517353596504,79.79027493356564,80.19476590654564,454444440.52919847
2023-10-20,80.4095556801886,80.4196139151398,76.71376799340452,77.72453369677095,916858452.7257572
2023-10-21,78.03985031471257,78.21712623387337,75.95023132117726,76.29118865376641,965732843.4912785
2023-10-22,76.63834036045165,76.66753081508571,74.27909436045309,74.52521702466319,189688686.20342565
2023-10-23,74.5957373474124,77.673753656791,74.48230047454668,77.35418294473759,269824429.24401814
2023-10-24,77.63124522007566,77.67772923814944,77.09965701102006,77.18027948872741,454443734.4932041
2023-10-25,77.37962611379116,86.65614017350929,76.8339553118603,82.57190750806996,1051419304.1152612
2023-10-26,82.80886737194442,84.08233016625196,82.31127486740921,83.98208500446349,998232087.1183665
2023-10-27,83.62510002743801,89.87942369929311,82.71610759175176,88.77985018558653,481846948.2460544
2023-10-28,88.51492528344153,89.14767386410291,87.09302020559531,87.4394708908309,293223161.5557943
2023-10-29,87.49746420457765,88.52112557968299,85.28320024483769,85.49678824710502,919291961.6031748
2023-10-30,85.55902615388727,94.56078524919445,78.95521494889877,94.52299114937503,222366567.7445801
2023-10-31,94.40693965317585,101.08493784000977,94.21930689127075,99.37026267248707,717465724.7048702
2023-11-01,99.3109168849243,105.90806860147698,97.37624008603292,104.42139232686132,613444739.109938
2023-11-02,104.95440004777744,106.21005516622861,97.60164692829416,98.90277975004716,682184229.7661784
2023-11-03,98.77878866163489,100.82531849013772,89.4904712205641,90.14489026412753,677397455.4452001
2023-11-04,89.6420034876817,90.00677137555797,89.10932962838363,89.11025930688096,394104395.322771
2023-11-05,88.85622640334829,96.72369078682478,87.23309157614447,94.10266283991733,586035141.0753071
2023-11-06,94.34892098216145,101.31661559829278,94.30388254333225,99.78876428981806,687328728.0081202
2023-11-07,100.22044183446798,101.04302732701612,97.32966955720607,97.69907074953868,935903095.9289496
2023-11-08,97.17665368151397,97.20992629614227,90.06176753913246,95.32884928411593,428840950.34281945
2023-11-09,95.14220280332708,98.5332076404756,95.05094005872388,98.2132732119511,927402695.6482182
2023-11-10,98.026684690985,102.40208123801763,96.8866610672679,102.09443420540586,503175806.05585927
2023-11-11,102.07001523588929,106.64433490782471,101.6547656066785,105.81510626676354,389134435.4172257
2023-11-12,106.30142468549289,110.35292454602119,106.24531836761766,108.63847969128855,618653429.2293844
2023-11-13,108.31192482531705,118.10720564693284,104.36628667967041,117.65466927733196,818817608.9068586
2023-11-14,117.23434147249412,117.8528538358576,116.1675772539692,116.18236968459962,400848605.24428886
2023-11-15,116.21862850588916,116.40192681733305,114.19913589323387,114.29939742718952,883098196.3289515
2023-11-16,114.32718319355746,115.01804978939741,113.17801810366952,113.89995466952713,883503820.7151817
2023-11-17,113.59535549513316,114.25102456083702,107.07836519910279,107.70908537725732,946360150.1623263
2023-11-18,107.2085778390431,115.6483042973944,106.6249022738052,113.82423506999194,376723866.4041443
2023-11-19,113.96529412047785,114.15268063673572,112.60713716733237,112.6385610467418,970295519.8247004
2023-11-20,112.6387592108071,113.45064968605446,106.62072465542822,108.03753397500391,168964858.51493335
2023-11-21,108.30054033418024,109.67965461717563,108.17455330417245,109.35689284528173,540151097.6036249
2023-11-22,109.46792887385213,112.6969797197672,108.83910975791275,112.21860247926911,588465822.5540384
2023-11-23,112.17362996484839,117.31103814178938,111.90419899535975,114.99099635250205,842860620.7397287
2023-11-24,114.56516619783676,132.3062851914428,113.60822667231854,124.6013372113642,614069135.4011029
2023-11-25,124.25430568432152,130.73498822736897,122.54173608907642,129.17408702189502,747007733.7387195
2023-11-26,129.68373147337053,131.73398535185166,125.06837835330485,125.24342258881975,229730224.34481856
2023-11-27,125.64659348870913,140.22695797999515,123.73006909702677,130.05993572115787,1316984789.3733385
2023-11-28,129.8557108672048,130.02895344740222,127.45046296445322,127.87451545620463,490788393.1149475
2023-11-29,127.21557671377795,127.71346024642293,125.64392575620026,125.81613033306955,389005003.08742493
2023-11-30,125.8243319981046,133.861777971562,121.47179141532202,132.56957078704988,394142859.91603416
2023-12-01,133.2910504747839,134.42712195156028,129.53777969679888,134.20336687047214,210818932.65530297
2023-12-02,133.85213169031462,145.90774704879996,129.01908124758225,142.76210134244778,353822389.02434343
2023-12-03,141.50469948459553,142.40547014337582,141.33039123972983,142.04447025466106,792707478.7521676
2023-12-04,142.44198845806605,144.82204720356162,142.18007204635526,144.19330006294516,363940037.5797284
2023-12-05,144.24896834977338,149.97746107157246,142.31923030242308,146.8521908145392,581802816.0765203
2023-12-06,147.12680233115,147.35317164936208,135.50455884273518,138.45571230249737,403146618.38411295
2023-12-07,138.2077435806861,140.5827644515241,137.91451126524336,139.5071771247744,434419611.3689664
2023-12-08,139.4333749440067,141.5957467655787,139.38544159103557,141.24612313847615,534804901.8395044
2023-12-09,141.6828266991537,142.31445225790264,141.65923081176808,142.19197822349594,579911483.8873332
2023-12-10,141.89650062213065,145.9407594615965,141.02318813345678,145.4839236896814,383614123.50802577
2023-12-11,145.4683338698942,146.60234062290345,145.40291692373484,146.2282609278554,809079614.6916003
2023-12-12,145.3366454627648,145.3505878839735,144.8894415148797,145.18282211362663,826185563.3713439
2023-12-13,144.02298761160765,144.0626852211064,139.2581411500139,140.07437854867666,489915328.42827386
2023-12-14,139.63437553539123,140.04039691588667,138.46143166743713,138.91025235780253,926712372.3620684
2023-12-15,139.21303822458944,147.0412143645434,132.18717822413126,133.16403509180375,363724376.0974106
2023-12-16,133.23376599708246,133.71713518342798,125.47358536555079,127.92013422776523,783188691.8010769
2023-12-17,127.56332326802992,132.62930270746563,127.15892949202139,131.75425529656522,613543261.1584405
2023-12-18,132.47925596907237,146.56077793244773,131.05035943034324,141.4642792899301,294668201.6243825
2023-12-19,141.40677671013222,142.83733084613644,129.44677475887548,132.68530690293838,630577363.0881224
2023-12-20,132.69936185220234,144.71145019609236,132.6876914628305,137.93444444372642,746922676.9336826
2023-12-21,138.24185228830598,138.2933550734667,129.78662052919645,130.08251816470712,510080944.6618612
2023-12-22,130.057740074623,130.5886281732453,127.66614744568751,128.1159709190324,571201835.0132604
2023-12-23,127.95894614794658,128.46589446036506,121.00167451025159,121.04536987762428,219239667.0478865
2023-12-24,121.54600333602662,141.71540332558337,121.43757696027136,134.18530785097167,1301224047.7648242
2023-12-25,134.01919444027166,134.17330120960625,131.83943788547975,132.16854185670056,487951445.1443964
2023-12-26,132.03508179668853,133.30437876417975,131.98783359155217,133.00765303780886,523556244.9964496
2023-12-27,133.0712588017915,143.7688026796617,131.86493386485708,143.62951439075874,167052840.48027363
2023-12-28,143.2158107953177,145.25406571203825,142.59214123834033,145.1700679417181,250794489.6311274
2023-12-29,144.86999329905663,145.8403959363876,144.60596703865843,145.5056822819418,1104307809.7909791
2023-12-30,145.0645227280752,151.30342566646763,144.1651418051713,150.8719691295756,562229384.598463
2023-12-31,150.59084554436282,162.11102813913286,150.05790258132907,159.6443480306961,924928522.0512798
2024-01-01,160.40527525658226,162.20275732689763,160.37717491609092,160.9784680517615,567286856.9022437
2024-01-02,161.73449254626166,162.24100291852312,152.74804885545353,153.77013201811053,618758417.4892052
2024-01-03,154.22166016714837,156.69940235655488,152.9355309789003,153.46456552277098,234655749.8669524
2024-01-04,153.73619647029165,157.12065738282206,153.66920605812987,154.89928432697556,262824218.95182157
2024-01-05,154.69552748203847,168.80730590347304,152.782170661171,165.84896580268475,812987597.5089337
2024-01-06,166.16160808141552,172.08274015591556,164.84332294307475,170.44206763768784,447098408.36593455
2024-01-07,170.57934088144665,194.383793296373,166.81744618690362,183.24516444107763,249762477.80419865
2024-01-08,182.8974968877838,202.33171727625893,181.47244645438286,191.6856081922902,221898679.74402198
2024-01-09,191.73409790132362,191.76637898455786,190.62395952485943,190.99149814130385,318455435.69858575
2024-01-10,191.9480519042576,215.42146709779962,189.46374199348494,204.57049047269908,994613412.2512184
2024-01-11,204.86617584005938,205.0321841917634,189.3389479853052,193.14149039785792,407199476.64045274
2024-01-12,192.91361901862365,194.3621981247216,192.20625473791932,193.09283690261535,326022057.6106068
2024-01-13,193.4480929222565,194.20885750737332,187.13494193747766,187.33858371378986,806111049.0973066
2024-01-14,187.39123547624527,187.69119596241885,181.25972487060312,183.3631779680149,616147922.926912
2024-01-15,184.38510882094462,185.03322045287098,176.22763974015174,177.39033675886876,372117422.949924
2024-01-16,177.11013035499087,191.41064633903076,175.39475470931544,186.7389447196725,751227511.5862219
2024-01-17,187.17392029698527,187.2818085216742,176.64581200529562,177.85127569595977,464002158.11051464
2024-01-18,177.829741160646,181.480940843568,167.5717273558575,172.82712136076162,262586115.0790283
2024-01-19,172.39617587427063,172.42886398322725,163.50012034055246,164.51067025284502,344744374.81290585
2024-01-20,164.082073830597,165.71475516227073,156.5731253956566,158.1672226199725,276334183.3024791
2024-01-21,158.29221463785967,158.39574946792786,153.9349288475919,155.50566316306788,344440718.98797125
2024-01-22,155.37760547603568,156.56121173949722,138.39893988504133,143.19128734962277,641782746.5554507
2024-01-23,143.60406133204174,164.0257400490653,141.13535159020537,159.1460607281251,463071866.1769071
2024-01-24,158.94374772696338,159.96113975399948,158.1544502960321,159.57652795410965,258359007.4635642
2024-01-25,160.5052242114038,164.76323125784677,160.09631572988525,164.60510741297003,850576706.51833
2024-01-26,164.2075766164314,169.4554602637893,158.92106688758088,159.0407500253041,717369064.2689543
2024-01-27,158.5835613634061,163.8477279889091,144.9103985490494,149.88949540504345,704980516.8062626
2024-01-28,149.99823327713014,150.02963186787076,146.97654724409358,147.55201030237012,127802567.5040043
2024-02-01,147.59622762498768,151.36786885010986,146.84109022363725,149.33019524447704,435983903.5163737
2024-02-02,149.20817255096208,153.67918514491046,147.8489309266535,151.20322181381616,923001665.4184339
2024-02-03,151.63299926804171,152.12731827264307,149.18261584749047,149.71655218782678,357311452.0788683
2024-02-04,149.01360097737393,152.07559698131857,148.8445580923807,151.8635663891537,473651136.9931304
2024-02-05,151.4211047922258,151.60557205510244,150.1980267452309,151.0368181686493,374300155.7544756
2024-02-06,151.09337465712977,152.09008029363326,150.90161915409698,152.08465938373033,386029249.9085505
2024-02-07,153.0938159335081,154.7253810765327,152.50053383705685,153.62632330614676,359075619.6405779
2024-02-08,153.4675538255451,153.5621720703952,143.06916979727336,148.71612169693867,614828112.2137134
2024-02-09,149.2093311658872,150.22717920398722,145.29932834765972,145.66978512207822,948903554.6037953
2024-02-10,145.69602201469317,148.88979228106246,145.67605171539867,147.83559159371143,1235461052.780626
2024-02-11,148.5960721449763,149.27748961384387,137.5194762750223,142.09288302065198,318643464.35093194
2024-02-12,141.69936284777654,141.79760244971536,140.0378174682156,140.8239488731963,573872168.7154093
2024-02-13,140.6828847420295,142.39758691225057,136.81051143075612,136.8805354829026,263764145.6499377
2024-02-14,137.19991906817992,137.64260288302052,135.6242374311271,135.75604582813492,689617734.2320541
2024-02-15,135.6916906031433,135.9505966361287,128.71733028012858,129.8223494794856,460447951.31451935
2024-02-16,129.72208900264695,129.99205354630965,127.26126705448021,128.47059017032942,1431380613.6300707
2024-02-17,128.82386132727362,133.0315030309261,128.57527890369147,132.7233741377944,628605497.2758852
2024-02-18,133.30251776018406,136.35846213161776,133.19119085801046,135.69225084993573,352007796.6392609
2024-02-19,135.15066588078275,137.38764579348276,134.8783889975715,137.018475240792,141310357.10020182
2024-02-20,137.02938210011388,137.16240753796603,132.11361118388376,132.66370393664914,903254857.0958756
2024-02-21,133.64786108977782,135.8215244164069,133.53117703878794,135.5151206332904,300289134.0552785
2024-02-22,135.39956613742024,141.47421747522054,134.0202057842809,140.74974605101576,485721441.1988792
2024-02-23,141.32159004626936,142.90744776057716,141.22539187810756,142.55941236945839,507923417.9944834
2024-02-24,142.42492796103988,143.7488633073329,136.1114704105563,136.64328037272693,1482627313.86151
2024-02-25,136.6530414740999,140.43106817956433,136.28943117329354,137.97733568629582,623231873.5466927
2024-02-26,137.53705753614258,137.91288917355357,135.17211834927602,135.32335456375137,621198129.5300733
2024-02-27,134.54611782863157,135.19811277704636,131.65964115419305,132.35645542898976,974250904.4301293
2024-02-28,132.34095858998168,153.7188043288864,131.87569966090535,139.83443520040964,680284162.8041484
2024-02-29,139.25090372702596,148.51203987685344,138.44836160769756,147.23391228275972,2965065459.8587985
2024-03-01,146.89950247846696,157.44137756923644,146.8841197855036,155.90877617502522,280898293.434234
2024-03-02,154.80395962416378,157.2132283163196,151.58049078011194,152.16374150747123,307256777.8615287
2024-03-03,152.450755493492,158.97874953767428,150.52560124557198,157.3486994950239,299431451.7597548
2024-03-04,157.44293531110526,158.67760200278363,156.44305931336763,156.46364404079114,534131083.4220773
2024-03-05,156.23175719442153,162.1041914993622,115.22733779276685,121.69778241345477,631357447.4507442
2024-03-06,122.1042177464359,146.81373337552884,121.1119616233215,138.23016220280056,471189090.8528867
2024-03-07,138.47328230060222,138.79007192259203,136.77189916721267,137.11496677408735,525722232.1775787
2024-03-08,137.02419789979186,138.31881862999225,130.77290863779422,132.37743093440756,768102708.1149172
2024-03-09,132.06915222251067,134.10027534034242,132.05534624843483,133.88434723234562,614843476.3511848
2024-03-10,134.30090428041268,142.4440507116353,130.99405021384226,139.52920616506105,1055930519.6768711
2024-03-11,140.01836371963574,144.47620299517712,139.4001934130337,143.12476867739898,535632712.07233924
2024-03-12,142.9901075276275,143.38856858961415,135.73034101087353,137.6300234568498,668322585.8247272
2024-03-13,137.5376482686521,141.37415476328442,130.58335937312967,131.0583348124737,447050317.41355044
2024-03-14,130.42515852248212,132.4822805904551,130.2157524722865,132.035643009725,402785291.5108428
2024-03-15,132.05440049559925,132.25986014138385,122.66670029887149,123.75099760160091,797380609.2853501
2024-03-16,123.44740386996742,131.93201045128617,122.93870552456208,130.59263115834497,229559752.77665865
2024-03-17,130.95728704111124,131.75958890980928,128.49432898127193,129.02500703540636,599989801.1960618
2024-03-18,128.68679122478048,129.42817193008156,122.83302766020687,123.02613708073964,612748795.6549163
2024-03-19,123.19258576891531,123.98806736893192,119.2852438332124,120.0521066564099,850274786.0348065
2024-03-20,120.52089505091925,128.45730167389536,119.17444561105273,125.26607310787406,666767389.0287932
2024-03-21,124.64105919486964,124.68933728011434,115.20195873335726,116.01144032379702,383293754.96934086
2024-03-22,116.02932783834737,116.38099371965993,116.02433886884316,116.30100685111253,543441050.7354053
2024-03-23,116.5799878734568,117.23603752732822,100.88575325431187,101.31385150847785,1531672740.9546247
2024-03-24,101.13676217211686,104.3463056489689,101.1292900738736,102.86712513301006,470683783.21800417
2024-03-25,102.9674621051092,104.99004637042464,97.71652714668343,99.45540399141291,487409359.3336218
2024-03-26,99.13021569201399,99.64997404352243,94.40567342222947,95.11087751469168,327085103.5282786
2024-03-27,95.1531634876578,99.5915291053055,94.64352545885592,99.53292564533011,614682218.6495583
2024-03-28,99.34759176961431,103.51192583822042,97.87994851715241,103.12517243882392,470673835.5461434
2024-03-29,103.22381879739302,124.10780064126693,99.79989388551026,113.60604921409573,726417512.8232172
2024-03-30,114.02084069345348,116.21736081889729,112.15781227926506,115.33273235527977,359467748.45908064
2024-03-31,115.36800971943507,115.64934809246391,114.0268890916657,114.83116087344303,344895173.05031127
2024-04-01,115.07207926828359,123.72406656411414,96.74894209749296,120.2987879964723,575127241.1509353
2024-04-02,119.92039369360815,124.91662480813334,118.73166880822528,124.69500008462126,554413662.1802456
2024-04-03,124.88468131809192,132.48084730367907,124.3424804000979,131.78893195595398,1976486470.9356072
2024-04-04,131.50936895022122,143.19378565658408,128.48102620762182,142.6211763220787,856838764.2442602
2024-04-05,142.53562922190056,143.24884983741904,142.42906146214432,142.90929752818707,329946989.140255
2024-04-06,143.08402559274796,143.46392148738573,132.70517606778674,136.80869219250863,782167152.3135308
2024-04-07,136.25623943552668,141.8503635619834,134.29040105836316,139.42179867141087,341154204.65251863
2024-04-08,139.50677790245146,140.5014874480639,134.16171964124965,136.1335070057382,349624418.16968054
2024-04-09,135.5809849439219,141.33957033322244,123.72202994214243,125.74047709343031,912356758.6718605
2024-04-10,125.65497211912958,128.6202401026958,115.15862793333724,117.41191989138092,692255250.99485
2024-04-11,117.90995509454324,118.35146614073629,117.77983666571521,117.95981947953463,1206119782.3984582
2024-04-12,117.60412577525629,117.66947748791102,114.98278340522967,115.22261186866734,434578594.7831624
2024-04-13,115.051133526974,119.68255239811874,114.97994704004252,118.88591663312539,156397933.84814516
2024-04-14,119.55431495075815,119.64508292466667,112.51761748144116,112.67062479873444,331692265.7187164
2024-04-15,112.47883439686599,118.45092114922325,112.40589509894032,116.64988945980315,927357266.1850008
2024-04-16,116.0335088677125,120.23925031919693,115.54998188775336,119.99633523806638,233448539.44807374
2024-04-17,119.87923118779888,122.42328323745444,108.31617704738177,108.36793330653627,353578512.08858985
2024-04-18,108.22666047329528,108.91201775069953,101.39060791129072,102.43312311181042,487989441.2872458
2024-04-19,102.13115412720458,105.48223781278342,100.22676810113686,105.27090160757105,1021590206.6667701
2024-04-20,104.84733086716241,110.96498807836971,103.40324924137308,109.78980641467889,268265333.9090596
2024-04-21,109.8437415465842,111.9446917078772,103.03098796715994,105.68348640020645,903229264.3298583
2024-04-22,105.90944429739456,109.01437744267434,104.8019162664479,108.34224341905279,492259816.3847646
2024-04-23,108.18525840353786,108.37293663635808,99.4735402053377,104.76894192922366,665734775.2646332
2024-04-24,104.77902643672503,104.86778418897798,99.30410235944137,99.63003531375249,577567051.4721367
2024-04-25,100.37379565198661,100.4988521917529,98.94070466570327,99.29614965144859,398423758.7530701
2024-04-26,98.8040502395951,104.9399480123905,97.58223362584025,103.55816860922563,554368656.4463074
2024-04-27,103.85044926855409,112.66062729127792,100.87169904501845,111.13338459268236,603789794.5548495
2024-04-28,111.58617586881942,112.50452652781505,111.20257467198431,111.7838736980957,403012585.4468541
2024-04-29,111.12138602792643,112.07980728694568,111.08102989561529,112.02560864119371,232106815.04470074
2024-04-30,112.52317879360699,115.22215161078731,112.34961875156552,114.85854373231226,839563836.4818084
2024-05-01,114.82825831069336,114.8907771494471,112.89010627658213,114.01025952483245,690380267.3515309
2024-05-02,113.64124753186715,114.14496697500913,113.62026747528023,114.1295575698193,437408951.7579949
2024-05-03,114.0289630758088,115.48940428319104,96.66194968888152,102.87825361535245,461527135.5553167
2024-05-04,102.749662679581,106.24923650897665,102.69984930536664,104.30509249050861,360031165.3422968
2024-05-05,104.05652358850533,105.06946161614114,98.66426985513814,98.8350646145549,1209606577.5900974
2024-05-06,98.63767035377789,99.88803054592104,97.00645872214265,97.69898936747877,757501570.4562018
2024-05-07,97.39520709264866,97.82167825124891,95.46842611610798,96.36330171287683,286229403.9454819
2024-05-08,96.44088835384343,96.68185142235173,96.34892914300697,96.51475369673548,1154892725.9225452
2024-05-09,96.57105611495922,96.64573923657348,95.67920013581258,95.80606095322142,3455150196.625136
2024-05-10,95.88827038477292,103.19536786910767,94.13327399394137,100.8041720211906,251668545.94208932
2024-05-11,100.99857087808307,101.02448554291827,97.54119291000463,97.78453071761811,736253984.5476434
2024-05-12,98.03727946005716,101.71150695095216,96.46879189123811,100.40024605604106,738968639.8540643
2024-05-13,100.82941757518483,103.75126635354022,100.17503915302541,102.56640283984395,244574011.9603594
2024-05-14,102.13757317904556,102.86560545663353,101.01925986960971,101.05025498612926,362217106.0361431
2024-05-15,100.4408803708223,100.6988777720041,99.46726252951053,99.60199726411469,425695487.69813854
2024-05-16,100.01574197718583,101.10246269226606,93.89358663613825,95.93878205983513,321065738.317642
2024-05-17,96.33297228572165,97.54898184659793,92.9860958156374,93.63154480145448,267251926.39277965
2024-05-18,93.4314113296672,96.75960203228269,88.66554636083228,88.77012563506746,703534223.4279202
2024-05-19,89.04040512223058,89.15981411327387,88.78737833883314,89.06498309665903,1153026748.553471
2024-05-20,88.79907380214854,89.15622483603556,84.61976107946805,86.86275696430468,293791967.8609818
2024-05-21,86.30798435026774,86.73918079846362,84.64827829405999,85.3404577629949,677054189.2665768
2024-05-22,85.26895684341402,89.17101175162037,84.12895823438244,87.94747821823618,499295774.15564954
2024-05-23,88.18883720929344,89.11760681699397,81.52671856890493,83.893868637413,404657784.921895
2024-05-24,84.06400781516294,92.39412183088929,84.00539041892797,87.27127333187579,415310125.8078391
2024-05-25,87.24865431071086,91.18232699833283,85.31601287908603,90.37590542692746,2134761788.1425395
2024-05-26,90.15010344528368,103.42483264425171,83.07948588888584,97.83297965464358,1059154074.8361452
2024-05-27,97.88395611808112,102.13455041070007,96.12410992840452,101.87690203180472,872481821.0970796
2024-05-28,101.99282079030175,103.08744431364565,98.0127166681322,100.68743751635786,390255663.0497911
2024-05-29,100.11758562902617,101.16167097744346,100.02922165900766,101.11703679418227,560782543.6393994
2024-05-30,101.44019780146927,102.81317475590193,100.49415818035004,102.58374933514506,505922766.2000524
2024-06-01,102.9912325590675,107.99924083273837,102.97291531861352,105.11698672060926,982033511.5757878
2024-06-02,105.44363048430301,109.80933184887724,99.5159446472124,101.81602397661,723449781.7768595
2024-06-03,101.36761711455178,110.17574846739203,100.7137459495641,108.80502211766876,356890672.99269897
2024-06-04,108.51526894859951,109.06111049064117,107.48481586195963,107.60224499118408,678121485.3917065
2024-06-05,107.6581793138401,109.51349996096297,106.88796725709892,109.37452413415697,411921379.1721301
2024-06-06,108.95995599650128,120.39323459094122,108.1810213305635,119.4373980300845,700051011.7328554
2024-06-07,119.46117775845096,119.87832876874079,118.5520538528429,118.81998817489288,675380697.8899527
2024-06-08,118.49155350509248,124.88277977963615,114.36212915869741,123.80532583002451,645168434.2610729
2024-06-09,123.40953511809565,125.60677407861101,118.01108021272307,118.08194206388157,359615275.1397997
2024-06-10,117.94836187144418,122.91850464027526,117.70702854554361,120.1734163074207,342437842.8721101
2024-06-11,120.30711249888455,121.03244098431695,111.11399353343721,111.29711641887712,974471762.7178938
2024-06-12,111.89876136631186,120.08984445359009,110.20299168376711,117.9870283102746,461758911.57631063
2024-06-13,118.01634764458545,122.27775145326558,117.44913093123631,122.02759459335142,355866092.14789844
2024-06-14,121.37820338216619,121.71709014424226,115.58289521085916,115.62310081732159,183688131.9161833
2024-06-15,114.89442015458407,116.77329508620083,109.00869306147797,112.07721069639277,793291695.461094
2024-06-16,112.2929590049428,112.5306324976006,109.78473249130063,110.11288435987338,1382542656.0527232
2024-06-17,110.10620874837157,115.20430304418029,108.51620970224491,113.57710219024813,279736070.62668914
2024-06-18,113.77215622438271,113.78289037284158,112.16704096189382,112.3851369698336,427761381.6700793
2024-06-19,112.00542143065364,112.16268708640646,110.56565139666124,111.1775557344533,602635138.637258
2024-06-20,111.14457843267246,111.91674768550351,106.82045511530403,106.85588232526996,1030362315.8146656
2024-06-21,106.31992789018632,106.80574353994886,98.060649235998,102.42399770809328,462075433.9344752
2024-06-22,102.14367563125326,102.30097278750453,100.06689245955451,100.46515865218382,596602294.5070043
2024-06-23,100.61332955054374,101.7466191526919,100.40531934509828,101.36166013107311,286115594.98936796
2024-06-24,101.57917522527231,103.89307641265438,98.85910252559238,99.8455791436255,924352909.9650064
2024-06-25,99.85811313010349,100.64554515537003,93.84503575574448,95.79204390787304,732664218.2608039
2024-06-26,95.50368697998644,101.53171016404849,94.92260750834085,100.75901257469424,850088094.9390522
2024-06-27,101.12204949857527,103.92496517154456,100.38764630728491,103.85542993640256,605763577.778044
2024-06-28,103.6022964796291,116.38826106945623,101.07086316887315,111.60368839295262,382360480.9870898
2024-06-29,111.791226658513,114.37706126825313,107.66404548853382,107.66767482613223,875876799.1910408
2024-06-30,107.58814461535225,108.32203576943621,98.73803671606184,100.66592339776724,832305980.3126416
2024-07-01,100.68745157000903,102.08842373040736,99.4242089976644,101.57704380260617,398811188.34098464
2024-07-02,101.73927903631494,102.11036059758753,98.89384603270173,100.24815959074309,198576965.0649669
2024-07-03,100.62160480144348,100.6324300273522,98.56639719105854,99.65624979739428,304295402.14011306
2024-07-04,99.6032812679672,99.9773682401474,98.24371795273817,98.76954103682147,382306030.9948935
2024-07-05,98.52006606568182,98.8241594932792,95.46107308964369,97.83806639763999,338952705.2910755
2024-07-06,97.44101206696274,98.74867554344873,95.85287569170184,96.83968131538425,257501263.79125968
2024-07-07,96.89779261269172,96.92405046609217,95.13968849406398,96.05371125408507,396158775.02803475
2024-07-08,95.86274507113421,101.87714929664011,91.3297774138247,91.7822246458593,382406812.7713609
2024-07-09,91.78259342015012,92.28342887098893,89.93227689810927,90.72509880751056,321642337.8232851
2024-07-10,90.88129729212967,91.0291628939148,90.20022964157944,90.47596467543998,617758700.8677067
2024-07-11,90.91467157233845,91.1756544569111,89.52701853239097,89.84607745890828,1083663211.349162
2024-07-12,90.15419824780022,91.36799889206597,86.93952563088274,87.66333087735907,345768546.58544713
2024-07-13,87.78916922201184,89.85127474051471,87.42360086686023,89.27047999675436,828273496.7529311
2024-07-14,89.45108007311674,92.37304352548156,89.4124789476204,91.31772297717025,840818233.190297
2024-07-15,91.54033819406655,93.47185083607027,91.36569507492446,92.9997214531257,1461256867.6261709
2024-07-16,93.11571575131615,94.34433710213385,79.06914525987482,89.57305625174672,886760738.6904625
2024-07-17,89.57373630270256,95.51092515833395,85.61159418415205,95.11713640660399,323486828.7160792
2024-07-18,95.38699379843464,95.8536204696144,94.97713764499208,95.68080548910335,227080781.6367116
2024-07-19,95.67522429204035,99.19370972746006,94.93994094093611,98.6592138154759,1613356636.3541002
2024-07-20,97.92824014930214,97.95633960864603,93.88818562127236,95.5769517405622,306330722.54600525
2024-07-21,95.55296108014625,100.5733674061656,94.41240486923631,99.89350052220969,683805432.4559896
2024-07-22,99.91650169332925,100.57256234869442,99.6750438613548,100.55557764031255,526837373.32166713
2024-07-23,100.30930825140086,103.29971203647392,100.20207782601187,101.0240214506878,602680016.8369789
2024-07-24,101.14573991900714,110.27996537558583,100.97870077086164,105.3025623117282,532075470.5337226
2024-07-25,105.86606155192413,106.14585805392699,101.83457649736506,102.86854484959147,818653263.2111439
2024-07-26,102.72357765625375,105.00117317031359,99.32356999447177,99.99934750605799,1020225395.2958486
2024-07-27,99.97134848911165,100.05184844547462,99.8478430157845,99.96803639965084,373855064.22350657
2024-07-28,99.1758560012343,102.90174145008831,98.14920438473969,101.98753420953422,217181149.03383666
2024-07-29,102.41977160163066,102.45062230565254,101.77234396196893,101.80001646299567,1382220810.60332
2024-07-30,101.27392829044437,101.55871952774592,97.72151076589753,98.6930553990369,1122495526.056911
2024-07-31,98.19797991604219,101.78764638910299,96.9711199516914,101.39009467792366,720694259.8279427
2024-08-01,101.14347612026647,101.78635676129716,99.98881042553093,100.07070399406273,618821044.2333182
2024-08-02,99.82819561855732,99.88920342007864,97.72728125233861,98.49447121751228,480960017.8051744
2024-08-03,98.74324831750896,100.35877478099269,92.86926543118105,93.30007547703231,465927526.7918809
2024-08-04,93.07993625528695,93.65618372054874,88.67938224165789,89.76503159056519,798596611.5359355
2024-08-05,89.93454648952653,93.54891784571437,89.47018920733345,93.06561618444636,583751960.2937818
2024-08-06,93.09548163487459,93.19059966064168,91.04932288581752,91.56759434186645,495687928.61647296
2024-08-07,91.0051329011749,91.55079826071793,91.00376901272627,91.54190118102127,601937960.5506116
2024-08-08,91.54244211232475,102.09387642511852,91.0586843705817,97.68436020179558,677522931.3786442
2024-08-09,98.10491991888485,101.30009115078184,97.62951086011414,100.72880917253998,1505654555.0517104
2024-08-10,100.8399652006289,104.0587880735676,100.67193358639776,103.94885021129166,335128976.2231302
2024-08-11,104.34839864922193,104.64409408563269,97.56952672805865,98.30843346638292,711149231.2244277
2024-08-12,98.03040924505498,99.6224735162366,97.35296995020764,99.11105476205346,428183534.7839235
2024-08-13,98.84371230191148,109.2245341160541,97.99309842241786,107.49219405956144,882687228.1698357
2024-08-14,107.5512280788347,111.65453829098581,106.12410792312515,110.43295843359444,573669582.8958718
2024-08-15,110.08427544741929,114.75564594656157,109.91947636714006,113.31890001740736,1635171670.4052207
2024-08-16,113.51993585255435,113.60006034872931,112.60552732945453,112.85481187992984,1588942013.950467
2024-08-17,112.59866863657754,112.6349948194013,111.7587122266337,111.82559002595042,399793038.95880324
2024-08-18,111.3819154297817,112.03247593409871,106.02976277029272,107.67848816641691,315357829.2437941
2024-08-19,107.92110515528933,108.23714327562911,104.07802190508173,105.66095277405867,247056371.6450776
2024-08-20,106.03480482714282,108.004085356426,105.81737000710761,106.29054871432547,651993079.8253318
2024-08-21,105.97693387521946,108.32360106608682,104.02164146206994,108.07873896927885,375221034.0849256
2024-08-22,107.98282322010449,112.37443850394583,107.82334135533972,109.88260930721066,604368600.7336438
2024-08-23,110.59988522451081,111.68507279910983,108.32870316478072,108.61692307477747,970331926.4970218
2024-08-24,108.84501115780972,109.44039328208524,103.4436663410113,105.06792570581732,254192288.13779452
2024-08-25,105.29034833993023,106.4639950075268,105.27865949387092,105.88594757399628,343009423.0425511
2024-08-26,105.49198237027656,105.65586127697198,103.05491726266388,104.34770483802392,665300142.5388335
2024-08-27,105.24111433842182,105.82640871218943,102.1675456004786,102.23764021553544,819372540.4736117
2024-08-28,102.17775363502616,102.19948307693363,101.73319137341136,102.05186943854626,338908325.455339
2024-08-29,102.55820622817836,102.97084768930621,102.34546169937032,102.65729681293642,1005138127.5402273
2024-08-30,101.93292214233477,102.51713422464218,101.12705862964371,101.21998700877457,453707804.36646575
2024-08-31,101.3471474481594,101.67679020278712,101.33724498449814,101.45911722849755,1008042483.7241418
2024-09-01,101.51134746192263,101.63281828098722,99.28149741367099,100.24049309917575,1236853389.3943138
2024-09-02,100.07258125475825,100.43809115531177,99.96842468058459,100.1099421438418,608469021.3986194
2024-09-03,100.38978513610196,116.75940636743414,97.96467097527457,110.1804093050437,380600390.98758084
2024-09-04,109.7049670948607,121.2508191830025,109.58078531495482,115.33033724082043,512357798.6224127
2024-09-05,115.57597127337681,116.8016607995676,113.17374466761935,114.02358208019767,559429036.9403224
2024-09-06,113.62693289815023,114.34799937696665,97.84079693455604,105.02528911008606,218909171.61398003
2024-09-07,105.4236275099201,106.51697879372506,94.42947723610675,96.8782361197594,369228331.80477303
2024-09-08,96.65658087518608,101.60078938051437,96.30384915887491,101.55317878149688,863862547.6742631
2024-09-09,102.10750417789689,105.800727408125,101.90386364455942,103.82891020087693,1049343585.4307176
2024-09-10,104.06456124245511,105.46143824896251,103.63436206756873,105.2170359540181,523692050.1016418
2024-09-11,105.54360642292754,105.97909249035835,105.39082533295954,105.41920188146314,363644853.6368034
2024-09-12,105.19320608704888,113.97191825328837,103.6332209490357,111.36399242844867,726951861.1013799
2024-09-13,111.51310311630895,111.53805065098932,111.03686727392007,111.06753699621964,213866575.73681268
2024-09-14,111.0037707690035,112.15666751168628,107.63488493224492,108.01994339833276,1753630967.5185819
2024-09-15,108.20776503630715,108.56827729414123,103.0781782547534,104.4754235434147,544121664.9658648
2024-09-16,104.2083140742978,105.82035775476766,101.10476200620563,102.38156096100408,460566352.26415056
2024-09-17,102.44975717531625,104.66462379053716,102.25389260338186,104.64654141159603,967968102.8187867
2024-09-18,104.8289949563523,108.21723206753248,103.95947581962004,107.53529651308003,358601491.1854674
2024-09-19,106.82581111841267,112.32188471581344,104.90905341528769,111.14802593276458,991790164.0099813
2024-09-20,111.51226005278484,112.24303005128336,105.84333241255953,107.43269663838277,601620059.5363867
2024-09-21,107.493640680063,109.13792797261614,98.72002906966908,101.47387300074878,800064718.1895806
2024-09-22,101.49310169269604,102.02623844408839,100.35746793769435,100.48392569274435,322878076.5456146
2024-09-23,100.83019570130887,108.78261698778066,98.55262662412295,105.55597551825898,416462760.72331345
2024-09-24,105.86467139775075,105.8891638597794,104.22853961357218,104.24751851467343,623412619.6430191
2024-09-25,104.23630588843123,105.39560070846588,99.21640180899438,100.70724149965324,273180919.9049527
2024-09-26,100.73459045297741,108.03421526216741,100.65582775091866,103.36776825207977,432630814.0252818
2024-09-27,103.30035499093886,104.983588325055,102.50086666485858,104.53307579364294,270069413.16591805
2024-09-28,104.23070078144771,112.63422970919687,101.69829010334183,110.42055786839569,322543728.21225125
2024-09-29,110.93319028935761,111.26397370206182,110.08839905463813,110.40973393019273,394408186.69088423
2024-09-30,109.94470633665915,110.64598390091518,106.06202731693108,108.63240829350238,329001159.74086004
2024-10-01,108.96496232834049,118.6236228277358,106.68804386459634,110.61198535076407,726647598.8102627
2024-10-02,110.21514466336619,110.98306317867976,106.34588615192905,108.45897432078776,430001251.30572796
2024-10-03,108.73533586196186,110.65554217314482,108.38066474149814,110.25935096744827,533949918.96052366
2024-10-04,110.41105572710073,110.8339671569452,106.02409447290678,107.13009783525509,786977942.1009401
2024-10-05,107.00887491551997,108.50196113443246,106.97295236297315,108.43004875656827,458431209.66346025
2024-10-06,108.26468004403655,110.92661321495004,107.39649268725589,109.43136058493187,367464971.2444075
2024-10-07,109.20406011387105,118.97317898288183,108.09568281618279,116.73457835823115,870726059.5492115
2024-10-08,116.08016909117126,117.30173233434684,114.49421378482405,114.50715983746541,629068692.0090797
2024-10-09,114.23226332398819,115.80274166582696,107.07924658691012,108.64996925765267,387273103.3150899
2024-10-10,108.93959756063919,115.56726695925458,103.92221139463852,113.90643477337137,3495224600.1694202
2024-10-11,114.1836336733957,115.60365329489193,110.09016687306105,110.50816985826008,246926055.58690837
2024-10-12,110.10951610348629,112.75645464428612,109.8003357137403,112.62487828404974,709018335.945786
2024-10-13,112.5214635129375,119.75116261882621,108.35336652525004,117.62123223254996,1336163737.5691261
2024-10-14,117.13012774407606,119.54092781971706,116.94270415843116,118.65881521950746,500124154.3014028
2024-10-15,119.29918227885362,120.65694653892622,110.7391358093887,110.7654103988865,719122543.4017946
2024-10-16,110.61222014370925,123.08901667618831,110.3237970038801,120.48781540019797,921092277.3988185
2024-10-17,120.80601798090507,121.40384411191447,111.79586250227042,111.95826928011019,197721085.3988433
2024-10-18,111.83951405638707,119.54347730188243,106.68147826962034,118.52402963083158,642236934.8068886
2024-10-19,118.6539089989605,123.865736963971,118.40854162796329,121.39144308238221,1175008834.674625
2024-10-20,121.50678327663518,122.04084698650054,120.03156835019436,121.9036070241428,535679238.2162243
2024-10-21,121.86600362235562,122.50871075405497,121.76603596883649,122.5041013515441,621462622.5967746
2024-10-22,122.84407198145843,122.95491573331529,121.62255331063668,122.02532240883673,676505229.7514112
2024-10-23,122.05114212636953,139.3736400209023,122.04528004009848,129.21783826014106,530653102.80032617
2024-10-24,129.15853962850804,132.60415925527474,126.04301550708442,131.1626683147225,663291247.3015779
2024-10-25,131.04967803764507,136.92291517799794,130.60359907813995,135.21158749216397,1578947404.2779663
2024-10-26,135.36588342231818,149.4161150143972,133.86443264785322,148.4005941399524,571725262.6140721
2024-10-27,148.41812659597517,149.32940370268895,147.58736725426118,148.89822261300532,506501302.65202755
2024-10-28,149.42005107584527,150.9950880131145,144.7615816878556,145.70743224091362,412504388.2182105
2024-10-29,145.96852249340733,146.47456342557624,137.89265944962048,140.87538564652135,417976579.1128578
2024-10-30,141.11851591366607,150.42435183916245,139.52603705157398,150.23713334200605,630856573.1259072
2024-10-31,149.56742539247327,155.46722194768367,148.7773137566006,155.17880619086904,571215762.6072185
2024-11-01,154.99305057042596,155.3209265215891,145.4663274822328,146.67439729936964,1099126395.58783
2024-11-02,146.44235442152868,149.12136085093783,146.328294895085,147.81521889307191,354629402.56148964
2024-11-03,146.91964390342164,148.66081212904675,146.84057021093133,148.55843604096253,253795741.15543914
2024-11-04,149.4245657092156,151.31205210758378,138.96631416794764,140.9873154641612,416008863.6155309
2024-11-05,141.90648410303498,147.442492565,140.12056057291665,145.4956758406212,393834887.3366724
2024-11-06,145.98182057593976,147.19260801572622,141.86424000550613,142.51590838894862,281915123.31232154
2024-11-07,142.3764650416484,156.86217964943205,141.6215703342995,153.38239974974465,523665207.74460393
2024-11-08,153.0362061617087,153.68351857200864,152.1660992981237,152.23022077772947,400203797.7797437
2024-11-09,152.51237063934528,163.531274272203,145.61792955418264,163.08673738887464,1196613424.0669622
2024-11-10,163.36869193494934,168.72864006265206,163.3329299188724,168.14242738318472,189513712.1083413
2024-11-11,168.3864526024205,168.52440880725072,165.78892406357684,165.96648761187717,411947632.0312522
2024-11-12,165.18687962134027,165.60658080927303,157.90438138070175,162.30490980036237,643181979.027215
2024-11-13,163.42410050923215,170.79457489694073,159.230603438946,169.89172371405834,276982931.9614501
2024-11-14,170.232375420982,171.21161079915535,166.18914280133038,166.26293907669202,1191773969.7390642
2024-11-15,166.98975745359732,172.04177957334107,165.8655457025883,171.83947204688985,236455420.22017664
2024-11-16,171.99014756011917,190.47233745352165,168.60739351965557,181.39245471626404,386353566.4560052
2024-11-17,181.37283324085197,183.15192366616637,177.28322033771843,177.87750804503543,659044400.1165707
2024-11-18,177.81405197174104,179.52988863407884,177.5270028921732,179.1700000948726,385008075.79329795
2024-11-19,180.05968827308502,181.03298300638878,177.25639873786855,177.26159707834856,605511601.6284239
2024-11-20,176.50543674693225,178.2749291296851,168.53322959768306,169.46698377002605,1148916435.6517699
2024-11-21,168.73073453658597,194.6853075207302,168.36704560072113,182.53826354509772,585809975.4036229
2024-11-22,183.45993064716538,183.46477421507848,172.81471037048755,173.92904022699796,389735075.6635448
2024-11-23,174.26573949102982,177.65348933455473,158.16589167748657,161.27143812797567,342090235.62850404
2024-11-24,161.16247137410852,168.12721697697302,159.75814602513128,168.07822250713662,965800454.1101577
2024-11-25,167.5569207211008,168.28535037036318,158.894493054153,161.16654186164115,621878286.8563008
2024-11-26,160.4736056642785,160.5323820316685,150.31883186584156,154.84719904243397,615312800.9580163
2024-11-27,155.4531301014259,161.38293187609352,153.81174551120975,160.50175538424693,1890854755.6896918
2024-12-01,161.10435543828578,176.64999798526867,156.3287664032104,169.98404918663346,939907831.6588234
2024-12-02,170.04593697399298,170.65197511332323,168.33773278171444,170.52836659331246,1408610129.2982016
2024-12-03,170.52368203823053,191.70437039437257,169.74487104369246,183.53303462310117,969306749.3791639
2024-12-04,182.55178222880005,184.0205861280645,181.1067668980854,182.74043614075134,251532287.7135945
2024-12-05,182.42739740626206,184.26990644919866,177.48561142634938,177.50726486682598,1415386212.1450982
2024-12-06,176.70127814585751,193.62715897276294,175.7292324159399,189.16584428498666,799280720.3797305
2024-12-07,188.65853697529053,188.99273790166816,165.93236019732876,185.63081775811892,259867228.6641473
2024-12-08,186.28158548742755,186.740648243204,184.88963720904005,186.59836751795612,613276931.7757014
2024-12-09,186.60695755217336,195.87155507775245,185.736577872697,191.19222730139734,719481862.2323223
2024-12-10,190.9647740487901,191.12955828460292,173.89280149646393,181.44237999881452,638064534.3487619
2024-12-11,182.2473622007497,191.28258015958534,180.84247264399107,188.79710840582644,720289841.1555048
2024-12-12,188.48404378313376,190.9953025134061,180.43484705507137,180.9235137184829,836685482.6348996
2024-12-13,180.24447190185407,180.96518211486654,175.34861737197662,178.0005946331056,733436597.2304828
2024-12-14,178.40826565466512,178.95724807917787,177.20914110877456,177.24636294346388,586894154.7408593
2024-12-15,177.45695774481473,177.47334635091806,176.61161529200118,176.87029053685796,559628317.2874782
2024-12-16,175.69162626668074,179.36740966853782,175.29807096484177,178.6343265641957,461526101.2499149
2024-12-17,179.06158771438405,181.7339660599555,173.62257181292796,174.1318402297872,264898117.492828
2024-12-18,174.03973974441286,175.5383327120654,173.7450309638728,175.1195941761772,562762423.553089
2024-12-19,174.58010150154135,175.24971278999314,161.19900453823283,162.44383263889827,420637646.94069636
2024-12-20,162.9745169375491,167.9319929253847,161.47307262270647,165.0459720354236,1264940481.187229
2024-12-21,165.01822828666877,172.55659454415326,161.04085803050316,170.20318911248873,497157872.4497823
2024-12-22,169.88203789909156,170.58064225422106,167.85594499257562,168.38657709297271,539746311.1923064
2024-12-23,168.24576327384744,168.8489921139711,168.2421668791354,168.8071624968148,463779486.6766187
2024-12-24,168.03992870626018,169.24105755755735,161.6384725918748,162.49981588048263,563763039.4990801
2024-12-25,162.42798416066063,175.35762415398867,160.35060595444529,175.3448293348302,605399837.3997755
2024-12-26,175.07937148529,178.99781823369437,174.80342027218006,177.53831725075898,423078803.70858526
2024-12-27,176.50091536358815,180.49607285497365,175.72530293751058,179.045973206948,403847774.58778787
2024-12-28,180.05069668581186,183.42585457510373,178.16774969326045,183.40071949486966,364246764.700709
2024-12-29,184.01872362943752,184.43860381884656,183.1265762819391,183.84027058648476,1180659526.7216613
2024-12-30,183.77070890638092,183.971731596256,180.18759888587587,181.433685924123,441119515.31495905
2024-12-31,181.07334214575278,184.86517179256109,180.93867787357755,183.96326344691602,444454077.0972362
2025-01-01,183.10310323020548,189.6824069055691,183.0832454140248,186.63345966030684,444325272.7198659
2025-01-02,186.6500411871827,201.35958656156487,179.1912653501535,195.45346863511824,464556422.28872734
2025-01-03,195.98952987331572,198.4961335351855,178.7250788757668,180.87184051991287,1829220505.162385
2025-01-04,181.75632786412484,182.54702942820472,176.51686000545413,177.03959803492415,407734262.9322973
2025-01-05,176.60540411918655,181.28004986853568,171.6865981230469,180.6164104031272,991773314.3429742
2025-01-06,180.67478828527405,181.61019167104325,170.87579747607248,177.52457061271724,559729957.0649561
2025-01-07,177.90914634152026,178.48534235190186,163.19509442669255,166.66283178540542,1887599920.54026
2025-01-08,166.79270760627767,167.91609227595993,163.48863170613362,163.54188073650872,746552758.0880934
2025-01-09,163.25934176239474,200.24689673043952,161.57546562384152,177.59847589741958,332409136.35974044
2025-01-10,177.61396844419255,189.32015874477867,175.99127084543503,184.30301645852433,714914369.0023496
2025-01-11,183.99850393989672,187.74484550050698,175.2587861408837,176.20129690319487,658756975.2926092
2025-01-12,175.4912121942853,185.64217009850896,175.3508359939792,182.89476989107465,519380893.4421385
2025-01-13,182.77832690293022,189.89409943364373,176.81950491829622,188.04551770091265,978235152.9428698
2025-01-14,187.8018225356177,191.68416160439472,169.13323098967666,174.57506906728506,878816387.0784125
2025-01-15,174.53567797027125,174.90012723121285,171.8628650106416,172.0756093791813,644863126.7633038
2025-01-16,171.49678629273146,179.96261161043674,168.93658804261227,179.93964709209513,1185099761.3673608
2025-01-17,179.74324625844184,183.13481340378496,159.78062209538675,167.87839399616936,582362296.5091927
2025-01-18,169.05218651746915,177.4654250223589,168.98407408643055,175.59108215357313,974712382.9614124
2025-01-19,175.63444614744432,176.34100237191,175.27682905680837,175.70362368809418,585136521.3476216
2025-01-20,176.6108869481517,177.93596885926777,163.92463213738748,167.7879289840551,971388434.1174895
2025-01-21,167.09299931876674,181.7173276391877,166.70351144104185,176.61978274011932,623292524.9141544
2025-01-22,177.3143627882156,177.56583431074063,174.254069816093,175.23438868626357,818977032.1528774
2025-01-23,174.35517301598495,176.72717481298307,158.26679892558528,162.78911839115239,563020912.007535
2025-01-24,162.40298882278265,167.3679190230108,160.30224073256002,167.2445926306139,599487562.3365587
2025-01-25,166.81626560172842,172.7271260065696,166.30032899799656,172.13737577304644,822375279.0854057
2025-01-26,171.36792924304493,175.71949006022342,170.70696636575698,174.02181844857785,859211204.5800234
2025-01-27,173.2756231141107,174.12223862186704,163.5496179309741,167.8958675168807,336093161.2944687
2025-01-28,169.0032175898047,170.8245378176033,159.9902171864426,164.29423752639502,575777662.9575502
2025-01-29,163.25559072086418,176.15007881205827,153.17402432686166,175.81406240223805,534223102.49552107
2025-01-30,176.9935533642147,179.6815874114109,163.95497527266218,168.5614993975639,1043027113.0438174
2025-01-31,168.82117450796775,172.77844707485076,168.2890742931415,169.64922235400357,348515317.56565386
2025-02-01,169.46747775458115,170.7703303226603,169.3879071220128,170.4996944294499,500155991.941269
2025-02-02,170.60025992387344,174.14902429499452,170.52613851008428,173.70163816002062,431327636.0749995
2025-02-03,173.8644623844847,178.6413770871544,170.07133318854338,177.3900504834567,374908400.47481084
2025-02-04,177.5990491716585,192.6380734672301,174.03078664101682,190.29858394914612,475468143.787242
2025-02-05,190.7133380121885,192.60899059339567,181.16627175614008,182.90733988767434,768035838.4225281
2025-02-06,183.3692859037239,183.70700407908865,180.21474557392702,180.84756409399762,611832394.8145541
2025-02-07,180.45105202050152,185.98559045955676,180.21574016565043,184.65798980670345,422148123.81495017
2025-02-08,184.64494087641742,186.3273058165138,178.59835948770078,179.3486016459647,617146472.4504291
2025-02-09,180.29779059352364,181.5725377212034,180.1845689261979,180.7434051375099,602346410.2684485
2025-02-10,180.96050907025665,182.02675831844283,173.0238888972064,173.22406320244826,639698067.0815285
2025-02-11,173.097696347705,173.48620735854783,173.04403482991592,173.46991657984776,353990106.1671802
2025-02-12,173.74935153015923,205.95665151922773,171.69499182030694,191.97972308421998,1430072582.9422643
2025-02-13,191.6101339042858,193.7701346666181,191.55677130234616,193.7042411421863,154324418.27177215
2025-02-14,193.4681092565657,202.4505353531778,189.57835949219802,199.15964268306917,338674257.9446956
2025-02-15,199.55533317913356,213.05313884977073,198.7752476234866,208.0765684914812,412088649.1287836
2025-02-16,208.3977556744592,210.80627952053712,198.80539917897073,201.11940965341412,972105275.9222189
2025-02-17,200.33048628473813,213.7751875099666,200.11540735467725,211.28336380011456,432945858.9320352
2025-02-18,211.02728817820739,211.11664177480714,210.32467433391398,211.02753481723056,417189442.32077044
2025-02-19,211.34179458289242,218.31990989749966,184.73929007186126,194.8706208625589,441721201.99975806
2025-02-20,195.79884174137342,212.24565759500965,188.95179737674843,206.74873741021517,724703232.3368818
2025-02-21,206.43489933792483,207.80136924087986,202.423611697353,205.45603546812958,509132151.92313623
2025-02-22,204.95604439127987,215.41051530290173,204.5549765831792,213.93017976639385,911334836.3736337
2025-02-23,213.85535684518308,220.91221437580703,193.81838891222435,199.05201417595302,663027714.8445612
2025-02-24,200.31662964657744,201.41511089653065,192.31652996637726,194.02666750653546,221115863.4353025
2025-02-25,194.47421680080032,194.48417088806127,194.20003556389327,194.23348514079717,321345108.7674442
2025-02-26,194.10910163938195,203.612067827156,191.75502690202777,201.13940369596753,601295829.7823329
2025-02-27,201.51565405824928,217.5612270059569,199.96388862718607,210.26317044568168,760476571.6481444
2025-02-28,209.87979169054353,232.96718458766233,207.3309875704221,228.05983971791773,458539305.51954114
