date,open,high,low,close,volume
2020-04-01,0.4633925169316729,0.4636808262962605,0.46032641909185973,0.46104602561529556,797861743.66891
2020-04-02,0.4621997300418109,0.46279126025885864,0.4552431570621749,0.45754973607596944,846271149.5426033
2020-04-03,0.45846620909937663,0.48277765866624794,0.45065924619164055,0.4827772623874495,421940318.5550813
2020-04-04,0.47945097509776125,0.4874770687915782,0.4505154091561732,0.4666735407896433,902022369.4204041
2020-04-05,0.4656470626463819,0.4783911566327735,0.46544715424844746,0.47252991866775457,790723647.2737297
2020-04-06,0.4726869356770755,0.472749872795885,0.46591636062973835,0.46718446647537915,464052442.81307644
2020-04-07,0.46848018735933245,0.48342370204507434,0.4638783133200905,0.4783244881727155,560222856.325515
2020-04-08,0.4754149680065135,0.517400063009305,0.4705626246491453,0.514188870259641,760777337.0516462
2020-04-09,0.5156305598526227,0.5249777115105854,0.49534366201208224,0.4968405369481884,676426878.7805392
2020-04-10,0.4992752502207081,0.5268535212663359,0.49660271496382424,0.5110174036178646,573834955.8041689
2020-04-11,0.5083889252217114,0.5132534898163731,0.47503506684133545,0.48338721396439854,799718888.9114939
2020-04-12,0.4815673781678165,0.5029555898423685,0.39814284564057945,0.43427574822259424,828813038.1861678
2020-04-13,0.43426354057626915,0.4367053736559926,0.4052636729480533,0.4081158681312438,690931963.7804291
2020-04-14,0.40915685246974903,0.409600770579694,0.4024639650138521,0.40402914091846204,587902521.995144
2020-04-15,0.40442521369950546,0.41845312778426724,0.3749486249143673,0.37618261017888266,998616338.9891738
2020-04-16,0.374418176369653,0.3760405710342923,0.35154614841887,0.356778902595688,802502750.3472127
2020-04-17,0.3572062681795654,0.35786667220275564,0.33951383436572913,0.3415696363632308,507815749.4541994
2020-04-18,0.34134166120411924,0.3692658548790814,0.3379075493923559,0.3676137716352749,804960263.2160386
2020-04-19,0.3678493236216063,0.4426242832718973,0.36478618792182443,0.40933440816153555,1223119623.57131
2020-04-20,0.40933685710941614,0.41167518644861356,0.4089404756651694,0.41134128620581406,1339906022.2915561
2020-04-21,0.41134816248178263,0.4158949528530056,0.3973075406737402,0.4031968887536172,655112766.8679132
2020-04-22,0.40360944853279695,0.4370656060291376,0.3943782011577297,0.43513968773686884,651688238.8209795
2020-04-23,0.43317994217724864,0.43983818391103063,0.40290186153545204,0.41895745231556814,813029533.4488307
2020-04-24,0.41887909613330987,0.42530528451836425,0.4000181528963723,0.4016785298409436,427944776.6571079
2020-04-25,0.40229020544048283,0.4704111338304232,0.3983606255237625,0.4391721393494426,788186406.7788134
2020-04-26,0.4392736768522509,0.48482431691587097,0.4346090045898642,0.466981124957029,235470887.66910154
2020-04-27,0.4679496730773703,0.5408530009212209,0.458746107652346,0.5095361998498258,950858257.6864123
2020-04-28,0.5113587878321935,0.5121135664968508,0.4523140611052656,0.4785916761250916,407186286.56621385
2020-04-29,0.4787834677189541,0.5979661683427956,0.47835337027676844,0.5555410237052304,1905590086.134659
2020-04-30,0.5560187496812936,0.5584430157335973,0.5488716930133459,0.5561710608304049,560074399.1758559
2020-05-01,0.5534896159037993,0.5536391502365866,0.5455760962113206,0.5461137375297638,757591946.3628111
2020-05-02,0.5477764566049125,0.5730230670240873,0.547555616279799,0.5708750341779683,534813521.6202918
2020-05-03,0.5727594296714064,0.5793242397629237,0.566768806828784,0.5779615539897668,633014809.6229059
2020-05-04,0.5781599190123722,0.5858456526454014,0.5426995140184777,0.5453855644766116,991068885.222145
2020-05-05,0.5447250267191015,0.5461192388624809,0.5376523480801766,0.5412925996692721,709992719.08883
2020-05-06,0.5434278545349606,0.6710372532068783,0.5427749012316043,0.6559748349238895,514047774.5627231
2020-05-07,0.6540383224046238,0.6568054427971636,0.6391153473311998,0.6428404158324276,292410075.2635697
2020-05-08,0.6432577001256081,0.7572921299764421,0.6058852669148755,0.7137318046164507,343589852.2131685
2020-05-09,0.7174921060445242,0.7187416999497219,0.6992613566620647,0.702520569829577,304979688.68795234
2020-05-10,0.702943193248205,0.7073772597227607,0.6935927436787866,0.6992220005493915,427566540.223145
2020-05-11,0.7007359928467898,0.7694881006335008,0.6808735872852989,0.7608355336940308,834286615.5391105
2020-05-12,0.7612566050748077,0.7895138930470145,0.7519597605889102,0.788949751317172,326689661.65625185
2020-05-13,0.7907812239670357,0.8019966049687851,0.7893746947976463,0.8007525760747021,146260634.71390894
2020-05-14,0.7983219889741531,0.8735335777246607,0.7940789208968136,0.863747076007977,1038764814.3056625
2020-05-15,0.8644990728155655,0.994397889233323,0.8354724991478942,0.9748734497884739,784264925.630304
2020-05-16,0.9762782189494462,0.9762915202905738,0.8843727375730062,0.8949695832262377,531996045.13781863
2020-05-17,0.888494437591074,0.8969022718011583,0.8884246569136384,0.896425010917142,482004335.27423096
2020-05-18,0.8963354147511168,0.8970506507772941,0.8476036522947616,0.8627776584066325,265399888.1827329
2020-05-19,0.8640597697407901,0.8780225093046496,0.791353384758827,0.804021644634047,2153436608.208952
2020-05-20,0.8062244870108248,0.8106078492524581,0.7836527584853749,0.7854858758443571,930669547.0072954
2020-05-21,0.7831445199597901,0.7854382841623504,0.7292403642776916,0.740746770244051,640350609.7337446
2020-05-22,0.7367190546258436,0.746553501915001,0.7366923789011579,0.7442997059254295,265481464.4339734
2020-05-23,0.7477284036525138,0.7932182157108884,0.7326126480311559,0.7905684091752684,379375165.5113622
2020-05-24,0.791352112897686,0.7921214242458794,0.7632461970018747,0.7765334224077953,498600924.01424265
2020-05-25,0.7730608290423997,0.7812809784393228,0.7729392724012093,0.7811256333375135,616319252.6179188
2020-05-26,0.7778357309824641,0.7918096030598395,0.7461128671759076,0.7513117368706076,340194687.52800494
2020-05-27,0.7538364264571844,0.8308578072333148,0.7110720988876408,0.8263846818787325,487625840.5671482
2020-05-28,0.8269918960166741,0.8281792819056056,0.7527770393687774,0.7837701911347532,269575200.9345786
2020-05-29,0.7795564542681352,0.8071882289547339,0.6301146947008697,0.7419246337077406,555114580.8970687
2020-05-30,0.7418482176853013,0.7994655713061212,0.7095017076681235,0.7706032579084505,480454674.59268534
2020-05-31,0.7735604270355708,0.776744621386183,0.7665283361229012,0.7668146663959217,447492286.02448356
2020-06-01,0.7654623308783554,0.8513695515620607,0.754121348284784,0.8492508390575711,626975977.9785957
2020-06-02,0.8463432689468251,0.8511866003199029,0.8103352745801101,0.8197907881959375,654217494.191783
2020-06-03,0.8221109572843892,0.8234407379044496,0.7508149590324945,0.7948892792527195,480580838.81288236
2020-06-04,0.7984211511609439,0.850821925442263,0.7882285859659817,0.8195906646924763,255205808.65153745
2020-06-05,0.8187383471855673,0.8201838568459702,0.796538684033566,0.7966768934170112,1388725004.7225213
2020-06-06,0.7950835892414517,0.9771581073170161,0.7429241124032788,0.9325910748399698,663560597.2003087
2020-06-07,0.9342989770168652,0.9402031623693289,0.8938833244492573,0.8941435422959784,363309314.5231351
2020-06-08,0.8955652287658548,0.9137017727579473,0.8487770564402786,0.8515215712797654,660313295.6402432
2020-06-09,0.8491240706222565,0.9103617355863239,0.8411056928620004,0.8937184736480669,666564431.0216447
2020-06-10,0.8910342818513268,0.8989784188503748,0.8713975174392286,0.8766653837968511,950018616.933216
2020-06-11,0.8782470577464448,0.9144095357703885,0.8738973744561424,0.903802792660395,807654260.7879597
2020-06-12,0.9036527268688969,0.9177414784198852,0.8546909220657029,0.8669602471687419,650285774.711529
2020-06-13,0.865381145352747,0.8657067104418522,0.8606295763365052,0.8609605988776541,355628395.585044
2020-06-14,0.8559093240094002,0.9841376594345246,0.847471648624575,0.8943134067737374,1032197763.0210787
2020-06-15,0.8937022071709931,0.8957120674693264,0.8562289919874354,0.869376552358611,593973745.1743375
2020-06-16,0.8696126521796957,0.8706295894919799,0.8186912089788175,0.8261234430642539,137782698.07457045
2020-06-17,0.8289808530120574,0.8386393428767287,0.7525147184398223,0.7731764806664283,537293006.4000199
2020-06-18,0.7714233038630371,0.9181426652315501,0.7642893843768884,0.915401417883665,974745962.4422868
2020-06-19,0.9195630012444738,0.9981610656879576,0.9153585198325538,0.983579027199701,870054585.755567
2020-06-20,0.9829889829810482,1.0733780399096182,0.9697253732592614,1.058732847728236,567885242.4125391
2020-06-21,1.0518374196405045,1.1147459240321642,1.0483304721802216,1.1062287183681694,735937161.007694
2020-06-22,1.103402067719372,1.103519304085088,1.0775038854436787,1.0852169126802484,620341070.9336097
2020-06-23,1.0884545744125045,1.1075000316678878,1.0882678146846234,1.1026499273045467,209017216.2763656
2020-06-24,1.101186009172394,1.1108458356653044,1.0966813230388448,1.1099774967790335,210013526.458145
2020-06-25,1.1082365699598402,1.126108472254486,1.1082202888210577,1.1186614688540368,965824060.4781667
2020-06-26,1.1241048166492473,1.1259614673232186,1.0897450185777808,1.093837328382071,764735146.2661222
2020-06-27,1.0971934164694797,1.2882825552782737,1.0941309476486298,1.2380705387834963,541664665.0042986
2020-06-28,1.240935372370176,1.2431609925613114,1.1222762760063256,1.1634798218907316,724946473.725149
2020-06-29,1.1617245284213116,1.1728188140207936,1.090528615741219,1.1116147921787136,436865547.77863485
2020-06-30,1.1091770975294641,1.2631238822035966,1.0820605762528746,1.1814833212329703,739979999.9583783
2020-07-01,1.1792846204569196,1.1801960639239129,1.1323006431293232,1.1324221288737337,618291834.5264037
2020-07-02,1.131491203457046,1.291640293575427,1.1139457179420365,1.2484846430939815,847004342.7391725
2020-07-03,1.2448435647380223,1.302801994978699,1.16518413320377,1.1729694897843748,732417468.2130934
2020-07-04,1.172941536053384,1.1887525788436248,1.162031197613178,1.1847950478829319,393985000.2055079
2020-07-05,1.1828243909291791,1.2441487825242572,1.1804859834431845,1.2366889319556766,269650034.06501573
2020-07-06,1.2418335840170203,1.2484636995343263,1.2399010490896596,1.246762309288395,476670782.0274812
2020-07-07,1.2459320997105716,1.3024886196822605,1.1405943118943929,1.1530397244179345,1143116653.2458425
2020-07-08,1.154656381399737,1.3167665898996157,1.1446322890921776,1.2779974084856258,917829242.7552137
2020-07-09,1.277857279713337,1.2817533992180716,1.262354040978438,1.2628038483600244,884115045.659811
2020-07-10,1.2670838936742324,1.267266824315892,1.2428368344773062,1.2469143012147585,403700666.06702626
2020-07-11,1.2454551618342984,1.305851321184441,1.2413219467808345,1.2777560149378122,330705044.58800685
2020-07-12,1.2731049092219646,1.2836435683196736,1.2661646142360201,1.2803596977876643,839398418.118107
2020-07-13,1.2907410039347045,1.421723567343429,1.2809473352654674,1.400571113636573,1103845703.2197206
2020-07-14,1.4012474611922094,1.404540245763566,1.3244318101669326,1.3489347829669316,1186854603.4918106
2020-07-15,1.3447253059929283,1.347381716200108,1.319508572576172,1.3208957953945009,2003840054.5695612
2020-07-16,1.318296493767249,1.475641361767329,1.215903636157741,1.4318749195900706,731960101.2450898
2020-07-17,1.4278530985864646,1.5401218635920575,1.4265252312171541,1.5122212183973034,1296969806.0997846
2020-07-18,1.5166871123528392,1.5180112735719353,1.4798535489107194,1.4807379440335116,182610730.69291863
2020-07-19,1.475322051615401,1.5086731109885714,1.3979808170669277,1.407963919957651,481015700.12134165
2020-07-20,1.4021474780139405,1.4775510718296603,1.3660542722205045,1.457688460136111,995046977.1128877
2020-07-21,1.4625899202587278,1.4823868403904257,1.3990175144756425,1.4067650391416116,445348518.1580047
2020-07-22,1.4113922408700885,1.4294071444620673,1.3405792828587884,1.3629471633817232,634892277.2208565
2020-07-23,1.3643139830234083,1.636917812115893,1.3075199735517256,1.6052053288100554,2404049422.091525
2020-07-24,1.6006650804526383,1.7354101951925933,1.5959024832089201,1.710504411331905,1467051208.976135
2020-07-25,1.7110945106239663,1.7753860335006963,1.693391664550663,1.7334404001650685,491887364.84490967
2020-07-26,1.7234641555269818,1.7440592450545724,1.6963079725732184,1.6969892082426723,420970961.8111373
2020-07-27,1.7003996035673064,2.094882474502376,1.6282898765735707,1.988679891476454,1012562655.6449631
2020-07-28,1.9881032244372074,1.9910635256256475,1.7538684339834782,1.836771083175639,689576105.6797544
2020-07-29,1.829651814885901,1.9258912078189863,1.7049170808997605,1.7244910184151083,682773574.2822186
2020-07-30,1.725483515191994,1.7317756006085654,1.697830315464609,1.6979664669237848,693942160.5340086
2020-07-31,1.7022170392071376,1.9562384471219667,1.7002180878791757,1.9187247451866412,406842508.14550275
2020-08-01,1.9256514643127698,1.9692125297660328,1.7369659317457353,1.8027737923954241,394670399.336203
2020-08-02,1.8110091185608166,1.8117152267931993,1.7510782757413481,1.7676167648409593,303424617.5489619
2020-08-03,1.7607650559023527,1.8987678817956084,1.7178553620943418,1.8468223194218718,700807956.2419424
2020-08-04,1.8488422040244354,1.8729671004860347,1.8318916727316015,1.8713830847762927,1114565315.2041352
2020-08-05,1.8694210732112082,1.872469330033913,1.8132775495459517,1.8163549786841588,522065281.8165063
2020-08-06,1.808756786106836,1.8546011290649798,1.807750727017145,1.847602299161826,367991706.13123393
2020-08-07,1.8447380128464435,1.939995419895314,1.8041761677568149,1.9372029770732606,556802515.1467557
2020-08-08,1.9328224200412423,2.272022255302895,1.7133393031636936,2.1257941974610852,626957954.3826803
2020-08-09,2.125495810930314,2.167936243698875,2.087242122176085,2.1643030648530717,548462546.4176378
2020-08-10,2.1463178887518537,2.208833294184708,2.0447866875172522,2.070035350966695,288837573.4482266
2020-08-11,2.0725688525082893,2.2251517196541823,2.070772146477747,2.1990807393742147,655202219.1937958
2020-08-12,2.187895967642383,2.225233682818651,2.1872176998271877,2.2221297544331535,317151103.107278
2020-08-13,2.2202741043528498,2.2225070070314503,2.1507633621381164,2.1564596805892005,388459675.4537853
2020-08-14,2.1583061972934257,2.1624094398783282,2.085072926918816,2.1086288858202664,564094523.1871268
2020-08-15,2.1089372348668727,2.1351879954325783,1.9966262530285972,2.0021827289457277,614931910.0566418
2020-08-16,1.9942754702865255,2.002361794567254,1.9497715915319898,1.9606375390194453,930584823.6437593
2020-08-17,1.9681100045899629,2.5105367292014744,1.877943918761962,2.204079699328857,380139651.28655326
2020-08-18,2.206209434215108,2.2673355816792733,2.205608182886823,2.2630522123656025,523756250.8773438
2020-08-19,2.2613526508300374,2.332838933641798,2.2481401617906203,2.3111919192957373,479171822.8101766
2020-08-20,2.3263395649765637,2.626332258400701,2.255807658365253,2.4335080857899594,232109646.23380268
2020-08-21,2.435613327158616,2.4499284383696955,2.1614055742953604,2.2567782208800984,707106163.5317084
2020-08-22,2.261763449689928,2.393275400643823,2.227115650007459,2.3871665792294414,423519768.14399904
2020-08-23,2.3816096328952203,2.386109154192135,2.3052990861350744,2.315753380769621,844925614.1312454
2020-08-24,2.3074814466058484,2.3418492417455252,1.9549427946151923,2.015134139482273,259356918.06133947
2020-08-25,2.0069988380529296,2.3796103373762314,1.897182629229458,2.2514147805234708,804662350.9527771
2020-08-26,2.257388600413615,2.3560279780372344,2.2237411358798007,2.2976267568774755,437385027.5615324
2020-08-27,2.2885662660012605,2.3492548330376697,2.1451940336920496,2.175216623482734,402864146.1271879
2020-08-28,2.185692705704134,2.1943354604987984,2.1795206145243418,2.181502852828343,318582937.14145815
2020-08-29,2.1816477525313087,2.3212434914240156,1.432776141033728,1.4891003881112124,987980740.7467428
2020-08-30,1.4879705645040033,1.4963708428265021,1.4112972256368836,1.4198637534604093,1171214660.9908032
2020-08-31,1.42603432487287,1.4266073892599984,1.3863916341965823,1.3906256239358419,787449860.0799344
2020-09-01,1.3904862647800575,1.4424715827261245,1.375920693751973,1.4249613320140884,395938782.4723929
2020-09-02,1.4199293741797898,1.503889792496916,1.3090249287228577,1.3174055960274538,286375673.2151374
2020-09-03,1.3231654296641777,1.3917197011908424,1.3209878409865359,1.3894022717443864,731465951.318682
2020-09-04,1.3906827852394121,1.4047388519685124,1.3798155133867727,1.3991665483327582,1207474875.5644903
2020-09-05,1.3988481667099244,1.5255565468666268,1.3943021976141419,1.4883248797736424,709658255.5347984
2020-09-06,1.4872250978546804,1.5075340867190568,1.482256939783629,1.5041134234559583,514620262.0328353
2020-09-07,1.5042873180696643,1.5073767730317817,1.3814876885395295,1.4117757602279604,367924328.2624065
2020-09-08,1.4186962394136575,1.4490927122439086,1.2815711642712824,1.3058792135354111,541163982.1879178
2020-09-09,1.3088033348374142,1.31067584981993,1.3033756336218727,1.304540765527542,613343389.0237448
2020-09-10,1.3037896387857897,1.3498649283012332,1.302805477371923,1.3378974783519608,293143845.067128
2020-09-11,1.3403357557394528,1.3695615911305097,1.3334211803873828,1.3666900805029187,470086269.06548166
2020-09-12,1.3628986847761528,1.4285591461889864,1.345372825894836,1.4125567768051812,764213103.2020955
2020-09-13,1.4106119074766093,1.4469399303605082,1.3964059094704047,1.4346091046846412,398556308.05818486
2020-09-14,1.4319709274565016,1.5720572650965683,1.4115578022266937,1.5568159178042607,1493959554.4844508
2020-09-15,1.5563855869083467,1.8397765386207097,1.5222506738612844,1.7154136099148052,641765085.2488637
2020-09-16,1.7074082410083768,1.7104521591619353,1.609124822206882,1.651405337885665,537336139.9616175
2020-09-17,1.6561905169280353,1.6562663680435599,1.6024979614783466,1.6053982072678725,1099435737.6498568
2020-09-18,1.599128458926089,1.6836642156974793,1.451502379559628,1.4906261171335704,446569753.24383956
2020-09-19,1.489987243003287,1.5012696347126597,1.4829977096028437,1.4934705762394103,982572692.8448595
2020-09-20,1.4957456255378194,1.4966510586541464,1.4884546468044373,1.4905668585573462,536255832.60772014
2020-09-21,1.5033405708151075,1.506157029326069,1.4453850452760073,1.4589049197378428,824191706.0635873
2020-09-22,1.456287178271349,1.4577717737191107,1.4412216589796059,1.44551357823396,605779524.297306
2020-09-23,1.4459355169577541,1.458826203115781,1.3140855019823625,1.3207429697404431,810764941.3511133
2020-09-24,1.323292875226101,1.4033652749537806,1.3109127232418218,1.3899998780424274,948298592.4542
2020-09-25,1.394990975977749,1.4395328225793336,1.3901167546318582,1.4372445444070265,340448309.754224
2020-09-26,1.435671587456036,1.4535285844070862,1.430237418280839,1.435476011020658,312229466.93253815
2020-09-27,1.4325822659803207,1.4383494776889958,1.3706272114734888,1.3858386151018613,1163078549.287173
2020-09-28,1.3889645980296252,1.6400138592789455,1.3782806432847832,1.4913545950524614,712260373.7685785
2020-09-29,1.4948450406846554,1.5292823080058735,1.479992888518423,1.5184063184627603,466135072.7722757
2020-09-30,1.50991078528801,1.5107317085493963,1.4664348928338278,1.4757686028004933,495924866.61058336
2020-10-01,1.47364155462283,1.5890494329044047,1.4000628888974969,1.5549331386210858,666800730.6633589
2020-10-02,1.5529434007096525,1.7611963380700413,1.4929871341639323,1.7076077876867823,447755496.21834177
2020-10-03,1.7106970000328654,1.760894277666874,1.696272396280668,1.7411667482159425,503311361.6778177
2020-10-04,1.7466915951653499,1.7529490286125216,1.6353220506647423,1.646462173705071,697436455.1852021
2020-10-05,1.6568544857440712,1.656938081888109,1.6482056646858108,1.6521404692370134,522088364.9023825
2020-10-06,1.6577283159625893,1.8128539256903273,1.6498258612296326,1.804670634231991,2259131486.192343
2020-10-07,1.8016768297090622,1.8195550143757047,1.7349615451799685,1.7616955915812238,190649885.40604347
2020-10-08,1.7529355095491743,1.770270015364466,1.7514869582891677,1.7672923591405727,367592094.4297036
2020-10-09,1.762593441900451,1.7900920160312999,1.6572311461150004,1.6958201401478772,1144021254.5776823
2020-10-10,1.7002051532451152,1.7642339578579909,1.6711488401213248,1.7622302462002304,386071167.7889791
2020-10-11,1.7578801111572968,1.7617354803331071,1.7195032331404674,1.739684513570673,1006783827.8897963
2020-10-12,1.7397492343313814,1.750421081702331,1.7396141057577068,1.7478238882612276,204521962.1845596
2020-10-13,1.746650564135555,1.7969201914997748,1.7276504847286873,1.7858566954535906,360417375.5157611
2020-10-14,1.7958507764856744,2.0347461958551647,1.77038443942615,1.9656437381717755,504800694.781704
2020-10-15,1.9640836943313598,1.9677420964349286,1.9418527933577368,1.9454907607997496,782516344.4342552
2020-10-16,1.9453913893360906,1.9549087065415869,1.934479789336948,1.9352278332662312,647868754.3656498
2020-10-17,1.9457773339871605,1.9956450732859103,1.9422898117378604,1.9504261885606056,798374233.2177956
2020-10-18,1.94984457846547,1.9674597996460392,1.8716612270377535,1.9022631745142895,667671854.1353618
2020-10-19,1.9006536061917374,2.0807000165940575,1.8797848780718913,2.0483506903932844,444638941.666475
2020-10-20,2.0501570387329116,2.0533540876002347,1.9700706728672452,1.9810716122853969,1018798098.5132128
2020-10-21,1.9829869402198093,1.9874884769679346,1.692359809448271,1.8981457344101478,188156978.9042927
2020-10-22,1.9011692574736112,1.9046634097937831,1.8924790468488522,1.8929123011269258,774909077.8367815
2020-10-23,1.8814746686487478,1.8884142517499554,1.8255196555925937,1.8305924111350305,540326275.3502275
2020-10-24,1.8288725025657266,1.86683571988062,1.820923415423764,1.8646771303287992,644033811.4359002
2020-10-25,1.8701990781130573,2.050928767572359,1.849868885374915,2.0208336385097505,625445740.7764032
2020-10-26,2.020678158995466,2.050121948062211,1.974914410034184,1.9838526171760023,488454547.84198344
2020-10-27,1.9812940844742482,2.0279037881914714,1.9751167872145274,2.022244759438688,615641924.1121426
2020-10-28,2.017284182508833,2.0184303155414516,1.6695837491655872,1.907437409128276,347343312.3453064
2020-10-29,1.9163500959761566,1.9725570660631437,1.9120988695281282,1.9659634054223156,603098824.3621081
2020-10-30,1.961902139666361,2.132278334025518,1.9302279898565222,2.074230140446286,232559390.78349677
2020-10-31,2.0716204591754046,2.071683068370786,1.8330541199137147,1.9259410927249512,1188237749.6269753
2020-11-01,1.9245037231712716,1.9582331014164551,1.8534457604112273,1.854679200357763,1041162217.3518063
2020-11-02,1.853030902775787,1.8559972638780395,1.828136970643003,1.8339388760691915,221973437.747347
2020-11-03,1.8306580266636436,1.8893122513182108,1.6857277292020714,1.7195012521263806,699387779.1588832
2020-11-04,1.7166293686197414,1.8986480626795408,1.6942400251439207,1.8234968882205376,1057607985.5797732
2020-11-05,1.8198486621584014,1.8293404733213015,1.5988924735704348,1.6553109017135108,915408467.4923834
2020-11-06,1.65474875898721,1.7137707873368555,1.6502739358232885,1.7002415082664393,399524798.80543154
2020-11-07,1.701167056252358,1.7054012885175112,1.7009754161881983,1.7033750658739295,452369378.4372956
2020-11-08,1.6991907938126947,1.7543395971173366,1.6990940645282562,1.7339982426257596,339704171.99402505
2020-11-09,1.7340637652157045,1.9325682164072986,1.7267942849163496,1.8880587015270907,345035499.8027573
2020-11-10,1.8792352814634496,2.0919089521557135,1.8323474709069343,2.0646386518386532,762234752.2391435
2020-11-11,2.0598298343790313,2.2449441060989037,2.0587992505758606,2.1835134915735845,493365875.8325986
2020-11-12,2.188385441453847,2.1942478652538955,2.00271625659658,2.0600739651927826,422196612.41726875
2020-11-13,2.0604183919529984,2.061653342127902,2.052555347375782,2.055214455738136,289779444.1307118
2020-11-14,2.0645269021667803,2.2489828049958565,2.0549254933573535,2.241610357048887,706001738.0518732
2020-11-15,2.233881481668408,2.7872716153658343,2.1646208987064437,2.69445078384611,1126485038.1182847
2020-11-16,2.69148447991306,2.7774438788756193,2.683228177296023,2.75771741661309,1182595320.2475529
2020-11-17,2.7667485179435256,2.9186623589733056,2.740882555472545,2.9126880975415923,785163541.6013049
2020-11-18,2.9106038607816576,2.9591318501876778,2.62583070899546,2.6918782213666095,272082737.11479056
2020-11-19,2.6843438053777824,3.1899715341908146,2.656484006878034,2.914438303853302,453676392.66710025
2020-11-20,2.918700598540977,2.9196447721855234,2.8485978033019217,2.8782908745253875,426744730.4055776
2020-11-21,2.8728496529782315,2.9701274216267306,2.852757309334772,2.9307577647250826,1012031548.1369648
2020-11-22,2.9402637181392124,2.940584905318295,2.8810542602800013,2.8825350645760985,401219036.8221788
2020-11-23,2.874904621740796,2.966550592045227,2.3590981548649785,2.5419058666446173,407294197.0048835
2020-11-24,2.5350203282025885,2.5968865325641746,2.442722846768611,2.595778177983858,329130699.54473
2020-11-25,2.6095857877571467,2.7831664401826433,2.562223730873262,2.7503600033159823,1410169931.858463
2020-11-26,2.7527688828506385,2.796380856224274,2.7334823948877034,2.7897556651018593,388291182.52981746
2020-11-27,2.783137075733377,2.800922064078403,2.611307887406533,2.6675148579237344,1216291716.5132082
2020-11-28,2.6737443826947787,3.0539277210132134,2.664396189873594,3.0174426034678974,764416581.1057434
2020-11-29,3.018940288211536,3.0493696727671735,3.0105705415902677,3.039152006092389,453025388.86738825
2020-11-30,3.0470905268142228,3.0495877139031693,3.035739050351046,3.0358185524350176,436168869.19783366
2020-12-01,3.036257236110449,3.043522606814155,3.0306338910484687,3.0414899226097147,361581347.30091727
2020-12-02,3.0468599975486605,3.335959873298912,3.036137016137442,3.274168562226773,405297905.6527353
2020-12-03,3.249618972502091,3.689444568577297,3.243602158646201,3.5943571343949396,576030812.0294863
2020-12-04,3.5993576075086584,3.60659922626481,3.223644319694547,3.3068978221249257,1571071612.5921462
2020-12-05,3.308066432127667,3.328076298511165,3.0490561218874648,3.064732680050054,545931035.3302495
2020-12-06,3.0675069035851683,3.0922225319054624,2.788345881868814,2.8750956743722687,653912356.173013
2020-12-07,2.871044960720983,2.892262708046061,2.8659977107772363,2.8864899123802554,588120856.1712061
2020-12-08,2.8970322490976885,2.90292682165312,2.7348142622058833,2.7790515234613613,226714515.21814385
2020-12-09,2.784809620658408,3.010492848187016,2.7724442148890325,2.968146118853036,834559568.215188
2020-12-10,2.9636985881096596,3.183383825039123,2.908388186235124,3.1276333452682095,570788971.8297008
2020-12-11,3.1195702278448394,3.1214971904563096,2.8165289100746795,2.9191534088963405,179093000.4648319
2020-12-12,2.9118635009211657,3.198773889141087,2.8937579269587017,3.164938589404692,1209879737.8148484
2020-12-13,3.152611369119626,3.1967331039183837,3.151789298350976,3.1799618723912997,1452412469.9089172
2020-12-14,3.1661328955548442,3.5402445071604927,2.814746045817217,3.5077448289915805,455975316.86554056
2020-12-15,3.499676912139382,3.507554168883372,3.495878655104066,3.496049373536625,255605898.069754
2020-12-16,3.4844428963078102,3.830751044159186,3.396439665620231,3.706458399375479,406102365.50036377
2020-12-17,3.697426303451587,3.875979335928579,3.693200778769526,3.8108556979682775,1192518437.7016096
2020-12-18,3.8184061993175593,3.8348540872000814,3.48652720129959,3.6276900883075847,1010885821.8870957
2020-12-19,3.629100117181303,4.14227319721759,3.6025140897764976,3.9485573560081164,1275616682.5664546
2020-12-20,3.9567915230307493,3.965059047557316,3.890424844611908,3.899177590175681,288722072.6656355
2020-12-21,3.9167310944242693,3.9696105209429167,3.8646847987199964,3.9669464062221063,353225918.2059397
2020-12-22,3.946739982016584,4.2102184304584105,3.9395232950146104,4.098874027795598,959649446.0301007
2020-12-23,4.092687674377941,4.195103113659371,4.0852927905715815,4.137454451565383,1551588071.513316
2020-12-24,4.131283327847314,4.17343298689371,3.847491591923053,3.857972716376181,774798754.2566023
2020-12-25,3.8496922745973947,3.871597984886235,3.508000948049531,3.631312215861561,419893104.71253103
2020-12-26,3.6385891144894766,3.810507838025306,3.6235662326571685,3.7543228675111764,876960745.5969632
2021-01-01,3.7543458792546778,3.794924178390926,3.7540095960024655,3.7930538796692734,821241980.4352123
2021-01-02,3.8140973019474336,4.103794710532098,3.752089876881824,4.066826380815487,325082011.231689
2021-01-03,4.055719086672454,4.080543700648807,3.742247510276486,3.7436154073710433,378414832.1877378
2021-01-04,3.741940921553138,4.9599655376812715,3.527310152070369,4.813383335307179,1238606197.6063018
2021-01-05,4.798153262873466,5.233967729091806,4.74388372520541,5.204372613461504,632354332.1784694
2021-01-06,5.20990569575133,5.257899678298604,4.824645646708061,4.86519454633376,822797857.2497509
2021-01-07,4.8303315811565755,4.899082569830684,4.651198308181523,4.671158654113403,609225549.007527
2021-01-08,4.675166059265891,4.677913605515535,4.648974264696329,4.651257853582716,657657198.3503618
2021-01-09,4.671871234531881,5.1910778983956085,4.445425432523616,5.157703932333633,780578340.4200474
2021-01-10,5.164055281269123,5.925471299185004,5.14689395438796,5.6556569252193905,687303637.8205309
2021-01-11,5.629345513133997,5.7818820756423035,5.626707732789559,5.751953819769977,520999624.7227924
2021-01-12,5.747750701480465,5.767767746663325,5.583158634024635,5.658274511288815,354414357.97318214
2021-01-13,5.66758258478702,6.1236859443909895,5.642075364486351,6.023574077688372,871820477.7186673
2021-01-14,6.027835677758672,6.054146293210583,5.692527062353955,5.738312949975216,413252787.751845
2021-01-15,5.74032406779597,6.605587705791146,5.695257109845543,6.602190545907172,589566558.6508541
2021-01-16,6.641687389452523,7.056361193449941,6.457436443140545,6.953421386712893,630643330.6624542
2021-01-17,6.951645767531458,7.249829049270112,6.75161892852463,7.15162721718882,1368595166.8794954
2021-01-18,7.138084838607891,7.1433459886049695,6.973183547354665,7.047003733793503,198735319.50642994
2021-01-19,7.022391439761156,7.58465473983953,7.016919563730515,7.579938141852725,1461189965.8568761
2021-01-20,7.558259217492756,7.648903539010431,7.305781021866605,7.315289504281995,883123283.8041195
2021-01-21,7.304737468001088,7.431615003186123,6.8569217094733,6.857331084611774,1866594952.416376
2021-01-22,6.86706038311599,7.801937194653891,6.844554131170248,7.534057184127004,1557502239.1126113
2021-01-23,7.552198645443009,9.502091383668569,7.538872089806135,8.298666723466653,1023812076.4221139
2021-01-24,8.309702088882307,8.309744137684062,8.242976212355755,8.245505441048946,634826256.1775366
2021-01-25,8.23238028730317,8.274929372462683,7.546681559040853,7.799348754257887,432794937.82061744
2021-01-26,7.774251077071115,7.955441900585091,7.752035318711928,7.944484135510842,817125218.2019879
2021-01-27,7.978378915361752,9.115258950088878,7.766380183749011,8.779067342681806,528217085.6885907
2021-01-28,8.834156119990544,9.043201152062602,7.850383327956381,8.209615863007938,747657254.7381997
2021-01-29,8.217436402606726,8.655648925568952,8.180807769622966,8.518673379142808,639947630.5699176
2021-01-30,8.512588672539014,8.531963306855081,8.506741963120865,8.526319735831454,747917156.9081249
2021-01-31,8.518754084969371,9.024342225440124,8.49517019250409,8.779259985589036,400810189.0476575
2021-02-01,8.794895554978883,8.812581945682957,8.24891879978176,8.401331143827,667236864.78738
2021-02-02,8.439234108595711,8.880348854664586,8.43859381475378,8.677907512776843,1518428496.2036965
2021-02-03,8.643965764408291,8.717531144534012,8.640538827812202,8.715427129199968,743165591.0660033
2021-02-04,8.752004789780814,8.883584841314919,8.291361260089724,8.337397576530877,1689504372.3728893
2021-02-05,8.357651915087743,8.514411000908375,8.35732978130604,8.449051065193753,412001999.99855936
2021-02-06,8.4406147541132,8.645573555718778,8.392875437201601,8.639948953155345,736390042.3419302
2021-02-07,8.63936723740063,8.679871240356192,8.312499614284182,8.39559956230049,412983983.8606082
2021-02-08,8.401570170860461,8.441095169917473,8.069021177086215,8.173784075573877,511565010.46075636
2021-02-09,8.196245718893488,8.415196866568378,7.53987242922127,7.687016952170952,602321832.5145199
2021-02-10,7.682433368223432,8.966039206426613,7.591651633583203,8.463834153378874,1388839062.7930632
2021-02-11,8.467688626780177,8.469744159121321,8.449271752344831,8.455307327097131,957783054.7850236
2021-02-12,8.451216777125847,8.744980098508636,7.431034642751325,7.534149849024313,355377654.04190856
2021-02-13,7.5470564182308175,8.227283745420433,7.521939319633656,8.181647497196145,510860191.88166696
2021-02-14,8.143641995349924,8.291714995497726,7.626135393328337,7.66650464391962,390104779.73817825
2021-02-15,7.654583736413567,7.799483226220347,6.724887464940881,6.726965875852215,589187130.0111364
2021-02-16,6.726937864021516,6.95617276904856,6.690445825651342,6.949107217074996,457049943.17028743
2021-02-17,6.976805580850564,7.172721181639714,6.130537657020532,6.189165592726776,2031686555.7177496
2021-02-18,6.200540787355073,6.463494796769169,6.167571833679468,6.310577155081941,800985333.5706084
2021-02-19,6.326510530564175,6.341392582480652,6.174686888660459,6.258909948805696,706083366.3077718
2021-02-20,6.294835357683375,6.33219719279945,6.018553385939247,6.022615688270392,399772912.0438344
2021-02-21,6.017985512341617,6.026778395908461,5.715489877392391,5.922178460857756,342316977.7538661
2021-02-22,5.942654851063458,6.0475023669578665,5.9325392843426545,6.027427182901689,789180964.7869141
2021-02-23,6.050871881443086,6.112659839243976,5.9938716238747904,6.068946115264728,399905948.10609275
2021-02-24,6.0566430189970255,6.624182577359396,6.033563659748451,6.507623225933743,537948518.2582587
2021-02-25,6.488782433931553,7.456277418401908,6.376139787905113,7.341475200790061,1147648228.2295632
2021-02-26,7.330594380703656,7.333839109051101,7.213939213152899,7.233929815124911,921754472.926341
2021-02-27,7.208687178055588,9.510824679451622,7.108000465519908,8.436325177149634,547872653.8951514
2021-02-28,8.41910490920037,8.419822053243033,8.247882128339395,8.313214685302286,583592960.8462741
2021-03-01,8.300736743320147,8.687091230453863,7.553773647626746,7.718635574556119,268768497.75676024
2021-03-02,7.714272806647819,7.829674428438021,7.6500682624308824,7.780025170338538,260685328.43274477
2021-03-03,7.760694216433101,8.548306441431219,7.575469911492823,8.529853440150282,229613921.8348276
2021-03-04,8.54977083959945,8.804678054897941,7.701184252655203,7.902156059285953,473672449.84686035
2021-03-05,7.881230632336306,10.386408337662928,7.8641583738498495,9.27084968652922,911970231.4094471
2021-03-06,9.253792615291248,9.290918522650857,8.748046317322231,8.78760783681856,365078691.2855592
2021-03-07,8.800545432895671,9.211353739682064,8.755449867064403,9.134056098640462,689238097.2969106
2021-03-08,9.190695651733455,9.754745523877153,9.165491294612254,9.672324718955748,626641131.6251944
2021-03-09,9.637786640782483,9.652965143692708,9.345532753117503,9.366158218434935,410836667.5968883
2021-03-10,9.399813655502475,9.663004490734837,8.9566629212958,9.655335720330914,230704304.6485539
2021-03-11,9.659439924161497,9.964491624007607,9.594386631273796,9.862299692254565,1326640376.1627626
2021-03-12,9.87203241299557,9.882142063236824,8.930858020563885,9.111213813489893,480577009.1315107
2021-03-13,9.137066511623868,9.166403325421006,8.946755262436271,8.972831355165233,1021419785.695319
2021-03-14,8.995840529573996,9.272832951277366,8.940821747215765,9.252167752957737,316892136.8202345
2021-03-15,9.28906795016131,9.424479648233067,7.9207765206479355,7.933980541226898,1123835729.5809627
2021-03-16,7.981260732271942,8.003488685194597,7.773418181531798,7.797384644262264,342520337.69439083
2021-03-17,7.764134590548177,8.17481187333345,7.750902988208313,8.1660792215076,536368641.09743303
2021-03-18,8.168762082812716,8.93208034219675,8.165420420349703,8.696751729740669,512368603.62188935
2021-03-19,8.70079403595562,9.012038672435786,8.683267098650145,8.885460581179284,379634550.6265345
2021-03-20,8.92644977386075,9.481507897618359,8.298483450099683,8.323105830102993,593210445.9741125
2021-03-21,8.343724941066135,8.466791712447618,7.038586503552167,7.12119933301635,528821601.60550255
2021-03-22,7.120063936000823,7.206230784341479,7.03544877167039,7.067716481724352,403797741.9228621
2021-03-23,7.087298747178228,7.096324944909223,6.291410456759761,6.469872238998032,438854128.059807
2021-03-24,6.46097653476531,6.510346888188945,6.38537709528713,6.399258314569631,426524204.6349441
2021-03-25,6.398325487650934,6.823989930669699,6.359349225796887,6.735158076805793,282637259.1237685
2021-03-26,6.7586605114327805,7.280027961482552,6.659152189280792,7.227364597404496,927362957.3339394
2021-03-27,7.242383942551354,7.244726745879489,7.133337935811289,7.209871236207651,1244775555.1796215
2021-03-28,7.215763721895136,7.815236780195506,7.110234567247204,7.697469420199112,492646640.4771825
2021-03-29,7.66053867909836,7.707082110487665,7.655264137889508,7.700371863977109,624080206.9839597
2021-03-30,7.7001208630896905,7.703347421235447,7.488553232205205,7.494269515052797,431028530.6479332
2021-03-31,7.502973796291893,7.518874740402308,7.027234888567026,7.219766320454223,487370150.40024894
2021-04-01,7.199018726328077,7.252933647731345,6.236609971187255,6.297451813740607,545050106.1515353
2021-04-02,6.290713172019507,6.3120973737435095,5.91293638086267,6.0299808880831804,1362775165.2386029
2021-04-03,6.01663902684015,6.4552394669954065,5.8779858113356696,6.44008788958516,724926937.3478769
2021-04-04,6.428794637451195,6.579198786314818,5.523301122096735,5.735021380320965,1097586213.4266727
2021-04-05,5.700997740490724,5.781594212837452,5.663417124820451,5.727984123041842,835529241.0283611
2021-04-06,5.738340303625472,5.776201162652271,5.319895514905382,5.338418344301542,1339605544.7759402
2021-04-07,5.324670547630733,5.373551564351324,5.294029515775994,5.366885940580001,917581955.5042711
2021-04-08,5.368680379570956,5.524481448281886,4.916721051017975,5.007241588564876,724012916.2883734
2021-04-09,5.007393066496063,5.464406818882271,4.935153552294841,5.454973813312426,444925866.559322
2021-04-10,5.439417897463272,5.608513316768868,5.411907171738481,5.537273839514832,1051137052.3573594
2021-04-11,5.548440103484947,5.693928758503721,5.513425789186598,5.681626300147715,545381898.1653779
2021-04-12,5.702106844448486,5.86111062354197,5.628934760231416,5.831942142633498,425291958.9793384
2021-04-13,5.853629044773357,5.913453273781394,5.573764134627818,5.677550723882068,659991095.3019463
2021-04-14,5.6790653358571115,5.796810440049067,5.66194125644271,5.777612207529842,795120643.4616164
2021-04-15,5.77750249719869,5.7939467589369835,5.461247169392132,5.61951085390899,324914234.7395013
2021-04-16,5.598615303908732,5.621446256831836,4.831923959760922,4.838637398246611,561488356.6493628
2021-04-17,4.842236247770921,4.965612264478397,4.814739764932747,4.949189891301849,523145787.700366
2021-04-18,4.945027235606652,4.97103381595373,4.859124113186852,4.9240586242226225,401688087.5828173
2021-04-19,4.913200051893518,5.039704994438782,4.911763654240905,5.015529456039546,232111945.70910934
2021-04-20,5.01188916853705,5.022708282961453,4.893205006800577,4.913284458483996,1363010669.7333968
2021-04-21,4.918014899838075,5.346952048904776,4.863485041089528,5.137856218081368,268551314.01635456
2021-04-22,5.144182653921401,6.2534338286099755,5.058619224466831,5.666953755359095,1076050553.1295652
2021-04-23,5.65574601233178,6.265545598630636,5.137659919459851,5.166927077659203,419516994.2173137
2021-04-24,5.1815346120760815,5.35261444373335,5.131140678535921,5.306474862431293,516309962.6965969
2021-04-25,5.33391963165322,5.368558956303566,5.099107798665692,5.181997933480696,503883283.1683121
2021-04-26,5.1889489088898575,5.335246929792045,5.161785035476812,5.321276680957832,585608657.9681894
2021-04-27,5.333059968284549,5.348302427697668,5.210672974951432,5.219955699861138,362122465.5883163
2021-04-28,5.200697771661144,5.82731527883903,5.088313321741205,5.746416663872723,465392367.9624785
2021-04-29,5.740966724901176,6.410947626374355,5.715391070399785,6.290972322913795,263967926.47475117
2021-04-30,6.300192896252945,6.575264438408879,5.652985206344849,5.819143024127563,668460078.4493262
2021-05-01,5.818562972179809,6.235072094664146,5.770833461340937,6.161288514297503,607239151.5838794
2021-05-02,6.165272555877565,6.273808937185594,5.662177842075138,5.731533703808883,587343684.8912145
2021-05-03,5.730480099958493,5.994549521379517,5.650670358638033,5.9944555239356925,876078630.7900534
2021-05-04,5.985889604067686,6.024515493768951,5.864191645204958,5.868764238052491,726909311.9077431
2021-05-05,5.84417641807159,5.931031343252227,5.716077525582374,5.7289912045099465,346295614.5440715
2021-05-06,5.74773884334238,5.7631684277136,5.713226874186172,5.7168063187448706,284156125.54902583
2021-05-07,5.720910268358828,6.4707608020037775,5.588293412222143,6.308030045596676,634719961.8712257
2021-05-08,6.313152207534846,6.794092649700613,6.217445429117834,6.717730668233198,335198615.2575757
2021-05-09,6.712395343587016,8.059163008072,6.622397504119751,7.265418779228058,621673312.4143934
2021-05-10,7.281162235525664,7.511856263495914,6.512049390364843,6.54763046129677,286211840.7130243
2021-05-11,6.533275030539311,6.818535048907472,6.325180299890064,6.344081818439264,301964485.17540914
2021-05-12,6.343197806111745,7.930484991122885,6.192648991845728,7.599095524337025,572807786.3736616
2021-05-13,7.593608509433123,7.885933762888261,7.4657382713957725,7.819168414477311,553232668.2127546
2021-05-14,7.822137375367672,9.933874200703386,7.582848773247805,9.861066836740752,310194108.0904947
2021-05-15,9.840041193541598,11.774883688287607,9.642712154698783,10.96657530412815,685556741.4857327
2021-05-16,10.946178117671273,11.038009423398474,9.44808353617661,9.621930420942613,678021828.8043593
2021-05-17,9.556600301492635,10.593376708127222,8.511450920603986,8.565987534545377,1016495436.7889178
2021-05-18,8.581183578715676,8.744370424345902,8.51664784118103,8.72674846193131,447461628.2739251
2021-05-19,8.766500188899613,8.975788113484532,8.74406115947866,8.91362271826184,296742514.16843474
2021-05-20,8.923757282273627,8.959750781272273,8.456063835341684,8.6675249934,577767937.7033516
2021-05-21,8.684113898122456,8.815802010456784,8.065638399586376,8.145131813097553,957140401.4864677
2021-05-22,8.147560086892609,8.739817750325038,7.873815959145166,8.657778230671973,825797354.7819786
2021-05-23,8.645582090362112,9.02043086075517,8.53604051870281,8.945613869949373,1418999011.872869
2021-05-24,8.93267711073192,11.542570647102146,8.184164800006322,10.367317594528823,1402098701.9908276
2021-05-25,10.395685248324089,10.404248414303586,9.458216455146374,9.496107151161532,476168503.3382769
2021-05-26,9.496607402583056,9.931467764963301,7.707796438463809,8.24815738729929,577920631.9181143
2021-05-27,8.217007867846368,9.727554229320258,7.870616880354414,9.591096247186554,882107997.5173901
2021-05-28,9.60818077856705,10.083323387762526,9.60273838170073,10.026443853309528,512861064.8836192
2021-05-29,10.02076774529313,10.049582387978372,9.765383050082162,9.797311924344635,453774433.06179184
2021-05-30,9.798527223628003,9.892888064215269,8.590023651047437,8.937694855509354,271913300.3835664
2021-05-31,8.946000176683235,9.036463265137385,8.915722172013947,9.013409713506443,399422005.9325166
2021-06-01,9.043165995666408,9.081296451970411,8.845772621123796,8.905534520295548,783197686.896839
2021-06-02,8.881171681241185,8.983302778510597,8.63998583310999,8.666748255722583,616055969.8082883
2021-06-03,8.688651098969915,9.94804765835651,8.601268024091034,9.77365079427197,1057859095.7927264
2021-06-04,9.7747513207698,10.68836773402007,9.535308715365025,10.567055345902515,243252724.215937
2021-06-05,10.608904953085373,11.18826351133002,7.742431366469009,7.903858579827725,504276070.0879868
2021-06-06,7.892169569526904,8.072506040703564,7.89064525730016,8.035589047804505,795316259.2269611
2021-06-07,8.04322839986989,8.573799589923372,7.96701998590588,8.277387980061611,743961456.6178585
2021-06-08,8.272934128482518,8.644488325797743,8.196310028542708,8.593935450927528,498147628.63160026
2021-06-09,8.620658818669906,8.623994188671075,7.9274725061996785,8.112768266835042,640184281.4671606
2021-06-10,8.113393466765462,8.939326317196244,6.834975741361776,7.083431872257586,744062492.800788
2021-06-11,7.072943854650349,7.205083656212953,6.519959638285979,6.744680540412696,978474086.1155541
2021-06-12,6.756825737409918,6.841574358121641,6.488196979326446,6.596615477355226,943543966.843305
2021-06-13,6.601376952239615,6.653077784561819,6.593433249167682,6.649116352142075,505989195.05905306
2021-06-14,6.6547997270159325,7.459803485831035,6.565357435900404,7.297617281384619,596710765.1620828
2021-06-15,7.3057613317633106,7.367598561837214,6.54699687341805,6.5999062092930405,761119237.0579308
2021-06-16,6.6001587688584795,6.605029696939142,6.398960624791944,6.512976403267057,1179162575.7845201
2021-06-17,6.520006586699188,6.52550946251144,6.497296379331147,6.519286008757716,1064182182.5614712
2021-06-18,6.481228730733537,6.595916761053037,6.47694334117677,6.572694862126468,678853269.0074621
2021-06-19,6.5728315123204535,6.6957448565167335,6.558231511978647,6.692610505090097,1600267871.0137408
2021-06-20,6.7102460307791745,6.862990833023387,6.706645413941103,6.793798283905131,340369907.5156919
2021-06-21,6.8351226409555235,7.87056948183003,6.442715480157487,7.843268388160284,1261870795.176221
2021-06-22,7.788187901164615,7.947105875524864,7.324142480322708,7.59185196677803,579980802.3330094
2021-06-23,7.57640422545282,7.651221232405098,7.220638557696684,7.236812318876105,515507613.0327325
2021-06-24,7.255338683097666,7.354984001266713,7.027976350422452,7.050093759579865,199621791.15764531
2021-06-25,7.056257635949713,7.471319877461106,7.011621738219405,7.373144283243301,793439821.0106848
2021-06-26,7.3423229307010285,7.440989904155176,5.418641173235784,5.933451959569378,948920417.0230094
2021-06-27,5.958046128594881,6.502977996343241,4.005819864955615,4.663200203559299,1224714048.2546856
2021-06-28,4.664065236535676,4.766508754599984,3.8895186672407274,3.9335842613750187,705729774.179253
2021-06-29,3.9208595674890647,3.9523265959271443,3.9176666654211303,3.9364069432126683,403894934.89843833
2021-06-30,3.940391595881736,3.9621521052407944,3.771616119063461,3.824077167895138,1651785539.5787604
2021-07-01,3.825585929655462,4.217725792306638,3.8150063056552934,4.204249094557244,444097892.0459765
2021-07-02,4.200933709538319,4.210142404475647,4.024266811742769,4.047279047300005,654973868.5312216
2021-07-03,4.054759087996417,4.334344438122298,3.997882489409529,4.238176233279584,519222750.56637615
2021-07-04,4.224343567940117,4.8450877841488,3.7762701162715153,4.635168894041848,594488808.1581739
2021-07-05,4.627141286374536,4.6284875145708675,4.349816787279378,4.384096748392884,833675667.9413663
2021-07-06,4.3651307296657285,4.6617190669915,4.280115294264313,4.6267844518862455,479944166.2382239
2021-07-07,4.626166447502119,5.703777413294569,4.25466807566491,5.404247889839576,335032391.5518245
2021-07-08,5.401410534957433,5.4144868204489525,4.273542358227658,4.361332312619063,442513925.82759476
2021-07-09,4.353111987954112,4.3753731574111905,4.3178593123713425,4.338047938261446,343164117.3478605
2021-07-10,4.3381009666576515,4.362312057898276,4.060856877062818,4.146777092452352,343238692.843537
2021-07-11,4.147871691581079,4.223981707077895,3.823979404341875,3.858438085461792,648442128.8919828
2021-07-12,3.8717950030494626,3.886195580449969,3.471151607717108,3.5433461162036095,534204339.48027027
2021-07-13,3.54016696329517,3.652314785543793,3.5333901777990384,3.638033176280763,380664312.9937364
2021-07-14,3.6258484785048304,3.811487466897081,3.32256064007078,3.386636628679326,364004766.28650117
2021-07-15,3.4083512137970433,4.066464154049252,3.3710442782804524,3.771029403904423,585595666.4043723
2021-07-16,3.7632371727826515,3.8579128182778892,3.497792126886742,3.595470745643113,307634252.6830027
2021-07-17,3.5901662260830807,4.11194511192455,3.4923039207743116,4.093096612458529,1373211922.8343432
2021-07-18,4.08315783818624,4.084789722563465,3.5429537119713967,3.6345344210627917,2133846736.5982406
2021-07-19,3.6454934280958775,3.814350494896166,3.6328578729777004,3.807068824319381,632554965.6397082
2021-07-20,3.8035966721973087,3.8060616911620624,3.7286230240252296,3.7295658471280757,513061890.12919384
2021-07-21,3.739240307053277,3.7604394563006345,3.737150397827356,3.7382057960720165,424532710.1502329
2021-07-22,3.7369096314118733,4.706005644890298,3.6991177751279767,4.499744851562823,801556079.034869
2021-07-23,4.477440338217749,4.853331944272231,4.1258147382807815,4.139105999142832,506054604.4473728
2021-07-24,4.1411819604038005,5.147831557390976,2.8779527638678046,3.236367529616049,1109173678.2671838
2021-07-25,3.235217181670179,3.4231487483548535,2.8872322897839346,2.9922639118541707,382374375.9207019
2021-07-26,2.9823552446925943,3.014350746593154,2.97995590130233,3.009434683971619,1073581372.7595283
2021-07-27,3.003447622824085,3.076646976729891,2.989113419287904,3.0436198032345176,902246327.3395871
2021-07-28,3.0525707270346536,3.099351339221974,2.485478688606397,2.669447120582835,525256908.90861416
2021-07-29,2.6654319999313856,3.3942556001451845,2.6226994591768995,3.1641901318365924,384722894.00962704
2021-08-01,3.1679656687176783,3.1688024329240005,3.1505599775786233,3.1562865409827543,326242162.5306692
2021-08-02,3.158551998892436,3.17604425793409,2.830675698605311,2.9899827797404503,496832287.7173213
2021-08-03,2.993032601036018,2.9947631508607553,2.9288694593374234,2.9539325116453212,695627084.756719
2021-08-04,2.9504582597643103,2.9912495124837686,2.833149437511995,2.914771155184132,476403436.5608902
2021-08-05,2.907560823399234,3.0462699669957414,2.9034492515050294,3.03969314350564,345790710.48013115
2021-08-06,3.02895570874355,3.744243443443337,3.0014730193306067,3.4962581468832226,532741601.9071161
2021-08-07,3.5048858464767134,3.5071927336658875,3.4778542992937163,3.4838347715769924,1079712891.4538367
2021-08-08,3.4766408752923685,3.5181917495480897,3.4722715403672284,3.501137477503856,318991933.2716602
2021-08-09,3.4875110475781264,5.231290798037678,3.4371312691091958,3.9773283651085647,1360147689.220214
2021-08-10,3.9886359999986505,4.002077507348071,3.98485636880654,3.9974401107988546,252262616.56115505
2021-08-11,3.998770750405884,4.313851701786761,3.990988860781328,4.248006176355307,697890130.303643
2021-08-12,4.243522446321888,4.389938382207163,4.175734009405215,4.373607855680941,624587412.3990934
2021-08-13,4.365561486637613,4.3727973381206,4.283243270020932,4.300696554477473,250190201.4968033
2021-08-14,4.296835524283023,4.30013997025459,4.286339088045781,4.286669457150972,385992034.9390005
2021-08-15,4.306519804529395,4.311913828802022,4.132396128506565,4.1408108978153475,618034670.9931332
2021-08-16,4.1385212295220235,5.035157285921836,4.048940965625139,4.928091303344742,194999452.75411245
2021-08-17,4.945513129923751,4.958071155233131,4.943772054338199,4.9530552738542815,1453554446.2119148
2021-08-18,4.951080655821418,5.020534831460594,4.675590296898016,4.682688760640266,512749360.98653847
2021-08-19,4.696139512968367,4.808772869402205,4.140819620791427,4.163998893189266,720924374.0538766
2021-08-20,4.162345845678532,4.162808027381287,4.138377826364658,4.140415282074291,534026972.3043222
2021-08-21,4.112318970874336,4.113324260839416,4.018950674211342,4.033456685242538,861934575.6511695
2021-08-22,4.038011933447705,4.054078262916987,3.656635601017192,3.6800504441821777,500711428.1707645
2021-08-23,3.6731125255189645,3.8681878944815353,3.595993744649299,3.863362070498085,872044550.5638952
2021-08-24,3.8699629390838237,3.9485565630589377,3.849105517215523,3.9415597531007855,506905704.1361172
2021-08-25,3.931613708352827,3.983194619981668,3.842879046846519,3.875823219601099,459038317.7445883
2021-08-26,3.8808991562538866,3.891218918406835,3.6252328723547165,3.6851539031130036,730677020.2621607
2021-08-27,3.662516196165429,3.9577013670762136,3.5621722497272184,3.8334714602504643,113022802.73781703
2021-08-28,3.8245716959523657,3.8826038609222784,3.633509928056759,3.686729761690363,750151367.8760209
2021-08-29,3.695315799403982,3.802871722343268,3.687722178449689,3.7751021849980324,349795045.8857896
2021-08-30,3.7761116420325456,4.463345860645604,3.7007942375440344,4.186371326096945,1459903204.81137
2021-08-31,4.192451098327445,4.23736992927125,3.71067868446932,3.9016560668980453,493541341.37011814
2021-09-01,3.9192111263296763,3.9745844585621946,3.546978623484899,3.680518690110251,624825485.7808564
2021-09-02,3.6715247635761967,3.703815538123582,3.026477219570748,3.4099586196119698,264516481.89359158
2021-09-03,3.4135180419003874,3.414724064739211,3.348704230848953,3.38239884117443,456936321.299195
2021-09-04,3.3835667552852247,3.4678585393978083,3.372852810004439,3.4658950343159267,357810175.3964855
2021-09-05,3.480067018976724,3.5319401912143977,3.475844002251828,3.499755464745416,357396541.94532317
2021-09-06,3.505852524612084,3.6876345208592434,3.4987774631621282,3.611353889366754,342887713.839864
2021-09-07,3.5982753050623604,4.114653114460035,3.491193562619653,4.02615550395807,586788261.9739298
2021-09-08,4.049970789817475,4.0751266455284085,3.981209110248904,4.01090255359703,535418010.41962343
2021-09-09,4.012085467824141,4.047406578622503,4.009771131459249,4.033837306276005,697730922.7895868
2021-09-10,4.024914832743223,4.06845960824142,3.986736570271468,4.0663462969362305,192603710.3102334
2021-09-11,4.062922589453983,4.122722169766617,3.5504089996870305,3.6825726339639493,1081647453.1285574
2021-09-12,3.6740872985816506,3.762192478912619,3.66816366143212,3.7571688475742837,292323998.79286027
2021-09-13,3.7441926141829627,4.066067522148362,3.72644428916434,3.933532794864638,599621446.91544
2021-09-14,3.918137447324429,3.9304627276461073,3.8381731838675894,3.8471291219362085,444708056.7799518
2021-09-15,3.8391748134361503,4.225858957853337,3.079557752377389,3.402158352148641,1174114952.6455133
2021-09-16,3.4027065835159434,3.7687186789529092,3.3465008378277448,3.7591028294811353,423831407.251773
2021-09-17,3.7584738413186685,3.9006949826124084,3.743496205227968,3.8531748904041425,1133275261.1334796
2021-09-18,3.8547923861758124,3.855979968505755,3.697358030993233,3.770495698141158,529198006.30904406
2021-09-19,3.778399605720756,4.623710052224073,3.68858693095105,4.184902526388175,1374930477.6754246
2021-09-20,4.198071854276343,4.415719923087473,3.9622715434862785,4.383912121745132,717861141.3735406
2021-09-21,4.410600713617826,4.619174650691194,4.406994556547547,4.52623986700437,1012882692.3234609
2021-09-22,4.542305024758608,4.9303433214288885,4.263758207052611,4.878640024377647,596038538.9415216
2021-09-23,4.902742484744516,5.266688457608569,4.816481920920706,5.192626577563679,436359021.70295125
2021-09-24,5.193661459686,5.850385602310367,4.893158553580118,5.745944893666635,520420831.9934707
2021-09-25,5.74701341227768,5.894828334078445,5.727655623657263,5.873750396921992,298237946.8972677
2021-09-26,5.875282898021981,5.894878932026766,5.672938671903472,5.8169568537281116,766173516.5976542
2021-09-27,5.822088411082904,6.203960961433457,5.630933616418157,6.140818803274722,973915997.1202595
2021-09-28,6.1568658127670775,6.157866563603975,6.054546977941306,6.066177797656351,1279101565.8286576
2021-09-29,6.091795302171551,6.121109193310063,6.0486201508760455,6.065341743621708,593781422.5090802
2021-09-30,6.060053416812823,6.3969235818211425,6.005199058019507,6.381150943583742,797411313.1687373
2021-10-01,6.368149353351794,6.459912156498224,6.192164717665784,6.2119454169565875,1275292077.59618
2021-10-02,6.226086380530307,6.312743969040557,6.096687782541617,6.104685655695326,494633655.6593013
2021-10-03,6.103023364141989,7.1748694113384115,6.0314124019101,7.1653928087689716,1230398978.141166
2021-10-04,7.161830194594176,7.211423882624718,6.257615729288024,6.406647827034264,566813642.130563
2021-10-05,6.408759101786068,7.1324875437137445,6.376733700450634,7.02900966100548,482291457.4286581
2021-10-06,7.012184328523013,7.234962213467746,6.990647532815039,7.124418748661656,911766943.7811087
2021-10-07,7.104977964119258,7.127283647655893,6.790654523346166,7.001989228751182,1450334640.9033854
2021-10-08,6.97165181039552,12.938996842712944,3.001530374952195,11.376779262908613,530672915.8842493
2021-10-09,11.390979484935228,12.358144538469924,10.481858408198017,10.771125074746063,530096798.6024002
2021-10-10,10.77261459926763,11.166742143441835,10.68602291408686,11.100818161877413,399360655.5064319
2021-10-11,11.109304030092703,11.224971604203848,11.043811872172038,11.195359671371405,366086499.81010205
2021-10-12,11.181393049132017,11.723244587824174,10.246245702197617,10.595188038201579,1335492283.086797
2021-10-13,10.604719875040495,11.287419443355407,10.55361924235271,11.090003778692163,527432706.60335314
2021-10-14,11.05572715192699,11.427014417404186,11.007849714529236,11.42131538327411,476385194.80992377
2021-10-15,11.459636993355922,11.546689467902327,10.286645507983584,10.300465613344315,889293688.0376369
2021-10-16,10.309695434147537,11.436315105309074,9.942084891092044,11.109233832627812,331977412.7162194
2021-10-17,11.115701621420696,12.988396397577882,11.033576328461525,12.69885350279457,931691406.1661108
2021-10-18,12.691203907052586,12.763831670094653,11.533720195448364,11.708047839679553,521723059.0209036
2021-10-19,11.659119379835031,11.701154750383411,11.647996615138993,11.689625808399965,669446078.2594495
2021-10-20,11.715850002020039,12.361275164127228,11.601733059246932,12.298150213793487,1190764559.486191
2021-10-21,12.346721674823717,13.823292301641102,12.335361057619872,13.397930534430213,519169323.8663705
2021-10-22,13.405508187423319,14.471733948320287,13.385706930785794,14.465621652568267,924246857.0030851
2021-10-23,14.470510755931633,15.356613382766177,14.189690329597505,15.120116996628802,303442383.6852182
2021-10-24,15.068857281781552,19.86688498404692,14.622817805690394,18.12775942639772,704665279.6299182
2021-10-25,18.023861378171564,18.578360922271937,17.95758800804766,18.498955296166645,578960075.2631754
2021-10-26,18.501086729261285,19.342807442768738,13.640144540831889,13.780362658123229,967334768.7444797
2021-10-27,13.755249084171925,13.798280977679253,13.24701703437157,13.318005792898614,608700711.6046743
2021-10-28,13.33986297579531,13.367420999233753,13.078116590041166,13.219833670210985,234182312.79904652
2021-10-29,13.245730897933996,13.913458729886374,13.100630996341796,13.871731104684109,1716634363.93713
2021-10-30,13.901936132392755,15.374834824393018,13.710078276179782,15.118326456453904,700887043.5170431
2021-10-31,15.211405038731161,15.312135105385055,14.876288422802437,14.936056374774601,343121085.06179446
2021-11-01,14.909718207645499,15.046453299832264,14.036183856966575,14.516682233063735,401050008.291684
2021-11-02,14.527926312960266,14.928686303752407,14.48021312206284,14.904698920944327,1144726295.7367754
2021-11-03,14.858910439920107,14.888404001585354,14.537285391071357,14.580337003447152,662600564.4413478
2021-11-04,14.650215483006004,19.51787433840811,14.617561403394875,17.632583044824685,827445897.2207133
2021-11-05,17.596351211962954,17.87459645412363,17.499267161658178,17.827966431300567,859815935.0370821
2021-11-06,17.816013606659386,22.679693639606526,17.590007806924636,20.04651951816821,544404849.3240683
2021-11-07,19.957394545017948,20.30850944494195,18.143635220637936,18.933366483315417,665259619.3129187
2021-11-08,19.002355502271364,19.73693756842801,12.672887564275308,16.52614257037487,636188827.2932981
2021-11-10,16.539536702031416,17.77473859554095,15.803968533850522,17.616536355891643,663158686.2603353
2021-11-11,17.6477431634893,17.651377821771057,16.392644833135066,16.64353859843403,444040602.26342756
2021-11-12,16.65262266082742,18.44221869805632,16.63404891680642,18.071676465011812,375575843.5295571
2021-11-13,17.982918082548554,19.522443030032548,17.325499823522,19.15224254408029,427513597.3614409
2021-11-14,19.122646146686296,19.430207382830318,15.478422289504694,17.122937406993287,683592345.6809608
2021-11-15,17.153925565596555,18.242694396011615,15.341216636098387,15.451624581280212,1031629162.203178
2021-11-16,15.52418314621345,16.54210664214022,13.707914065993267,13.851535312941772,330913335.03255814
2021-11-17,13.829323717847211,14.784271532551394,13.73585057481717,14.652715222739392,963084832.6553795
2021-11-18,14.606697489425768,14.725269959288266,14.588620967539919,14.719133984402868,441593766.209365
2021-11-19,14.747775801247581,14.825659732529077,13.521706474387846,14.20238399313953,679230600.3218176
2021-11-20,14.133134205405213,17.12749417317793,13.646004392483409,16.413735498361945,1302711033.130068
2021-11-21,16.550342757115562,16.56920972097431,14.484599983136784,14.529632714732848,774858830.8960603
2021-11-22,14.579086529495335,14.633284905096431,13.721640366364792,14.001658282214837,391412416.4533518
2021-11-23,14.018862373284062,14.062175209462927,12.849459441655105,13.143410271004061,583118062.2057152
2021-11-24,13.16262649818771,13.470021742199362,11.397305340858296,11.42413394240849,1023102192.3494393
2021-11-25,11.398306655742486,11.44079086204803,10.45281919192745,10.64806964283961,1012404171.8186152
2021-11-26,10.636793953284544,10.757690746990752,9.875249372615496,9.936264974062771,958993450.659549
2021-11-27,9.937769679937265,10.120895610445912,8.658157627778264,8.743070730429043,396650806.36527497
2021-11-28,8.758383340467208,9.779587616293218,8.42411477890068,9.44016604558033,630916875.6857926
2021-11-29,9.480797717938039,10.339989386282838,9.453357435188218,10.08529572343513,372242516.31007457
2021-11-30,10.084821211935061,11.363774897528263,9.663948443924264,11.07853604793946,362438192.99559444
2021-12-01,11.089390265314638,12.272733760912033,11.03525592153821,11.864923129637225,253452288.6939443
2021-12-02,11.911251844574123,12.469504137316225,11.876770372789675,12.454367651398531,621338666.6534958
2021-12-03,12.480214695999013,13.665031337611838,12.353441932186742,13.629212873833604,532213588.187059
2021-12-04,13.622090345584407,13.779473075918027,12.078936421091152,12.552546586738433,494553855.99913687
2021-12-05,12.499995882993634,13.377646660041812,12.210731641368424,13.197190177386908,568195158.9941264
2021-12-06,13.21085078580985,13.693920613863845,13.008951416999867,13.692735696083966,290929865.248277
2021-12-07,13.703622667685426,13.920547423814808,13.03752658869087,13.117170568030282,547339244.6833296
2021-12-08,13.073788621876671,13.106112844765379,12.827154094031926,12.858503293626171,669245379.2339402
2021-12-09,12.816130425275999,12.888470591994524,12.705182477462005,12.731754926541633,303520417.5051862
2021-12-10,12.72554959539343,12.844251450037355,12.257630834944298,12.278293258570221,551390295.1536471
2021-12-11,12.258329438623718,12.387336791983037,10.718592157029137,11.243045269631013,405063214.6515629
2021-12-12,11.22553745704637,11.238453621236575,10.931451702618595,11.060015034914306,1987035534.335021
2021-12-13,11.028954812003434,11.336205410190132,11.006464530950469,11.311209742862745,469617360.308084
2021-12-14,11.343147653030936,11.778392318576861,11.316872423012311,11.54784089595889,492661969.31946516
2021-12-15,11.57527448866556,11.607218587934351,11.242295183845425,11.252391004163888,1820905153.9732573
2021-12-16,11.261498654672305,11.278311117052635,10.902236914664792,11.058263045167381,367532017.78660434
2021-12-17,11.053656095932338,13.91549225615731,9.983006500827825,13.371632914969757,2022754816.6758714
2021-12-18,13.397221670092932,13.59727877758473,13.393463222225972,13.444422189072244,598982871.0155518
2021-12-19,13.498528764342097,13.582717164307626,12.731487544992813,12.76067997474591,647998355.7981185
2021-12-20,12.77215201953516,13.737756555540615,12.730413805716129,13.573502331134723,617969978.1486586
2021-12-21,13.610274475308145,13.726104725450448,12.613194421205199,12.68549721128002,401109957.7517861
2021-12-22,12.71283606658522,13.802691599709249,12.548544557107055,13.484338722618128,505853261.02403593
2021-12-23,13.47170163412299,13.813825673703498,12.036454358735622,12.120654848952325,406844579.80813473
2021-12-24,12.140274199346544,12.177639013961432,12.025655448660908,12.08404573323102,326478980.1302603
2021-12-25,12.070887597038928,12.355157627386738,11.961379753817823,12.341932712078474,155178720.89475167
2021-12-26,12.284814046263232,13.621438689287178,12.170434902311627,13.265041209054225,496740263.1575092
2021-12-27,13.268504674459551,13.278894956698151,13.07708524698685,13.090183012139095,553835588.5018193
2021-12-28,13.09046230578225,13.372165696046267,9.016556788608039,11.382865971496683,1112509229.337155
2021-12-29,11.354581058222449,11.414115950051901,10.781551759224234,11.074860619126207,941882220.2105547
2021-12-30,11.10549905408321,11.244178666884295,10.054116697873253,10.091072462789688,420990435.8409496
2021-12-31,10.071426280179185,10.33418923666085,8.487160110219138,9.062895619880926,818324132.0309058
2022-01-01,9.027454372080207,10.68814673664339,8.727178147293667,10.17651076989585,531419145.690074
2022-01-02,10.215742194156853,10.227792875085218,10.125351197997167,10.14156008168865,581386179.0872619
2022-01-03,10.227769982955152,10.229545803099555,9.249298029730776,9.737407756570166,1129951449.905857
2022-01-04,9.719042441768245,9.72425731645235,9.675591668906456,9.703321196835605,404695515.2199822
2022-01-05,9.721754151878486,9.827495077653959,8.862443182438687,9.287129182909156,365413443.7894651
2022-01-06,9.259992961740256,9.265623552845303,8.943037970693949,9.041778611398858,295464584.7177465
2022-01-07,9.073848129134403,10.45838236263386,7.924371189743845,8.01729620556528,808404857.517705
2022-01-08,8.022453367458727,8.035780248080604,7.368023386895314,7.45760683317348,1333666583.1385448
2022-01-09,7.42480521855326,8.866917484704897,7.312298297374628,8.821521598557531,379821287.52133834
2022-01-10,8.80017175005541,9.067210891755622,7.817164473231666,7.838194423056647,467518207.2452217
2022-01-11,7.859808912551793,7.913566404833712,7.136057178937642,7.230748226961201,309798514.06175435
2022-01-12,7.217197284465456,7.271717292808214,7.152327141332197,7.153950160177594,928149445.83625
2022-01-13,7.123305531232427,7.749587663134446,7.083702373681654,7.730164106966969,646576022.0350957
2022-01-14,7.705941958694365,7.976126628897564,7.56355078195628,7.926224389981923,321491461.2885023
2022-01-15,7.9062462812467205,8.081480687520598,7.767634206354426,7.775697214936532,1280654991.0261264
2022-01-16,7.757753066334064,8.470608914591054,7.746108416573912,8.34500125037155,258869151.22768325
2022-01-17,8.336080422897654,8.544339577261367,7.803045193330822,8.000304100745963,827337424.5876666
2022-01-18,8.02021959797917,8.341430380362818,7.968200139073238,8.32371597288323,1052319825.3802601
2022-01-19,8.31183220724789,8.53384985609264,7.3538877835602054,7.682945419014369,1562963754.0038326
2022-01-20,7.724087300400635,7.7450709068685155,7.542641786672169,7.560433790729726,1373503008.57169
2022-01-21,7.561318835831089,8.567714196006563,7.415731850407693,8.165654988232712,841557515.513057
2022-01-22,8.16486295012051,8.625510011109876,8.148172582061676,8.473379713249582,1059913608.7220627
2022-01-23,8.49870928595545,10.566342724974831,8.375033367343347,10.34538041668881,843305113.5562917
2022-01-24,10.342728573767982,10.35905582987959,10.29405917729208,10.294427070900596,360220308.4199542
2022-01-25,10.324946670174484,10.327938315124763,10.09619179178535,10.127417737985533,1098884259.74691
2022-01-26,10.106581305447053,10.572681379821923,10.071709929727229,10.548752709954668,309022487.7105312
2022-01-27,10.535109033305856,10.557054097061815,9.71596910379643,9.8119499736566,584377493.3860697
2022-01-28,9.813074625205685,10.585200414306454,9.606688330764316,10.456674033951465,469416700.7860426
2022-01-29,10.476535914505186,10.867487683015206,9.256091360581257,9.746974709033863,463095537.95037
2022-01-30,9.745529509266708,10.701832517372154,9.646217322351886,10.675705531014833,1572339211.888587
2022-01-31,10.678026352271637,10.678690357599232,9.899141478653554,10.444732047878054,938212121.8029581
2022-02-01,10.436594681325996,11.155046318733238,10.385527156102153,11.112603960196308,529874824.44969106
2022-02-02,11.130657736949063,11.255815138737525,9.826937505497984,10.30573373470187,1054122890.2050369
2022-02-03,10.331907209629945,10.34331245565692,9.657187475777421,9.97540231238849,633102344.9562941
2022-02-04,9.929448175379793,11.221117298882396,9.593467319467308,10.771192480517778,717487594.6563646
2022-02-05,10.770345553748681,10.86972752860427,9.406454777389962,9.523527651584521,1303793956.779572
2022-02-06,9.520041494825332,10.33396624183093,9.518649269377466,9.983489494669202,285003647.4424834
2022-02-07,9.964915608771253,9.99383974686026,9.485314066328302,9.565688900296186,287310240.43318003
2022-02-08,9.54620382647782,9.885638972707747,8.528722729750378,8.820928383632419,800216957.1746294
2022-02-09,8.784448786581166,8.857186216773513,7.207546648110963,7.645499822211713,781236130.2433124
2022-02-10,7.6209197425339985,7.710075533265455,6.718862880545167,7.019403657118453,926017625.2801144
2022-02-11,7.0089413155280775,7.093098070836183,5.982155858640741,6.506488663534451,854398071.8766239
2022-02-12,6.4907440612181135,6.606601360920854,6.301086139427315,6.333228047038613,1017846387.9184332
2022-02-13,6.3179278504268845,6.344640662937783,5.783976984675504,5.807345008898033,524154370.2895406
2022-02-14,5.813810252079349,5.831311556236685,5.14742110605856,5.2268619878138765,724670766.5523204
2022-02-15,5.224604994296237,5.590392556774401,5.189715082093549,5.388621647297503,659118667.2882446
2022-02-16,5.39374574171145,5.403974531471286,5.2491899954094094,5.289346211877709,467828367.5254212
2022-02-17,5.290225357903547,5.301665095997569,4.921259868923751,4.953642595278148,969932444.1895236
2022-02-18,4.97665382004597,5.566198073521839,4.965485880332125,5.247893276622576,575806594.8860596
2022-02-19,5.234355315353988,5.788403124887176,5.029962337582594,5.55548655418837,3025071626.753574
2022-02-20,5.549831474259078,5.5572535110175725,5.286056004712164,5.373510617468859,1333255709.296205
2022-02-21,5.374618309095476,5.398219944017318,5.207923262253708,5.210900187002467,627015378.1958002
2022-02-22,5.180455309542318,5.291314789806675,5.154814324723759,5.2876456377203525,254079399.31664032
2022-02-23,5.280369937529226,5.291229780177919,5.220015285885982,5.237398160112122,555891648.8355947
2022-02-24,5.262638055164489,5.581430440576961,4.672119029773794,4.827367294871396,534105428.4152517
2022-02-25,4.816029259731059,4.827581720570096,4.66995261492678,4.680541211782583,485076696.4111726
2022-02-26,4.699400535594159,4.822756800946163,4.617080142310159,4.816349303221904,566401604.6922067
2022-02-27,4.811190676245892,4.920039156287195,4.809750661906255,4.914380525009041,822503683.3225197
2022-02-28,4.918268660838831,6.016948364744007,4.552570735714033,5.500759233978627,767899241.8862982
2022-03-01,5.490428592670207,5.714125641666375,5.487399153759055,5.703737175871054,553271957.7575765
2022-03-02,5.673079954299421,5.713507555714837,5.5774613987202235,5.580978286215797,944121225.2596
2022-03-03,5.57513415614879,5.618676123154109,5.564627667147143,5.603543468228371,402711111.56383085
2022-03-04,5.575957640435578,5.605540450072349,5.372068608435455,5.389881917073361,277014565.5684317
2022-03-05,5.398060501577162,5.398801283291659,5.228304199879308,5.308425384888897,458254487.8543989
2022-03-06,5.299454018408077,5.632700945605716,5.269189980541567,5.621593100881044,795732674.4123865
2022-03-07,5.610293137659609,5.901934530281541,5.605666322119806,5.8304804631365545,1155199685.6288657
2022-03-08,5.826039448072195,5.8395037984377565,5.638044496235285,5.658798761378871,1041435128.3009434
2022-03-09,5.656096328066792,5.826202132069548,5.639113451314603,5.780416369053064,647195854.2958964
2022-03-10,5.762795373828892,6.093984813155932,5.750367463614696,6.028517595573959,430217354.39234996
2022-03-11,6.0355674638084,6.039778977967256,5.549279893271251,5.580954892910442,1229242429.0464623
2022-03-12,5.555068407728692,5.5892667237612566,4.5789211373839285,4.921138131807893,842927135.9464132
2022-03-13,4.898021108355057,5.331555327388078,4.765489736232843,5.3014362726130395,1026446732.8503668
2022-03-14,5.29121803317575,5.576271845234494,5.229376668451819,5.476200777418354,441970882.55373883
2022-03-15,5.465793193612196,5.583624439704858,5.4373761703915395,5.581691144342366,990403896.6041397
2022-03-16,5.585636431464805,5.594285572039489,5.531033512504664,5.552517606066561,511934897.9964809
2022-03-17,5.541675267729095,6.701446637364658,5.479211985894755,6.391121197148823,620395586.6964573
2022-03-18,6.377515971166761,6.732293249805032,6.293778124040138,6.634796183535333,221754133.32355043
2022-03-19,6.675596551475364,7.426757072676714,6.663772384013424,7.316684859355105,741093108.641171
2022-03-20,7.29850906636706,7.317283758816086,6.308084340562015,6.842126332332578,656746349.8634257
2022-03-21,6.816387418208484,6.824956272263135,6.7207358221690585,6.775983124178439,415804075.2209671
2022-03-22,6.773395557155389,7.447371423268152,6.527597373322304,7.386040815368388,392604692.1596382
2022-03-23,7.419854082838521,7.42511760984782,7.377471155458721,7.38449303160361,250297558.42131248
2022-03-24,7.384656153263651,7.577875812723053,6.823142226980714,6.907443404777573,498703752.3471331
2022-03-25,6.9178666357488074,6.931720942909954,6.782029944240783,6.832796771776757,702554631.0476005
2022-03-26,6.844546652573527,6.978863996847914,6.542375851381786,6.555561595227615,595025673.6870459
2022-03-27,6.545336933206352,6.687033084885342,6.538433976662601,6.6204166033171115,568244590.0877327
2022-03-28,6.624394853269444,6.782581479960363,5.638978911874693,5.872901336054935,785527773.8580459
2022-03-29,5.903247306500642,5.9543541013725685,4.982171360977054,5.009812134385875,684233879.239257
2022-03-30,5.009478969840989,5.102299329215563,4.324474052431932,4.327641122643292,594578951.2283942
2022-03-31,4.332092650965824,4.3459176166165285,4.27561849658239,4.300469367908563,339795327.83705103
2022-04-01,4.30344718281415,4.341963608749699,4.194077493065843,4.202028523820989,299375075.91805243
2022-04-02,4.198603828747188,4.25807271403353,3.5417600277606054,3.64892714474111,596586030.7610426
2022-04-03,3.656491540528183,3.7244146262116398,3.5298393491466107,3.5656347568215527,914085711.1488196
2022-04-04,3.569736491536287,3.6090933497253186,3.5634699590741232,3.6078266537248362,332009979.18173236
2022-04-05,3.603298892122963,3.7358853949280704,3.4476270928457016,3.700080215075485,662659604.6421353
2022-04-06,3.6918196406884407,3.7415004921418618,3.6850431169143842,3.7154902836161123,297051506.24784994
2022-04-07,3.717113990298555,3.9728564013084293,3.710563930176142,3.9697424780269257,769716060.007302
2022-04-08,3.9785298837328864,3.9986434929819903,3.936352103767949,3.953351987829717,627559269.3584176
2022-04-09,3.9600026049417916,4.231408297917783,3.9102492254587027,4.1388244109998,229189882.88913986
2022-04-10,4.160033576468581,4.169552112898155,3.860048712636024,3.981878917835882,431042278.9982527
2022-04-11,3.98627702348821,4.037966016543964,3.669570330498623,3.674057211850166,544382462.5035845
2022-04-12,3.678974512910464,3.953893865652507,3.617159743466267,3.924911548252951,813450415.9634496
2022-04-13,3.913044150898123,3.9705314868175656,3.82697233615405,3.8383688714177344,344125510.0288834
2022-04-14,3.8448606288191973,4.011098418305283,3.8234593869077305,3.974059040385443,665082383.2781142
2022-04-15,3.9741297113206935,3.9967493950861708,3.6566393030716977,3.7631461810122606,669117419.2491697
2022-04-16,3.7467668593316223,4.234073834768908,3.7295315009627936,4.077018087419706,385446184.5321565
2022-04-17,4.084715708656671,4.123080332480271,4.084105499234837,4.10053357931566,392979596.7150135
2022-04-18,4.101839402102336,4.271133003165875,4.077808035217821,4.2101997404083304,420000906.3745814
2022-04-19,4.212453050534814,4.242990960691239,3.9535130144031054,3.9814376139347827,1027449966.707096
2022-04-20,3.978154363881748,3.984224755695335,2.93489393044326,3.513559469530723,2181836016.3532314
2022-04-21,3.507116756488861,3.547129367493765,3.1716841102634077,3.1811204250360086,385549758.3387516
2022-04-22,3.194070412439299,3.20252227407082,3.130684818659986,3.134333914516163,920960075.29747
2022-04-23,3.1192840752657314,3.539116918647604,3.105275325971401,3.3162780191954484,1234168353.8989828
2022-04-24,3.3130982745788105,3.3530758374622134,3.2842071091846567,3.3501317197114466,1205241416.361403
2022-04-25,3.3405696739684116,3.891659463116186,3.2478516627053455,3.771010500495821,1248911549.6110022
2022-04-26,3.791835968124657,4.40036583167712,3.6497711996476463,4.22929715160748,863237340.0670149
2022-04-27,4.251833964583791,4.442274401166357,4.229439436831138,4.392265932234491,563807586.9665477
2022-04-28,4.411209256964671,5.10216097003282,4.317971834668602,4.801182666511497,1315022210.5231895
2022-04-29,4.811923757886628,4.865907449251924,4.6895187955843465,4.719889550675281,590078959.3653172
2022-04-30,4.738995249592566,4.741944057036936,4.321550763281603,4.4420701631705946,417653613.9428017
2022-05-01,4.426864326807686,4.830791676885895,4.419101156651365,4.763355747081036,656790250.1850224
2022-05-02,4.77983834812703,4.946495776037234,4.771712902919035,4.920849992616572,827905195.5962023
2022-05-03,4.910194479522275,5.176167047232118,4.883490255528372,5.124918514532429,1044353362.9799343
2022-05-04,5.123015029297756,5.175677118002937,4.938924311606346,4.9554835798973444,400452976.24338627
2022-05-05,4.943005052189163,4.974076083836221,4.846094160689264,4.866982129426341,638460123.7765199
2022-05-06,4.862723646594235,4.867194458865087,4.615638303950393,4.68392620422304,663372178.5381136
2022-05-07,4.6987994925147,4.755265231154614,4.36969884772146,4.423027802048423,807694445.8238518
2022-05-08,4.428813145707904,4.4394795538182885,4.257743641162022,4.282815688248931,384720080.02208906
2022-05-10,4.308582534676199,4.311196707751377,4.265607231787777,4.267191266098548,604667140.6123766
2022-05-11,4.270803138518178,4.356789149048251,3.9557672597808597,4.026662604572312,1198260926.5168774
2022-05-12,4.024437785984019,4.026964228111302,3.8840519373072038,3.9064219242319074,543744020.4228091
2022-05-13,3.8960759459191983,3.9199194703782805,3.5559326743340596,3.664689184857781,2575358620.9968276
2022-05-14,3.66346799883463,3.9239126808360734,3.6454654004225686,3.8743992247208574,568278536.3031144
2022-05-15,3.8785774763268925,3.895379011335301,3.8430392830443716,3.8947366392850076,256825313.80418783
2022-05-16,3.8870383496225136,3.9102228206433756,3.6274913493331313,3.6448555302763124,1758326280.9761224
2022-05-17,3.628331780756266,3.674790989241576,3.6230501862544915,3.6623692901180203,506303460.97455484
2022-05-18,3.6756995003333017,3.680386453725475,3.3618929504396657,3.3832068434297846,416111095.00972617
2022-05-19,3.381233845764414,3.636790159235837,3.3718763552267723,3.599208306272535,959605856.7790384
2022-05-20,3.605793260905573,3.635317569005051,3.6049380750654603,3.626214440845147,1213132187.28523
2022-05-21,3.610711628336817,3.8083171676330956,3.500239240981826,3.760713644324129,357954223.82360655
2022-05-22,3.7790747696585605,4.01973940628283,3.6980558623953135,3.962675770392388,838203147.2636243
2022-05-23,3.9456749752222064,3.9737540782122345,3.7680640133476015,3.7819442434250417,203526448.33957684
2022-05-24,3.8016320002483455,3.819896146542166,3.6825979293140163,3.6966576473275126,598063681.7968295
2022-05-25,3.7012185044933847,3.701568454610579,3.6957031641036524,3.696274334534037,762571582.8095001
2022-05-26,3.69108816363936,3.695489720450149,3.4469118929383136,3.5023697509017007,772042740.5137426
2022-05-27,3.4879565415716383,3.5322581981501684,3.259058273447144,3.334503165739292,293109411.251528
2022-05-28,3.3287802977629584,3.446718186953455,3.2656743743070424,3.4354442448791085,337851604.25830674
2022-05-29,3.462820316950974,3.640620674819156,3.3895049715714896,3.6312321429375887,1158271515.8056116
2022-05-30,3.631512787727313,3.6919108782941463,3.439507100637215,3.4499604391816265,342313985.45671785
2022-05-31,3.4404456997284485,4.17547663099938,3.4309658074261544,3.8329848567436415,511546692.69879407
2022-06-01,3.8296763525338084,3.830674638536091,3.6250906748475313,3.7108199619809934,744068271.2520059
2022-06-02,3.730743420280427,4.32695826066898,3.675550088473623,4.174675561750809,1235380208.6504486
2022-06-03,4.17398457007118,4.364291178511792,3.4318242580762397,3.6529111364451645,255039204.55336127
2022-06-04,3.6583099915407478,3.9336662442748023,3.5642362740353177,3.869758363276156,312116058.84588325
2022-06-05,3.8802974328345057,3.894767225997721,3.600047141693286,3.6826808190120492,874325836.8558825
2022-06-06,3.6686810291933387,3.9896626026513435,3.6209242400577093,3.8211649536009302,704795289.8623554
2022-06-07,3.8129324421292954,3.934950980369252,3.297482351057775,3.4184080697751917,390793734.5355293
2022-06-08,3.4171925919034436,3.6167482901414845,3.2709726746171843,3.3033670416885315,397978345.7901632
2022-06-09,3.3062135670251225,3.3550661201389067,3.0753045368013048,3.1270101290960084,450688309.7675084
2022-06-10,3.1245065671701826,3.13166425409954,2.584497846129452,2.776749858909579,676362342.1651
2022-06-11,2.769381254073956,2.913282066503513,2.7167173160464224,2.9080546459104997,523168869.40100837
2022-06-12,2.9096715417520924,2.9861544126807353,2.8858734485151047,2.9582354075345627,342448880.7651538
2022-06-13,2.9604900656880067,3.0005900184044756,2.7345000324500623,2.8063878840335805,910934654.2841041
2022-06-14,2.8122041415272867,3.4961512808930078,2.7286841716142907,3.351232489982682,703880386.6330988
2022-06-15,3.338196479352948,3.3509883737709916,3.3145131875952996,3.3196395554703826,326582942.29918456
2022-06-16,3.32991214632747,3.8259124242288793,3.2520845416973563,3.5368618723669623,651614374.9427687
2022-06-17,3.5409165411771406,3.92690903912262,3.5397904329123397,3.813638084933269,1132503113.4750965
2022-06-18,3.804661857525225,3.809988462819488,3.725197522868381,3.770807267998439,436999740.5375481
2022-06-19,3.7533719582063316,3.7553597048975864,3.7229300287737406,3.7241962969850126,605165504.9398429
2022-06-20,3.7128274711136497,4.058195757483298,3.68461002423802,4.047471465748724,443552003.2912674
2022-06-21,4.0627670479872435,4.065656227880949,3.6507569479557818,3.679702072227977,837809725.7459621
2022-06-22,3.69068412344459,3.969833946387565,3.6187004259716904,3.836705559534308,367530013.7911302
2022-06-23,3.837112279042502,4.537552888889149,3.748576418987071,4.537434837142395,665425676.9828174
2022-06-24,4.526571516150424,4.529332188381764,4.500339287685275,4.5096015299750185,549960153.1914874
2022-06-25,4.500099657494871,4.837904617023438,4.474326421069889,4.700967233505204,478366170.940797
2022-06-26,4.725519202994742,4.840137467518511,4.701408812683268,4.792842947923941,578255188.405463
2022-06-27,4.778295675394337,4.918729614880377,3.969014159705677,4.083025047469225,1376295448.741757
2022-06-28,4.095259046568247,4.163052636308066,4.086531821975466,4.145677560124213,764012772.8140278
2022-06-29,4.148889019479336,4.1913992641101485,4.140654119083192,4.165064380295884,502298987.0333577
2022-06-30,4.17467564421957,4.355736221818086,4.119030320666756,4.296495105504589,669801112.8792472
2022-07-01,4.298680275020643,4.705637034849371,4.275698730830986,4.690578896710799,345565869.9858679
2022-07-02,4.678158305060645,5.223012355275577,4.609520414567577,5.007161995112493,942298263.4640145
2022-07-03,5.022553725626442,5.0232746613405945,4.82281043505595,4.9160139116285295,838652533.5560341
2022-07-04,4.935046510657603,4.987857503058299,4.455422309536136,4.742358018176397,395328993.4081658
2022-07-05,4.747927736753005,4.807075684382852,4.108881942639456,4.252001342705809,460137286.0611126
2022-07-06,4.254091922976142,4.289364102700499,3.871353510996344,3.936231088913761,396814367.2929713
2022-07-07,3.932326891874142,4.0304779006764,3.91298551818187,4.0028698946890096,457691995.68275887
2022-07-08,3.9975388095271294,4.032768920485962,3.9957259997138532,4.012417171674623,344258258.0025667
2022-07-09,4.012371495127481,4.476907657874094,3.9853433477389775,4.3154499349128095,429921777.99838084
2022-07-10,4.315532352439916,4.414568704412327,3.869034004129167,3.8999450481628735,469484735.4888275
2022-07-11,3.9005325198531016,3.9352125075569195,3.6096130050713415,3.676284114347106,306077170.84614927
2022-07-12,3.675713451931808,3.681117931178952,3.6033558112532496,3.6104591121559304,273502161.07436585
2022-07-13,3.6227412904689036,3.624702511188542,3.1565010017934845,3.175691044895107,1335890351.637881
2022-07-14,3.176105488040335,3.203174121059718,3.1373083943933966,3.1478054696475346,594265947.8889544
2022-07-15,3.15729938954847,3.1921375756947405,3.149744101579623,3.167845158945907,283712346.8663118
2022-07-16,3.1587441849533864,3.1826241090826057,2.7748435204816424,2.8735291743997124,853480167.784632
2022-07-17,2.8672522784663568,2.922721700477598,2.829756467212924,2.8329726302477485,1184590573.633205
2022-07-18,2.841987311285462,2.8504500959772314,2.6824766294674256,2.7602245293264343,396326094.19282466
2022-07-19,2.760896111686341,3.325750387474584,2.728954328106446,3.1569788997375485,877513904.6234248
2022-07-20,3.1659040230798223,3.3086772251989003,3.0838770156821123,3.305230117286845,711926559.8940291
2022-07-21,3.290985878507008,3.2987091715753385,2.9781854271460597,3.0000411895556653,1448934815.6105998
2022-07-22,3.009712876979513,3.0353105611385818,2.9980852478869635,3.031739883831691,404812494.1080998
2022-07-23,3.0311199795589925,3.046083400692324,3.029423475148403,3.041220722801047,954807221.2555625
2022-07-24,3.0225736616059886,3.164085755508288,2.996901844469961,3.15972481891314,477950161.7770645
2022-07-25,3.1463105363869617,3.3698523874074837,3.085329722453681,3.363161882217207,384272103.11046743
2022-07-26,3.360910431486359,3.6983639924121436,3.2951757064556215,3.622980607978375,292775025.11937654
2022-07-27,3.607753173640104,3.6892173184126618,3.363971855927789,3.4002319552255624,370257796.7343575
2022-07-28,3.411635230648882,3.532342252919067,3.402700325463151,3.4836500301361264,1174039104.0546353
2022-07-29,3.4981699378210993,3.5025015941138005,3.429199520455377,3.453376278549636,152210022.50306317
2022-07-30,3.464619683149417,3.510387468447698,3.2552426157760204,3.313537092338788,518422186.4671566
2022-07-31,3.3134106270249775,3.400252804769255,2.80981963606879,2.8545751648044804,528458546.6327088
2022-08-01,2.850696900762294,3.019641462007586,2.8122592317328947,2.996018431210474,696113215.2838411
2022-08-02,2.9975364304953875,3.583764588096177,2.922527806504489,3.3093298405596956,571094366.1208963
2022-08-03,3.298071586150012,3.301231396860217,3.154692656340913,3.1717896226623075,619547410.5373666
2022-08-04,3.1739552905111483,3.17674152373525,3.147436657775219,3.1577179609785477,357547901.677666
2022-08-05,3.1548966922365196,3.166714898516031,3.0128171408702618,3.0645650020808097,407786055.32131493
2022-08-06,3.0656691380839787,3.071830768743943,3.018879438095773,3.04695697232897,1168791337.2712955
2022-08-07,3.0681948568185056,3.2829376906434202,3.025057033977133,3.2046773180926484,343397600.950622
2022-08-08,3.203922660929325,3.213164744923408,3.0230393477194095,3.0261228706735457,1326206651.3365803
2022-08-09,3.0310656677797585,3.530226808472197,3.0128551679468365,3.320639356079797,1389247965.738714
2022-08-10,3.3000850674609454,3.621927086864262,3.2925833154767186,3.5590125876888807,985443777.4528096
2022-08-11,3.5635497781086753,3.5726362421832065,3.23784924076672,3.2683339613428126,1195612599.502442
2022-08-12,3.266410277908582,3.427444318448719,3.2377007021362383,3.380100312721356,764267521.9639592
2022-08-13,3.369744299624594,3.371145056063708,3.3330947276832714,3.3573110993982542,958770907.688922
2022-08-14,3.354735042111726,3.9163247563898946,3.2888412703987515,3.856565673973474,844243578.863655
2022-08-15,3.8684795899981985,4.345976205369978,3.8605708588252687,4.1818021867211765,562093031.3387983
2022-08-16,4.170396624742191,4.2162187775607345,3.9841730369355695,4.014425407527195,305969914.5966861
2022-08-17,4.037787226387901,4.131220295072783,3.424223137529224,3.5632594355977085,848887652.5508868
2022-08-18,3.5555999721411577,3.5620587755997644,3.0095995029560947,3.1989552582021075,862294021.2276365
2022-08-19,3.2045458357479366,3.222327224641327,3.0451946322738195,3.0683691954686547,414062949.23537934
2022-08-20,3.06023952845951,3.677022189992798,3.041660604533908,3.670665045265056,487770547.2075542
2022-08-21,3.6624424727771587,3.8639914609813397,3.6470785232173197,3.803317860374768,963651407.0726806
2022-08-22,3.808021061312088,3.8861331727673885,3.7641656322419914,3.8725171087480037,510748673.8315621
2022-08-23,3.8782361934906837,3.9647208367036,3.79959057904224,3.925752798426351,377651850.25488657
2022-08-24,3.899635529329719,3.91867541409489,3.6373513614602415,3.7052551188716976,432043593.2197297
2022-08-25,3.690370501732884,3.7102575364530286,3.582060184562613,3.6016369599332285,469417164.0063221
2022-08-26,3.601846444356802,3.64557720969137,3.355678305153748,3.438826776480765,1489614708.4361672
2022-08-27,3.4508412091286633,3.696246582973553,2.0059174871324004,2.7942343732265735,1223293492.9987972
2022-08-28,2.8001090973486438,2.854996473353065,2.610175996921335,2.6128032850889826,767795781.1430762
2022-08-29,2.622245725962961,2.9108418266257936,2.622102275060793,2.8430481220955057,646725912.1765931
2022-08-30,2.8588570182211424,3.0801497613428466,2.8567111724702796,2.977407210607644,2657760469.032251
2022-08-31,2.982053525545722,3.003806945234393,2.627066512182178,2.63134990269844,504570201.7306247
2022-09-01,2.6297600455691104,3.010819976189995,2.624429494240849,2.9101442113070024,812787211.0595819
2022-09-02,2.9261718532003207,2.938336256410859,2.6005602135227557,2.6136219187897987,546438111.2147654
2022-09-03,2.6044637513328306,2.626689576476111,2.302394197544231,2.3750883154583264,152406279.1744582
2022-09-04,2.3818885304921387,2.3942973726067085,2.3810249056258543,2.3828241056451946,684302964.0474226
2022-09-05,2.3862529240808263,2.8348608819676726,2.3675931653329854,2.8010731778056224,357010036.62056994
2022-09-06,2.796242309101131,2.842596367033419,2.487226040740583,2.4937545246040913,826679053.7429472
2022-09-07,2.484712045066508,2.6872060494361616,1.8951062068491933,2.1605443036675998,427751523.9386313
2022-09-08,2.1687852254641444,2.232459507409582,1.8842694580943977,2.016814547718824,246435022.08969513
2022-09-09,2.021998383614941,2.0576714601962895,1.6888570697482828,1.7016018625813139,585624820.4855734
2022-09-10,1.6984527359600576,1.810859052865774,1.6897592846388245,1.7748060701685828,639383923.7449634
2022-09-11,1.7772970086286284,1.7787549181404396,1.7644357757894575,1.7699879277290138,894267749.623602
2022-09-12,1.769257426408213,1.7800029919885931,1.6731326022527626,1.6998831628923161,237561493.433571
2022-09-13,1.707686549944964,1.7114749793162873,1.617882337865849,1.6303462268778128,463193477.7724496
2022-09-14,1.631618703963752,1.6482896720237363,1.529492535376463,1.551239768837653,887471098.1437771
2022-09-15,1.551683745924416,1.771211401876996,1.5487031302947734,1.7275063460770446,920933086.4243782
2022-09-16,1.7244888728995147,1.7496617505996739,1.7116097012677813,1.731041533288452,592697026.1355225
2022-09-17,1.7314238214934488,1.7723005965702225,1.6407896321394118,1.644791753095087,295093589.7820214
2022-09-18,1.6473018548066323,1.753854533032312,1.6418192784614296,1.723176870116733,466849185.1201285
2022-09-19,1.7283929819348252,1.7749386366554079,1.65281859404467,1.6600910359972438,429748715.0758542
2022-09-20,1.6613309706719932,1.7090653903147812,1.6604553831295719,1.6995273331845269,674490943.6515529
2022-09-21,1.690062782215535,1.8509350090383707,1.667727523563272,1.8393121716138918,1305004918.55792
2022-09-22,1.8386132013545258,2.021854187166676,1.8061026039333319,1.9927730510681365,221382939.019998
2022-09-23,1.9923316632485701,2.1777387562935107,1.9567092715543024,2.126205834715262,497383741.3938296
2022-09-24,2.1285878598776433,2.175544517603717,1.9532443721736221,1.9601860414577086,800213968.297517
2022-09-25,1.95926819561422,2.0245379132887233,1.9559606491168067,2.0169816498706905,576857142.7784057
2022-09-26,2.014818552797969,2.27832156760369,2.0069646622459834,2.249304221462819,1201939330.7424624
2022-09-27,2.2470610173477885,2.3296442819990535,2.2291945806427167,2.2959384169813597,797426741.5518801
2022-09-28,2.295790229573982,3.0722900673436913,2.119144574387744,2.853410359615349,1272638585.7249281
2022-09-29,2.85429452132305,3.8513935318515196,2.832463148435108,3.297508199437337,626451585.6826334
2022-09-30,3.2956106366308746,3.4956963670336423,3.2004006643831655,3.407433713063709,1029707404.2357352
2022-10-01,3.403606180930878,3.486754546138443,2.8230657730340534,3.086198151766071,675904372.2829369
2022-10-02,3.082602113980423,3.1301120172615695,3.075315604519795,3.1106811023772676,324669110.35552126
2022-10-03,3.0947186662241672,3.1900190702816142,2.777501587174844,2.823924764298392,517092943.9161962
2022-10-04,2.827950731335231,3.3043718762113974,2.816116261955815,3.0849750521816626,338099160.0592279
2022-10-05,3.0765763977563454,3.115049123697459,2.806720801486057,2.837445448865287,194225406.58329248
2022-10-06,2.851542568869889,3.4673143920449694,2.785851230088271,3.4207492643382187,510947489.46802145
2022-10-07,3.426250051649281,3.6376808349014182,3.3762185976642467,3.595604927293397,1311304305.8731387
2022-10-08,3.6059086737235266,3.6510546002607054,2.9254411919464145,3.1935561516341067,501043805.02474993
2022-10-09,3.202285995108032,3.808520670053568,3.1827539558610765,3.6628643134316077,2482185650.0951223
2022-10-10,3.6583357668959717,3.7368633946223144,3.374152193081721,3.4112752182633628,430930863.4076956
2022-10-11,3.4191174198527405,3.4329621359959472,3.169859180994807,3.276918817393824,210629199.69791028
2022-10-12,3.277837864622514,3.439920241210312,3.257787431431495,3.380881484730635,572325261.2099367
2022-10-13,3.4047812997109794,3.7653264862010296,3.3493245196316126,3.6122070830856368,224745954.82571155
2022-10-14,3.617282604563213,3.694610853169634,3.38329668609135,3.386704121027576,624285388.3790373
2022-10-15,3.384524672488022,3.707628098255624,3.277405230973155,3.6252833912164593,566484983.0285131
2022-10-16,3.6197633651534504,3.6252456249730933,3.600164022519626,3.6042075260588318,304301934.67314243
2022-10-17,3.6129488807125196,3.6488833195848134,3.4441232027031443,3.5004850808160453,554975303.7717386
2022-10-18,3.4965274450329966,3.643979834231956,3.1824305897747163,3.2784592714877623,753685649.0396866
2022-10-19,3.2805740519625792,3.511230128875054,2.9356282169628627,2.9810462822782395,619095267.1818435
2022-10-20,2.9913242154593664,3.1974277768389023,2.8874154132511087,3.1604571450653944,714675557.7426934
2022-10-21,3.1713916804198234,3.4769538580829153,3.0895128154434555,3.4369353493497354,422828135.27381074
2022-10-22,3.448346827077424,3.584902683345856,3.4290579039079856,3.5313975516635936,589518131.3741997
2022-10-23,3.5423258262666524,3.5689974559922417,3.2700372876647346,3.290773479036281,744633719.6108924
2022-10-24,3.281786274361382,3.3609662746795594,2.9030218762586038,2.9819988533343857,1098610582.471793
2022-10-25,2.967115319608505,3.1667413214959512,2.966006445599792,3.1548529084758035,854193708.037632
2022-10-26,3.1706191529974377,3.2397610065557427,2.979951378618019,2.9803575623324874,579010689.764169
2022-10-27,2.9673350542290295,3.3716636572637575,2.9133641691987533,3.3548863782607445,1264576531.0167024
2022-10-28,3.3520596386917707,3.4449431550426945,3.339008351733028,3.431629782971512,541668997.6946827
2022-10-29,3.4162106060740385,3.474260147716945,3.415973980088853,3.4472127889849933,824830945.6773882
2022-10-30,3.4533211431245543,4.162574070095009,3.227409631059043,4.117688544862825,494189703.6737716
2022-10-31,4.1173568785847205,4.124199642737275,3.608147467006786,3.7077953118514926,520163025.5877498
2022-11-01,3.7124241916997454,3.720962767531882,3.4712427650899698,3.548186099162002,734115748.5590936
2022-11-02,3.5626817329147418,3.640347481689154,3.015693025012879,3.159897199438406,279445284.47440046
2022-11-03,3.163459005933832,3.7302687290220677,3.058367499769682,3.608276634915313,640993962.6828974
2022-11-04,3.6035599988251206,3.626362972529893,3.6020411972768005,3.6257729882146736,274308022.6750331
2022-11-05,3.6125451797398274,3.615919190813457,3.52126681911232,3.528744999320642,361899481.2400816
2022-11-06,3.5366173456767283,3.6330027805490737,3.4875177405706905,3.612953643387967,886655574.6213063
2022-11-07,3.607277634728184,3.9535379830357797,3.590672136690915,3.7469293077076187,321073975.4374878
2022-11-08,3.7371342368464595,4.253022859890534,3.718588272221697,4.209342506090629,1240402645.2092776
2022-11-09,4.210289507104944,4.525725372110804,3.8598679661880135,3.9188282541666055,430986719.7702278
2022-11-10,3.94247408740505,3.9589637909924007,3.71095719525714,3.73874733204917,391398357.6267832
2022-11-11,3.7424045644513604,3.761573786519013,3.2538755020844126,3.4511990734490725,725208018.6805677
2022-11-12,3.44392296510987,3.4544275017865105,3.2948020997391634,3.307713086024082,753131749.2484035
2022-11-13,3.311135338096328,3.4298686013337774,3.2546308243503907,3.3831007377964597,468490721.3561379
2022-11-14,3.383181214852756,3.3994077686721704,3.0202253739176976,3.133248996077635,713386376.6564296
2022-11-15,3.1377231603001072,3.1421752140959995,3.1307338790219896,3.139480833584682,437405639.2277866
2022-11-16,3.1412420689601768,3.5460888481570345,3.120482400737043,3.368372650763073,1608103796.9810143
2022-11-17,3.376426776358117,3.3862791209959577,3.1579003913238366,3.1813507473724987,397169240.3583869
2022-11-18,3.192203373434801,3.197464930937068,2.9242178103355676,2.9905804796140165,379593912.46322364
2022-11-19,2.9866826009072187,3.02185390723752,2.9311127395822596,2.9429917829109593,531868707.4275799
2022-11-20,2.9438696195678626,3.706494451951824,2.9000436452866563,3.6897927857585984,659887208.1190959
2022-11-21,3.6903721173634567,3.828483547963279,3.3210510154215522,3.336147008946663,923193126.5377847
2022-11-22,3.3289264907623584,3.3443649419163624,3.2713809045094377,3.287200400248494,582830392.3344018
2022-11-23,3.2754100777667134,3.3003382889225894,3.14133122496491,3.161955301094176,897275919.814648
2022-11-24,3.1593669376840845,3.4148822152365805,3.0079543906870545,3.4100064783004345,299303628.3383418
2022-11-25,3.3998676859193706,3.5327160177742067,3.394490901647887,3.478142387914132,577077730.568206
2022-11-26,3.477997357342611,3.825583401930018,3.433041840010862,3.7716337752511135,833115996.8537197
2022-11-27,3.771573234473912,3.9783802276229943,3.770789000186556,3.949982235411879,574060236.7653899
2022-11-28,3.954616680020233,3.9876211862688904,3.3724829052302923,3.4529237378720588,1014158680.986162
2022-11-29,3.461627413420204,3.47257921904869,3.4017042130985202,3.422552457163094,344884592.20355743
2022-11-30,3.4334245942370614,3.4595178581756563,3.113244410996789,3.2018167226662766,1542922397.9846158
2022-12-01,3.1977079696334036,3.5116537621060155,3.134467447484007,3.4740393795631253,491693132.2031404
2022-12-02,3.470135943441387,3.4781832920281794,3.438138180122394,3.44820499492836,268034084.68745318
2022-12-03,3.452989862127982,4.055244918663379,3.360473910503784,3.8430748871810576,356001734.6764331
2022-12-04,3.838488944821224,3.8851256887615344,2.6626828097699597,3.0927270374410547,505064608.4829316
2022-12-05,3.082075534245048,3.086015981364034,3.05561961325826,3.062792734107048,349446762.9083364
2022-12-01,3.078915025447319,3.492683864436225,2.9788559807838912,3.408864382697543,587384596.4858996
2022-12-02,3.410487676053033,4.004701304801569,2.1364366982119547,2.5346262104845816,309975871.74237984
2022-12-03,2.544333924238978,2.802176494741432,2.526866363187183,2.7992028264836417,609579877.4602582
2022-12-04,2.792444341262905,3.102307902613466,2.736214430481833,3.1019330338382294,656487832.1058775
2022-12-05,3.1100854330018257,3.1308032795194194,2.4581155205585405,2.8348237418129636,551750034.0860233
2022-12-06,2.8348036440768474,2.853278189555245,2.8327778112567086,2.8510364612529373,345236680.857634
2022-12-07,2.862001447189996,2.8718901972155617,2.844674969441862,2.859680563216058,650188356.0317447
2022-12-08,2.853374809161553,2.9614277655065204,2.6831163060205077,2.705596964520232,953527160.6686802
2022-12-09,2.6978002235478664,2.7034889575262127,2.610417678967146,2.6288076114118772,936187584.7435681
2022-12-10,2.6300208285731146,2.652419052955191,2.6210313512932006,2.6509686012739957,629885594.9009929
2022-12-11,2.6508845189091286,2.652137005859106,2.6265274119118436,2.6401460190992365,733395438.3804644
2022-12-12,2.638516839739812,2.6621406295722334,2.637224795844258,2.6522506986834453,1340676497.6337063
2022-12-13,2.6614673785527834,2.6618404359895154,2.5561006651386293,2.583629257090446,394794420.5216785
2022-12-14,2.593733405655891,2.6147163335392825,2.320563534123754,2.3443122119590116,624597226.1074167
2022-12-15,2.3477679343535054,2.350709552101423,2.3116323091004527,2.3447852674844207,1197121632.5737882
2022-12-16,2.3490021735266433,2.4729813826326903,2.3477241643663764,2.39015266447034,800322640.1796825
2022-12-17,2.400526269410507,2.6210335844949673,2.3905499904484677,2.602178703461508,751780106.5701652
2022-12-18,2.602333439179359,2.626922741367172,2.355214921203693,2.4616183175145143,238871407.57692173
2022-12-19,2.4613879234088807,2.557081010427897,2.450728253964739,2.5335327185807195,729916310.1602024
2022-12-20,2.5243436510412014,2.76963469738443,2.502810922604739,2.7570588546249484,587685533.5081382
2022-12-21,2.7468386275108916,2.8320707382563612,2.2988578426598827,2.51849045895153,1051628919.8678732
2022-12-22,2.518044645194921,2.5875859474598455,2.261478357124537,2.349816007472442,403391784.3329009
2022-12-23,2.3405158317615724,2.3607463072170045,2.336501378398896,2.358904399757876,637777725.0867187
2022-12-24,2.3579791598763675,2.4302355181001736,2.35371984988221,2.4083848564903985,631528561.8108484
2022-12-25,2.4039780445538748,2.407490170871519,2.3767718927089523,2.3787635720111924,403658385.89038724
2022-12-26,2.373701113416161,2.421095969709087,2.1504079390195976,2.1881493444056463,544982256.9032416
2022-12-27,2.1918615754448076,2.227542235928186,2.1770886068602073,2.224764672044753,1178759706.3252547
2022-12-28,2.2344071643472714,2.2533102758181007,2.1003955034870216,2.116891211194174,396938704.34156275
2022-12-29,2.1143712509804153,2.1199242967591805,2.015650515858468,2.0603529811675356,821334764.6590219
2022-12-30,2.064978270901358,2.1010985022902147,2.0614244715530705,2.0991203183743905,402870266.9452069
2022-12-31,2.09720412596048,2.170595676082574,2.081794704655474,2.162433053722484,309483789.5412717
2023-01-01,2.1723684176520934,2.332126598538902,2.132315849613682,2.3296673683993943,796220632.0733778
2023-01-02,2.3391150591591194,2.3504632925095827,2.031427351943755,2.1591885518925995,392624648.76595044
2023-01-03,2.1508971939408505,2.1691075925654326,2.130778919687834,2.1400570273528787,335283252.6136791
2023-01-04,2.134695684189933,2.1748116284249237,2.1061352448634527,2.1099665616890424,571316593.1327622
2023-01-05,2.1149769213672616,2.1249900195979565,2.0346094469917655,2.088082593417657,604158989.7296777
2023-01-06,2.091051020421106,2.0987252869631976,2.083893552657764,2.0959934253540315,758427285.1719862
2023-01-07,2.110436986817367,2.1115381048212147,2.097328896755575,2.0981562714113555,207368222.60010368
2023-01-08,2.100246137141176,2.101868686584264,1.7918854666614485,1.8217334227863564,1202338866.3280926
2023-01-09,1.8246820065213463,2.0036210294657226,1.8101593514059182,1.9864268693472458,656561756.1953355
2023-01-10,1.9892794040075412,2.033817185173338,1.9813207002322848,2.0206846525379825,982518378.7884196
2023-01-11,2.025064367858586,2.192535768106222,1.9602928330691824,2.169624908276702,633517482.386533
2023-01-12,2.167044737833027,2.194876989820845,2.052375108916726,2.0684729901038272,1304089087.9219878
2023-01-13,2.068927681365177,2.0983999995411278,2.0676800564687547,2.090352685999901,1096530540.3194652
2023-01-14,2.0954332528314668,2.139588665769766,2.092591456284681,2.1340027351307187,311795617.4124718
2023-01-15,2.140605588212568,2.1500681190372313,2.0311719727469146,2.0418423546492432,546166489.7465546
2023-01-16,2.0447949195922113,2.061785031253126,2.044122736405066,2.0546033813170106,334535409.2893214
2023-01-17,2.0546921872177943,2.1211536239694277,2.04547378404939,2.09428306274672,526409668.19273376
2023-01-18,2.086354760512855,2.127505727399725,1.9287080008381554,1.9338310523718376,756788118.7482871
2023-01-19,1.932988373433488,1.9334652690794796,1.910425993940014,1.9258568447673001,796972049.0408806
2023-01-20,1.928304320968669,1.9291406491221015,1.9006885366151305,1.9065336636595724,212326440.51261276
2023-01-21,1.90236861887671,2.0742024825905854,1.874862154651348,2.0169449230630985,932800332.3811228
2023-01-22,2.025287369269464,2.0559610974231344,2.005343944657716,2.0415738892193933,452406680.15135735
2023-01-23,2.0489272418129056,2.0618361971742063,2.0323543664263073,2.0505920219301323,497478484.96411484
2023-01-24,2.059882837342081,2.180865807057314,2.055556035573809,2.1627560752949764,486727310.6654478
2023-01-25,2.164993962073786,2.1682746057954176,2.1279051713812325,2.1399504606439033,774670774.261611
2023-01-26,2.1383493615343774,2.5637075722045286,2.026958329078949,2.444817255664776,572103211.2011273
2023-01-27,2.444778759887173,2.4511290370537564,2.371806879317316,2.3771271037025525,363954881.085003
2023-01-28,2.378030752212723,2.524001560973838,2.350853266636238,2.521105517722673,270747126.56059974
2023-01-29,2.517137679079693,2.604806128564573,2.498710906955035,2.586369306770263,967055374.1239505
2023-01-30,2.5844239659940125,2.688993808987738,2.557710001231046,2.679058324635191,250866912.66087595
2023-01-31,2.6713077464112436,2.6919448283991407,2.60864456093648,2.6320539853365905,506610373.55241245
2023-02-01,2.6328956074320358,2.6367650750019154,2.47507906743085,2.4882374617529956,780291325.7971627
2023-02-02,2.5023028300928813,2.629498790690219,2.4931589733880264,2.6040268842942234,601504507.2334658
2023-02-03,2.5979440178988353,2.673842013201881,2.5954061888171425,2.6069564254557944,366305117.3832175
2023-02-04,2.5977728305440855,2.886842129239667,2.584365086476567,2.856481972747305,621773083.9718767
2023-02-05,2.8603157126301806,3.297509971368364,2.769321422887138,3.2163534468009094,431615610.6463957
2023-02-06,3.2135213418751323,3.215790959138875,3.1791070224929796,3.2074528151169606,652575959.6948314
2023-02-07,3.1963363217862257,3.2116699530641566,3.152209492320786,3.158323205757009,305805585.3346766
2023-02-08,3.154456701873223,3.4774339522990467,3.0737374630660885,3.371722711207755,188169164.26333827
2023-02-09,3.3687408531182745,3.459495746419504,3.1591628514718484,3.214766902524571,672670995.4425704
2023-02-10,3.210784128126978,3.3743074587643473,3.08149514695857,3.3689384274638896,228421102.7157558
2023-02-11,3.3725559767466753,3.910053555571183,3.239742203773858,3.658465406517686,377903659.9842812
2023-02-12,3.6501297914320796,3.737990288741971,3.6413898391589306,3.7329657789534445,444033119.23877853
2023-02-13,3.7323355771997058,3.7341902063613244,3.4662995483792254,3.5927591626401005,443789172.1397622
2023-02-14,3.610722598055462,3.6183503410157254,3.6012333681000896,3.6060211927621935,493704802.62264067
2023-02-15,3.6040478597394716,3.6053461256312946,3.188495623252833,3.2606327634784846,1817834745.7184796
2023-02-16,3.2562012680075476,3.6926653039559607,3.201779390071178,3.5488834370546676,230521838.32629612
2023-02-17,3.552503009135073,3.5927010469995224,3.5460691566562668,3.576154525297511,286945659.81155026
2023-02-18,3.55828630149958,3.595267972101147,3.558121115166148,3.5922495647311647,754341179.1016799
2023-02-19,3.607817567378515,3.6509336830457317,3.391363865058481,3.3963999493276327,272181536.6197523
2023-02-20,3.403283547848405,3.727652103163805,3.3155670304758527,3.7066267755752413,693061670.5777102
2023-02-21,3.7072218990482315,3.893031189626778,3.702144421807573,3.8551921854387836,700167171.4909636
2023-02-22,3.8589531357708187,4.000506152711742,3.6727576640188055,3.7448005553518326,411595029.9127436
2023-02-23,3.7530992045319995,3.7989822140682175,3.517266072216268,3.5793719518451703,568052167.0589517
2023-02-24,3.589705671141547,3.5898751678737932,3.505796283701484,3.511337330567062,160806148.93095693
2023-02-25,3.4950781362158825,3.519709684504841,3.402043856673265,3.420190462211201,711271408.7708305
2023-02-26,3.4196849087927794,3.5503126303846604,3.4012800900633775,3.4997483065887516,393813328.72109
2023-02-27,3.499080580361202,3.5563519233394567,3.477973384500094,3.5488705923420922,544452954.482289
2023-02-28,3.561342739205282,3.613060500521003,3.5591454578431647,3.5975481567093377,1325927549.80172
2023-03-01,3.618182124105323,3.8800627966583567,3.6173835510357053,3.81009534765221,264638857.0287331
2023-03-02,3.8175819137635814,4.061403519668739,3.8125314918720887,3.95866890114121,714156972.7448208
2023-03-03,3.97489222683238,4.184862825538984,3.972304136030747,4.168213522626366,501376724.32410836
2023-03-04,4.177294435641595,4.373829969664473,4.1691847882046265,4.297823364370845,446645075.26523775
2023-03-05,4.320066421483024,4.374941437270827,4.19944448245516,4.233809090989221,810568356.9189149
2023-03-06,4.223022621006934,4.8931238435064035,4.186158204745303,4.464234315875486,438037166.88883764
2023-03-07,4.456147542644862,4.471728490297091,4.433951824862125,4.435434237230127,371831603.1897789
2023-03-08,4.441655834816599,4.665574543410961,4.405142660298612,4.635628007097756,563119499.1098845
2023-03-09,4.622855991359301,4.623449439264819,4.287314383728479,4.337422205235476,1080475911.2582319
2023-03-10,4.34862020992707,4.520895015915006,4.342430699250043,4.464513340962577,710040107.4368577
2023-03-11,4.484524072846231,4.730492196672855,4.426957067770751,4.614623468984467,263923105.72434545
2023-03-12,4.6272319544376055,4.916712546988112,4.501659479124594,4.9019145569971,230030333.54861093
2023-03-13,4.892498694688389,4.98115712318237,4.883220259545701,4.934882576408906,638529705.9764704
2023-03-14,4.917453427580509,4.989361363114439,4.536287795913115,4.573132673068618,347107436.74931145
2023-03-15,4.5903505989982785,4.604538546063356,4.267717394921617,4.396638971271764,565619864.7094277
2023-03-16,4.404959497759327,5.175705929581125,3.100167383994199,3.1118771076135383,1736564803.4592576
2023-03-17,3.1111867309976717,3.139439387250053,2.8905021165526446,2.9719078879790577,1163983221.1392472
2023-03-18,2.98571770678124,3.0040501832174478,2.8155385898256564,2.8480131594115234,671193426.6308739
2023-03-19,2.854151155987657,2.8862004195742417,2.4701934007964494,2.659353727938673,813512939.2964557
2023-03-20,2.6461144763696605,2.664193903431156,2.5492708789535605,2.596440447427087,2094125619.0228927
2023-03-21,2.5984111655531748,2.602210286458989,2.5850655639921545,2.5960120662908333,198670677.91030797
2023-03-22,2.598745365779142,2.599095121970486,2.587991012367101,2.5901844170570363,523947527.4358327
2023-03-23,2.588639579798454,2.6264392242730494,2.5879328407537976,2.6138012414458913,399935756.9378407
2023-03-24,2.614164032497206,2.9043331772616785,2.591095648353948,2.8472779680016425,668418346.3009205
2023-03-25,2.8515443571857215,2.865981379520608,2.805547561912784,2.808486332076694,399400094.3056437
2023-03-26,2.8121736891005544,2.8861619854998293,2.8054608138659476,2.8725077299306525,354442150.4013499
2023-03-27,2.8703901218934456,2.901167647183973,2.8544908786765824,2.891038770015509,239877290.50514036
2023-03-28,2.9041529376170843,3.277353774811045,2.81939344940657,3.196199428510329,1153705007.173144
2023-03-29,3.1955987287813947,3.5043413389789233,3.195097531757859,3.333021538696566,646265885.9290599
2023-03-30,3.3285744777744104,3.5024581860927197,3.3124068060250624,3.434821235316375,499098740.88200593
2023-04-01,3.4359671543682926,3.601669070816678,3.410735828639071,3.5568784791067456,306773956.6460651
2023-04-02,3.5663712093029414,3.814887758998297,3.5083628276441194,3.743321258996872,306791294.1822978
2023-04-03,3.737268369159812,3.748135105401339,3.667476905956155,3.677873282046261,725598453.4740736
2023-04-04,3.683384399902361,3.959661528697574,3.6718971560904703,3.8094901880487804,393560416.0993928
2023-04-05,3.7978141624596575,3.8913753558318183,3.6469521719675893,3.6621625157494737,563195803.7972496
2023-04-06,3.649042820539669,3.823613681399481,3.648257528772473,3.818113118534451,868795377.858466
2023-04-07,3.8159364966029345,4.325684614038725,3.779712036058868,4.259371810055674,621867522.7162597
2023-04-08,4.2666953091938336,4.512771430123288,3.957481511148851,3.9799896475964096,845405403.2091668
2023-04-09,3.970501813633465,4.232112684413788,3.9689045086156627,4.140915093498555,1006858831.4636636
2023-04-10,4.159844626389216,4.268803275672212,4.13376179946242,4.255166961846688,396045645.5875837
2023-04-11,4.2576465565637065,4.3143285079207,3.995020135228648,4.0723087906741675,472837831.6623113
2023-04-12,4.060336558684719,4.062044808475183,3.776481730169192,3.7948838184266305,657602667.835143
2023-04-13,3.776583931559357,4.268511087264723,3.7317523740948775,4.138903900173879,399207203.2544494
2023-04-14,4.13722128728389,4.1454281830597495,3.748480986758141,3.9767052261284555,329055170.0789717
2023-04-15,3.956739470465805,3.970832242591917,3.6780228787220035,3.692848229355322,705385088.7228237
2023-04-16,3.6841647437142364,3.8723644448857946,3.679154988110763,3.8470024696827245,176061749.5552622
2023-04-17,3.8486069704127654,3.8605039486193595,3.452119673061875,3.728864517343523,429472085.1652387
2023-04-18,3.718091297889005,3.7855079496514676,3.412347138475762,3.428639537315621,1003540221.1508845
2023-04-19,3.428165196101315,3.4359707219993334,3.389820990749346,3.4025082386446015,513942899.61397856
2023-04-20,3.4055306372803793,3.58529795881207,3.3936693635402455,3.5169039389964913,692399250.2217449
2023-04-21,3.4986278520397964,3.766312495449829,3.3670019347163183,3.695128150494575,319667658.8065507
2023-04-22,3.684501376404164,3.6994071606748253,3.6704463699730603,3.6718129645656714,486692734.25297433
2023-04-23,3.6637150094969937,3.922250795104249,3.5914467865333464,3.911444115452779,1130147632.585195
2023-04-24,3.904393633897411,3.9106519557411845,3.8442109310620856,3.8716672303713544,411607651.54752827
2023-04-25,3.8849255257352344,3.995586157613701,3.872349826435107,3.983664232219353,319707723.1720456
2023-04-26,3.9648971596377693,4.169048361519708,3.6409951295980383,3.6709085071293894,329216779.8512904
2023-04-27,3.6690044905262114,3.709180376585123,3.52606240712497,3.5413870836633503,325572449.15530145
2023-04-28,3.540983313265433,3.871644476880447,3.4840535761545413,3.7983500414409765,332910294.22021496
2023-04-29,3.7866986573204535,3.7951121718160494,3.7442605812423237,3.769499170144319,649853670.3940396
2023-04-30,3.7417399670489253,4.257159035374364,3.6235787532144905,4.220929105587885,665879015.6818734
2023-05-01,4.219765523302989,4.3593648372662965,4.132541504497176,4.34716273435987,491826995.170759
2023-05-02,4.353513919658674,4.404764495676785,4.348936104737118,4.375868545292605,797353091.1629128
2023-05-03,4.380058940229586,4.393056915688913,4.125176791712791,4.166628966938078,1991782691.951167
2023-05-04,4.1730688585232025,4.175670989274955,4.051554232608535,4.0693622263562235,844697238.7883213
2023-05-05,4.076189622220016,4.451497408459859,3.9785938942898493,4.446773892275919,750649050.2876829
2023-05-06,4.45143182715548,4.518231394162223,4.217037728949421,4.229527206525586,413085268.97566545
2023-05-07,4.231192016456663,4.265628047890975,3.59006685570657,3.941140262521108,395032569.77732
2023-05-08,3.9464040107108054,3.9588325518935474,3.9054369654386107,3.908000990598229,879964077.5296602
2023-05-09,3.8946819022015333,3.906004699778597,3.7969058586648043,3.872876687472947,276527481.37285423
2023-05-10,3.872574715830021,3.894853262264361,3.8725592998392218,3.888577637866826,498277713.9730325
2023-05-11,3.896775422088238,3.9480948283769166,3.88100654064314,3.9134386842082725,535204005.8738565
2023-05-12,3.9223867834906065,4.691214216325253,3.894078300527948,4.247778806390511,667880840.5568149
2023-05-13,4.250862575040446,4.493742879688627,3.662564943483622,3.775057040455283,855711772.1315157
2023-05-14,3.7868519162389225,3.8332100387315338,3.6184080465773882,3.639406101159801,561212579.3145202
2023-05-15,3.627786512908636,3.6316742802378914,3.561045134390612,3.589406283232619,427504777.3877838
2023-05-16,3.588465411636943,3.638057914690395,3.3307788417144795,3.344589846620094,436120485.21054614
2023-05-17,3.339903751668432,3.3560495819638607,3.1532039070202247,3.1931607172522978,1142795312.912464
2023-05-18,3.212301797113986,3.233223941483302,3.1191604968565607,3.1321318942937184,184341655.41508004
2023-05-19,3.1460961550480886,3.3025362845368527,3.135997636544023,3.2859186498252817,787187309.4513351
2023-05-20,3.2986939104945514,3.4898473039030655,3.298275682962274,3.4888775432917547,206815757.08522034
2023-05-21,3.5048925552307892,3.5392383658589837,3.4077600336059453,3.4202504164668213,1486294854.2932985
2023-05-22,3.4292683738254413,3.740324072173363,3.419764898713333,3.5850157057118635,583472065.0113409
2023-05-23,3.5980054617570123,3.759339505279987,3.587467269024483,3.716535711814602,375626740.12800413
2023-05-24,3.72025767595134,3.722012235431691,3.5248133221970184,3.5774349992434438,402793911.6863876
2023-05-25,3.5662983249883577,3.677410255766073,3.5507589210764006,3.6563038934822765,609345455.8461517
2023-05-26,3.6637475741996433,4.299956841121501,3.552206794195747,3.87845585007715,243831373.12068266
2023-05-27,3.8556115525907986,3.934112020126601,3.8228064821370182,3.9285494772719436,318599291.4746968
2023-05-28,3.946275671701421,4.0356919771725215,3.9215028682169226,3.981022307287907,946518669.5609281
2023-05-29,3.9834001400155916,4.016026957064149,3.691775533952559,3.7930613980979744,943351767.1089678
2023-05-30,3.7770291507977976,4.116833862583426,3.7466472657225975,4.032657174996249,660552113.5326258
2023-05-31,4.0207120630730335,4.053069883370292,3.7589461755265283,3.8335181771966447,607622394.6087255
2023-06-01,3.819320169083498,4.019941551016559,3.619475576128244,3.660904644073002,409464344.2894675
2023-06-02,3.6574287857736483,3.7704263697123133,3.64490914108129,3.702459809295413,759983891.2350553
2023-06-03,3.697883972446887,3.715372812572685,3.6895919949887492,3.715258331284627,507355484.2617936
2023-06-04,3.741059196680712,3.786978739775419,3.7363584020475273,3.7802239032685887,299262021.8464683
2023-06-05,3.7710089932361246,3.887618341093992,3.71232049129148,3.7134829676862955,796436648.5485054
2023-06-06,3.7191276577375643,3.7282059412348185,3.495537480531501,3.547639213872018,942729508.9112253
2023-06-07,3.5471446184152784,3.611066615847061,3.539865554281005,3.591943261547768,534360515.95724684
2023-06-08,3.5811129193939606,3.6780206909356243,3.5771158355870485,3.6622887765746994,207705506.05635256
2023-06-09,3.656293212763709,3.6589725600295826,3.633176564323372,3.6404349386934087,300904596.0590987
2023-06-10,3.65271632879808,3.9059727952497556,3.6336788628704615,3.729202032056974,686418837.7610902
2023-06-11,3.744507460458075,3.834494116146789,3.594117996599889,3.6446995133666533,539946888.1022881
2023-06-12,3.6439343829860933,3.9432446183161893,3.6393520130116017,3.840969061232995,592260366.5252554
2023-06-13,3.83930687811533,4.158501654485415,3.7956865254550136,4.125446211745602,686496434.6339447
2023-06-14,4.115439646824856,4.116637706672287,3.9625297511320525,4.012116031138241,511245746.181131
2023-06-15,4.0059609392972755,4.100584309267932,3.977441645884621,4.086198352642506,733913718.2791631
2023-06-16,4.074893402621274,4.414100315418819,4.063220660410782,4.315769304893405,272302220.5547116
2023-06-17,4.320309734262398,4.852065463831113,4.3130265231996425,4.681791196754396,523895451.3118684
2023-06-18,4.668256317187957,4.71940613054037,4.448664597699381,4.497525340471289,753461420.6508061
2023-06-19,4.497063058208807,4.499755153604073,4.111247530053002,4.150210195245434,1692811000.1660936
2023-06-20,4.148299166154072,4.334019187691189,4.013899450145051,4.316817866629755,583025594.2902728
2023-06-21,4.32492000979993,4.475452954000551,4.203382870232078,4.472090336462171,788893021.2569122
2023-06-22,4.460302623272122,4.714911467973723,4.422387536860365,4.707157825088272,203830375.38550168
2023-06-23,4.694867471324895,4.982357388910406,4.596894747099397,4.943916944178112,956939041.7524384
2023-06-24,4.932232161370361,4.937089598261053,4.921421926180532,4.922439573045776,624419309.3924936
2023-06-25,4.905628115978915,5.210443447700696,4.42387313526393,4.663809498674783,1700964822.6126697
2023-06-26,4.670933857014689,5.186958107667681,4.5955751365442685,5.015064235531039,624704486.2346536
2023-06-27,5.027476316856708,5.201253692906072,5.015901668281594,5.1032470464413695,219310722.2341719
2023-06-28,5.118529428630187,5.440592623524211,5.107016376243023,5.3855025563632,940801032.3992499
2023-06-29,5.389884689471227,5.507644571094374,5.349594430071345,5.460153500771451,245810741.18982738
2023-06-30,5.447268580128758,5.613790758085462,5.404981655482701,5.562762143530815,619260317.0908939
2023-07-01,5.601583901407563,5.684568479441576,3.7045677118366678,3.838645332551309,591698331.7905809
2023-07-02,3.872230457302255,4.155973439353992,3.861284468086165,4.029484037705497,581384616.4886631
2023-07-03,4.0371651220662335,4.069903429314496,4.023392628041422,4.062418451703793,391305193.4048938
2023-07-04,4.0708371866463535,4.130039798944923,3.968465160609969,3.9816412740732923,618091844.7645677
2023-07-05,3.9737604692670008,4.383285857643919,3.967713725516686,4.349357010333969,636667484.724139
2023-07-06,4.332689325543361,4.394312300061551,4.315406803773771,4.38661744925327,379249749.2705377
2023-07-07,4.39048056555373,4.4213565519746565,4.073966557847223,4.086329634536255,463821106.34950995
2023-07-08,4.084416465459761,4.473751815233591,3.984132144232118,4.308211981038916,653054767.1937367
2023-07-09,4.296610284788494,4.451548827404926,4.2749373886666255,4.43788904758993,473440441.4856965
2023-07-10,4.439075758652825,4.696531413589376,4.316113991011088,4.657990936819045,591168799.3647392
2023-07-11,4.6595188093264195,4.6715757972663265,4.592958385167685,4.59424020861696,274929811.55645305
2023-07-12,4.573320264534788,4.642507780846649,4.471170006123835,4.483498055269502,501637346.4063176
2023-07-13,4.486862770736908,4.496815730253728,4.396182440463539,4.437895104023381,727844176.7550634
2023-07-14,4.429501349216837,4.636048394298564,4.383198950385479,4.564040172120698,485468910.10941094
2023-07-15,4.53923287228767,4.557327742713225,4.531770772079594,4.548214383800638,1252718184.280151
2023-07-16,4.5446419307577495,4.768361681956405,4.5142616371110975,4.642715234907742,709783516.8675367
2023-07-17,4.619856938058376,4.667311488885421,4.009592382063873,4.3160805931998585,599329474.8355113
2023-07-18,4.330455546751689,4.338501171185933,3.915515266043309,4.076389493495018,536705607.408501
2023-07-19,4.0702144091344294,4.356834336996043,4.069180128751008,4.240706107749446,510775042.7292813
2023-07-20,4.240031969824425,4.935318922807944,4.237453412814001,4.763924079344617,489851044.4996757
2023-07-21,4.751119190840714,4.758142819800092,4.659459683674688,4.690100684225854,828087736.5635672
2023-07-22,4.6860027427158695,4.836468384003418,4.679955932362913,4.828474878076081,573562851.1309917
2023-07-23,4.812025108923849,4.9834940222916595,4.8092820370687805,4.974027986243336,413458165.4728555
2023-07-24,4.985010786078578,5.300977319492788,4.841584408992455,5.153956530920595,288900886.8468558
2023-07-25,5.1735755427867005,5.208132778849001,5.169224701423728,5.182131120733426,211688017.767474
2023-07-26,5.1858765084170075,5.205482324022165,5.010823165352871,5.045669250853591,1132947832.5641356
2023-07-27,5.066526553661755,5.3966566645697,5.052488234185605,5.337340723344914,663551658.6028843
2023-07-28,5.364423380946368,5.368431122405784,5.3337159272435155,5.337024682273387,714050351.4481362
2023-07-29,5.340699306995635,5.832636943382209,5.179563471586641,5.592911726938584,765473544.1422204
2023-07-30,5.587018995795437,5.592672258266172,5.561150762133449,5.563193416036515,643018938.7792791
2023-07-31,5.559106999153754,5.819178902967296,5.54897622645477,5.775143275549315,533714000.9357099
2023-08-01,5.76707109523224,5.796538961605266,5.214991917512088,5.475277015967592,628778996.3779091
2023-08-02,5.468468952852258,5.6699456379733295,4.913449868662872,5.204480490556353,1075892792.4652736
2023-08-03,5.1817167509830995,5.460695318910521,5.1160577501896904,5.426889326861902,509503979.79308766
2023-08-04,5.396554132406295,5.626471977325616,5.348812595140925,5.6027819521439834,380169872.0711413
2023-08-05,5.619991135083798,5.627899511091487,5.581326957430336,5.611733660215413,628151459.4366634
2023-08-06,5.624727783012778,5.876581003655257,5.394237380988401,5.789497855899577,517075655.6782432
2023-08-07,5.813934413621938,6.0726732899242695,5.591594237300755,5.59437393509152,575642477.2610586
2023-08-08,5.57620268924758,5.77784538269715,5.544748670508756,5.764907279405553,480149117.0879548
2023-08-09,5.749055262286589,5.971671043619183,5.739698931197393,5.943344646672542,617693767.5723252
2023-08-10,5.911870370278028,6.455414498716369,5.8635428720428155,6.162638993845166,1067614587.3245424
2023-08-11,6.174544278575263,6.26600249742221,5.720288809577273,5.816539455434261,483506628.67144644
2023-08-12,5.792030509760691,5.850262768590404,5.562807533607525,5.568899761464957,384424630.71352684
2023-08-13,5.590848391338884,5.849051788120951,5.488023747559766,5.788602795753217,409501125.65557456
2023-08-14,5.783037563146279,5.896465371845287,5.478682437509855,5.512379106449114,658448405.1401616
2023-08-15,5.5283036646382975,5.581795230682977,4.9979564858687375,5.1016819365977675,1087151904.4288213
2023-08-16,5.10994808746621,5.1609937733765525,5.0259221348704575,5.061969778504166,464251009.7820405
2023-08-17,5.051332215997051,5.360951334665083,3.961993347602985,4.015270310479946,1029667287.4880772
2023-08-18,4.008888933007327,4.042526236821605,4.001434235366928,4.017462357169937,427109544.1996153
2023-08-19,4.026687218954852,4.032904014764041,3.9704356900815987,3.986183304914461,450413309.5593304
2023-08-20,3.98660465864459,4.04290957121321,3.967462639380701,4.0410777258336745,1710617060.0059798
2023-08-21,4.021903723094306,4.134591726249859,4.0186512726329155,4.10318516714338,525704931.1715154
2023-08-22,4.096974277912264,4.226267143886963,4.058135932893041,4.1793710401726125,209218380.40591764
2023-08-23,4.194464199109524,4.408146559702642,4.1389386800166115,4.361203763510295,2008177087.028151
2023-08-24,4.350525226047552,4.528465040080127,4.334029353068869,4.4956138098779945,546140155.2010669
2023-08-25,4.465303950482006,4.544201922647919,4.383692415846197,4.543973955939579,383209055.3061027
2023-08-26,4.557233706244536,4.619868839659794,4.435626789095079,4.475216755980717,643731945.6654328
2023-08-27,4.475529184699851,4.579174898298526,4.429775579830844,4.566956059280793,1124266655.3120158
2023-08-28,4.556102549563471,4.5826696640259295,4.466797723208276,4.47514929124982,328898477.1837009
2023-08-29,4.4782012846431485,4.508907017426516,4.4781363815965465,4.483017565905539,618939334.0192173
2023-08-30,4.465014500325861,4.616730631435182,4.390754033801661,4.597758618450111,808343014.848097
2023-08-31,4.618023508847716,4.62993058670959,4.583704160678107,4.595745020748394,302391162.81929195
2023-09-01,4.596904665055052,4.607700320023066,4.490073759415491,4.496460128933805,807974253.7679853
2023-09-02,4.497330450896911,4.646427476920575,4.4748388860234565,4.610804510505594,435861556.7481769
2023-09-03,4.6133976546162385,4.683468640608126,4.215349316599138,4.234192535062839,861369601.1023662
2023-09-04,4.233346816992191,4.233759623464358,4.204071824875812,4.213501718470183,293275692.0935571
2023-09-05,4.202151012242587,4.227110113627449,4.129088912937497,4.137336040023013,648658489.2894086
2023-09-06,4.165307380908254,4.604602313916677,3.646749114013507,4.479081307793541,1184900486.2884982
2023-09-07,4.483024468401466,4.49811706589469,4.344900903462192,4.405704948205293,465294989.04548633
2023-09-08,4.37618097594732,4.673019088381817,4.3688443172518365,4.59386862346455,883297424.5905198
2023-09-09,4.592554081325424,4.638143235646218,4.387210198119294,4.527122159576622,902438387.3157631
2023-09-10,4.529469583320604,4.539287403277305,4.526139915587502,4.534562734543363,832635261.1799917
2023-09-11,4.524635678002271,4.669515463564134,4.183522504432249,4.252075264717901,297281427.6229884
2023-09-12,4.23991629092961,4.310840479083731,4.235304631893708,4.292220338126476,381349517.01956624
2023-09-13,4.286143450413033,4.594838697440739,4.260320113426056,4.547384699326193,462936663.4581313
2023-09-14,4.559967668795086,4.567200900074652,4.329579133853133,4.365996263067425,439645568.272221
2023-09-15,4.371417192503776,4.3868428271976425,4.116732977447283,4.295362924991425,648321989.732512
2023-09-16,4.289580463666417,4.518407013454546,3.886338104302981,4.024056597406613,178087389.84613287
2023-09-17,4.028721432099906,4.049128375989103,3.84243590438348,3.8757353027263237,512685914.4766667
2023-09-18,3.8848049128416213,3.93085421707069,3.630208159483765,3.687549199593263,495075069.07864267
2023-09-19,3.677096726872204,3.6968918715114323,3.2583098266071615,3.2658737196554664,1045657726.2854302
2023-09-20,3.26630672137462,3.2728133537718302,3.0217840428101064,3.1291628491807693,686380678.1120901
2023-09-21,3.144246286590299,3.148773330604882,3.0182108708469704,3.0279258735224555,384415917.91373026
2023-09-22,3.036649026566234,3.165201669654762,3.0332795527093883,3.102563248028685,291676108.5476719
2023-09-23,3.1003430541291617,3.13276167605656,3.012115850767833,3.033202690675066,391888847.0519565
2023-09-24,3.033265403629613,3.052037177455139,2.9123120826989366,2.920081083509937,362535186.62529486
2023-09-25,2.938690255882499,2.997055534176874,2.8783906128085586,2.8937116964573595,1282276240.0523295
2023-09-26,2.894422023257466,2.977032217837308,2.8737565088621815,2.9387100245715856,984239819.0177191
2023-09-27,2.9471070690976995,3.0601170943602867,2.9369415257814966,3.04533873161803,702578708.2169744
2023-10-01,3.0365135040320386,3.3039071256097716,3.0187261492715756,3.2507344632460122,761093539.5576414
2023-10-02,3.2506072424912467,3.5222708973273558,3.18758319151437,3.3991321996865715,516307026.4745452
2023-10-03,3.414586697119365,3.9169696601694586,3.3895475155210923,3.72537782689451,1807117037.0612063
2023-10-04,3.7173033214971882,3.7181321915128307,3.7148701101520305,3.715257224613989,412806447.7444101
2023-10-05,3.710695956077054,3.720945578876371,3.6616622188755774,3.671655416799871,1296580437.9823964
2023-10-06,3.678998737960168,3.9745641446954134,3.599088277931159,3.946520393189561,314692842.6915765
2023-10-07,3.9496389252483137,3.9717812292469654,3.7092696450180136,3.817901154504775,1005779824.0980896
2023-10-08,3.812227528915094,3.8148620293804205,3.6216646522071523,3.6846508573138657,1196247658.7711499
2023-10-09,3.6728429767276802,3.831811911024127,3.623420035684032,3.8089684567131012,895110397.9105861
2023-10-10,3.8201967607311347,4.101581575302295,3.745719830104277,3.9997154128136176,836792623.4281526
2023-10-11,4.023836383372546,4.024560785560481,3.91245490839783,3.9427841739483793,1023785225.3970687
2023-10-12,3.9508529233737004,3.9520687794066625,3.862720322456617,3.9157127195231296,241655479.89571816
2023-10-13,3.914339776004974,3.950936318520389,3.7132533218958614,3.774951693997773,1016081860.5340815
2023-10-14,3.766588534822965,3.7920744085671716,3.579126283565315,3.6627648175217127,698754346.0333709
2023-10-15,3.6564296926513937,3.7865457968502305,3.630801773638481,3.780309737548229,430356042.645101
2023-10-16,3.7701161342393865,3.83038508733233,3.7670943701466015,3.828946822775674,417074789.2761815
2023-10-17,3.8479259816975904,3.868392008095596,3.5127212108588726,3.559773500758935,419671674.71243423
2023-10-18,3.5541947950179122,3.6162117218055685,3.551688011177742,3.6041843597701857,921382914.5154492
2023-10-19,3.605064045769055,4.0179721400155,3.593156937651368,3.7541895949782966,509220951.2227955
2023-10-20,3.751754669135598,3.754646232765619,3.4906383152520903,3.649691023696321,236845146.54021367
2023-10-21,3.6471486782918348,3.6928780539349018,3.173093729768359,3.206593221928544,253089153.4649704
2023-10-22,3.191297009735138,3.5638508746123017,3.170316226371477,3.452264493923593,1036867759.6630647
2023-10-23,3.4489103635463816,3.694666569835713,3.3572382887954606,3.667540825261719,434773863.4294859
2023-10-24,3.6471133735816403,4.106830672389828,3.6359688300493858,3.8640872978733456,711203147.4145604
2023-10-25,3.8925192623486495,3.8994074411405366,3.713137510118564,3.721439527050063,781351729.9529377
2023-10-26,3.7266832704062165,3.766659618848061,3.5890617009009103,3.6012896800684997,305387477.3363853
2023-10-27,3.60164721398327,3.6635795977430665,3.4412009789558304,3.50394875306347,1154141052.9932125
2023-10-28,3.493909634830665,3.5752522679764094,3.4924300913479907,3.5601784999440844,882411036.5510654
2023-10-29,3.54982083577994,3.8295885241613474,3.549375436989296,3.7665552473878336,768971798.0055633
2023-10-30,3.763962545034582,3.7936176272545743,3.683464961494553,3.6942211938283016,1214485611.153781
2023-10-31,3.6905676595144215,3.701689147336178,3.2837347121634575,3.450466761060706,184144822.1909067
2023-11-01,3.4544513076107024,3.8610163435348204,3.35724033873842,3.6268560236210825,387543853.30353844
2023-11-02,3.6374911452218486,3.680119678645246,3.602934099146862,3.6474854300328854,953107801.5761893
2023-11-03,3.6508109859732785,3.669113980345345,3.3752287570625494,3.4772782984590402,811869482.1761724
2023-11-04,3.4865780993424313,3.7746420516243773,3.4221268421350968,3.6689299561827484,1029502759.8221902
2023-11-05,3.6702465635454486,3.9667925552086802,3.6011484308647805,3.9092675052035113,774150715.6506145
2023-11-06,3.9042304994822308,4.438347700200122,3.875191063978806,4.353690480745464,458641913.45884025
2023-11-07,4.346014271512246,4.682500132488655,4.342802118271928,4.530032477631651,734464840.2829708
2023-11-08,4.540981536108199,4.843128941840003,4.519699036507758,4.7945397148999405,1051234646.4078268
2023-11-09,4.824728125440628,5.080252361508491,4.41538438508225,4.498460652853193,391514292.97459733
2023-11-10,4.521175369195954,4.557749123096658,4.117688547758971,4.166324070906183,429701741.3376857
2023-11-11,4.162829808716671,4.624981468980789,4.085243601924446,4.606994935807067,1030388337.547832
2023-11-12,4.615850679213209,4.6492185823706755,4.414188105969018,4.427741742621937,408685911.2434002
2023-11-13,4.42897601230808,4.431679933772363,4.415006719732639,4.421068796664527,448748190.8092544
2023-11-14,4.416773268157615,4.984506777027892,4.323437015353138,4.891727184293849,549105319.9582238
2023-11-15,4.905009489466146,4.914153788344429,4.89735718031392,4.907800623099735,1684310829.1834571
2023-11-16,4.926084187893788,4.945923716345599,4.803585869350406,4.80835848596048,869899561.9833709
2023-11-17,4.846574159169038,4.921659916414321,4.815564485854591,4.8763390491837715,364501906.31847
2023-11-18,4.88698908916683,4.914660537615733,4.543538234282571,4.565491650626293,825470480.629144
2023-11-19,4.560512810227831,4.608577702289777,4.5159373899316115,4.592582540248069,291021476.53763676
2023-11-20,4.614341954775109,4.6773980100327455,4.608878463749626,4.669796525012393,162400932.9547338
2023-11-21,4.652290350216456,4.663989211314922,4.491329748243805,4.5165190739677135,304243355.2748205
2023-11-22,4.512309009068972,4.948625114630343,4.441000193472976,4.809763893734083,444749439.56228656
2023-11-23,4.793637094978198,4.816547477115418,4.623172585120024,4.653498900940423,363697507.64617896
2023-11-24,4.6722871332214755,4.694884770988404,4.605933990888263,4.630061119695863,491931457.6654634
2023-11-25,4.641432688015765,4.648458643920157,4.3653565588964485,4.391340994675894,667769802.6289402
2023-11-26,4.377012065758442,4.443091910404227,3.9147954720643225,4.035905149793589,858217522.26083
2023-11-27,4.0534903683113095,4.054806595445519,4.033986660415984,4.035818633070074,257755416.09110555
2023-11-28,4.049523051754976,4.356890404034393,3.9144960135565965,4.343000373718203,624508301.4005189
2023-11-29,4.333493829762593,4.340076887847837,3.853482729505104,3.9708283825931954,571418381.0963124
2023-11-30,3.9685931475400196,4.273644950041824,3.96628225088728,4.1035872602548435,488496881.2763919
2023-12-01,4.119326633650849,4.772890408324442,4.056774978719006,4.386649070781199,996523172.5879911
2023-12-02,4.395046376616549,4.530503607230922,4.362152190255937,4.506216938174654,673456175.1123358
2023-12-03,4.521895778899447,4.919023151486372,4.478321893364664,4.814497356867461,384840863.35044235
2023-12-04,4.803135679045146,5.225353746031735,4.663276222252253,5.07981256421425,578368442.3708559
2023-12-05,5.077597579640232,5.191911234262707,4.994717655028294,4.999537582895699,833608751.0798177
2023-12-06,4.982410084825159,5.539789893447273,4.980314922967169,5.487071243783499,1640234590.420974
2023-12-07,5.504932070186269,5.614822316176915,5.499362590440069,5.591525411255059,638918781.8554957
2023-12-08,5.585752035369306,6.05000008192883,5.520469209640694,6.002550479802986,1083544972.2605326
2023-12-09,5.983426150534115,6.4510686426426185,5.756113519552854,6.203202429651451,603544116.6367438
2023-12-10,6.178931246818389,6.7298273356224145,6.100306078598241,6.678020805347395,758917605.9089136
2023-12-11,6.678869310412768,7.450232348722501,6.649917299808497,7.142546085703554,260268705.74530348
2023-12-12,7.130561381108285,7.833292369411755,7.077479847035505,7.822041751945503,501081587.9367851
2023-12-13,7.823594374776125,7.854862334378196,7.621499898441718,7.682440499306417,169840783.48434132
2023-12-14,7.66650409519386,7.942900103133655,7.076510985799201,7.335360103331491,962646973.9326425
2023-12-15,7.3484684899944845,7.459301371796172,7.3459489678084475,7.45637992037595,318599342.84503865
2023-12-16,7.454885796418373,7.772237106992424,7.442587525096038,7.752286261724229,431391329.51394486
2023-12-17,7.785277038401919,8.615945583570813,7.587625666997715,8.473745061318704,423852384.50810456
2023-12-18,8.49584190044579,9.00777579794619,8.173473950955866,8.911555165256487,507969559.42050505
2023-12-19,8.88166648673689,9.00248896007359,8.637748375579319,8.692877720053353,711763402.2238262
2023-12-20,8.626673815904189,9.587450102842176,8.491320570831768,9.558122616350467,564355578.729361
2023-12-21,9.627015745402542,10.284857568217893,9.426153649741677,10.23610222101724,1075130201.7802882
2023-12-22,10.238938903098864,10.245436090906148,9.755517040761534,9.907189435345328,1847557492.9877775
2023-12-23,9.859423132997026,10.68236511197151,9.728603555223172,10.674453120063943,1367509942.7375367
2023-12-24,10.768882833588126,10.783425705627241,10.059452950416679,10.214004308165428,1076476911.1419683
2023-12-25,10.184037231098308,10.845327430842383,10.15067787885207,10.712717575581117,831599724.7778478
2023-12-26,10.760757125412441,10.76713850682726,10.709230192769393,10.740836904614238,813310577.8931464
2023-12-27,10.754044893710798,11.389766564575831,10.557770900617234,11.22571349242357,1076982456.169608
2023-12-28,11.23688103599593,11.889529295603447,11.141063376759313,11.472609070214531,241243999.81455973
2023-12-29,11.485714414571117,12.435240293139753,11.484776440567352,12.147535634826017,406050027.68863034
2023-12-30,12.11767104752948,12.833137399115493,12.008855613150802,12.66245602175834,805257331.1920931
2023-12-31,12.577468229647943,12.586186681130213,12.130157572777518,12.405776101003704,700971130.4750942
2024-01-01,12.418636244288376,12.821216020641074,12.323071115910112,12.731447869760949,611054396.059773
2024-01-02,12.725870503134404,15.399735956863763,12.1656529799695,14.003888375152231,501942641.3614272
2024-01-03,13.98577508602196,15.125931184698704,13.940165142540032,14.979481098916034,1250097402.821296
2024-01-04,14.996625180042876,16.195005439994855,14.777804617538147,15.907828183556662,877845403.9469267
2024-01-05,15.910482909713538,15.99178760906318,14.979706530078428,15.060451310153756,395992623.29162204
2024-01-06,15.0910208847968,15.138122309783265,14.695399170147846,14.810480265963648,482650562.2978602
2024-01-07,14.78706717224956,15.104856735798515,12.41950279716049,13.535288977274226,535655784.4699232
2024-01-08,13.533013477263124,13.85977795045137,13.50266519405665,13.854143502975711,909615389.2442627
2024-01-09,13.83054344178657,14.679758730543048,13.633679509941848,14.65872058275569,253725655.80122456
2024-01-10,14.662990214463473,16.10578400296469,14.153179180646811,15.619937300507079,346443522.223837
2024-01-11,15.652715640813872,17.367856505133744,14.95060193104865,16.67954841257559,665820310.8809298
2024-01-12,16.55047449021873,16.68570019810683,16.546398460816764,16.620550877585654,831614318.7427995
2024-01-13,16.638435898790544,19.73480066374448,15.761053002482626,19.626364699359158,545353736.8626963
2024-01-14,19.55847110892363,19.961766283625106,18.69061161141284,19.00853032049993,284504172.72760713
2024-01-15,19.041060819009807,20.545230078128256,18.599089009860066,20.218199508511965,848243532.5018998
2024-01-16,20.161949496941983,21.316767609939127,19.935632276696246,20.83916332182507,791224490.4713792
2024-01-17,20.705922901637777,25.402254726237594,20.524110247030098,22.690186200514237,859731864.2754332
2024-01-18,22.670161854959954,31.88312865503855,21.202745726570317,26.684444765168998,804201046.5291541
2024-01-19,26.618568186201,28.341294289596174,25.65659005254883,28.16502706414995,280339897.3245368
2024-01-20,28.12739986162962,28.61028283690154,26.94643980901379,27.50387723666975,248352261.6549458
2024-01-21,27.531417300433706,27.550676220309683,27.30721414563755,27.34268737439057,563009484.0868889
2024-01-22,27.425416735897837,30.121491948868485,26.674322686191978,29.51100772818365,348928011.57923496
2024-01-23,29.57541987379274,29.656380806195166,29.572165158729696,29.609917336190826,783504852.2809583
2024-01-24,29.45537397308,33.86701508495445,29.00972617451661,33.334703625809205,447426973.5025008
2024-01-25,33.297839648068724,33.46490349966978,32.129061881419894,32.295656671963975,783945069.3081663
2024-01-26,32.17726083393193,32.486128392433194,32.17528102431075,32.32900941667219,511273421.3736781
2024-01-27,32.255305062293615,37.29356031717534,32.04708060216482,35.71372823211193,1720301488.5779867
2024-01-28,35.69748433138219,39.18921917032702,35.05672361609603,37.3622651015157,452590255.5905228
2024-02-01,37.521327920350295,39.938854010657046,37.44567915479138,39.865419017461534,634191082.7105204
2024-02-02,39.82843590108712,43.41605371631879,39.551623606592855,41.92602364802783,997795488.6422814
2024-02-03,41.753636370115096,41.77913053299651,41.74767012071789,41.775051296541896,297788301.9143319
2024-02-04,41.61321146556553,42.280151451563924,41.489873048871196,42.27835892116736,546952183.2270932
2024-02-05,42.38578795401992,42.439610747047304,41.75116855638373,41.927747975754734,565665456.2279276
2024-02-06,42.057376668834344,44.54287511253287,33.98574281082058,38.37344498490463,376045584.8794096
2024-02-07,38.26422215781968,43.548733765594385,37.83911008026008,42.73713516592534,285793319.79304427
2024-02-08,42.7432593154768,46.471394288256974,42.331090104693885,46.02021019362384,501059693.5539781
2024-02-09,46.21713619326169,46.78261548122804,44.26159875757379,45.30817568381142,219752863.6376659
2024-02-10,45.29723942892318,46.84243782089567,45.2172224723802,46.79362046017581,504057721.94807786
2024-02-11,46.48159344753076,51.03442309573104,44.89237578334118,48.716950965581226,639167372.9501141
2024-02-12,48.67428148345713,49.84907599532699,44.34340207091991,44.77770834844688,1062168355.0818697
2024-02-13,44.935285549646295,44.96203289158951,43.977243509868735,44.276343102355504,886458772.3281386
2024-02-14,44.369752440873,45.173762439391844,43.97909709697556,44.830284980885764,1277357228.5375674
2024-02-15,44.77382736086639,46.2861383503742,44.759886883599606,45.709932919380385,626832836.8488684
2024-02-16,45.670110259821094,46.50845272650676,44.76600387598569,46.4347999480872,449754594.68682826
2024-02-17,46.16849922973147,52.14783119139711,45.781572713102136,51.5770016402216,457929914.502331
2024-02-18,51.46373748863583,52.07639002011927,51.43377864290608,51.93568962173861,637862032.2202978
2024-02-19,51.86339306928094,51.87381270113772,51.03010790761203,51.09383358008194,899758971.573498
2024-02-20,50.934978847317716,55.13836052318925,50.89021217449462,54.18264284117176,570423794.6960219
2024-02-21,54.27210306840133,57.54255493564571,45.41917640872745,46.59976846964135,277916226.7729358
2024-02-22,46.60059034631663,48.12640555146234,43.56978389219405,43.65437995501817,823649689.3776901
2024-02-23,43.517627872554456,48.631909626435316,43.479148245347936,46.681588720569415,231854053.19020882
2024-02-24,46.564865033467605,46.64426904661351,46.546226010511695,46.628001060259976,314214592.75947803
2024-02-25,46.57435500238442,47.12429365221095,43.742452728700194,44.78876753199089,494087756.79100925
2024-02-26,44.835069274222164,45.53791606930708,44.07804562159209,45.35031353110547,592355666.5451845
2024-02-27,45.26352177196513,45.87679311541184,40.26308538385145,41.27904903370323,727512465.101609
2024-02-28,40.925091736685665,42.12432692309355,40.69617071164166,42.12238684786899,960375514.537087
2024-02-29,42.0124311334596,42.03505805499929,41.710197871753216,41.86642328144631,428626899.8537433
2024-03-01,41.78121283889361,42.2372346216551,38.44094741116274,39.64837408497206,537368194.9395938
2024-03-02,39.690244936785156,41.730847939600025,39.003083600285,41.59530620472326,598281643.5536604
2024-03-03,41.46982084009483,42.368340314680495,41.33659764651104,42.354433680853326,458091900.5017118
2024-03-04,42.29424997955853,46.44007974843319,42.22923144578572,44.683249457484585,527937553.7992066
2024-03-05,44.442960630469535,45.732622102511755,44.17515125507009,45.702811048257104,243755194.1683312
2024-03-06,45.656912973433094,53.945241929944004,45.25966222685306,51.3841493334352,549743601.5797762
2024-03-07,51.33713593685271,56.28847463300982,51.02120366274686,53.93222802448203,1093048211.5705187
2024-03-08,54.07871129750158,61.71588785187815,52.88099310209995,59.80028934447549,759783939.9668812
2024-03-09,59.823156493049396,63.53303225492822,59.129111590649444,62.802860805643064,483990193.582553
2024-03-10,62.66385326661416,64.20372539636251,62.486966485552934,63.67103268176785,785982286.7128516
2024-03-11,64.01334054863999,65.10738456985094,63.03916249168507,64.78585474471701,174594949.15922895
2024-03-12,64.5665496639766,69.66034068971487,64.201177440941,67.64311197078861,1134354010.5228279
2024-03-13,67.77196061726691,69.56817108092525,67.70408887306708,68.87521675851889,665494085.9056838
2024-03-14,68.88238781489297,69.8681284601716,61.99954691597373,63.124054668984684,1343580148.2454407
2024-03-15,63.07366688205636,63.13075575718552,62.26969626275319,62.504057143509435,533213017.5144956
2024-03-16,62.51177956713411,65.02727828395102,55.518190301959955,56.20938972503231,915999140.773467
2024-03-17,56.40586918691482,59.30027584545713,56.26774965858331,58.899501592987406,2518071217.4056206
2024-03-18,58.93782492691359,61.14258588020929,58.91770917910803,61.02637808593641,1156892437.5738335
2024-03-19,60.86989977183275,63.921974207862085,59.75215125641758,63.59111732597167,413278767.8608828
2024-03-20,63.66120439733032,67.31330387851288,57.331441360501074,59.16780246385469,467909960.8000552
2024-03-21,59.098913305854694,59.10651295020355,57.587075554148946,57.938606301134925,801665786.4711951
2024-03-22,58.025988989214646,62.285813159378584,56.19023346370473,60.87314403340067,524388325.90799993
2024-03-23,60.5953172069338,61.467846940025,60.3991850708939,60.71452637516779,995945322.8664256
2024-03-24,60.752281993343836,61.08107389097247,60.24304131733116,60.250665966387686,1815502762.3747108
2024-03-25,60.029324326310935,63.426811015923555,59.98173007181534,63.403122394706955,315455725.9350736
2024-03-26,63.6713230059412,71.21963342935933,63.03191212745092,67.63563054383695,421768646.11055064
2024-03-27,68.1328595338188,75.09783226516836,67.41746760801364,74.32741755357996,641074748.4015237
2024-03-28,74.38369652646463,78.57785531234036,73.67956846392511,77.88327026375927,466945658.6471013
2024-03-29,77.853345162749,79.85672690408481,74.19600322540366,75.48162683775126,359240792.23990434
2024-03-30,75.86977401701664,81.50125333167183,74.18859949054773,81.11534692145027,261086097.42828304
2024-03-31,81.13493651638746,88.59600991383031,59.02037245213006,60.50974951871384,516691750.2853755
2024-04-01,60.514749567301465,60.62344666498643,59.73815305829741,59.83912218780855,476031036.16980207
2024-04-02,60.032741717189126,60.498557755736805,54.49756772784972,55.9545142000764,469244833.626097
2024-04-03,56.14954645375898,57.879077205491825,50.89170892935753,51.05767901996267,916920551.6747619
2024-04-04,51.00358028884854,51.66527753214977,48.21935864219533,49.6146062396176,193543371.50707087
2024-04-05,49.218395898800345,49.57028050141052,47.80757702758423,48.110163361859456,371590079.1343184
2024-04-06,48.320841627328754,58.40069100795419,47.45869333362809,56.747300893461,635471153.7510942
2024-04-07,56.518054274635325,58.003252805321665,56.149444355791275,57.951830961322216,274993163.4467053
2024-04-08,58.162293350782875,58.419977098788685,55.81930607345128,56.95027123081654,266814126.79443544
2024-04-09,56.93155281720474,58.136766037733125,56.91435664141002,57.99126801459179,801100062.9867864
2024-04-10,57.79484086624247,57.8165924079388,56.638280363684366,56.86137755002255,468509114.43253195
2024-04-11,56.8609695913766,57.19706615868687,53.137610291423265,54.80678902782759,318694478.88500535
2024-04-12,54.72633065860081,55.19982621541399,52.098013173260796,52.65010949909748,572914688.8794384
2024-04-13,52.68159458021815,53.608032431910296,52.51876410105498,53.52884846918098,473054695.21312666
2024-04-14,53.71806322569863,53.80842510895436,51.39463856269442,51.99378843018532,721502967.9361835
2024-04-15,51.77328285838977,52.74978207022507,51.65070851597127,52.66850514812817,353731533.3885001
2024-04-16,52.82374050492987,54.780466960752086,52.589626236092876,54.452988861478865,389469895.6027272
2024-04-17,54.42317065976266,57.51022801029842,54.037780344825485,56.938657168459955,406380604.7507903
2024-04-18,56.5290294757364,58.459041121056565,55.97725176913127,57.94880227084533,381459693.7638633
2024-04-19,58.0160349061187,59.17601736009696,54.33204293744995,54.58095007258232,431613381.4596898
2024-04-20,54.589819228153125,57.479428394419,54.3310809269668,57.220741671085335,398041310.63368565
2024-04-21,57.36602299266018,59.0009074623613,56.64644510159874,58.80817904622033,657931381.0539532
2024-04-22,58.690842976813,58.76681663471057,57.94017623847932,58.25972497624775,304961357.8288731
2024-04-23,58.5910222655168,59.20659108672283,58.548167703243074,58.987399970452465,869416912.2583319
2024-04-24,59.04601909639432,60.097855882699946,59.00637443007905,59.75602667093647,743959123.066405
2024-04-25,59.658508372177614,59.67886173956568,58.083159725409935,58.23789152806845,810141710.3156849
2024-04-26,58.548068975998724,63.50077376174624,57.81019017793406,61.388882899315384,569186704.2351168
2024-04-27,61.43505404967063,65.08374792983928,61.182559012295414,63.52756527392497,1334015690.6047807
2024-04-28,63.235434016506204,63.92198658814654,62.89834154156128,63.766728221565806,1174351988.6495647
2024-04-29,63.75965406253793,64.73154654376248,61.20194951363737,61.22353970023386,707971853.4751778
2024-04-30,61.06536555220774,62.27900450095332,60.983432344846356,62.164413519109466,753579519.8516405
2024-05-01,62.633332805755565,76.2931003884888,61.945982864888734,70.62305983144016,311640775.3765521
2024-05-02,70.70535693548933,72.16773378002321,70.35280054718274,71.66173371155988,864262948.4032906
2024-05-03,72.18038811993544,72.77986626267757,69.53050833952442,70.5441104648242,848289510.0663738
2024-05-04,70.91164762659852,71.41977759995032,70.244150704275,71.3656425919199,166749698.9512243
2024-05-05,71.48061354671187,72.6012751077991,69.3732002856516,69.98068314802276,483986395.2412676
2024-05-06,69.99658259122597,83.89095960514952,67.58749121889838,77.38080494115889,774905926.4296854
2024-05-07,77.29087066194386,81.17472007852506,61.832479051771514,72.16726942281542,554573065.5384591
2024-05-08,72.2604823811458,73.3313025104613,67.6718871293384,67.72933881466373,204423209.16364205
2024-05-09,67.81731631435633,69.71509303645065,67.7861164516652,68.83409894466227,271821626.7430974
2024-05-10,68.9347990507217,75.58221971008152,67.67337608206157,73.87808969416972,395730180.9647249
2024-05-11,73.92439980333465,73.97103718788,73.11646749245567,73.18338322914452,656500247.6977993
2024-05-12,73.77469696587681,74.34898963290945,73.68169310589259,74.29199379544656,497249157.88428956
2024-05-13,74.11392950384074,78.97613557713878,73.0002776324909,78.95301288609602,555324455.6843543
2024-05-14,79.25456525622003,88.78202918279577,72.14016148062227,87.12162996818348,901612201.307698
2024-05-15,86.94142957198679,87.35189558818193,86.78826972364503,87.1274699274304,853026989.9455801
2024-05-16,87.27471013013253,88.98404510467732,86.91109630424178,88.14531409433431,259105192.642727
2024-05-17,87.89813840069928,89.35098535269114,86.36953704835845,86.6012960074282,603703474.5285034
2024-05-18,86.62676313786329,88.83851751546814,86.41766325025947,88.8298941937047,598652940.5154918
2024-05-19,88.45950016137552,94.92902727769064,88.30147099148287,92.79566697108781,611796067.3541481
2024-05-20,92.97801496668234,98.19025012867803,91.8142454204005,97.6723507941418,342854674.17534345
2024-05-21,97.76945313543138,99.48679602236335,94.03539984511363,95.9237803747834,813282256.8242459
2024-05-22,96.12984702335478,96.8826092408602,85.92684054046211,91.82991620036141,255519048.30356866
2024-05-23,91.94625510971481,92.0901578596495,78.61452497257613,80.39261241260365,1084317468.6944404
2024-05-24,80.22719933333468,84.25437606665237,79.51649475482088,84.06509634934986,1332798254.9340365
2024-05-25,83.84857396245553,84.01783570868119,80.01462649345606,80.5956942074779,536667622.9136216
2024-05-26,80.71470193043447,82.4602973144238,80.2809673662995,81.65742959308787,265900521.6688265
2024-05-27,81.31216163643889,88.34263835441965,79.91799336752203,85.36728482152682,553219302.496944
2024-05-28,84.96742043710374,87.41183620468615,84.77215865570342,87.33644679411707,631612279.5513273
2024-05-29,87.37265860525768,88.90081930709755,77.05993545521295,82.2914725330464,363588642.4318785
2024-05-30,82.34580383784542,88.58075709004503,81.1265634293352,87.81641023787536,472389047.4500322
2024-06-01,87.7611503788755,90.68532740479134,87.13951129046382,89.93289377310246,211684844.7221797
2024-06-02,90.03000372791314,98.0240240705258,89.15571186518912,94.64077586159152,341079471.8599152
2024-06-03,94.8014074823036,98.54735784625188,94.24752892704626,97.33810991869993,517793083.7923253
2024-06-04,97.54400494407307,99.50507275124478,96.84606284858954,98.82094968450046,585235293.882252
2024-06-05,99.09529562005234,99.46908874143332,98.92991122310131,99.46613540959544,399225550.1104853
2024-06-06,99.64907158242931,99.86528858563463,99.07775864726143,99.07988817037638,925471407.656983
2024-06-07,99.06401752155894,116.29521609951404,97.93229218943671,109.70914146131341,684456535.949197
2024-06-08,109.43605432638586,109.80225806933137,107.97084587081727,108.48572100855262,315274211.9205931
2024-06-09,108.47135689047306,111.33590433924753,108.06223952999325,110.92052631362861,1149805335.056481
2024-06-10,110.94661771862467,114.72431925303889,110.29872477660594,114.1820169983247,643409686.0780373
2024-06-11,114.89364895861195,121.41537134350843,114.61810217154809,118.7687620373238,637598557.9268644
2024-06-12,118.78126417198601,130.20064800825875,118.63580685661836,125.2212546298884,559838549.7865379
2024-06-13,124.72407596801615,130.302142153867,118.19736730286941,119.44404896473999,839323086.6686835
2024-06-14,119.05866278328205,121.73108564556341,112.89022008393373,116.8739950062748,577650790.3952633
2024-06-15,117.21482844556077,117.39710504904278,116.41331577477011,116.92987287659534,1143168574.7570915
2024-06-16,117.37263551878692,118.70074700054253,111.95550446474451,115.30973110332062,530316364.8578354
2024-06-17,115.41327873415426,122.29372552795338,114.47678155602652,118.34581234482609,507626920.3236172
2024-06-18,118.46769642014512,118.5343053182367,116.68955521437078,116.92380062985522,792464621.1559145
2024-06-19,116.54821006634248,116.62082975378668,111.96700705914489,113.0669030646945,574189288.435146
2024-06-20,112.80105651053817,122.48458020856813,112.62840598598007,121.10710572800313,488430838.64335316
2024-06-21,120.92648963203436,121.39571486928818,120.44567333557528,120.4645040160993,616067662.1371961
2024-06-22,120.74251853580945,123.01988956329662,115.45166026517838,115.82722910385773,560123010.5046442
2024-06-23,115.25187389070794,122.21656585079567,115.1687268707655,121.57837578320846,323426311.3815997
2024-06-24,121.61697735983046,128.2688942802664,119.22217466017464,126.00117655198238,853186000.0095016
2024-06-25,126.70849605909085,129.0508036371773,125.990181217084,128.61227330287704,990236675.0239537
2024-06-26,128.29239790260968,130.8639843331986,127.83461289556003,130.3101777319761,484367919.4772975
2024-06-27,130.17307269581917,132.61318816935201,127.64247543563957,132.41366166616794,379969393.4592586
2024-06-28,132.2050748317248,132.77776100592988,132.10822424544313,132.37053913926567,265306497.524401
2024-06-29,132.74896395379065,146.54133125744747,132.6424252592038,137.33373280479705,261383860.37329814
2024-06-30,137.26185712579968,138.93597380829624,130.7036652323497,132.9996644376291,414857661.4934412
2024-07-01,132.9259407111061,137.00219495658567,132.1109698285189,135.9395719236066,711611603.0331494
2024-07-02,136.0771014692218,138.0882297126359,135.77576795337217,137.5370765497456,1328920564.56094
2024-07-03,137.8268630182166,141.60905682376594,137.30716031063096,141.3967269686534,211338533.99973416
2024-07-04,141.48404041285804,149.06768283168114,141.47376386083025,145.01536644007984,302268024.7287233
2024-07-05,144.5843168592943,146.38244279926857,144.3956259164043,145.1053618918235,493217281.0131541
2024-07-06,144.97760806900297,152.15863812083205,143.9158710847465,149.11588328694495,448180895.00195384
2024-07-07,148.76970440771964,149.23484847789788,136.55639706425788,140.82710564950446,441498628.11041975
2024-07-08,141.00062903604217,152.66833007531437,138.98165707531075,147.92002206777008,561685650.2006636
2024-07-09,147.84803131105576,148.00747091630177,146.14041218218617,146.69867813012502,416899472.67837304
2024-07-10,146.20660549687167,147.6516617749738,145.51703615786502,147.579804847153,338157614.2109264
2024-07-11,148.63120931202525,151.00679756581806,146.362985786912,150.8846435598328,615197820.9975389
2024-07-12,150.22003415245356,156.77799418151542,147.94861353273615,154.89421169460226,809363801.2062141
2024-07-13,155.53237640928938,160.24985895347132,142.61894137358533,144.27022399970105,1170301386.9578617
2024-07-14,145.03828910032908,149.98013525462997,129.13511171083618,135.4779734101977,990929876.6516846
2024-07-15,135.25513099047595,136.38051106051032,132.9297411436429,133.19885530749093,875947251.5227443
2024-07-16,132.68036916925985,133.45310256192036,128.2637169320675,130.203380482142,941524830.8687499
2024-07-17,129.68928639295282,136.16937185053493,129.55382356988403,133.62361803732895,415551981.3746887
2024-07-18,133.88274495386966,136.01033591833558,132.73219269537103,135.5754336932492,593145294.4844239
2024-07-19,135.07533968904883,135.8287008134921,132.7113316412098,133.3800329488777,1198514151.5501325
2024-07-20,133.1195908859622,135.32412753975203,132.2697941018845,134.16057423069714,1073986078.3003995
2024-07-21,134.02227786770058,138.79883516988872,131.68624740779234,138.4986453748351,579727172.1841481
2024-07-22,138.01834067697342,149.03368387011773,137.97366792685162,143.51064542647202,266028436.8950824
2024-07-23,143.2904405729651,148.6708618335908,143.01801207949353,148.30283392194622,623139462.7726316
2024-07-24,147.9840663447251,156.51109136819522,144.80686755848828,154.9894610494868,513789206.6651959
2024-07-25,154.52119305194893,158.3770135087668,142.37379101027818,145.57249025801903,340600933.1566151
2024-07-26,145.5483697052659,176.94954810396297,144.3152797170873,175.81650233837675,1210759854.1703632
2024-07-27,176.08679969504422,181.2751604068693,175.0254029686421,177.63375008623345,401488329.18600583
2024-07-28,178.30127458697757,178.53916304252425,168.6423220249908,171.98442836325668,449730542.4632092
2024-07-29,171.5105639812266,172.0153802373508,166.83625234107288,167.2495655756113,696245750.3369325
2024-07-30,167.13436514841536,167.79151246505103,153.95411073377772,160.83068554567137,270311753.8276778
2024-07-31,161.07849515641837,161.29402122665275,146.13532918439722,154.00362526165628,921524929.4037908
2024-08-01,153.98111739009795,156.0214626762418,133.56563151652668,142.06917917137793,530371870.3597241
2024-08-02,142.16236778253852,142.61828769220028,142.12250928700294,142.5604836003433,542525408.2515152
2024-08-03,142.4263842955164,143.37992322997022,134.97342655164627,137.35174564191001,1553958732.025304
2024-08-04,136.783283604556,137.7245612542991,134.99981756980745,135.0135302096701,287422867.59997874
2024-08-05,135.53507539261753,146.77379572930386,133.39171424389008,142.39940790900243,555244551.0747573
2024-08-06,142.57425658260365,143.31416085402262,132.455187268978,133.74205911469446,277747040.43407476
2024-08-07,133.83456475818465,134.29575236867564,133.73992586915108,134.1104192715842,1362452554.5848007
2024-08-08,134.02641200936532,134.1959962944334,123.73352699280389,127.8118272767355,303202563.1251962
2024-08-09,127.38286691060569,128.13368930636625,127.26089182331259,127.70244031389866,984174142.2559514
2024-08-10,127.08809702366534,128.06930563972372,119.49853338876586,122.9345910332126,871941116.1079178
2024-08-11,123.24073204344366,123.31141754169366,121.33828581600423,121.47781600722112,961856463.4893916
2024-08-12,122.06595006819205,135.75135663112522,119.9090685799371,132.0003190909386,704182940.0340176
2024-08-13,131.85970177264312,139.50302287956947,131.5148147395461,138.93526229962248,787937230.2164229
2024-08-14,138.54082481132667,139.1527217169137,138.53459293833188,138.62300125472493,659055538.1861255
2024-08-15,138.9216329422609,143.4311421067295,130.73355391685303,131.72783916326645,409098442.5795398
2024-08-16,131.25747513056325,131.53317770544453,125.3051350448217,129.95918428114538,484200683.1796019
2024-08-17,129.9338997638286,131.92916455052136,126.2160912359495,126.63968383149546,515369409.35031736
2024-08-18,126.2949918834492,133.82650506517928,126.1381119365656,133.7436581097346,750719795.0523542
2024-08-19,133.38870961235008,133.69913494477638,120.76601320762961,124.42186484628674,886318944.8138225
2024-08-20,124.59929864184319,138.5282249836625,124.10026794384554,133.94989485165314,429910577.3007246
2024-08-21,134.61530445786153,134.92625386034126,134.57681218299888,134.6428294999979,363889645.16715753
2024-08-22,134.64481360010865,148.03785274981007,134.52783473284472,145.9370871809386,1178337692.0606358
2024-08-23,146.3420954148437,147.55740471345104,146.0517466623727,147.27674273240774,225882251.43438342
2024-08-24,147.30537539519892,147.92781242955178,127.13478861648187,138.0402074315956,1080656296.1795866
2024-08-25,138.03263168300052,139.73399046710196,131.61374502407926,133.26154321953948,711348186.4773464
2024-08-26,133.37473785836835,134.4134209849514,129.61799419199534,130.01598841452036,453341407.902495
2024-08-27,130.52332961726952,132.17316353089907,123.49379332716755,125.05201568666409,567357101.726452
2024-08-28,124.59781313099482,135.69983024918272,122.5908364714452,131.57026698907714,401492829.2480172
2024-08-29,132.38491612273552,137.37941131959866,132.1079314317822,135.00642789031593,2080299863.2808137
2024-08-30,135.16129137385704,138.61934785768779,134.208348576965,136.7534684419852,238100443.31401175
2024-08-31,135.93679712230303,136.6894242297725,133.48420304834144,135.14184703924477,926787171.6437858
2024-09-01,135.13139348908842,136.98311544201746,135.10196607190562,136.4092543266224,570588049.8073146
2024-09-02,136.52975229839112,137.86882264831647,124.78104897709665,127.77543386642436,812091210.2792004
2024-09-03,127.55432903573272,141.40180774632648,126.5948091738697,135.17870787665674,947573646.5329696
2024-09-04,134.77897809118173,136.82592699702326,134.73805603147304,136.13022554728562,289427802.193655
2024-09-05,135.49084836408792,146.21724924416836,134.99061653392994,143.24749422173164,511491144.82835615
2024-09-06,142.98809503786708,167.71716648069355,99.91574437620015,109.1625883119183,753736356.4955512
2024-09-07,109.09525049165481,110.0789041097505,99.72545979124376,103.7586343563849,516324518.00072134
2024-09-08,103.38238663153462,113.37386183990105,100.60335410441856,110.69139131289482,454044136.3619119
2024-09-09,111.29352343304409,115.58137936439839,109.86419556970498,114.7630076412549,532127943.68932104
2024-09-10,114.70895090141875,115.04463516703888,112.7064464974611,112.7754837459621,418758375.46043676
2024-09-11,112.93481248701285,118.62272045221789,111.06664060311411,117.91074488430544,447671214.63502514
2024-09-12,117.66432178288635,124.44888765376885,115.8474369404616,123.84475720006061,537428401.7876514
2024-09-13,123.14673733836999,123.63296085924766,113.92574613930374,114.30489410965924,1767549586.885569
2024-09-14,114.0323018987646,122.17754576242841,113.51981945726746,120.98540169101427,954505194.4468567
2024-09-15,120.82440252484767,137.1720881166202,115.91476173737438,131.59093721911407,647733506.9457502
2024-09-16,131.6362966960655,132.67667728665728,131.44685215511984,132.53416920201937,566362997.7340946
2024-09-17,133.80580389164814,134.40073276713642,133.45270918165994,133.97970044656444,1454934359.3354778
2024-09-18,134.7740858774136,136.8621292681475,123.74262010316954,125.16420830588027,522864335.8261652
2024-09-19,124.94933538850198,132.3598605297048,123.4124996460103,128.15148781404827,199555649.6515636
2024-09-20,128.0171043349256,133.87744719386305,127.21889300392827,133.58227167119102,978062600.4113024
2024-09-21,134.405131344309,143.74930148794945,134.0795727893856,139.4207916548015,1115914615.6642
2024-09-22,139.3677589493477,141.28964212809527,106.13873326689095,114.57201641694117,627279873.3724488
2024-09-23,114.63210391737086,123.62508756547923,112.44696008015427,123.56798974965132,192702841.92994732
2024-09-24,123.95851727566064,126.05664173296793,111.46587323273312,113.21338261609525,1383997243.3760645
2024-09-25,113.05034305231396,113.85951544062873,109.50588354933153,110.3075267473787,511713304.3725938
2024-09-26,110.31678482693209,111.45435007517402,110.09504187408044,111.29510774398815,717302986.6385587
2024-09-27,110.95749398162468,112.78755116268387,110.3952571474917,112.76212152790194,326636184.7718317
2024-09-28,112.7809552812486,112.8014961395075,112.65163169264592,112.73616424026015,458013697.35201305
2024-09-29,112.3945210232703,116.19907615307652,112.21466594515245,115.95834663610914,571282424.6834607
2024-09-30,115.29784307332858,119.60621147617626,115.03852274920276,119.22290892905107,1082635442.0415485
2024-10-01,119.27777529267348,123.45868578471044,117.72792506550884,122.35918805637475,450036125.5244279
2024-10-02,122.82165447741956,123.92725618370919,110.66174366901714,114.42819901656641,507084245.0107727
2024-10-03,114.04102473774684,114.60503843412016,114.00577156546638,114.30335852240589,783996181.4306701
2024-10-04,114.65012491406999,117.18352093532451,103.74883439730188,106.53825456172223,633802604.5729811
2024-10-05,106.50681808459817,106.81647983135886,104.96667364850433,105.19848550263771,186658393.99112985
2024-10-06,105.52788682943887,107.11614382859099,97.98731762126168,100.0031947262749,1061395378.5378634
2024-10-07,99.87109664593146,100.00273871574542,99.46393595249897,99.53663240165514,857978325.5797563
2024-10-08,99.41413288156782,105.09827222351699,99.23390678085521,102.88552013065751,1299519232.3097198
2024-10-09,102.91760534833548,104.07152990910676,102.51317557999104,103.05285941558742,715757641.6553977
2024-10-10,103.33529756595742,104.3156078782378,101.43230259597495,102.76374365839956,505687694.31101316
2024-10-11,102.84854424768632,104.27101659804711,99.45835435975651,99.83770901258201,844826447.354784
2024-10-12,99.72700817781654,99.87142339658222,99.35162326627074,99.39294505843047,973823285.8904428
2024-10-13,99.7989087373184,114.0474893402723,97.77225446524223,108.87770222939612,355558781.61947966
2024-10-14,108.78124124915487,118.53272124696807,108.49675365481785,116.38362631437808,340394247.56094134
2024-10-15,116.60980851395684,117.01322957327717,113.62298691258309,114.58724362507256,478518630.46791023
2024-10-16,114.79982426956468,120.94549118232617,114.2233773830184,120.29428480350022,472975675.1610784
2024-10-17,120.60896537648966,123.80710956769248,119.72836388810639,123.30944038869968,301364330.7810225
2024-10-18,123.28644321051037,131.27149095292174,122.45038665106249,130.12443731745196,576335207.2394003
2024-10-19,130.7934660732255,131.6325240940101,124.49566845212347,125.65307565866487,501626709.87428194
2024-10-20,125.15699794994418,125.55313021502229,119.66330980583159,121.33453346353176,1125620093.6565065
2024-10-21,121.26830774530862,122.27281807509996,114.52640367418405,115.19108165765793,1627612087.7177908
2024-10-22,115.29839108379777,115.38063219480166,114.15435157053109,114.16378745820995,883738967.2455642
2024-10-23,114.11965094982037,116.52090684971765,109.98605538867747,110.64177940753825,1140528976.0021892
2024-10-24,110.49762211054674,112.66459692928214,109.45935601238072,112.25696285464292,559284304.8601006
2024-10-25,112.03456022986677,118.84683875491004,111.10824412772564,117.3331435219876,749091613.7699624
2024-10-26,117.43250862121556,121.40919850130823,116.75182035044864,121.1784833368366,225601535.49829537
2024-10-27,120.38221543889179,130.14213189504306,119.9288021802641,127.7066842693205,2045765631.112472
2024-10-28,128.0031203820928,128.98069983262062,126.57804888670607,126.78155128997139,781897860.4906332
2024-10-29,127.08339957275379,128.43096491651647,111.27204816079553,117.5834676639591,926081780.6161789
2024-10-30,117.80447684019674,118.07870435136478,104.61830707211196,109.48758985906886,462476366.72501665
2024-10-31,109.39752386403684,113.88266988717027,108.15620902179097,111.88413351456595,715569614.9243939
2024-11-01,111.71131008430616,113.12334473017526,109.9036634993,109.97000232568912,688045665.4152992
2024-11-02,109.46009166920909,109.48906555146499,105.06766613616601,105.39243958837723,1052642555.2055752
2024-11-03,106.0313138009391,111.92578951429641,104.85188341798363,110.29557706976732,1551313142.5344028
2024-11-04,110.76112851309,112.51943144136862,99.586722852029,99.74011506375265,833510509.6386882
2024-11-05,100.10702988293261,101.53310171524475,99.70627710752089,101.4839652931177,648291992.7963054
2024-11-06,101.84886671446516,101.94657197923773,95.36041453031815,96.01819348260705,737891316.9916155
2024-11-07,96.2157893197852,96.69189340354947,95.57661088453327,95.6152580085742,481117350.51634824
2024-11-08,95.29473492576803,101.7555449412448,94.28015312290204,99.64634922461131,690699784.7084726
2024-11-09,99.49138884637166,104.62678769292563,98.25648397109249,104.50158437355518,478772733.64835125
2024-11-10,104.55502032518852,105.3453856199682,99.45393813791175,99.83323824257162,720937196.9504673
2024-11-11,99.46305798921016,102.01565062707158,99.11093822515937,101.3901956221866,392206501.7363567
2024-11-12,100.77494428561411,104.01512115582234,100.3492466340648,103.47096097822246,560821313.6096506
2024-11-13,103.12115380878328,110.58632857502329,102.48657459455879,109.4312375198039,319887065.0597342
2024-11-14,108.89399627755138,109.03094449340502,106.86173894275795,107.18485894422321,508737196.1640779
2024-11-15,107.31649761955066,107.68046734211488,97.29466685302197,99.39273825987105,2550099005.9685955
2024-11-16,99.60733766715515,101.74366778547254,99.49754219101997,100.20232670444845,571739843.448594
2024-11-17,99.9687401997,101.25747532478218,99.42279991369546,101.2370839482858,1265452676.8071644
2024-11-18,100.9785935679422,101.21740869953318,100.97521714833977,101.21483008990111,1058863221.7255673
2024-11-19,101.24932846591307,106.80587627000222,99.82307559284598,105.8771838222676,1115825002.4362254
2024-11-20,105.86615187477857,112.07931487846548,104.35346642426306,111.72738071195491,1104718414.9394069
2024-11-21,112.3941950053377,112.45363928232707,103.0164956899863,103.55959140381584,595769564.915266
2024-11-22,103.68407203803991,103.82886076207899,103.43491589567802,103.82181270293906,292974599.64766866
2024-11-23,104.11778814398255,105.41047777704995,99.84574736074636,99.97125089896893,1405090802.3446143
2024-11-24,99.9859935815515,107.26132397674827,98.26242926756679,107.15310008412675,336952286.03655195
2024-11-25,107.61246297236299,113.49232558910114,107.54175202169179,109.50052711840434,307116693.4829836
2024-11-26,109.0915974519185,109.99737878816431,103.43111906493282,104.72241060875076,937958135.5334088
2024-11-27,104.43444308139205,106.27164956736608,102.64984808265716,102.95204926857758,634495702.5480965
2024-12-01,102.6772957289154,103.02923993780257,95.40676654781653,95.803811079504,602892517.788661
2024-12-02,95.12305197681701,97.39954673186631,86.71962728419598,87.79392515709793,763849079.2973524
2024-12-03,88.40116315249861,88.48433485685452,87.90860563763268,88.10088923983584,1123937154.994003
2024-12-04,88.4179925798015,93.99821572903627,87.71825521501862,91.63554892429109,453840455.16628885
2024-12-05,91.74271505765083,97.77470841863676,91.52433494630405,97.38845254089797,623626469.5681795
2024-12-06,97.5913271808864,97.6884701511248,95.22536361227242,95.62911429247006,668368082.9623746
2024-12-07,95.29804621193139,97.54903616026925,95.14305284177183,97.23723180198262,1459852602.3493824
2024-12-08,97.26765140510471,98.609339599235,95.07391330520102,95.3015389629472,487286432.8319377
2024-12-09,95.11695224304427,96.77360974678797,94.95049686509074,96.65858313316993,220947676.67854556
2024-12-10,96.6704732012665,115.43692639999216,95.87964939560119,109.43651249936465,445261744.766585
2024-12-11,109.23268582608753,114.88779594139886,108.31162683862323,114.31564548805015,592336145.8126576
2024-12-12,114.32654842556931,114.8996326650835,108.69088217347823,109.09474616862938,266558996.89166483
2024-12-13,109.64555752328235,109.81477435265664,107.5996273438797,107.83347430648323,495190103.1884503
2024-12-14,107.74884759537392,120.81321578539216,100.97568104646645,114.55936736814185,305201595.3550158
2024-12-15,114.79040653186335,114.8009731942057,106.68833487736941,109.08823086722133,377855470.7238242
2024-12-16,108.84028061610422,110.94932065043372,108.78888837276827,110.65623747320548,603665782.8413107
2024-12-17,109.85096396030576,109.89399735990337,106.84667101798627,107.3595129257019,257002768.1385184
2024-12-18,107.036081428616,107.97215107535943,89.18198918741163,95.80529000660201,764087618.5656502
2024-12-19,95.7169632749963,98.1069180745802,89.86355265039504,91.21772156836722,2079431800.664077
2024-12-20,91.09894765280151,100.3637785106598,88.65430662975209,97.75049229003865,900031407.7367885
2024-12-21,97.53853484746725,99.22924012912893,97.32895001330789,99.1750414315963,557433543.2712247
2024-12-22,98.50983012899795,121.28544972768962,97.19715151657546,111.54880148127533,1348313340.415163
2024-12-23,112.19998002148743,118.46789839150216,111.93574256345723,116.54865046434388,1316087989.526597
2024-12-24,116.73905215651455,119.39923394377034,115.23687811964152,119.31395248979702,1027787663.0710316
2024-12-25,119.24849500246142,124.92213975538027,116.82604768322518,124.87627239921386,523571861.1699598
2024-12-26,124.5813870463585,125.54855843960934,118.69347651419353,118.87065769168186,646370669.730705
2024-12-27,119.13903889899409,129.81427311648295,103.78323368258027,104.18725710106615,748270935.5423423
2024-12-28,104.45339686024221,104.51917387608572,103.95053716957884,104.24069377845387,192921549.94670236
2024-12-29,104.18506691377102,105.1552846374667,104.07696243345531,105.09775558328579,398788403.4071918
2024-12-30,105.4353693328369,108.35282909908884,100.05844654610338,100.84036748652628,457912281.78226084
2024-12-31,101.0363690138615,108.94736541242101,99.60257374389585,108.40623868612663,915898343.7520899
2025-01-01,108.41981926207671,119.1233817050687,106.38230604916978,118.31325176736885,855685293.0717152
2025-01-02,118.89102482479466,118.98866913990071,117.6873329349688,118.76836137256214,226127482.99092406
2025-01-03,119.09935995182447,126.03364275036854,118.88841526802547,123.71859089070179,971687425.9293368
2025-01-04,124.26793597257996,137.75928105874948,122.89807389454143,131.24046617419404,698721959.4910948
2025-01-05,131.508750033804,139.50965678207754,130.49088630991383,139.50243502560338,567998434.3110477
2025-01-06,138.71052301391032,143.85525037872836,122.81996626882444,127.66080498354155,895930347.1152858
2025-01-07,127.50058306139896,129.752736283058,116.31007648668282,124.92012189059176,384371940.221282
2025-01-08,124.80219017261292,137.74081106977022,121.63596027661433,136.39074095557714,328478174.03167903
2025-01-09,136.58096466396378,137.0184441975813,135.59162535805265,135.9271329235821,724882239.5479823
2025-01-10,135.4870725982589,148.1975926426726,134.40338893808894,142.37075038120355,1129297100.4288914
2025-01-11,142.42700409099564,143.78324392116411,125.83713161874358,127.79900587245322,795619841.9202701
2025-01-12,127.88508416187618,127.99156628189228,103.02611929288217,103.37326168092814,542047981.5764354
2025-01-13,102.99974447165123,107.66364470898283,102.83959049983027,107.4403612995852,559396180.5910544
2025-01-14,107.45125897134176,111.53369311954584,106.50378927187961,110.36960080327867,896969705.7771143
2025-01-15,110.12797317945973,118.24031032396667,109.79147610443259,114.63170977067058,985641318.2870083
2025-01-16,114.96725790772524,116.35651970472418,100.92070259927897,107.11427834794459,1194128161.9400551
2025-01-17,106.74405390982615,108.06917882357506,106.4064829071847,107.9134054942715,860401863.3159902
2025-01-18,108.25172534495935,108.32677744679975,105.20031361893463,106.49366264191151,632374998.1985232
2025-01-19,106.61758906645595,106.81104205656949,101.2128768481332,103.51595190124205,1002569965.9988068
2025-01-20,103.17382141349329,103.55489678979374,103.11219186577225,103.49036104777203,706926826.3339275
2025-01-21,103.478183505696,104.01175180037899,98.1267351909333,98.68986548903835,611393229.6263245
2025-01-22,98.2707558265731,98.70400644559109,96.05340226575267,96.48649842787418,739738547.3695937
2025-01-23,96.20631464028463,96.96047033465567,96.10537476300003,96.65675110027439,417311384.9435626
2025-01-24,96.82642299844677,102.3553009373908,96.72760035946186,101.9218426935049,354971383.1123693
2025-01-25,101.84262590050383,110.98530423137092,101.09337899806043,110.37906167970507,1140701690.3886104
2025-01-26,110.7093734026301,110.78758365634039,110.18905433983021,110.24750365125284,285310431.7858562
2025-01-27,110.3267199829461,112.74238036362846,109.46459110592981,112.59305706336963,280793528.5066783
2025-01-28,112.15352620374094,114.91480611314006,110.6848645194791,114.76167454608205,323508807.1119682
2025-01-29,114.85811741596969,115.16786502040554,102.56959547818315,108.72116624337193,479930111.175595
2025-01-30,108.78124536101427,119.65787955204057,108.0027889544378,117.80257714278804,261861256.19428173
2025-01-31,117.53257291892295,117.57208368306569,117.4252745630958,117.43942644584344,404541166.31517386
2025-02-01,117.90048362375484,118.02833975558335,116.83324153085188,116.87654746458908,403604911.27696383
2025-02-02,117.60537168759124,121.75232223277563,114.29827959173457,120.7050379144417,342418917.2927252
2025-02-03,120.54929298568328,121.26687055552375,115.74434062434413,118.5187564730693,685140407.8428854
2025-02-04,118.39307368727648,151.02378277664567,116.30598732200214,135.02926995983336,796933879.3124524
2025-02-05,134.25461839437048,139.3322392625887,133.77462101604777,139.31051916946927,443482909.76064235
2025-02-06,139.39659206366932,144.52681747562082,138.6982886096071,144.51712217448016,1321842671.1528099
2025-02-07,144.34928019270248,158.1313678030824,143.43961741089427,156.10098542047683,656359286.2261254
2025-02-08,156.0637109112775,157.30970297276744,153.81993107345977,155.8814959660341,611093737.3084836
2025-02-09,156.11340510318306,179.76495629978038,151.51103477833928,167.5482571577387,543969774.0465277
2025-02-10,166.99578226137177,167.4830810828459,162.41142374089506,163.358087484849,513461258.14410794
2025-02-11,164.07348522900898,168.36213867737567,139.86167739798526,147.51836362625806,1233311829.0772266
2025-02-12,147.8761974459971,148.295172758408,136.01663099680908,138.34240880118367,550352248.8590341
2025-02-13,137.66215539398962,138.65142285799158,124.6825496335828,129.3389063675562,671886692.3162303
2025-02-14,128.8084819396836,131.64080959719388,128.33350221308737,131.57005872877536,246960241.24766004
2025-02-15,132.1722425460176,132.50313492845967,124.50552007137856,125.61856873871437,512209246.6839136
2025-02-16,125.41148917396747,130.24498818347004,124.47884971376402,130.19862576268747,258280073.63060892
2025-02-17,130.16112511389886,132.8292485477489,114.5257149654056,117.75000583562806,1764711220.4806347
2025-02-18,117.81558193427898,120.29409313875468,117.76600264053377,119.98069414984143,1110827393.6607423
2025-02-19,120.23424820314328,127.19678202425132,99.61668032461641,100.204431858158,550059495.4345572
2025-02-20,100.15470233811777,111.96513294374417,99.11589986542633,103.6988014851153,305782213.4905669
2025-02-21,103.73423033930716,117.48214916386505,103.25744703306636,115.3184066665328,708098642.5010792
2025-02-22,114.79894313124971,115.78190945894522,114.63797800217029,115.76799474549513,940507967.9865835
2025-02-23,116.2881304374204,116.51325991671773,112.48939110431736,113.43330391246782,1285858380.9363992
2025-02-24,113.68622437565388,120.2130863199051,110.96707283361462,118.2394084197875,306057147.5646812
2025-02-25,118.28998697921827,121.71459846206439,117.95185375927552,121.43366459249502,1510397072.5154445
2025-02-26,121.27658067004505,121.49717667063304,119.58045011158548,120.32029854679816,523278854.25679
2025-02-27,120.127584466951,120.31481596324886,117.52353665540235,117.83884757305812,321918763.63003635
2025-02-28,117.25583438816477,118.17072868786009,103.03495898088907,109.0891198576763,524220072.26145625
