asset,time,FlowInExNtv,FlowInExNtv-status,FlowInExNtv-status-time,FlowInExUSD,FlowInExUSD-status,FlowInExUSD-status-time,FlowOutExNtv,FlowOutExNtv-status,FlowOutExNtv-status-time,FlowOutExUSD,FlowOutExUSD-status,FlowOutExUSD-status-time,NetFlowNtv,NetFlowUSD,date
btc,2024-09-01T00:00:00.000000000Z,11312.42702972,flash,2026-02-26T18:52:47.921988000Z,648757290.8439108,flash,2026-02-26T18:58:37.169275000Z,11908.84263282,flash,2026-02-26T18:55:27.153733000Z,682961177.4075681,flash,2026-02-26T18:58:37.186269000Z,-596.4156031000002,-34203886.563657284,2024-09-01
btc,2024-09-02T00:00:00.000000000Z,17572.20552711,flash,2026-02-26T18:59:53.162066000Z,1039554526.5393664,flash,2026-02-26T19:18:30.271884000Z,16148.55910137,flash,2026-02-26T19:15:24.276313000Z,955332993.6312541,flash,2026-02-26T19:18:30.292524000Z,1423.6464257400003,84221532.90811229,2024-09-02
btc,2024-09-03T00:00:00.000000000Z,20578.89557168,flash,2026-02-26T19:19:39.338710000Z,1186121761.855832,flash,2026-02-26T19:37:13.515867000Z,24342.62265675,flash,2026-02-26T19:33:35.869990000Z,1403054618.419392,flash,2026-02-26T19:37:13.534216000Z,-3763.7270850700006,-216932856.56356,2024-09-03
btc,2024-09-04T00:00:00.000000000Z,19027.34654342,flash,2026-02-26T19:38:29.968923000Z,1104221593.3039734,flash,2026-02-26T19:42:26.973964000Z,20492.01740292,flash,2026-02-26T19:41:35.195362000Z,1189221421.6537802,flash,2026-02-26T19:42:26.992715000Z,-1464.6708594999982,-84999828.34980679,2024-09-04
btc,2024-09-05T00:00:00.000000000Z,20915.50815165,flash,2026-02-26T19:45:08.643631000Z,1173630924.6316783,flash,2026-02-26T20:03:09.755974000Z,17308.93197246,flash,2026-02-26T20:02:05.292854000Z,971255285.2139276,flash,2026-02-26T20:03:09.807477000Z,3606.5761791900004,202375639.41775072,2024-09-05
btc,2024-09-06T00:00:00.000000000Z,28972.66810649,flash,2026-02-26T20:05:25.921265000Z,1559858129.8640597,flash,2026-02-26T20:21:26.613196000Z,28589.43066531,flash,2026-02-26T20:20:28.458517000Z,1539225027.1033576,flash,2026-02-26T20:21:26.642469000Z,383.23744118000104,20633102.760702133,2024-09-06
btc,2024-09-07T00:00:00.000000000Z,10246.74873287,flash,2026-02-26T20:22:52.803671000Z,554005224.7912375,flash,2026-02-26T20:37:56.773981000Z,13179.75637517,flash,2026-02-26T20:36:43.765053000Z,712582506.2829162,flash,2026-02-26T20:37:56.789407000Z,-2933.007642299999,-158577281.4916787,2024-09-07
btc,2024-09-08T00:00:00.000000000Z,13801.75219458,flash,2026-02-26T20:42:54.604853000Z,757153890.1289686,flash,2026-02-26T20:46:44.990287000Z,7906.63040192,flash,2026-02-26T20:45:41.197257000Z,433751880.35738206,flash,2026-02-26T20:46:45.010709000Z,5895.12179266,323402009.77158654,2024-09-08
btc,2024-09-09T00:00:00.000000000Z,20068.26319736,flash,2026-02-26T20:49:19.923882000Z,1146615899.8679874,flash,2026-02-26T21:08:51.926521000Z,28102.15259657,flash,2026-02-26T21:05:51.932391000Z,1605638448.6716566,flash,2026-02-26T21:08:51.938410000Z,-8033.889399209998,-459022548.8036692,2024-09-09
btc,2024-09-10T00:00:00.000000000Z,42769.6248869,flash,2026-02-26T21:11:25.080653000Z,2466289026.654103,flash,2026-02-26T21:29:28.039258000Z,55677.98851669,flash,2026-02-26T21:25:54.126626000Z,3210643358.879332,flash,2026-02-26T21:29:28.054999000Z,-12908.363629790001,-744354332.2252293,2024-09-10
btc,2024-09-11T00:00:00.000000000Z,29697.84950484,flash,2026-02-26T21:30:25.264488000Z,1704929635.2740345,flash,2026-02-26T21:33:39.988950000Z,37464.48028499,flash,2026-02-26T21:32:49.970637000Z,2150805656.7398715,flash,2026-02-26T21:33:40.007736000Z,-7766.630780150001,-445876021.465837,2024-09-11
btc,2024-09-12T00:00:00.000000000Z,25312.29989829,flash,2026-02-26T21:34:50.314907000Z,1471268364.8879745,flash,2026-02-26T21:51:59.654726000Z,25300.79009357,flash,2026-02-26T21:51:08.695070000Z,1470599361.6113613,flash,2026-02-26T21:51:59.672191000Z,11.509804719997192,669003.2766132355,2024-09-12
btc,2024-09-13T00:00:00.000000000Z,24750.41383068,flash,2026-02-26T21:53:01.122939000Z,1498312867.9142728,flash,2026-02-26T21:56:29.983841000Z,28785.45677897,flash,2026-02-26T21:55:39.058426000Z,1742581784.5218601,flash,2026-02-26T21:56:29.999009000Z,-4035.04294829,-244268916.60758734,2024-09-13
btc,2024-09-14T00:00:00.000000000Z,15226.24205878,flash,2026-02-26T21:57:36.043919000Z,913683699.5000463,flash,2026-02-26T22:13:47.129837000Z,17431.73118089,flash,2026-02-26T22:12:54.544767000Z,1046028860.7366352,flash,2026-02-26T22:13:47.146642000Z,-2205.4891221100006,-132345161.23658895,2024-09-14
btc,2024-09-15T00:00:00.000000000Z,14461.85623762,flash,2026-02-26T22:15:03.138770000Z,855128398.8193339,flash,2026-02-26T22:19:49.568273000Z,14519.32885433,flash,2026-02-26T22:18:45.915700000Z,858526750.0334284,flash,2026-02-26T22:19:49.582732000Z,-57.472616709999784,-3398351.2140945196,2024-09-15
btc,2024-09-16T00:00:00.000000000Z,25680.36039748,flash,2026-02-26T22:20:50.322003000Z,1495302266.1121175,flash,2026-02-26T22:38:36.430217000Z,22478.71048729,flash,2026-02-26T22:35:34.938885000Z,1308878310.5326407,flash,2026-02-26T22:38:36.451953000Z,3201.649910189997,186423955.57947683,2024-09-16
btc,2024-09-17T00:00:00.000000000Z,22750.1351433,flash,2026-02-26T22:39:46.784909000Z,1370427594.048909,flash,2026-02-26T22:46:53.306046000Z,25899.04020162,flash,2026-02-26T22:43:23.004804000Z,1560112022.5492296,flash,2026-02-26T22:46:53.318141000Z,-3148.905058319997,-189684428.50032067,2024-09-17
btc,2024-09-18T00:00:00.000000000Z,24942.69423836,flash,2026-02-26T22:49:13.259745000Z,1529142642.876118,flash,2026-02-26T23:05:35.405401000Z,24098.90043307,flash,2026-02-26T23:04:33.852317000Z,1477412822.6276183,flash,2026-02-26T23:05:35.438600000Z,843.793805289999,51729820.24849963,2024-09-18
btc,2024-09-19T00:00:00.000000000Z,32858.63946686,flash,2026-02-26T23:07:41.877289000Z,2069917166.9380708,flash,2026-02-26T23:20:48.468474000Z,33316.22197315,flash,2026-02-26T23:19:52.959736000Z,2098742398.3057752,flash,2026-02-26T23:20:48.486687000Z,-457.58250629000395,-28825231.36770439,2024-09-19
btc,2024-09-20T00:00:00.000000000Z,25306.70540278,flash,2026-02-26T23:22:04.112435000Z,1598218453.9072945,flash,2026-02-26T23:35:29.187629000Z,25974.11135671,flash,2026-02-26T23:34:34.550774000Z,1640367777.3708436,flash,2026-02-26T23:35:29.203705000Z,-667.4059539299997,-42149323.46354914,2024-09-20
btc,2024-09-21T00:00:00.000000000Z,12791.73464406,flash,2026-02-26T23:38:40.457872000Z,810583182.1399274,flash,2026-02-26T23:52:46.620413000Z,11703.51037415,flash,2026-02-26T23:51:50.713441000Z,741624880.8515904,flash,2026-02-26T23:52:46.634342000Z,1088.2242699099988,68958301.28833699,2024-09-21
btc,2024-09-22T00:00:00.000000000Z,11364.38977464,flash,2026-02-26T23:56:08.305654000Z,722456443.228725,flash,2026-02-26T23:59:50.559292000Z,11335.54510738,flash,2026-02-26T23:58:47.417019000Z,720622731.4212263,flash,2026-02-26T23:59:50.576596000Z,28.84466726000028,1833711.8074986935,2024-09-22
btc,2024-09-23T00:00:00.000000000Z,22279.99333055,flash,2026-02-27T00:01:41.395758000Z,1411125939.085114,flash,2026-02-27T00:07:13.556531000Z,24740.06519935,flash,2026-02-27T00:04:07.634516000Z,1566937082.0497415,flash,2026-02-27T00:07:13.572747000Z,-2460.071868799998,-155811142.9646275,2024-09-23
btc,2024-09-24T00:00:00.000000000Z,22000.00726779,flash,2026-02-27T00:10:02.868934000Z,1415541828.079324,flash,2026-02-27T00:31:51.496893000Z,27141.27668498,flash,2026-02-27T00:28:02.058451000Z,1746345441.954154,flash,2026-02-27T00:31:51.516080000Z,-5141.26941719,-330803613.87483,2024-09-24
btc,2024-09-25T00:00:00.000000000Z,22778.53549321,flash,2026-02-27T00:33:01.939896000Z,1436405949.9109824,flash,2026-02-27T00:37:03.294846000Z,25471.50162319,flash,2026-02-27T00:36:15.126443000Z,1606223389.366872,flash,2026-02-27T00:37:03.308773000Z,-2692.966129979999,-169817439.4558897,2024-09-25
btc,2024-09-26T00:00:00.000000000Z,26070.28022339,flash,2026-02-27T00:38:15.515488000Z,1696074715.542556,flash,2026-02-27T00:54:58.666167000Z,28547.28962786,flash,2026-02-27T00:54:04.534148000Z,1857223463.6604767,flash,2026-02-27T00:54:58.683385000Z,-2477.009404469998,-161148748.11792064,2024-09-26
btc,2024-09-27T00:00:00.000000000Z,25827.85733456,flash,2026-02-27T00:56:07.991083000Z,1698639115.1506915,flash,2026-02-27T01:10:21.056139000Z,34244.17004781,flash,2026-02-27T01:09:25.807525000Z,2252160756.3337097,flash,2026-02-27T01:10:21.074462000Z,-8416.312713250001,-553521641.1830182,2024-09-27
btc,2024-09-28T00:00:00.000000000Z,13901.42968589,flash,2026-02-27T01:11:30.826215000Z,914304365.5007032,flash,2026-02-27T01:24:34.577652000Z,13946.42691897,flash,2026-02-27T01:23:44.917324000Z,917263857.2630688,flash,2026-02-27T01:24:34.597519000Z,-44.997233080001024,-2959491.7623655796,2024-09-28
btc,2024-09-29T00:00:00.000000000Z,13806.24125018,flash,2026-02-27T01:25:52.300024000Z,905934639.6148068,flash,2026-02-27T01:30:33.260849000Z,12268.66090279,flash,2026-02-27T01:29:33.525614000Z,805042059.7554326,flash,2026-02-27T01:30:33.287104000Z,1537.5803473900014,100892579.85937417,2024-09-29
btc,2024-09-30T00:00:00.000000000Z,34886.42430931,flash,2026-02-27T01:31:48.453666000Z,2206916686.1621165,flash,2026-02-27T01:49:18.466950000Z,36492.84959414,flash,2026-02-27T01:46:09.086326000Z,2308539218.0309944,flash,2026-02-27T01:49:18.498637000Z,-1606.425284830002,-101622531.86887789,2024-09-30
btc,2024-10-01T00:00:00.000000000Z,31306.2475348,flash,2026-02-27T01:50:50.035533000Z,1905243398.607416,flash,2026-02-27T01:56:48.729430000Z,28412.62244898,flash,2026-02-27T01:53:45.867221000Z,1729142443.4649942,flash,2026-02-27T01:56:48.749655000Z,2893.62508582,176100955.14242172,2024-10-01
btc,2024-10-02T00:00:00.000000000Z,23291.80337102,flash,2026-02-27T02:00:28.780260000Z,1413488692.565615,flash,2026-02-27T02:08:50.045277000Z,24461.31319204,flash,2026-02-27T02:04:54.103881000Z,1484461681.7122176,flash,2026-02-27T02:08:50.067365000Z,-1169.5098210200013,-70972989.14660263,2024-10-02
btc,2024-10-03T00:00:00.000000000Z,22723.79640844,flash,2026-02-27T02:11:43.533006000Z,1380816868.6143365,flash,2026-02-27T02:17:28.770202000Z,23437.41402363,flash,2026-02-27T02:16:20.340304000Z,1424180011.9502227,flash,2026-02-27T02:17:28.786420000Z,-713.6176151899999,-43363143.33588624,2024-10-03
btc,2024-10-04T00:00:00.000000000Z,20972.96187493,flash,2026-02-27T02:19:46.198966000Z,1301424927.5156178,flash,2026-02-27T02:40:28.585288000Z,28436.14936249,flash,2026-02-27T02:39:28.221669000Z,1764534444.0900695,flash,2026-02-27T02:40:28.617538000Z,-7463.187487560001,-463109516.5744517,2024-10-04
btc,2024-10-05T00:00:00.000000000Z,9724.77146876,flash,2026-02-27T02:42:36.537697000Z,603231988.2587857,flash,2026-02-27T02:47:19.622853000Z,12053.70584772,flash,2026-02-27T02:46:16.785108000Z,747696844.8836806,flash,2026-02-27T02:47:19.634997000Z,-2328.9343789600007,-144464856.62489486,2024-10-05
btc,2024-10-06T00:00:00.000000000Z,12169.14611882,flash,2026-02-27T02:49:47.488197000Z,764099242.2163575,flash,2026-02-27T03:05:32.974388000Z,14975.03062681,flash,2026-02-27T03:04:28.593419000Z,940280397.8511022,flash,2026-02-27T03:05:32.988342000Z,-2805.88450799,-176181155.63474476,2024-10-06
btc,2024-10-07T00:00:00.000000000Z,23603.09657507,flash,2026-02-27T03:08:00.849989000Z,1473222885.7914057,flash,2026-02-27T03:25:08.177146000Z,27651.06131899,flash,2026-02-27T03:21:54.549426000Z,1725882712.9735093,flash,2026-02-27T03:25:08.220564000Z,-4047.964743919998,-252659827.18210363,2024-10-07
btc,2024-10-08T00:00:00.000000000Z,24364.72465143,flash,2026-02-27T03:27:45.378902000Z,1513690860.1445324,flash,2026-02-27T03:34:52.555092000Z,29611.16396125,flash,2026-02-27T03:30:53.441008000Z,1839632866.2698276,flash,2026-02-27T03:34:52.570070000Z,-5246.439309820002,-325942006.12529516,2024-10-08
btc,2024-10-09T00:00:00.000000000Z,24117.85114487,flash,2026-02-27T03:36:21.713069000Z,1461909774.1753016,flash,2026-02-27T03:51:39.726174000Z,22237.31403718,flash,2026-02-27T03:50:44.017956000Z,1347920531.853598,flash,2026-02-27T03:51:39.740624000Z,1880.537107690001,113989242.32170343,2024-10-09
btc,2024-10-10T00:00:00.000000000Z,20641.01940778,flash,2026-02-27T03:53:12.938936000Z,1243025250.6784751,flash,2026-02-27T04:06:05.131588000Z,21068.19781437,flash,2026-02-27T04:05:07.809910000Z,1268750411.6041913,flash,2026-02-27T04:06:05.144268000Z,-427.1784065899992,-25725160.92571616,2024-10-10
btc,2024-10-11T00:00:00.000000000Z,24031.31540699,flash,2026-02-27T04:07:29.201756000Z,1501056998.9628377,flash,2026-02-27T04:12:07.808062000Z,26903.09265681,flash,2026-02-27T04:11:08.684176000Z,1680435500.1933908,flash,2026-02-27T04:12:07.833962000Z,-2871.7772498199993,-179378501.23055315,2024-10-11
btc,2024-10-12T00:00:00.000000000Z,12250.28789724,flash,2026-02-27T04:13:26.750826000Z,774253484.5013224,flash,2026-02-27T04:18:15.027732000Z,14532.75713596,flash,2026-02-27T04:17:13.569281000Z,918512115.4959615,flash,2026-02-27T04:18:15.046434000Z,-2282.469238720001,-144258630.99463916,2024-10-12
btc,2024-10-13T00:00:00.000000000Z,10656.61521271,flash,2026-02-27T04:19:32.716759000Z,668803108.3439132,flash,2026-02-27T04:24:03.207078000Z,11572.37368404,flash,2026-02-27T04:23:12.094071000Z,726275589.0418463,flash,2026-02-27T04:24:03.221969000Z,-915.7584713300002,-57472480.69793308,2024-10-13
btc,2024-10-14T00:00:00.000000000Z,32677.13253504,flash,2026-02-27T04:25:26.958991000Z,2159623805.591321,flash,2026-02-27T04:31:21.491472000Z,32068.66949059,flash,2026-02-27T04:28:05.585398000Z,2119410629.7807536,flash,2026-02-27T04:31:21.534714000Z,608.4630444499999,40213175.81056738,2024-10-14
btc,2024-10-15T00:00:00.000000000Z,35535.69299496,flash,2026-02-27T04:35:21.402125000Z,2378545180.6235595,flash,2026-02-27T04:59:25.186869000Z,41710.13519039,flash,2026-02-27T04:53:47.398047000Z,2791825139.144748,flash,2026-02-27T04:59:25.222222000Z,-6174.442195429998,-413279958.52118874,2024-10-15
btc,2024-10-16T00:00:00.000000000Z,36936.54611484,flash,2026-02-27T05:01:54.053426000Z,2499235798.6678486,flash,2026-02-27T05:16:34.170435000Z,34067.39574611,flash,2026-02-27T05:15:28.673992000Z,2305100610.9598107,flash,2026-02-27T05:16:34.188211000Z,2869.150368729999,194135187.70803785,2024-10-16
btc,2024-10-17T00:00:00.000000000Z,24962.7751325,flash,2026-02-27T05:17:58.624005000Z,1680941044.0192251,flash,2026-02-27T05:21:11.934917000Z,29074.63844878,flash,2026-02-27T05:20:18.389963000Z,1957825315.8617945,flash,2026-02-27T05:21:11.950264000Z,-4111.86331628,-276884271.84256935,2024-10-17
btc,2024-10-18T00:00:00.000000000Z,33524.53559711,flash,2026-02-27T05:23:26.753900000Z,2292761011.0207434,flash,2026-02-27T05:28:03.158385000Z,39353.71906094,flash,2026-02-27T05:27:04.055468000Z,2691422001.6627254,flash,2026-02-27T05:28:03.226521000Z,-5829.183463829999,-398660990.6419821,2024-10-18
btc,2024-10-19T00:00:00.000000000Z,13776.61218094,flash,2026-02-27T05:30:22.844392000Z,941740254.3325107,flash,2026-02-27T05:35:32.545095000Z,14105.61752272,flash,2026-02-27T05:34:33.144434000Z,964230368.0248535,flash,2026-02-27T05:35:32.562984000Z,-329.0053417800009,-22490113.69234276,2024-10-19
btc,2024-10-20T00:00:00.000000000Z,12343.0156465,flash,2026-02-27T05:37:59.405858000Z,851820555.4597569,flash,2026-02-27T05:57:51.908927000Z,11745.45697763,flash,2026-02-27T05:56:45.739778000Z,810581625.540635,flash,2026-02-27T05:57:51.922491000Z,597.5586688700005,41238929.91912186,2024-10-20
btc,2024-10-21T00:00:00.000000000Z,26872.30879734,flash,2026-02-27T05:59:49.003995000Z,1812280933.8924837,flash,2026-02-27T06:06:03.668638000Z,29471.6134816,flash,2026-02-27T06:02:55.637655000Z,1987579243.992586,flash,2026-02-27T06:06:03.690002000Z,-2599.3046842600015,-175298310.1001022,2024-10-21
btc,2024-10-22T00:00:00.000000000Z,24793.20676374,flash,2026-02-27T06:09:01.536972000Z,1671700692.8787928,flash,2026-02-27T06:27:59.207289000Z,29347.50572016,flash,2026-02-27T06:24:13.679338000Z,1978777739.9737692,flash,2026-02-27T06:27:59.227761000Z,-4554.29895642,-307077047.0949764,2024-10-22
btc,2024-10-23T00:00:00.000000000Z,29598.35204865,flash,2026-02-27T06:29:52.012034000Z,1972649853.77522,flash,2026-02-27T06:44:31.151897000Z,30637.75023177,flash,2026-02-27T06:43:31.480230000Z,2041922922.4439,flash,2026-02-27T06:44:31.186544000Z,-1039.3981831199999,-69273068.66868019,2024-10-23
btc,2024-10-24T00:00:00.000000000Z,21273.70184443,flash,2026-02-27T06:45:49.699735000Z,1449398470.525406,flash,2026-02-27T06:49:39.731378000Z,23676.79930994,flash,2026-02-27T06:48:39.295117000Z,1613123891.5407252,flash,2026-02-27T06:49:39.749650000Z,-2403.09746551,-163725421.01531935,2024-10-24
btc,2024-10-25T00:00:00.000000000Z,31434.15822083,flash,2026-02-27T06:50:58.533737000Z,2082875659.5818815,flash,2026-02-27T07:07:19.048917000Z,43585.25872558,flash,2026-02-27T07:06:24.832635000Z,2888026263.605552,flash,2026-02-27T07:07:19.064762000Z,-12151.100504750004,-805150604.0236707,2024-10-25
btc,2024-10-26T00:00:00.000000000Z,16586.53861778,flash,2026-02-27T07:08:31.265195000Z,1111685216.557943,flash,2026-02-27T07:22:24.825359000Z,14603.07061864,flash,2026-02-27T07:21:34.029261000Z,978746566.5495534,flash,2026-02-27T07:22:24.844729000Z,1983.467999139999,132938650.00838971,2024-10-26
btc,2024-10-27T00:00:00.000000000Z,12820.64729086,flash,2026-02-27T07:23:42.024923000Z,871805906.8351952,flash,2026-02-27T07:36:30.967135000Z,12908.86887907,flash,2026-02-27T07:35:36.972893000Z,877804987.8462368,flash,2026-02-27T07:36:31.007587000Z,-88.22158820999903,-5999081.011041641,2024-10-27
btc,2024-10-28T00:00:00.000000000Z,32405.2243703,flash,2026-02-27T07:40:25.618717000Z,2263910653.4018006,flash,2026-02-27T07:46:29.861417000Z,41795.82112815,flash,2026-02-27T07:43:21.967514000Z,2919961412.3461432,flash,2026-02-27T07:46:29.895378000Z,-9390.596757849999,-656050758.9443426,2024-10-28
btc,2024-10-29T00:00:00.000000000Z,48887.54973994,flash,2026-02-27T07:49:17.713922000Z,3553087795.928879,flash,2026-02-27T08:08:15.929586000Z,47902.46442166,flash,2026-02-27T08:04:27.364146000Z,3481492990.279008,flash,2026-02-27T08:08:15.942781000Z,985.0853182799983,71594805.64987087,2024-10-29
btc,2024-10-30T00:00:00.000000000Z,35528.84347621,flash,2026-02-27T08:09:45.419358000Z,2574074813.6128626,flash,2026-02-27T08:24:43.075844000Z,42584.06862782,flash,2026-02-27T08:23:42.268250000Z,3085227882.225625,flash,2026-02-27T08:24:43.094088000Z,-7055.2251516100005,-511153068.61276245,2024-10-30
btc,2024-10-31T00:00:00.000000000Z,39634.14713636,flash,2026-02-27T08:28:00.258567000Z,2788939279.864896,flash,2026-02-27T08:43:43.032590000Z,37410.59378926,flash,2026-02-27T08:42:44.808536000Z,2632474319.2523537,flash,2026-02-27T08:43:43.047291000Z,2223.5533471000017,156464960.61254215,2024-10-31
btc,2024-11-01T00:00:00.000000000Z,35418.60643139,flash,2026-02-27T08:46:14.669375000Z,2461011680.796249,flash,2026-02-27T08:52:09.275575000Z,32195.154908,flash,2026-02-27T08:49:07.550411000Z,2237034719.2263374,flash,2026-02-27T08:52:09.292473000Z,3223.4515233899983,223976961.56991148,2024-11-01
btc,2024-11-02T00:00:00.000000000Z,13559.66101431,flash,2026-02-27T08:54:21.931357000Z,938893701.8992237,flash,2026-02-27T09:13:23.682457000Z,14268.87506765,flash,2026-02-27T09:09:27.680422000Z,988000874.0679541,flash,2026-02-27T09:13:23.716958000Z,-709.2140533399997,-49107172.16873038,2024-11-02
btc,2024-11-03T00:00:00.000000000Z,17811.54991315,flash,2026-02-27T09:15:03.551364000Z,1224415005.1302707,flash,2026-02-27T09:28:58.936220000Z,18411.99953426,flash,2026-02-27T09:28:07.706003000Z,1265691566.09755,flash,2026-02-27T09:28:58.949688000Z,-600.4496211100013,-41276560.967279196,2024-11-03
btc,2024-11-04T00:00:00.000000000Z,28908.69847223,flash,2026-02-27T09:30:36.582619000Z,1959405477.3016756,flash,2026-02-27T09:36:05.645647000Z,24640.49453308,flash,2026-02-27T09:33:04.852138000Z,1670110468.5815556,flash,2026-02-27T09:36:05.665027000Z,4268.20393915,289295008.72011995,2024-11-04
btc,2024-11-05T00:00:00.000000000Z,38181.0598499,flash,2026-02-27T09:37:20.004405000Z,2655035462.793037,flash,2026-02-27T09:58:58.516112000Z,34451.6092571,flash,2026-02-27T09:55:25.365166000Z,2395696837.318908,flash,2026-02-27T09:58:58.532815000Z,3729.4505928,259338625.47412872,2024-11-05
btc,2024-11-06T00:00:00.000000000Z,62568.51036895,flash,2026-02-27T10:00:19.521553000Z,4736188252.098617,flash,2026-02-27T10:17:10.562481000Z,70874.22319698,flash,2026-02-27T10:16:17.479384000Z,5364897794.477972,flash,2026-02-27T10:17:10.576599000Z,-8305.712828030002,-628709542.3793554,2024-11-06
btc,2024-11-07T00:00:00.000000000Z,40321.95771567,flash,2026-02-27T10:18:26.854449000Z,3063351688.916836,flash,2026-02-27T10:37:04.024728000Z,49247.41444378,flash,2026-02-27T10:36:11.615432000Z,3741439125.425016,flash,2026-02-27T10:37:04.045330000Z,-8925.456728109995,-678087436.5081801,2024-11-07
btc,2024-11-08T00:00:00.000000000Z,43996.95286762,flash,2026-02-27T10:38:21.694843000Z,3366094557.3337135,flash,2026-02-27T10:42:39.796853000Z,55339.92375053,flash,2026-02-27T10:41:48.938515000Z,4233916305.5316033,flash,2026-02-27T10:42:39.835751000Z,-11342.970882909998,-867821748.1978898,2024-11-08
btc,2024-11-09T00:00:00.000000000Z,20548.26066252,flash,2026-02-27T10:43:49.788375000Z,1578091064.1307056,flash,2026-02-27T11:01:43.709083000Z,21781.16219374,flash,2026-02-27T11:00:57.545719000Z,1672776980.4389493,flash,2026-02-27T11:01:43.722051000Z,-1232.9015312200027,-94685916.30824375,2024-11-09
btc,2024-11-10T00:00:00.000000000Z,33490.25329051,flash,2026-02-27T11:05:57.353330000Z,2692927374.0255647,flash,2026-02-27T11:22:58.561276000Z,35182.17446929,flash,2026-02-27T11:21:42.546258000Z,2828973548.9382324,flash,2026-02-27T11:22:58.575581000Z,-1691.9211787800014,-136046174.91266775,2024-11-10
btc,2024-11-11T00:00:00.000000000Z,46907.12565814,flash,2026-02-27T11:24:36.345244000Z,4168167113.209105,flash,2026-02-27T11:30:09.885634000Z,52175.14331607,flash,2026-02-27T11:27:10.212046000Z,4636283154.119793,flash,2026-02-27T11:30:09.903012000Z,-5268.017657930002,-468116040.9106879,2024-11-11
btc,2024-11-12T00:00:00.000000000Z,61014.31533805,flash,2026-02-27T11:32:15.815644000Z,5372234129.760087,flash,2026-02-27T11:53:24.511014000Z,55606.63703247,flash,2026-02-27T11:49:50.320156000Z,4896094820.566152,flash,2026-02-27T11:53:24.526281000Z,5407.678305580004,476139309.1939354,2024-11-12
btc,2024-11-13T00:00:00.000000000Z,42093.31648504,flash,2026-02-27T11:55:16.515718000Z,3803946995.7918944,flash,2026-02-27T12:11:48.366660000Z,44380.90294216,flash,2026-02-27T12:11:02.058390000Z,4010674770.1232066,flash,2026-02-27T12:11:48.382172000Z,-2287.58645712,-206727774.33131218,2024-11-13
btc,2024-11-14T00:00:00.000000000Z,51819.34937679,flash,2026-02-27T12:13:07.966961000Z,4518867859.732946,flash,2026-02-27T12:16:24.228403000Z,60611.64439681,flash,2026-02-27T12:15:34.369653000Z,5285593414.127,flash,2026-02-27T12:16:24.262710000Z,-8792.29502002,-766725554.3940535,2024-11-14
btc,2024-11-15T00:00:00.000000000Z,37630.29643376,flash,2026-02-27T12:17:38.321490000Z,3429590764.281173,flash,2026-02-27T12:35:57.695499000Z,40775.43031168,flash,2026-02-27T12:35:03.376258000Z,3716235386.3645954,flash,2026-02-27T12:35:57.712083000Z,-3145.1338779200014,-286644622.0834222,2024-11-15
btc,2024-11-16T00:00:00.000000000Z,15881.64299507,flash,2026-02-27T12:37:18.393804000Z,1438363810.8966825,flash,2026-02-27T12:55:04.996850000Z,13216.61965566,flash,2026-02-27T12:54:08.459017000Z,1196998787.9080472,flash,2026-02-27T12:55:05.018013000Z,2665.0233394099996,241365022.9886353,2024-11-16
btc,2024-11-17T00:00:00.000000000Z,12598.19232108,flash,2026-02-27T12:56:21.996697000Z,1130473219.009868,flash,2026-02-27T13:13:38.662455000Z,10093.87019142,flash,2026-02-27T13:12:41.881116000Z,905752955.4036928,flash,2026-02-27T13:13:38.682133000Z,2504.3221296600004,224720263.60617507,2024-11-17
btc,2024-11-18T00:00:00.000000000Z,41550.3547396,flash,2026-02-27T13:14:59.309080000Z,3763950926.8402305,flash,2026-02-27T13:33:48.350242000Z,44190.20484126,flash,2026-02-27T13:30:38.885935000Z,4003088866.796073,flash,2026-02-27T13:33:48.368017000Z,-2639.8501016599985,-239137939.9558425,2024-11-18
btc,2024-11-19T00:00:00.000000000Z,41442.76286577,flash,2026-02-27T13:35:23.035970000Z,3823266388.5597286,flash,2026-02-27T13:42:47.127265000Z,51746.54522492,flash,2026-02-27T13:38:49.931564000Z,4773832954.219634,flash,2026-02-27T13:42:47.142583000Z,-10303.782359150006,-950566565.6599054,2024-11-19
btc,2024-11-20T00:00:00.000000000Z,37844.60445085,flash,2026-02-27T13:44:07.247162000Z,3563449494.8321705,flash,2026-02-27T14:02:45.416859000Z,52221.59257643,flash,2026-02-27T14:01:44.300410000Z,4917187281.676855,flash,2026-02-27T14:02:45.430069000Z,-14376.98812558,-1353737786.8446846,2024-11-20
btc,2024-11-21T00:00:00.000000000Z,51626.02949547,flash,2026-02-27T14:04:08.528643000Z,5087516445.64132,flash,2026-02-27T14:20:56.315215000Z,61014.36168826,flash,2026-02-27T14:19:58.851502000Z,6012694982.41324,flash,2026-02-27T14:20:56.332029000Z,-9388.332192790003,-925178536.7719202,2024-11-21
btc,2024-11-22T00:00:00.000000000Z,57869.51360098,flash,2026-02-27T14:22:19.638101000Z,5725514164.653058,flash,2026-02-27T14:38:20.478516000Z,60785.70733114,flash,2026-02-27T14:37:27.257448000Z,6014037559.268576,flash,2026-02-27T14:38:20.495446000Z,-2916.1937301600046,-288523394.6155176,2024-11-22
btc,2024-11-23T00:00:00.000000000Z,33302.53279576,flash,2026-02-27T14:39:31.252781000Z,3253892185.6857,flash,2026-02-27T14:53:16.576071000Z,34622.38036844,flash,2026-02-27T14:52:25.615629000Z,3382850596.4281545,flash,2026-02-27T14:53:16.626896000Z,-1319.8475726799952,-128958410.74245453,2024-11-23
btc,2024-11-24T00:00:00.000000000Z,22656.6928876,flash,2026-02-27T14:54:32.751016000Z,2219907488.108329,flash,2026-02-27T14:58:58.523803000Z,23175.19886688,flash,2026-02-27T14:58:05.535221000Z,2270710811.9536448,flash,2026-02-27T14:58:58.548122000Z,-518.5059792800021,-50803323.84531593,2024-11-24
btc,2024-11-25T00:00:00.000000000Z,42448.93680443,flash,2026-02-27T15:00:23.760636000Z,3962312342.3182783,flash,2026-02-27T15:21:05.806120000Z,41855.02609684,flash,2026-02-27T15:18:11.714744000Z,3906874917.872037,flash,2026-02-27T15:21:05.832115000Z,593.9107075899956,55437424.44624138,2024-11-25
btc,2024-11-26T00:00:00.000000000Z,52546.25608977,flash,2026-02-27T15:22:27.473653000Z,4827717227.479187,flash,2026-02-27T15:29:10.868327000Z,61818.15336858,flash,2026-02-27T15:25:32.398845000Z,5679578074.574685,flash,2026-02-27T15:29:10.888455000Z,-9271.89727881,-851860847.0954981,2024-11-26
btc,2024-11-27T00:00:00.000000000Z,40967.4358993,flash,2026-02-27T15:30:51.513629000Z,3932426491.2468247,flash,2026-02-27T15:34:53.165919000Z,54207.9489454,flash,2026-02-27T15:33:54.661861000Z,5203371160.280224,flash,2026-02-27T15:34:53.181047000Z,-13240.5130461,-1270944669.033399,2024-11-27
btc,2024-11-28T00:00:00.000000000Z,28826.39399358,flash,2026-02-27T15:40:14.745675000Z,2759779586.711157,flash,2026-02-27T16:00:17.377675000Z,37043.41946101,flash,2026-02-27T15:59:06.391938000Z,3546460680.210036,flash,2026-02-27T16:00:17.394076000Z,-8217.025467430001,-786681093.498879,2024-11-28
btc,2024-11-29T00:00:00.000000000Z,30029.03976072,flash,2026-02-27T16:01:36.347857000Z,2924796694.160054,flash,2026-02-27T16:16:31.154098000Z,38681.99559991,flash,2026-02-27T16:15:41.743766000Z,3767585435.8194065,flash,2026-02-27T16:16:31.170540000Z,-8652.95583919,-842788741.6593523,2024-11-29
btc,2024-11-30T00:00:00.000000000Z,21007.94301549,flash,2026-02-27T16:18:05.525300000Z,2026502334.9250572,flash,2026-02-27T16:33:45.882656000Z,22838.85314888,flash,2026-02-27T16:32:46.565255000Z,2203118563.2543607,flash,2026-02-27T16:33:45.896990000Z,-1830.9101333899998,-176616228.3293035,2024-11-30
btc,2024-12-01T00:00:00.000000000Z,18904.99277183,flash,2026-02-27T16:37:36.815647000Z,1842662167.6561768,flash,2026-02-27T16:45:08.921647000Z,17659.20813636,flash,2026-02-27T16:42:00.613043000Z,1721236032.003352,flash,2026-02-27T16:45:08.941049000Z,1245.7846354699977,121426135.65282488,2024-12-01
btc,2024-12-02T00:00:00.000000000Z,36333.63741325,flash,2026-02-27T16:46:24.406504000Z,3478089824.52914,flash,2026-02-27T17:06:31.049613000Z,44835.11905481,flash,2026-02-27T17:03:22.063108000Z,4291906411.473668,flash,2026-02-27T17:06:31.063208000Z,-8501.48164156,-813816586.9445281,2024-12-02
btc,2024-12-03T00:00:00.000000000Z,40623.87506389,flash,2026-02-27T17:07:55.939722000Z,3900333889.200401,flash,2026-02-27T17:15:33.808386000Z,45418.93442924,flash,2026-02-27T17:11:58.144473000Z,4360711746.162319,flash,2026-02-27T17:15:33.830511000Z,-4795.059365349996,-460377856.96191835,2024-12-03
btc,2024-12-04T00:00:00.000000000Z,36031.14087531,flash,2026-02-27T17:17:02.974156000Z,3564209564.9783354,flash,2026-02-27T17:34:07.320205000Z,40303.43187299,flash,2026-02-27T17:33:07.433611000Z,3986825670.6131215,flash,2026-02-27T17:34:07.332592000Z,-4272.29099768,-422616105.6347861,2024-12-04
btc,2024-12-05T00:00:00.000000000Z,56674.09303438,flash,2026-02-27T17:35:41.707780000Z,5494534300.523297,flash,2026-02-27T17:40:02.962671000Z,67975.71084753,flash,2026-02-27T17:39:07.357763000Z,6590222354.818018,flash,2026-02-27T17:40:02.980230000Z,-11301.617813150006,-1095688054.2947206,2024-12-05
btc,2024-12-06T00:00:00.000000000Z,42169.94751898,flash,2026-02-27T17:41:34.624344000Z,4215017219.960916,flash,2026-02-27T17:46:27.124711000Z,45884.30785258,flash,2026-02-27T17:45:32.092147000Z,4586279070.837473,flash,2026-02-27T17:46:27.161157000Z,-3714.3603336000015,-371261850.8765569,2024-12-06
btc,2024-12-07T00:00:00.000000000Z,24075.58227782,flash,2026-02-27T17:47:47.576186000Z,2407021347.7919526,flash,2026-02-27T18:07:09.334253000Z,19897.87335663,flash,2026-02-27T18:06:15.137501000Z,1989343617.6284208,flash,2026-02-27T18:07:09.352708000Z,4177.708921190002,417677730.1635318,2024-12-07
btc,2024-12-08T00:00:00.000000000Z,19856.26480807,flash,2026-02-27T18:08:24.201428000Z,2001491310.0368376,flash,2026-02-27T18:12:14.236985000Z,20206.34528883,flash,2026-02-27T18:11:20.954716000Z,2036779066.663144,flash,2026-02-27T18:12:14.253092000Z,-350.0804807600034,-35287756.626306534,2024-12-08
btc,2024-12-09T00:00:00.000000000Z,43792.27829696,flash,2026-02-27T18:13:33.581443000Z,4264938691.861621,flash,2026-02-27T18:34:46.454703000Z,56991.42991302,flash,2026-02-27T18:31:38.296782000Z,5550406692.529445,flash,2026-02-27T18:34:46.473027000Z,-13199.15161606,-1285468000.6678238,2024-12-09
btc,2024-12-10T00:00:00.000000000Z,35111.37281468,flash,2026-02-27T18:36:25.917277000Z,3400027403.24582,flash,2026-02-27T18:43:01.861788000Z,41033.75206004,flash,2026-02-27T18:39:08.655013000Z,3973523968.9574113,flash,2026-02-27T18:43:01.877832000Z,-5922.379245360004,-573496565.7115912,2024-12-10
btc,2024-12-11T00:00:00.000000000Z,38466.27912785,flash,2026-02-27T18:44:30.895152000Z,3897026504.7752385,flash,2026-02-27T19:02:33.652681000Z,49683.87796195,flash,2026-02-27T19:01:35.431373000Z,5033483707.488489,flash,2026-02-27T19:02:33.670192000Z,-11217.598834099997,-1136457202.7132506,2024-12-11
btc,2024-12-12T00:00:00.000000000Z,26375.12044425,flash,2026-02-27T19:05:48.868720000Z,2639909291.770209,flash,2026-02-27T19:09:37.303646000Z,31952.11449976,flash,2026-02-27T19:08:36.733436000Z,3198115592.985328,flash,2026-02-27T19:09:37.320750000Z,-5576.99405551,-558206301.2151194,2024-12-12
btc,2024-12-13T00:00:00.000000000Z,27102.6778362,flash,2026-02-27T19:11:38.600120000Z,2745225467.3317065,flash,2026-02-27T19:15:30.810601000Z,36180.2097866,flash,2026-02-27T19:14:33.022791000Z,3664687080.7325354,flash,2026-02-27T19:15:30.825397000Z,-9077.531950399996,-919461613.4008288,2024-12-13
btc,2024-12-14T00:00:00.000000000Z,14969.94071643,flash,2026-02-27T19:18:38.505843000Z,1517456059.4803767,flash,2026-02-27T19:38:08.993863000Z,17760.98297703,flash,2026-02-27T19:37:15.321158000Z,1800375282.1306653,flash,2026-02-27T19:38:09.009539000Z,-2791.0422605999993,-282919222.6502886,2024-12-14
btc,2024-12-15T00:00:00.000000000Z,17435.54863643,flash,2026-02-27T19:39:26.892231000Z,1822910446.7947004,flash,2026-02-27T19:43:01.430492000Z,17764.40038111,flash,2026-02-27T19:42:11.360542000Z,1857292346.2877452,flash,2026-02-27T19:43:01.471712000Z,-328.8517446799997,-34381899.49304485,2024-12-15
btc,2024-12-16T00:00:00.000000000Z,37991.90689119,flash,2026-02-27T19:44:25.849773000Z,4021658843.2658033,flash,2026-02-27T20:04:23.928101000Z,46400.80181701,flash,2026-02-27T20:01:18.204698000Z,4911788068.349764,flash,2026-02-27T20:04:23.956389000Z,-8408.894925819994,-890129225.0839605,2024-12-16
btc,2024-12-17T00:00:00.000000000Z,33228.62166618,flash,2026-02-27T20:05:43.741006000Z,3526085445.5244274,flash,2026-02-27T20:12:00.386518000Z,35324.4699746,flash,2026-02-27T20:08:23.769248000Z,3748488297.216239,flash,2026-02-27T20:12:00.404098000Z,-2095.848308419998,-222402851.69181156,2024-12-17
btc,2024-12-18T00:00:00.000000000Z,29297.31390786,flash,2026-02-27T20:13:16.099124000Z,2943494409.186662,flash,2026-02-27T20:30:04.018154000Z,42238.38425087,flash,2026-02-27T20:29:13.111688000Z,4243680778.604024,flash,2026-02-27T20:30:04.035419000Z,-12941.070343010004,-1300186369.4173617,2024-12-18
btc,2024-12-19T00:00:00.000000000Z,41960.66523906,flash,2026-02-27T20:31:21.874301000Z,4099433032.8054743,flash,2026-02-27T20:46:05.632888000Z,34357.23942077,flash,2026-02-27T20:45:19.595807000Z,3356600792.55374,flash,2026-02-27T20:46:05.651879000Z,7603.425818290001,742832240.2517343,2024-12-19
btc,2024-12-20T00:00:00.000000000Z,50748.6677833,flash,2026-02-27T20:47:17.886620000Z,4953955144.324301,flash,2026-02-27T21:00:03.718179000Z,49569.76022626,flash,2026-02-27T20:59:13.136414000Z,4838873204.009742,flash,2026-02-27T21:00:03.740132000Z,1178.9075570400018,115081940.31455898,2024-12-20
btc,2024-12-21T00:00:00.000000000Z,18409.41779337,flash,2026-02-27T21:01:10.283520000Z,1787425953.1238325,flash,2026-02-27T21:13:56.678245000Z,20324.27662969,flash,2026-02-27T21:13:10.440575000Z,1973345378.6604464,flash,2026-02-27T21:13:56.690014000Z,-1914.8588363199997,-185919425.53661394,2024-12-21
btc,2024-12-22T00:00:00.000000000Z,20268.94557961,flash,2026-02-27T21:15:07.561175000Z,1928572047.920513,flash,2026-02-27T21:18:17.094220000Z,19351.83326405,flash,2026-02-27T21:17:27.757561000Z,1841309631.153656,flash,2026-02-27T21:18:17.106427000Z,917.1123155599998,87262416.76685691,2024-12-22
btc,2024-12-23T00:00:00.000000000Z,36662.84929091,flash,2026-02-27T21:19:23.918943000Z,3475665837.4456086,flash,2026-02-27T21:36:42.867512000Z,36633.80932991,flash,2026-02-27T21:33:24.178916000Z,3472912827.1826153,flash,2026-02-27T21:36:42.885246000Z,29.039961000002222,2753010.2629933357,2024-12-23
btc,2024-12-24T00:00:00.000000000Z,29553.98223735,flash,2026-02-27T21:37:56.152551000Z,2915137810.620855,flash,2026-02-27T21:53:23.321340000Z,31394.82940363,flash,2026-02-27T21:49:47.379730000Z,3096714802.002246,flash,2026-02-27T21:53:23.363936000Z,-1840.8471662800002,-181576991.38139105,2024-12-24
btc,2024-12-25T00:00:00.000000000Z,20181.27511363,flash,2026-02-27T21:54:49.537577000Z,2002696260.327978,flash,2026-02-27T21:59:01.981519000Z,22722.33489516,flash,2026-02-27T21:58:15.993802000Z,2254859262.5707345,flash,2026-02-27T21:59:01.993500000Z,-2541.059781529999,-252163002.2427566,2024-12-25
btc,2024-12-26T00:00:00.000000000Z,28764.33637648,flash,2026-02-27T22:00:11.039550000Z,2750684677.2013164,flash,2026-02-27T22:15:25.498103000Z,26299.84315843,flash,2026-02-27T22:14:40.227952000Z,2515009372.7816467,flash,2026-02-27T22:15:25.512549000Z,2464.49321805,235675304.41966963,2024-12-26
btc,2024-12-27T00:00:00.000000000Z,34981.17109419,flash,2026-02-27T22:17:42.569442000Z,3295925315.94472,flash,2026-02-27T22:32:04.163402000Z,43651.83475631,flash,2026-02-27T22:31:07.399624000Z,4112875091.3846207,flash,2026-02-27T22:32:04.178158000Z,-8670.663662120001,-816949775.4399009,2024-12-27
btc,2024-12-28T00:00:00.000000000Z,16263.46776708,flash,2026-02-27T22:33:35.617575000Z,1547039295.2697093,flash,2026-02-27T22:47:41.939500000Z,18702.07971779,flash,2026-02-27T22:46:52.505938000Z,1779008796.9585881,flash,2026-02-27T22:47:41.955201000Z,-2438.6119507099993,-231969501.68887877,2024-12-28
btc,2024-12-29T00:00:00.000000000Z,16941.5801597,flash,2026-02-27T22:51:04.551627000Z,1583319054.6444745,flash,2026-02-27T22:55:10.316940000Z,24656.63592409,flash,2026-02-27T22:54:03.696767000Z,2304349482.9902854,flash,2026-02-27T22:55:10.333599000Z,-7715.055764389999,-721030428.3458109,2024-12-29
btc,2024-12-30T00:00:00.000000000Z,32461.86023674,flash,2026-02-27T22:57:01.568883000Z,3003473988.727605,flash,2026-02-27T23:15:29.777173000Z,53679.96575952,flash,2026-02-27T23:12:11.324003000Z,4966640226.367325,flash,2026-02-27T23:15:29.798647000Z,-21218.105522779995,-1963166237.63972,2024-12-30
btc,2024-12-31T00:00:00.000000000Z,28698.2068744,flash,2026-02-27T23:16:40.383069000Z,2680117866.1483383,flash,2026-02-27T23:34:02.824878000Z,63513.27882154,flash,2026-02-27T23:30:21.671551000Z,5931488125.800512,flash,2026-02-27T23:34:02.856792000Z,-34815.07194714,-3251370259.652174,2024-12-31
btc,2025-01-01T00:00:00.000000000Z,23649.60599095,flash,2026-02-27T23:35:02.624178000Z,2233842372.486472,flash,2026-02-27T23:40:45.740224000Z,29819.65892571,flash,2026-02-27T23:37:32.926602000Z,2816639637.329942,flash,2026-02-27T23:40:45.751516000Z,-6170.052934759999,-582797264.8434701,2025-01-01
btc,2025-01-02T00:00:00.000000000Z,31127.31336664,flash,2026-02-27T23:42:10.535733000Z,3014723681.1645045,flash,2026-02-28T00:01:50.296400000Z,32306.10716017,flash,2026-02-27T23:58:11.699537000Z,3128891502.9326777,flash,2026-02-28T00:01:50.310564000Z,-1178.7937935299997,-114167821.76817322,2025-01-02
btc,2025-01-03T00:00:00.000000000Z,28123.49066446,flash,2026-02-28T00:03:00.572453000Z,2759496159.4736733,flash,2026-02-28T00:19:04.338079000Z,23621.09243732,flash,2026-02-28T00:18:13.586656000Z,2317717762.743046,flash,2026-02-28T00:19:04.356646000Z,4502.398227140002,441778396.73062754,2025-01-03
btc,2025-01-04T00:00:00.000000000Z,14610.70566633,flash,2026-02-28T00:20:13.511309000Z,1435210316.829614,flash,2026-02-28T00:36:48.724439000Z,17500.38988099,flash,2026-02-28T00:35:57.614032000Z,1719064135.5275755,flash,2026-02-28T00:36:48.745183000Z,-2889.6842146599975,-283853818.69796157,2025-01-04
btc,2025-01-05T00:00:00.000000000Z,15980.24397339,flash,2026-02-28T00:37:56.760335000Z,1572692707.8963614,flash,2026-02-28T00:53:46.625509000Z,15990.90324395,flash,2026-02-28T00:52:56.831905000Z,1573741738.0056088,flash,2026-02-28T00:53:46.643749000Z,-10.65927056000146,-1049030.109247446,2025-01-05
btc,2025-01-06T00:00:00.000000000Z,34555.96079962,flash,2026-02-28T00:54:57.266986000Z,3530912882.5556455,flash,2026-02-28T01:01:44.021801000Z,39857.99802748,flash,2026-02-28T00:58:27.897513000Z,4072672715.546496,flash,2026-02-28T01:01:44.048078000Z,-5302.037227859997,-541759832.9908504,2025-01-06
btc,2025-01-07T00:00:00.000000000Z,32445.54664137,flash,2026-02-28T01:02:57.518234000Z,3146406748.8147616,flash,2026-02-28T01:23:21.667200000Z,41676.37453234,flash,2026-02-28T01:19:23.413912000Z,4041566244.6410017,flash,2026-02-28T01:23:21.683674000Z,-9230.827890969998,-895159495.8262401,2025-01-07
btc,2025-01-08T00:00:00.000000000Z,33138.194175,flash,2026-02-28T01:24:33.991760000Z,3149430145.415745,flash,2026-02-28T01:40:20.478956000Z,38687.95161517,flash,2026-02-28T01:39:24.419242000Z,3676875101.81602,flash,2026-02-28T01:40:20.495766000Z,-5549.757440170004,-527444956.40027523,2025-01-08
btc,2025-01-09T00:00:00.000000000Z,32508.1275765,flash,2026-02-28T01:41:53.084524000Z,3002001048.220892,flash,2026-02-28T01:56:55.559045000Z,34245.99228049,flash,2026-02-28T01:56:02.875659000Z,3162486196.1509585,flash,2026-02-28T01:56:55.578685000Z,-1737.8647039899988,-160485147.9300666,2025-01-09
btc,2025-01-10T00:00:00.000000000Z,30944.71743473,flash,2026-02-28T01:59:25.256460000Z,2932294181.4962487,flash,2026-02-28T02:14:45.568399000Z,37468.91443258,flash,2026-02-28T02:13:49.363206000Z,3550521345.343601,flash,2026-02-28T02:14:45.579355000Z,-6524.196997850002,-618227163.8473525,2025-01-10
btc,2025-01-11T00:00:00.000000000Z,17567.02077169,flash,2026-02-28T02:17:00.217717000Z,1661954491.347597,flash,2026-02-28T02:33:35.881660000Z,22576.79582461,flash,2026-02-28T02:32:42.443718000Z,2135911815.0196488,flash,2026-02-28T02:33:35.892570000Z,-5009.775052919998,-473957323.6720519,2025-01-11
btc,2025-01-12T00:00:00.000000000Z,16667.46591666,flash,2026-02-28T02:35:04.983913000Z,1572638333.231258,flash,2026-02-28T02:40:03.700000000Z,18603.73566835,flash,2026-02-28T02:39:09.086071000Z,1755332694.2222817,flash,2026-02-28T02:40:03.717954000Z,-1936.2697516900007,-182694360.99102378,2025-01-12
btc,2025-01-13T00:00:00.000000000Z,29061.39494194,flash,2026-02-28T02:42:12.276998000Z,2742690359.856693,flash,2026-02-28T03:02:08.559222000Z,27270.19581255,flash,2026-02-28T02:59:00.695889000Z,2573644634.6058416,flash,2026-02-28T03:02:08.580087000Z,1791.1991293900028,169045725.25085115,2025-01-13
btc,2025-01-14T00:00:00.000000000Z,34377.32431501,flash,2026-02-28T03:03:26.458937000Z,3319800185.989589,flash,2026-02-28T03:11:34.285005000Z,33409.67151438,flash,2026-02-28T03:07:44.948953000Z,3226354462.347212,flash,2026-02-28T03:11:34.301205000Z,967.6528006299995,93445723.64237738,2025-01-14
btc,2025-01-15T00:00:00.000000000Z,35375.96043483,flash,2026-02-28T03:12:46.535597000Z,3543695070.790484,flash,2026-02-28T03:29:47.211986000Z,31998.17389675,flash,2026-02-28T03:28:57.148995000Z,3205334066.3669424,flash,2026-02-28T03:29:47.226211000Z,3377.7865380799994,338361004.42354155,2025-01-15
btc,2025-01-16T00:00:00.000000000Z,31488.3954681,flash,2026-02-28T03:30:55.915930000Z,3148138294.685069,flash,2026-02-28T03:45:52.799585000Z,37324.06014041,flash,2026-02-28T03:45:01.567117000Z,3731574800.633794,flash,2026-02-28T03:45:52.815438000Z,-5835.664672310002,-583436505.9487247,2025-01-16
btc,2025-01-17T00:00:00.000000000Z,35643.12070782,flash,2026-02-28T03:47:15.545366000Z,3717455876.716445,flash,2026-02-28T03:50:40.506975000Z,44247.57180077,flash,2026-02-28T03:49:48.019879000Z,4614870767.618196,flash,2026-02-28T03:50:40.519549000Z,-8604.451092949996,-897414890.9017506,2025-01-17
btc,2025-01-18T00:00:00.000000000Z,24893.4676709,flash,2026-02-28T03:51:52.078236000Z,2598832127.791018,flash,2026-02-28T03:56:38.374143000Z,25278.57698106,flash,2026-02-28T03:55:48.396644000Z,2639036829.7307644,flash,2026-02-28T03:56:38.389690000Z,-385.10931015999813,-40204701.93974638,2025-01-18
btc,2025-01-19T00:00:00.000000000Z,30488.07546071,flash,2026-02-28T03:57:52.635901000Z,3077910617.837288,flash,2026-02-28T04:01:46.998156000Z,30540.19231904,flash,2026-02-28T04:00:54.544971000Z,3083172052.9786744,flash,2026-02-28T04:01:47.018046000Z,-52.11685833000229,-5261435.141386509,2025-01-19
btc,2025-01-20T00:00:00.000000000Z,43690.30363364,flash,2026-02-28T04:02:55.546681000Z,4482144502.6306715,flash,2026-02-28T04:24:54.627453000Z,40233.6074185,flash,2026-02-28T04:21:51.750076000Z,4127525499.1128154,flash,2026-02-28T04:24:54.660725000Z,3456.696215139993,354619003.5178561,2025-01-20
btc,2025-01-21T00:00:00.000000000Z,32783.27312188,flash,2026-02-28T04:26:08.523552000Z,3474629903.041696,flash,2026-02-28T04:33:31.141410000Z,39159.61229067,flash,2026-02-28T04:29:48.253527000Z,4150444629.211517,flash,2026-02-28T04:33:31.156297000Z,-6376.339168789993,-675814726.1698208,2025-01-21
btc,2025-01-22T00:00:00.000000000Z,31101.00003306,flash,2026-02-28T04:34:47.249558000Z,3228007902.15238,flash,2026-02-28T04:39:11.553009000Z,33271.94836478,flash,2026-02-28T04:38:27.158711000Z,3453333080.201556,flash,2026-02-28T04:39:11.571289000Z,-2170.9483317199993,-225325178.04917622,2025-01-22
btc,2025-01-23T00:00:00.000000000Z,32123.73954683,flash,2026-02-28T04:40:24.292764000Z,3346799493.0614686,flash,2026-02-28T04:58:14.279381000Z,37139.47906548,flash,2026-02-28T04:57:27.164589000Z,3869362392.4983354,flash,2026-02-28T04:58:14.289875000Z,-5015.739518650003,-522562899.43686676,2025-01-23
btc,2025-01-24T00:00:00.000000000Z,28042.99289748,flash,2026-02-28T05:00:07.270033000Z,2936553546.315872,flash,2026-02-28T05:14:51.599795000Z,32219.46393335,flash,2026-02-28T05:14:09.937252000Z,3373897408.8738403,flash,2026-02-28T05:14:51.614494000Z,-4176.471035870003,-437343862.55796814,2025-01-24
btc,2025-01-25T00:00:00.000000000Z,17421.74509072,flash,2026-02-28T05:16:26.014902000Z,1826950207.610554,flash,2026-02-28T05:20:32.665470000Z,18326.22341688,flash,2026-02-28T05:19:41.388330000Z,1921799308.957896,flash,2026-02-28T05:20:32.681063000Z,-904.4783261599987,-94849101.34734201,2025-01-25
btc,2025-01-26T00:00:00.000000000Z,16555.95030108,flash,2026-02-28T05:22:06.616789000Z,1702504150.980236,flash,2026-02-28T05:37:51.401127000Z,19606.88278086,flash,2026-02-28T05:37:00.083934000Z,2016241817.3011503,flash,2026-02-28T05:37:51.418069000Z,-3050.93247978,-313737666.32091427,2025-01-26
btc,2025-01-27T00:00:00.000000000Z,39934.8796224,flash,2026-02-28T05:39:58.733905000Z,4069661600.4813128,flash,2026-02-28T05:46:57.358984000Z,40831.06980726,flash,2026-02-28T05:43:49.956849000Z,4160990053.616482,flash,2026-02-28T05:46:57.375654000Z,-896.1901848599955,-91328453.13516903,2025-01-27
btc,2025-01-28T00:00:00.000000000Z,27206.6660719,flash,2026-02-28T05:48:22.970340000Z,2751631712.7365465,flash,2026-02-28T06:07:06.484896000Z,28784.67231649,flash,2026-02-28T06:03:34.542372000Z,2911228335.639005,flash,2026-02-28T06:07:06.508159000Z,-1578.0062445900003,-159596622.90245867,2025-01-28
btc,2025-01-29T00:00:00.000000000Z,23528.65141922,flash,2026-02-28T06:08:25.396385000Z,2445069114.2552333,flash,2026-02-28T06:13:23.608332000Z,24307.0433163,flash,2026-02-28T06:12:33.117888000Z,2525958662.594674,flash,2026-02-28T06:13:23.631653000Z,-778.3918970800005,-80889548.33944082,2025-01-29
btc,2025-01-30T00:00:00.000000000Z,29030.95645295,flash,2026-02-28T06:14:37.189505000Z,3047885984.8604174,flash,2026-02-28T06:30:16.798848000Z,31030.34798766,flash,2026-02-28T06:29:28.768629000Z,3257796996.4651327,flash,2026-02-28T06:30:16.813407000Z,-1999.391534710001,-209911011.60471535,2025-01-30
btc,2025-01-31T00:00:00.000000000Z,28935.82505234,flash,2026-02-28T06:31:21.012454000Z,2959065540.982501,flash,2026-02-28T06:45:27.936143000Z,35893.67507901,flash,2026-02-28T06:44:40.500164000Z,3670596462.1157966,flash,2026-02-28T06:45:27.952697000Z,-6957.850026669999,-711530921.1332955,2025-01-31
btc,2025-02-01T00:00:00.000000000Z,18368.9726888,flash,2026-02-28T06:46:37.457725000Z,1848107677.3009405,flash,2026-02-28T06:50:52.535586000Z,20555.93908389,flash,2026-02-28T06:50:09.872904000Z,2068139001.4930296,flash,2026-02-28T06:50:52.552469000Z,-2186.9663950899994,-220031324.19208908,2025-02-01
btc,2025-02-02T00:00:00.000000000Z,26791.48281397,flash,2026-02-28T06:52:05.284682000Z,2610154343.1387076,flash,2026-02-28T07:08:28.822392000Z,25672.42323962,flash,2026-02-28T07:07:40.052049000Z,2501130209.2935457,flash,2026-02-28T07:08:28.837591000Z,1119.0595743500016,109024133.84516191,2025-02-02
btc,2025-02-03T00:00:00.000000000Z,48235.74763976,flash,2026-02-28T07:09:37.925252000Z,4899903430.799292,flash,2026-02-28T07:26:27.450462000Z,47869.74081389,flash,2026-02-28T07:23:29.168949000Z,4862723575.825963,flash,2026-02-28T07:26:27.469526000Z,366.00682586999756,37179854.97332859,2025-02-03
btc,2025-02-04T00:00:00.000000000Z,30998.33855722,flash,2026-02-28T07:27:30.714460000Z,3033130073.4334044,flash,2026-02-28T07:44:51.269887000Z,54789.69155367,flash,2026-02-28T07:41:29.336348000Z,5361069944.404157,flash,2026-02-28T07:44:51.284018000Z,-23791.352996450005,-2327939870.9707522,2025-02-04
btc,2025-02-05T00:00:00.000000000Z,26687.02399731,flash,2026-02-28T07:45:55.883675000Z,2576881230.4311633,flash,2026-02-28T07:49:51.875727000Z,87190.50211594,flash,2026-02-28T07:49:01.012227000Z,8419056707.000439,flash,2026-02-28T07:49:51.891458000Z,-60503.47811863001,-5842175476.569275,2025-02-05
btc,2025-02-06T00:00:00.000000000Z,31836.188654,flash,2026-02-28T07:51:11.717554000Z,3073507061.388604,flash,2026-02-28T08:08:22.301393000Z,34202.16233506,flash,2026-02-28T08:07:30.201999000Z,3301921237.9355774,flash,2026-02-28T08:08:22.319513000Z,-2365.973681059997,-228414176.54697323,2025-02-06
btc,2025-02-07T00:00:00.000000000Z,31528.38132146,flash,2026-02-28T08:10:19.242532000Z,3038835004.4219747,flash,2026-02-28T08:25:29.224659000Z,32633.94847702,flash,2026-02-28T08:24:39.132093000Z,3145394111.843332,flash,2026-02-28T08:25:29.247690000Z,-1105.5671555599984,-106559107.42135715,2025-02-07
btc,2025-02-08T00:00:00.000000000Z,19936.52660202,flash,2026-02-28T08:27:14.961622000Z,1925934622.2847784,flash,2026-02-28T08:42:41.511349000Z,23903.71025638,flash,2026-02-28T08:41:52.594515000Z,2309177727.035032,flash,2026-02-28T08:42:41.526816000Z,-3967.18365436,-383243104.75025344,2025-02-08
btc,2025-02-09T00:00:00.000000000Z,20491.92388061,flash,2026-02-28T08:44:08.084641000Z,1973572132.3647115,flash,2026-02-28T08:48:18.089614000Z,21957.7895856,flash,2026-02-28T08:47:34.120655000Z,2114749296.6960137,flash,2026-02-28T08:48:18.106938000Z,-1465.8657049899994,-141177164.33130217,2025-02-09
btc,2025-02-10T00:00:00.000000000Z,34589.45359485,flash,2026-02-28T08:49:26.454733000Z,3368155838.656214,flash,2026-02-28T09:07:57.842230000Z,39897.3936957,flash,2026-02-28T09:05:01.847398000Z,3885017702.139864,flash,2026-02-28T09:07:57.872496000Z,-5307.940100849999,-516861863.48364973,2025-02-10
btc,2025-02-11T00:00:00.000000000Z,31592.46606182,flash,2026-02-28T09:09:04.901762000Z,3026755955.5936155,flash,2026-02-28T09:27:04.102618000Z,31032.59038056,flash,2026-02-28T09:23:31.831960000Z,2973116361.605297,flash,2026-02-28T09:27:04.118247000Z,559.8756812600004,53639593.98831844,2025-02-11
btc,2025-02-12T00:00:00.000000000Z,26779.54380583,flash,2026-02-28T09:28:10.064518000Z,2617874411.2533817,flash,2026-02-28T09:31:48.836550000Z,27466.47718466,flash,2026-02-28T09:31:00.955835000Z,2685026612.490036,flash,2026-02-28T09:31:48.858868000Z,-686.9333788300028,-67152201.23665428,2025-02-12
btc,2025-02-13T00:00:00.000000000Z,29442.93059786,flash,2026-02-28T09:32:57.726576000Z,2842265668.7473545,flash,2026-02-28T09:48:50.516620000Z,26068.99407954,flash,2026-02-28T09:48:03.282379000Z,2516563582.0382643,flash,2026-02-28T09:48:50.567107000Z,3373.936518319999,325702086.70909023,2025-02-13
btc,2025-02-14T00:00:00.000000000Z,29025.10834224,flash,2026-02-28T09:49:55.652276000Z,2827462323.5474663,flash,2026-02-28T10:04:52.763959000Z,30541.31313826,flash,2026-02-28T10:04:05.639199000Z,2975162441.837453,flash,2026-02-28T10:04:52.784284000Z,-1516.2047960199998,-147700118.2899866,2025-02-14
btc,2025-02-15T00:00:00.000000000Z,15799.65757999,flash,2026-02-28T10:05:51.884801000Z,1541781827.7382913,flash,2026-02-28T10:20:22.669530000Z,16408.43526087,flash,2026-02-28T10:19:37.876873000Z,1601188328.212211,flash,2026-02-28T10:20:22.688126000Z,-608.777680879999,-59406500.47391963,2025-02-15
btc,2025-02-16T00:00:00.000000000Z,15515.88936402,flash,2026-02-28T10:21:16.873341000Z,1492353400.6846905,flash,2026-02-28T10:24:57.658639000Z,17915.8735205,flash,2026-02-28T10:24:12.850849000Z,1723189315.6286175,flash,2026-02-28T10:24:57.674856000Z,-2399.984156480001,-230835914.94392705,2025-02-16
btc,2025-02-17T00:00:00.000000000Z,20503.15880737,flash,2026-02-28T10:26:01.246702000Z,1964008059.2421656,flash,2026-02-28T10:45:58.935441000Z,23291.02053199,flash,2026-02-28T10:42:56.845521000Z,2231058758.436784,flash,2026-02-28T10:45:58.950659000Z,-2787.861724620001,-267050699.19461823,2025-02-17
btc,2025-02-18T00:00:00.000000000Z,26082.43225897,flash,2026-02-28T10:47:04.962660000Z,2489412496.2056346,flash,2026-02-28T11:05:31.811706000Z,24455.63642067,flash,2026-02-28T11:01:54.654857000Z,2334144542.341915,flash,2026-02-28T11:05:31.830366000Z,1626.7958383000005,155267953.86371946,2025-02-18
btc,2025-02-19T00:00:00.000000000Z,32593.99039325,flash,2026-02-28T11:06:38.477312000Z,3150141157.555471,flash,2026-02-28T11:10:12.234006000Z,31677.65340663,flash,2026-02-28T11:09:24.032941000Z,3061579099.921073,flash,2026-02-28T11:10:12.258776000Z,916.3369866199973,88562057.63439798,2025-02-19
btc,2025-02-20T00:00:00.000000000Z,23936.46391247,flash,2026-02-28T11:11:25.594859000Z,2355161816.7086368,flash,2026-02-28T11:15:03.152924000Z,31574.22793705,flash,2026-02-28T11:14:22.738671000Z,3106658372.820692,flash,2026-02-28T11:15:03.170243000Z,-7637.764024579999,-751496556.1120553,2025-02-20
btc,2025-02-21T00:00:00.000000000Z,34674.84616407,flash,2026-02-28T11:16:20.082247000Z,3330484081.618474,flash,2026-02-28T11:20:45.714920000Z,31491.33832756,flash,2026-02-28T11:19:57.399059000Z,3024711357.4069204,flash,2026-02-28T11:20:45.732863000Z,3183.507836509998,305772724.2115536,2025-02-21
btc,2025-02-22T00:00:00.000000000Z,18717.97792115,flash,2026-02-28T11:23:00.297425000Z,1808263530.099144,flash,2026-02-28T11:42:52.203176000Z,31494.62356783,flash,2026-02-28T11:42:08.476329000Z,3042560442.79002,flash,2026-02-28T11:42:52.218544000Z,-12776.645646680001,-1234296912.690876,2025-02-22
btc,2025-02-23T00:00:00.000000000Z,11841.53342802,flash,2026-02-28T11:44:46.331240000Z,1137872284.0560775,flash,2026-02-28T12:01:00.237214000Z,13425.71146074,flash,2026-02-28T11:59:56.449581000Z,1290098538.1472232,flash,2026-02-28T12:01:00.252117000Z,-1584.1780327199995,-152226254.09114575,2025-02-23
btc,2025-02-24T00:00:00.000000000Z,23031.12063366,flash,2026-02-28T12:02:04.979496000Z,2115861091.747988,flash,2026-02-28T12:09:08.841312000Z,21800.10796818,flash,2026-02-28T12:06:05.495431000Z,2002768383.6783943,flash,2026-02-28T12:09:08.866040000Z,1231.0126654800006,113092708.06959367,2025-02-24
btc,2025-02-25T00:00:00.000000000Z,55466.74912175,flash,2026-02-28T12:10:48.946622000Z,4923768655.601046,flash,2026-02-28T12:31:53.073230000Z,47283.91281569,flash,2026-02-28T12:28:18.605088000Z,4197380440.0368934,flash,2026-02-28T12:31:53.104599000Z,8182.836306060002,726388215.5641522,2025-02-25
btc,2025-02-26T00:00:00.000000000Z,46336.87313539,flash,2026-02-28T12:33:07.350157000Z,3891736465.2592177,flash,2026-02-28T12:50:10.958248000Z,48833.30647849,flash,2026-02-28T12:49:16.316486000Z,4101406648.356036,flash,2026-02-28T12:50:10.976079000Z,-2496.4333430999977,-209670183.09681845,2025-02-26
btc,2025-02-27T00:00:00.000000000Z,34929.39920679,flash,2026-02-28T12:51:19.860560000Z,2955915048.0596833,flash,2026-02-28T13:06:49.852854000Z,38092.78064059,flash,2026-02-28T13:05:52.819163000Z,3223617527.783535,flash,2026-02-28T13:06:49.887603000Z,-3163.381433799994,-267702479.72385168,2025-02-27
btc,2025-02-28T00:00:00.000000000Z,44702.94862406,flash,2026-02-28T13:08:10.634222000Z,3765945275.8725066,flash,2026-02-28T13:12:26.271155000Z,45493.63853765,flash,2026-02-28T13:11:34.966311000Z,3832555981.3498106,flash,2026-02-28T13:12:26.285008000Z,-790.6899135899948,-66610705.47730398,2025-02-28
btc,2025-03-01T00:00:00.000000000Z,21500.44466888,flash,2026-02-28T13:13:34.069602000Z,1845692096.4200425,flash,2026-02-28T13:30:12.163847000Z,24324.79642248,flash,2026-02-28T13:29:22.640631000Z,2088146789.3071525,flash,2026-02-28T13:30:12.182492000Z,-2824.3517536,-242454692.88711,2025-03-01
btc,2025-03-02T00:00:00.000000000Z,21691.22350516,flash,2026-02-28T13:31:10.547187000Z,2046089935.656992,flash,2026-02-28T13:46:00.782727000Z,29931.25638563,flash,2026-02-28T13:45:14.314495000Z,2823355835.028766,flash,2026-02-28T13:46:00.805427000Z,-8240.03288047,-777265899.3717742,2025-03-02
btc,2025-03-03T00:00:00.000000000Z,35633.59631862,flash,2026-02-28T13:47:06.869279000Z,3075747025.1253514,flash,2026-02-28T14:05:45.272902000Z,38226.93355001,flash,2026-02-28T14:02:36.445333000Z,3299593341.4856954,flash,2026-02-28T14:05:45.290747000Z,-2593.3372313899963,-223846316.36034393,2025-03-03
btc,2025-03-04T00:00:00.000000000Z,29870.70474623,flash,2026-02-28T14:06:52.696953000Z,2608420180.7808433,flash,2026-02-28T14:14:04.311831000Z,29789.64351741,flash,2026-02-28T14:10:34.068628000Z,2601341615.111593,flash,2026-02-28T14:14:04.370364000Z,81.06122881999909,7078565.669250488,2025-03-04
btc,2025-03-05T00:00:00.000000000Z,23824.08620565,flash,2026-02-28T14:15:10.267946000Z,2158924614.246377,flash,2026-02-28T14:31:51.345583000Z,25068.50056731,flash,2026-02-28T14:31:12.412301000Z,2271692708.3725777,flash,2026-02-28T14:31:51.359294000Z,-1244.4143616599977,-112768094.12620068,2025-03-05
btc,2025-03-06T00:00:00.000000000Z,25421.91114535,flash,2026-02-28T14:33:13.204433000Z,2293617429.795504,flash,2026-02-28T14:48:19.800914000Z,26203.71256833,flash,2026-02-28T14:47:32.669291000Z,2364153171.980011,flash,2026-02-28T14:48:19.874620000Z,-781.8014229799992,-70535742.1845069,2025-03-06
btc,2025-03-07T00:00:00.000000000Z,29779.20883526,flash,2026-02-28T14:50:15.519972000Z,2577497497.379504,flash,2026-02-28T14:54:10.274047000Z,27190.94860745,flash,2026-02-28T14:53:19.372250000Z,2353474277.130344,flash,2026-02-28T14:54:10.292279000Z,2588.260227810002,224023220.2491603,2025-03-07
btc,2025-03-08T00:00:00.000000000Z,10474.33442086,flash,2026-02-28T14:55:53.850682000Z,902586793.0519587,flash,2026-02-28T15:12:50.372713000Z,12468.87473435,flash,2026-02-28T15:12:00.053243000Z,1074458882.75539,flash,2026-02-28T15:12:50.389905000Z,-1994.5403134900007,-171872089.70343125,2025-03-08
btc,2025-03-09T00:00:00.000000000Z,14951.79567705,flash,2026-02-28T15:14:15.790320000Z,1205829373.739668,flash,2026-02-28T15:17:58.595875000Z,15401.3176502,flash,2026-02-28T15:17:17.255303000Z,1242082330.312482,flash,2026-02-28T15:17:58.617009000Z,-449.5219731500001,-36252956.572814226,2025-03-09
btc,2025-03-10T00:00:00.000000000Z,32427.66481315,flash,2026-02-28T15:19:35.523993000Z,2561978793.3096294,flash,2026-02-28T15:26:44.716699000Z,31492.44209226,flash,2026-02-28T15:23:48.838084000Z,2488090624.3111057,flash,2026-02-28T15:26:44.733126000Z,935.2227208900003,73888168.99852371,2025-03-10
btc,2025-03-11T00:00:00.000000000Z,31615.26851536,flash,2026-02-28T15:27:52.490601000Z,2616073688.3441286,flash,2026-02-28T15:34:57.603298000Z,45981.793155,flash,2026-02-28T15:31:28.454111000Z,3804862804.098436,flash,2026-02-28T15:34:57.621512000Z,-14366.52463964,-1188789115.7543073,2025-03-11
btc,2025-03-12T00:00:00.000000000Z,23841.17395266,flash,2026-02-28T15:36:03.303335000Z,1993841147.1930103,flash,2026-02-28T15:55:10.814400000Z,23764.97199226,flash,2026-02-28T15:54:17.608706000Z,1987468365.1964536,flash,2026-02-28T15:55:10.838978000Z,76.20196039999792,6372781.996556759,2025-03-12
btc,2025-03-13T00:00:00.000000000Z,19571.3561407,flash,2026-02-28T15:56:20.110059000Z,1587438353.6549397,flash,2026-02-28T16:00:51.741112000Z,20093.28496668,flash,2026-02-28T15:59:54.193333000Z,1629772151.593232,flash,2026-02-28T16:00:51.765875000Z,-521.9288259799978,-42333797.938292265,2025-03-13
btc,2025-03-14T00:00:00.000000000Z,23506.70960137,flash,2026-02-28T16:01:57.531366000Z,1977051405.08154,flash,2026-02-28T16:07:05.348565000Z,24732.55602186,flash,2026-02-28T16:06:10.923222000Z,2080152240.0832489,flash,2026-02-28T16:07:05.366243000Z,-1225.846420490001,-103100835.00170875,2025-03-14
btc,2025-03-15T00:00:00.000000000Z,10907.51603141,flash,2026-02-28T16:08:12.702805000Z,920080361.465711,flash,2026-02-28T16:32:08.257586000Z,12965.65500841,flash,2026-02-28T16:31:15.318274000Z,1093690306.0627887,flash,2026-02-28T16:32:08.322345000Z,-2058.1389770000005,-173609944.59707773,2025-03-15
btc,2025-03-16T00:00:00.000000000Z,10539.64625694,flash,2026-02-28T16:33:15.209340000Z,869437582.8061982,flash,2026-02-28T16:49:10.075660000Z,11444.39913458,flash,2026-02-28T16:48:18.045271000Z,944072550.2230893,flash,2026-02-28T16:49:10.108692000Z,-904.7528776400013,-74634967.4168911,2025-03-16
btc,2025-03-17T00:00:00.000000000Z,20803.32861389,flash,2026-02-28T16:50:14.456133000Z,1747769758.3695168,flash,2026-02-28T16:56:45.868793000Z,23431.77307358,flash,2026-02-28T16:53:46.646552000Z,1968595753.2602007,flash,2026-02-28T16:56:45.888472000Z,-2628.4444596899993,-220825994.8906839,2025-03-17
btc,2025-03-18T00:00:00.000000000Z,19767.35035778,flash,2026-02-28T16:57:52.317916000Z,1634380470.9659865,flash,2026-02-28T17:05:01.493635000Z,19260.32198283,flash,2026-02-28T17:01:16.547794000Z,1592458955.9806583,flash,2026-02-28T17:05:01.510469000Z,507.0283749500013,41921514.9853282,2025-03-18
btc,2025-03-19T00:00:00.000000000Z,23227.42722631,flash,2026-02-28T17:06:04.151699000Z,2015542230.2577777,flash,2026-02-28T17:27:12.051540000Z,28969.57544899,flash,2026-02-28T17:26:22.069163000Z,2513812749.951913,flash,2026-02-28T17:27:12.066778000Z,-5742.14822268,-498270519.6941352,2025-03-19
btc,2025-03-20T00:00:00.000000000Z,28502.49251692,flash,2026-02-28T17:28:23.700170000Z,2397771364.6178665,flash,2026-02-28T17:33:21.928668000Z,29090.96174355,flash,2026-02-28T17:32:35.845242000Z,2447276321.4118943,flash,2026-02-28T17:33:21.970748000Z,-588.4692266300008,-49504956.794027805,2025-03-20
btc,2025-03-21T00:00:00.000000000Z,19759.45888252,flash,2026-02-28T17:35:09.054694000Z,1661166014.2107315,flash,2026-02-28T17:39:39.232411000Z,21093.39049525,flash,2026-02-28T17:38:55.362980000Z,1773308855.4455512,flash,2026-02-28T17:39:39.245285000Z,-1333.9316127300008,-112142841.23481965,2025-03-21
btc,2025-03-22T00:00:00.000000000Z,8705.10895235,flash,2026-02-28T17:41:35.965608000Z,729672855.2772388,flash,2026-02-28T17:59:19.812586000Z,10497.99018133,flash,2026-02-28T17:58:37.563164000Z,879954347.7529466,flash,2026-02-28T17:59:19.831986000Z,-1792.8812289800007,-150281492.47570777,2025-03-22
btc,2025-03-23T00:00:00.000000000Z,8358.60630259,flash,2026-02-28T18:00:29.858698000Z,716841444.2087735,flash,2026-02-28T18:04:24.486208000Z,10316.76939166,flash,2026-02-28T18:03:20.808167000Z,884775236.7514733,flash,2026-02-28T18:04:24.504247000Z,-1958.1630890699998,-167933792.5426998,2025-03-23
btc,2025-03-24T00:00:00.000000000Z,23157.61959841,flash,2026-02-28T18:05:42.982809000Z,2022182901.4148033,flash,2026-02-28T18:24:20.222896000Z,33089.48618428,flash,2026-02-28T18:21:20.696866000Z,2889459035.031676,flash,2026-02-28T18:24:20.265401000Z,-9931.86658587,-867276133.6168725,2025-03-24
btc,2025-03-25T00:00:00.000000000Z,28038.65203666,flash,2026-02-28T18:25:31.433253000Z,2451218663.953073,flash,2026-02-28T18:32:02.288746000Z,52856.65279847,flash,2026-02-28T18:28:36.389250000Z,4620878838.4083395,flash,2026-02-28T18:32:02.302605000Z,-24818.00076181,-2169660174.4552665,2025-03-25
btc,2025-03-26T00:00:00.000000000Z,27173.94151371,flash,2026-02-28T18:33:17.998217000Z,2359694757.4656777,flash,2026-02-28T18:49:53.621109000Z,33429.99776988,flash,2026-02-28T18:49:06.977101000Z,2902949888.2183022,flash,2026-02-28T18:49:53.657508000Z,-6256.056256169999,-543255130.7526245,2025-03-26
btc,2025-03-27T00:00:00.000000000Z,19249.82010074,flash,2026-02-28T18:51:02.581257000Z,1678802298.0736177,flash,2026-02-28T19:04:46.345190000Z,22002.44870849,flash,2026-02-28T19:03:59.126712000Z,1918862683.482427,flash,2026-02-28T19:04:46.363028000Z,-2752.628607750001,-240060385.40880919,2025-03-27
btc,2025-03-28T00:00:00.000000000Z,30851.44328335,flash,2026-02-28T19:05:55.654921000Z,2601056749.1425056,flash,2026-02-28T19:18:54.998032000Z,32498.49670594,flash,2026-02-28T19:18:16.713655000Z,2739918305.2026086,flash,2026-02-28T19:18:55.016551000Z,-1647.053422590001,-138861556.06010294,2025-03-28
btc,2025-03-29T00:00:00.000000000Z,14389.31758758,flash,2026-02-28T19:20:03.631968000Z,1187078112.2678173,flash,2026-02-28T19:31:37.858796000Z,19893.30389449,flash,2026-02-28T19:30:52.764482000Z,1641141457.2032368,flash,2026-02-28T19:31:37.881674000Z,-5503.986306909999,-454063344.93541956,2025-03-29
btc,2025-03-30T00:00:00.000000000Z,25226.7778379,flash,2026-02-28T19:32:39.794201000Z,2074056539.4652977,flash,2026-02-28T19:35:48.445152000Z,25696.61890339,flash,2026-02-28T19:35:03.206110000Z,2112685211.7694097,flash,2026-02-28T19:35:48.463842000Z,-469.8410654899999,-38628672.30411196,2025-03-30
btc,2025-03-31T00:00:00.000000000Z,43649.012749,flash,2026-02-28T19:36:49.919231000Z,3599360866.113388,flash,2026-02-28T19:42:56.449964000Z,41325.09877724,flash,2026-02-28T19:39:29.479842000Z,3407727551.1913066,flash,2026-02-28T19:42:56.473888000Z,2323.9139717600046,191633314.92208147,2025-03-31
btc,2025-04-01T00:00:00.000000000Z,25787.96795912,flash,2026-02-28T19:44:02.975376000Z,2197823764.572714,flash,2026-02-28T20:01:35.990670000Z,30506.93961875,flash,2026-02-28T19:58:10.250545000Z,2600006211.6085243,flash,2026-02-28T20:01:36.035735000Z,-4718.971659629999,-402182447.0358105,2025-04-01
btc,2025-04-02T00:00:00.000000000Z,31953.92588652,flash,2026-02-28T20:02:43.506278000Z,2637976523.9574165,flash,2026-02-28T20:16:26.309292000Z,34828.72749895,flash,2026-02-28T20:15:33.746552000Z,2875307585.923248,flash,2026-02-28T20:16:26.337793000Z,-2874.801612430001,-237331061.96583128,2025-04-02
btc,2025-04-03T00:00:00.000000000Z,32745.71181268,flash,2026-02-28T20:17:35.987106000Z,2715657463.1795588,flash,2026-02-28T20:21:23.010526000Z,37076.36536996,flash,2026-02-28T20:20:25.767870000Z,3074805913.53386,flash,2026-02-28T20:21:23.034095000Z,-4330.653557280002,-359148450.35430145,2025-04-03
btc,2025-04-04T00:00:00.000000000Z,35680.33469426,flash,2026-02-28T20:23:11.321712000Z,2989090771.773963,flash,2026-02-28T20:27:33.142726000Z,43738.01428267,flash,2026-02-28T20:26:43.733861000Z,3664116269.881255,flash,2026-02-28T20:27:33.157511000Z,-8057.6795884100065,-675025498.1072922,2025-04-04
btc,2025-04-05T00:00:00.000000000Z,20316.39728454,flash,2026-02-28T20:29:00.219492000Z,1692400012.3965664,flash,2026-02-28T20:46:02.001365000Z,17947.04212438,flash,2026-02-28T20:45:15.859333000Z,1495027582.3211794,flash,2026-02-28T20:46:02.016035000Z,2369.3551601599975,197372430.075387,2025-04-05
btc,2025-04-06T00:00:00.000000000Z,28526.34896102,flash,2026-02-28T20:46:54.748740000Z,2223602899.536026,flash,2026-02-28T20:50:35.466338000Z,23835.66097251,flash,2026-02-28T20:50:01.970159000Z,1857968046.4280417,flash,2026-02-28T20:50:35.482673000Z,4690.6879885100025,365634853.1079843,2025-04-06
btc,2025-04-07T00:00:00.000000000Z,51589.80831127,flash,2026-02-28T20:52:02.060549000Z,4097355665.276928,flash,2026-02-28T20:58:37.015283000Z,53909.23885471,flash,2026-02-28T20:55:32.384249000Z,4281569024.2419415,flash,2026-02-28T20:58:37.032898000Z,-2319.430543440001,-184213358.9650135,2025-04-07
btc,2025-04-08T00:00:00.000000000Z,35993.08209309,flash,2026-02-28T20:59:46.512810000Z,2748123271.012161,flash,2026-02-28T21:19:41.173672000Z,34374.79455735,flash,2026-02-28T21:16:29.537789000Z,2624564704.2671967,flash,2026-02-28T21:19:41.191567000Z,1618.2875357400044,123558566.74496412,2025-04-08
btc,2025-04-09T00:00:00.000000000Z,33982.50618625,flash,2026-02-28T21:20:38.470810000Z,2811053419.801651,flash,2026-02-28T21:24:56.745594000Z,36737.01496615,flash,2026-02-28T21:24:09.336685000Z,3038908048.391245,flash,2026-02-28T21:24:56.763708000Z,-2754.508779900003,-227854628.5895939,2025-04-09
btc,2025-04-10T00:00:00.000000000Z,28249.09256694,flash,2026-02-28T21:25:48.235048000Z,2247468307.6365323,flash,2026-02-28T21:30:25.839477000Z,33086.12779742,flash,2026-02-28T21:29:34.604231000Z,2632297779.863461,flash,2026-02-28T21:30:25.854517000Z,-4837.03523048,-384829472.2269287,2025-04-10
btc,2025-04-11T00:00:00.000000000Z,31390.94680367,flash,2026-02-28T21:31:25.518770000Z,2616746171.259133,flash,2026-02-28T21:48:33.672590000Z,33622.47535185,flash,2026-02-28T21:47:45.421139000Z,2802766166.8020124,flash,2026-02-28T21:48:33.696097000Z,-2231.528548180002,-186019995.54287958,2025-04-11
btc,2025-04-12T00:00:00.000000000Z,19676.21713072,flash,2026-02-28T21:49:31.025732000Z,1677776267.9712844,flash,2026-02-28T22:02:24.861057000Z,18531.55062104,flash,2026-02-28T22:01:44.232100000Z,1580171413.7493715,flash,2026-02-28T22:02:24.886585000Z,1144.6665096799989,97604854.22191286,2025-04-12
btc,2025-04-13T00:00:00.000000000Z,17040.16525291,flash,2026-02-28T22:03:24.982752000Z,1424028793.6023853,flash,2026-02-28T22:07:03.414390000Z,16953.27189007,flash,2026-02-28T22:06:15.578728000Z,1416767206.1224184,flash,2026-02-28T22:07:03.433324000Z,86.89336284000092,7261587.479966879,2025-04-13
btc,2025-04-14T00:00:00.000000000Z,24468.43074769,flash,2026-02-28T22:08:02.006195000Z,2069760881.6238515,flash,2026-02-28T22:14:06.824022000Z,32466.17399473,flash,2026-02-28T22:10:59.157395000Z,2746282244.382576,flash,2026-02-28T22:14:06.851644000Z,-7997.743247040002,-676521362.7587245,2025-04-14
btc,2025-04-15T00:00:00.000000000Z,24609.78741456,flash,2026-02-28T22:15:09.972453000Z,2059133987.8257403,flash,2026-02-28T22:36:11.199734000Z,28257.98616447,flash,2026-02-28T22:32:33.553456000Z,2364383680.305352,flash,2026-02-28T22:36:11.215955000Z,-3648.1987499099996,-305249692.4796119,2025-04-15
btc,2025-04-16T00:00:00.000000000Z,24521.96171995,flash,2026-02-28T22:37:21.389886000Z,2063560738.4905727,flash,2026-02-28T22:41:05.255479000Z,29162.52159259,flash,2026-02-28T22:40:22.714695000Z,2454070978.542209,flash,2026-02-28T22:41:05.271551000Z,-4640.559872640002,-390510240.05163646,2025-04-16
btc,2025-04-17T00:00:00.000000000Z,31623.25728198,flash,2026-02-28T22:42:14.111049000Z,2686097936.893052,flash,2026-02-28T22:46:32.116184000Z,33962.45123703,flash,2026-02-28T22:45:46.660441000Z,2884790437.1824813,flash,2026-02-28T22:46:32.140501000Z,-2339.193955049999,-198692500.2894292,2025-04-17
btc,2025-04-18T00:00:00.000000000Z,16032.33125689,flash,2026-02-28T22:47:43.144686000Z,1353686246.269666,flash,2026-02-28T23:05:30.576870000Z,19724.7448051,flash,2026-02-28T23:04:40.251233000Z,1665454345.0983107,flash,2026-02-28T23:05:30.597924000Z,-3692.413548209999,-311768098.82864475,2025-04-18
btc,2025-04-19T00:00:00.000000000Z,14069.0124582,flash,2026-02-28T23:06:44.250909000Z,1197620767.2308571,flash,2026-02-28T23:21:09.277098000Z,16184.16522076,flash,2026-02-28T23:20:13.197447000Z,1377672557.0656972,flash,2026-02-28T23:21:09.306238000Z,-2115.1527625599992,-180051789.83484006,2025-04-19
btc,2025-04-20T00:00:00.000000000Z,13989.94114735,flash,2026-02-28T23:22:08.856530000Z,1190568420.2394037,flash,2026-02-28T23:25:28.135673000Z,16583.54940709,flash,2026-02-28T23:24:38.925507000Z,1411289011.9842398,flash,2026-02-28T23:25:28.157513000Z,-2593.608259739998,-220720591.7448361,2025-04-20
btc,2025-04-21T00:00:00.000000000Z,24650.48295906,flash,2026-02-28T23:27:14.834010000Z,2153483937.0219226,flash,2026-02-28T23:33:11.018286000Z,29070.31265393,flash,2026-02-28T23:30:17.986645000Z,2539603440.9717145,flash,2026-02-28T23:33:11.055782000Z,-4419.829694870001,-386119503.9497919,2025-04-21
btc,2025-04-22T00:00:00.000000000Z,37007.68360226,flash,2026-02-28T23:35:23.470764000Z,3460055978.5812063,flash,2026-02-28T23:56:38.727635000Z,40144.1259244,flash,2026-02-28T23:52:55.486670000Z,3753299568.880733,flash,2026-02-28T23:56:38.746510000Z,-3136.4423221400066,-293243590.2995267,2025-04-22
btc,2025-04-23T00:00:00.000000000Z,30832.48530497,flash,2026-02-28T23:57:33.313085000Z,2888872541.401746,flash,2026-03-01T00:01:53.985509000Z,38391.26885813,flash,2026-03-01T00:01:11.128595000Z,3597098363.522001,flash,2026-03-01T00:01:54.012625000Z,-7558.783553160003,-708225822.120255,2025-04-23
btc,2025-04-24T00:00:00.000000000Z,35358.17776497,flash,2026-03-01T00:03:31.420577000Z,3318360803.1660094,flash,2026-03-01T00:07:40.944988000Z,41050.09659998,flash,2026-03-01T00:06:46.422466000Z,3852546712.927797,flash,2026-03-01T00:07:40.991875000Z,-5691.918835010001,-534185909.7617874,2025-04-24
btc,2025-04-25T00:00:00.000000000Z,29072.71823761,flash,2026-03-01T00:08:50.241307000Z,2755262581.335017,flash,2026-03-01T00:13:31.600644000Z,68418.19399428,flash,2026-03-01T00:12:39.581798000Z,6484088906.110379,flash,2026-03-01T00:13:31.618219000Z,-39345.47575667,-3728826324.775362,2025-04-25
btc,2025-04-26T00:00:00.000000000Z,19496.43092499,flash,2026-03-01T00:14:28.982794000Z,1846204994.6641965,flash,2026-03-01T00:33:44.358043000Z,19310.2223729,flash,2026-03-01T00:32:58.573765000Z,1828572066.8611336,flash,2026-03-01T00:33:44.375237000Z,186.20855209,17632927.803062916,2025-04-26
btc,2025-04-27T00:00:00.000000000Z,15062.74977795,flash,2026-03-01T00:34:55.385259000Z,1413079885.1930327,flash,2026-03-01T00:49:21.353299000Z,12803.17947045,flash,2026-03-01T00:48:18.114949000Z,1201103094.9138918,flash,2026-03-01T00:49:21.395456000Z,2259.5703075,211976790.27914095,2025-04-27
btc,2025-04-28T00:00:00.000000000Z,23841.49099245,flash,2026-03-01T00:50:34.789382000Z,2266515687.811553,flash,2026-03-01T00:57:21.558412000Z,25146.24958119,flash,2026-03-01T00:53:57.392049000Z,2390553895.4522815,flash,2026-03-01T00:57:21.575106000Z,-1304.7585887400019,-124038207.64072847,2025-04-28
btc,2025-04-29T00:00:00.000000000Z,28280.63680215,flash,2026-03-01T00:58:35.513389000Z,2661288248.644445,flash,2026-03-01T01:05:40.682019000Z,28602.05308209,flash,2026-03-01T01:01:57.149917000Z,2691534433.5062475,flash,2026-03-01T01:05:40.697472000Z,-321.4162799400001,-30246184.861802578,2025-04-29
btc,2025-04-30T00:00:00.000000000Z,23132.723641,flash,2026-03-01T01:06:41.609000000Z,2179952290.084583,flash,2026-03-01T01:24:43.125440000Z,25604.47861087,flash,2026-03-01T01:23:50.380619000Z,2412882402.0211606,flash,2026-03-01T01:24:43.142286000Z,-2471.7549698699986,-232930111.9365778,2025-04-30
btc,2025-05-01T00:00:00.000000000Z,28834.34915944,flash,2026-03-01T01:25:45.234827000Z,2779969839.4982486,flash,2026-03-01T01:29:53.755310000Z,30509.31950736,flash,2026-03-01T01:29:00.035054000Z,2941456648.981065,flash,2026-03-01T01:29:53.770869000Z,-1674.9703479199998,-161486809.48281622,2025-05-01
btc,2025-05-02T00:00:00.000000000Z,29686.61235262,flash,2026-03-01T01:31:10.343926000Z,2874913944.627317,flash,2026-03-01T01:48:39.728403000Z,35314.23330307,flash,2026-03-01T01:47:46.596312000Z,3419904587.323457,flash,2026-03-01T01:48:39.753953000Z,-5627.620950450004,-544990642.6961398,2025-05-02
btc,2025-05-03T00:00:00.000000000Z,15131.11637231,flash,2026-03-01T01:49:40.410650000Z,1451733948.5620773,flash,2026-03-01T01:54:54.558646000Z,14316.72439052,flash,2026-03-01T01:54:04.416169000Z,1373598240.77221,flash,2026-03-01T01:54:54.576502000Z,814.3919817900005,78135707.7898674,2025-05-03
btc,2025-05-04T00:00:00.000000000Z,12373.4335506,flash,2026-03-01T01:55:57.295907000Z,1167777312.2231224,flash,2026-03-01T02:12:51.136127000Z,12815.16852122,flash,2026-03-01T02:12:02.346916000Z,1209467282.480454,flash,2026-03-01T02:12:51.154171000Z,-441.7349706199984,-41689970.25733161,2025-05-04
btc,2025-05-05T00:00:00.000000000Z,25616.40243222,flash,2026-03-01T02:13:59.519241000Z,2429811316.276469,flash,2026-03-01T02:20:37.330796000Z,26762.29196619,flash,2026-03-01T02:17:25.317699000Z,2538503212.580418,flash,2026-03-01T02:20:37.344635000Z,-1145.889533970003,-108691896.30394888,2025-05-05
btc,2025-05-06T00:00:00.000000000Z,18490.22642909,flash,2026-03-01T02:21:42.577571000Z,1787596714.7535017,flash,2026-03-01T02:28:47.617137000Z,24739.70405886,flash,2026-03-01T02:25:06.997016000Z,2391783241.2271075,flash,2026-03-01T02:28:47.632720000Z,-6249.477629770001,-604186526.4736059,2025-05-06
btc,2025-05-07T00:00:00.000000000Z,24070.08757111,flash,2026-03-01T02:30:46.648048000Z,2338105139.7350163,flash,2026-03-01T02:49:40.911425000Z,25448.14216256,flash,2026-03-01T02:48:50.418887000Z,2471965746.3317246,flash,2026-03-01T02:49:40.925871000Z,-1378.0545914499999,-133860606.5967083,2025-05-07
btc,2025-05-08T00:00:00.000000000Z,31992.11502017,flash,2026-03-01T02:51:09.435487000Z,3297412556.2250214,flash,2026-03-01T03:06:19.658382000Z,31641.22581299,flash,2026-03-01T03:05:34.131508000Z,3261246567.297134,flash,2026-03-01T03:06:19.676965000Z,350.8892071800001,36165988.92788744,2025-05-08
btc,2025-05-09T00:00:00.000000000Z,31294.56608412,flash,2026-03-01T03:07:37.678835000Z,3221487760.6537814,flash,2026-03-01T03:12:07.333723000Z,33361.18684854,flash,2026-03-01T03:11:10.520284000Z,3434227361.535172,flash,2026-03-01T03:12:07.354719000Z,-2066.6207644199967,-212739600.88139057,2025-05-09
btc,2025-05-10T00:00:00.000000000Z,13477.96307411,flash,2026-03-01T03:13:18.693847000Z,1409563410.4909177,flash,2026-03-01T03:16:42.309024000Z,14363.86988116,flash,2026-03-01T03:15:53.888900000Z,1502214044.229575,flash,2026-03-01T03:16:42.326964000Z,-885.9068070499998,-92650633.73865724,2025-05-10
btc,2025-05-11T00:00:00.000000000Z,13650.12247073,flash,2026-03-01T03:17:39.554732000Z,1419287014.989139,flash,2026-03-01T03:34:47.570814000Z,13698.65328749,flash,2026-03-01T03:34:01.113834000Z,1424333061.880072,flash,2026-03-01T03:34:47.587446000Z,-48.53081675999965,-5046046.890933037,2025-05-11
btc,2025-05-12T00:00:00.000000000Z,33782.07335372,flash,2026-03-01T03:35:51.054247000Z,3476853512.7165375,flash,2026-03-01T03:52:29.005625000Z,34377.1904656,flash,2026-03-01T03:49:09.870186000Z,3538103010.3199716,flash,2026-03-01T03:52:29.021523000Z,-595.1171118799975,-61249497.603434086,2025-05-12
btc,2025-05-13T00:00:00.000000000Z,24212.03655374,flash,2026-03-01T03:53:28.746231000Z,2521579781.6281767,flash,2026-03-01T04:00:42.925694000Z,26604.74960949,flash,2026-03-01T03:57:04.286243000Z,2770770586.012825,flash,2026-03-01T04:00:42.947489000Z,-2392.7130557500022,-249190804.38464832,2025-05-13
btc,2025-05-14T00:00:00.000000000Z,27280.36398119,flash,2026-03-01T04:01:42.622372000Z,2825501490.3561068,flash,2026-03-01T04:06:14.439152000Z,30266.04618915,flash,2026-03-01T04:05:25.389835000Z,3134736716.621321,flash,2026-03-01T04:06:14.456843000Z,-2985.6822079600024,-309235226.26521444,2025-05-14
btc,2025-05-15T00:00:00.000000000Z,35718.63571112,flash,2026-03-01T04:07:16.434209000Z,3704604163.628228,flash,2026-03-01T04:26:19.851374000Z,39150.72175003,flash,2026-03-01T04:25:31.138000000Z,4060567373.771721,flash,2026-03-01T04:26:19.870928000Z,-3432.0860389100053,-355963210.1434927,2025-05-15
btc,2025-05-16T00:00:00.000000000Z,24304.28559103,flash,2026-03-01T04:27:23.745378000Z,2517104184.018375,flash,2026-03-01T04:31:17.226324000Z,30108.35179655,flash,2026-03-01T04:30:28.637190000Z,3118209667.0623183,flash,2026-03-01T04:31:17.243159000Z,-5804.066205520001,-601105483.0439434,2025-05-16
btc,2025-05-17T00:00:00.000000000Z,16186.47716616,flash,2026-03-01T04:32:11.479865000Z,1670283248.3295326,flash,2026-03-01T04:48:33.881406000Z,17850.56452557,flash,2026-03-01T04:47:45.981327000Z,1842000491.782009,flash,2026-03-01T04:48:33.906885000Z,-1664.0873594099994,-171717243.45247626,2025-05-17
btc,2025-05-18T00:00:00.000000000Z,16451.39559849,flash,2026-03-01T04:49:54.848752000Z,1744106053.351387,flash,2026-03-01T04:54:26.210187000Z,16972.92436056,flash,2026-03-01T04:53:26.221679000Z,1799396284.8382907,flash,2026-03-01T04:54:26.238887000Z,-521.5287620700001,-55290231.48690367,2025-05-18
btc,2025-05-19T00:00:00.000000000Z,26060.81483626,flash,2026-03-01T04:56:09.282342000Z,2752434562.311364,flash,2026-03-01T05:02:24.967839000Z,34898.32494841,flash,2026-03-01T04:59:24.852905000Z,3685815518.75074,flash,2026-03-01T05:02:24.994113000Z,-8837.510112150001,-933380956.4393759,2025-05-19
btc,2025-05-20T00:00:00.000000000Z,30130.85607725,flash,2026-03-01T05:04:52.462265000Z,3220787549.3058586,flash,2026-03-01T05:13:10.603150000Z,31249.50685006,flash,2026-03-01T05:09:28.279288000Z,3340363855.795477,flash,2026-03-01T05:13:10.618068000Z,-1118.6507728100005,-119576306.4896183,2025-05-20
btc,2025-05-21T00:00:00.000000000Z,34514.75588827,flash,2026-03-01T05:14:30.411952000Z,3786436311.465673,flash,2026-03-01T05:32:30.627635000Z,41303.98866599,flash,2026-03-01T05:31:46.865279000Z,4531248113.112764,flash,2026-03-01T05:32:30.650860000Z,-6789.232777719997,-744811801.6470914,2025-05-21
btc,2025-05-22T00:00:00.000000000Z,42301.4100191,flash,2026-03-01T05:34:50.286061000Z,4715634910.245821,flash,2026-03-01T05:39:01.927951000Z,39523.64352126,flash,2026-03-01T05:38:02.067504000Z,4405977793.288936,flash,2026-03-01T05:39:01.946694000Z,2777.766497840006,309657116.95688534,2025-05-22
btc,2025-05-23T00:00:00.000000000Z,39400.97756439,flash,2026-03-01T05:40:54.550102000Z,4227405310.144092,flash,2026-03-01T05:56:05.532334000Z,41695.84740636,flash,2026-03-01T05:55:12.745694000Z,4473626230.429112,flash,2026-03-01T05:56:05.548656000Z,-2294.8698419700013,-246220920.28502035,2025-05-23
btc,2025-05-24T00:00:00.000000000Z,16090.1264761,flash,2026-03-01T05:57:20.700697000Z,1736403461.1377058,flash,2026-03-01T06:10:36.794301000Z,19215.81775834,flash,2026-03-01T06:09:49.204706000Z,2073719713.3742156,flash,2026-03-01T06:10:36.812305000Z,-3125.691282239999,-337316252.2365098,2025-05-24
btc,2025-05-25T00:00:00.000000000Z,15152.64164487,flash,2026-03-01T06:11:38.443564000Z,1650348094.285369,flash,2026-03-01T06:15:15.098065000Z,16974.32158301,flash,2026-03-01T06:14:27.533006000Z,1848756139.8768828,flash,2026-03-01T06:15:15.117309000Z,-1821.6799381400015,-198408045.59151387,2025-05-25
btc,2025-05-26T00:00:00.000000000Z,21159.42554001,flash,2026-03-01T06:16:17.184833000Z,2314248376.412593,flash,2026-03-01T06:34:08.594597000Z,23443.10438687,flash,2026-03-01T06:31:05.910750000Z,2564018865.3892536,flash,2026-03-01T06:34:08.606015000Z,-2283.678846859999,-249770488.97666073,2025-05-26
btc,2025-05-27T00:00:00.000000000Z,32453.89628434,flash,2026-03-01T06:35:18.339760000Z,3539627869.4074526,flash,2026-03-01T06:51:58.098533000Z,34609.06094832,flash,2026-03-01T06:48:26.224141000Z,3774683803.5532312,flash,2026-03-01T06:51:58.112930000Z,-2155.164663980002,-235055934.14577866,2025-05-27
btc,2025-05-28T00:00:00.000000000Z,30512.50335811,flash,2026-03-01T06:53:16.419977000Z,3292158828.03858,flash,2026-03-01T07:06:40.892596000Z,35175.76935967,flash,2026-03-01T07:05:44.555581000Z,3795303789.772682,flash,2026-03-01T07:06:40.909642000Z,-4663.266001559998,-503144961.73410225,2025-05-28
btc,2025-05-29T00:00:00.000000000Z,30704.51856407,flash,2026-03-01T07:07:44.263338000Z,3246479568.434104,flash,2026-03-01T07:11:19.778755000Z,34834.32630151,flash,2026-03-01T07:10:36.908559000Z,3683136356.039597,flash,2026-03-01T07:11:19.795806000Z,-4129.807737440002,-436656787.60549307,2025-05-29
btc,2025-05-30T00:00:00.000000000Z,27922.0301199,flash,2026-03-01T07:12:28.586128000Z,2903369073.0974607,flash,2026-03-01T07:27:46.582179000Z,35774.81471887,flash,2026-03-01T07:27:03.634674000Z,3719911847.546241,flash,2026-03-01T07:27:46.597173000Z,-7852.784598970004,-816542774.4487801,2025-05-30
btc,2025-05-31T00:00:00.000000000Z,16633.12273858,flash,2026-03-01T07:28:41.855929000Z,1741637052.5399327,flash,2026-03-01T07:41:10.025344000Z,18611.65635144,flash,2026-03-01T07:40:35.098654000Z,1948807257.678866,flash,2026-03-01T07:41:10.065719000Z,-1978.5336128599993,-207170205.13893318,2025-05-31
btc,2025-06-01T00:00:00.000000000Z,14269.07547507,flash,2026-03-01T07:42:01.637173000Z,1508957010.6085992,flash,2026-03-01T07:45:06.751356000Z,15742.59587117,flash,2026-03-01T07:44:33.837955000Z,1664782027.8533795,flash,2026-03-01T07:45:06.765124000Z,-1473.5203961000007,-155825017.2447803,2025-06-01
btc,2025-06-02T00:00:00.000000000Z,26175.7652873,flash,2026-03-01T07:46:09.428296000Z,2772005610.7482214,flash,2026-03-01T08:03:39.299552000Z,33836.01382237,flash,2026-03-01T08:00:32.573497000Z,3583223608.994957,flash,2026-03-01T08:03:39.314035000Z,-7660.248535069997,-811217998.2467356,2025-06-02
btc,2025-06-03T00:00:00.000000000Z,28335.905532,flash,2026-03-01T08:04:45.769262000Z,2988984249.715956,flash,2026-03-01T08:20:38.865068000Z,50188.68854597,flash,2026-03-01T08:17:14.529292000Z,5294102897.413765,flash,2026-03-01T08:20:38.881406000Z,-21852.783013969998,-2305118647.6978087,2025-06-03
btc,2025-06-04T00:00:00.000000000Z,25911.78407088,flash,2026-03-01T08:21:37.452135000Z,2715110451.3904047,flash,2026-03-01T08:34:54.664389000Z,42951.88833911,flash,2026-03-01T08:34:06.195058000Z,4500621054.014157,flash,2026-03-01T08:34:54.683957000Z,-17040.104268230003,-1785510602.6237526,2025-06-04
btc,2025-06-05T00:00:00.000000000Z,29447.62641847,flash,2026-03-01T08:35:58.064125000Z,2993916340.017585,flash,2026-03-01T08:39:25.247467000Z,35065.31057912,flash,2026-03-01T08:38:40.451573000Z,3565061741.0974817,flash,2026-03-01T08:39:25.264626000Z,-5617.684160649998,-571145401.0798969,2025-06-05
btc,2025-06-06T00:00:00.000000000Z,28184.66430351,flash,2026-03-01T08:40:30.590462000Z,2943072284.1307273,flash,2026-03-01T08:44:00.773707000Z,41704.55677017,flash,2026-03-01T08:43:13.304236000Z,4354833672.330039,flash,2026-03-01T08:44:00.796203000Z,-13519.89246666,-1411761388.1993117,2025-06-06
btc,2025-06-07T00:00:00.000000000Z,15133.77791361,flash,2026-03-01T08:45:38.218860000Z,1599417108.3297038,flash,2026-03-01T09:00:35.458737000Z,14684.19766667,flash,2026-03-01T08:59:58.300081000Z,1551903107.3560102,flash,2026-03-01T09:00:35.489729000Z,449.5802469400005,47514000.97369361,2025-06-07
btc,2025-06-08T00:00:00.000000000Z,13031.91986118,flash,2026-03-01T09:02:15.549396000Z,1377835429.9928677,flash,2026-03-01T09:15:04.226789000Z,11124.63257657,flash,2026-03-01T09:14:12.675465000Z,1176182256.5614743,flash,2026-03-01T09:15:04.242678000Z,1907.28728461,201653173.43139338,2025-06-08
btc,2025-06-09T00:00:00.000000000Z,23926.41351649,flash,2026-03-01T09:16:19.492037000Z,2636646714.1448064,flash,2026-03-01T09:22:02.212508000Z,31799.40931202,flash,2026-03-01T09:18:49.267007000Z,3504236354.3745675,flash,2026-03-01T09:22:02.231763000Z,-7872.9957955300015,-867589640.2297611,2025-06-09
btc,2025-06-10T00:00:00.000000000Z,30617.46287071,flash,2026-03-01T09:23:36.804019000Z,3370190254.0138574,flash,2026-03-01T09:31:28.856635000Z,32990.76927604,flash,2026-03-01T09:27:48.420371000Z,3631429865.891808,flash,2026-03-01T09:31:28.874366000Z,-2373.306405330004,-261239611.87795067,2025-06-10
btc,2025-06-11T00:00:00.000000000Z,20013.60905833,flash,2026-03-01T09:32:35.433778000Z,2174394277.9960294,flash,2026-03-01T09:50:40.439403000Z,22919.20005963,flash,2026-03-01T09:49:49.862607000Z,2490074494.8429685,flash,2026-03-01T09:50:40.457672000Z,-2905.5910012999993,-315680216.8469391,2025-06-11
btc,2025-06-12T00:00:00.000000000Z,18682.48815935,flash,2026-03-01T09:51:53.084555000Z,1980324797.687048,flash,2026-03-01T10:05:23.438982000Z,22304.41524125,flash,2026-03-01T10:04:39.372638000Z,2364245395.1215606,flash,2026-03-01T10:05:23.458940000Z,-3621.927081900001,-383920597.4345126,2025-06-12
btc,2025-06-13T00:00:00.000000000Z,27032.35733222,flash,2026-03-01T10:06:28.681048000Z,2866100876.751,flash,2026-03-01T10:11:23.508404000Z,25821.12334623,flash,2026-03-01T10:10:33.050228000Z,2737680008.8802266,flash,2026-03-01T10:11:23.523387000Z,1211.2339859899985,128420867.87077332,2025-06-13
btc,2025-06-14T00:00:00.000000000Z,12536.87698736,flash,2026-03-01T10:12:18.859668000Z,1322228168.514184,flash,2026-03-01T10:16:10.139975000Z,13054.6367111,flash,2026-03-01T10:15:26.386845000Z,1376834789.6002307,flash,2026-03-01T10:16:10.156789000Z,-517.7597237400005,-54606621.086046696,2025-06-14
btc,2025-06-15T00:00:00.000000000Z,12385.57530679,flash,2026-03-01T10:16:58.244155000Z,1306836698.495406,flash,2026-03-01T10:33:33.048310000Z,14796.80655862,flash,2026-03-01T10:32:52.244660000Z,1561252453.1453316,flash,2026-03-01T10:33:33.062495000Z,-2411.2312518299987,-254415754.6499257,2025-06-15
btc,2025-06-16T00:00:00.000000000Z,22872.30971342,flash,2026-03-01T10:34:29.655609000Z,2452916458.3750143,flash,2026-03-01T10:40:55.361174000Z,31101.11322853,flash,2026-03-01T10:37:46.318906000Z,3335405714.0667768,flash,2026-03-01T10:40:55.379657000Z,-8228.803515110001,-882489255.6917624,2025-06-16
btc,2025-06-17T00:00:00.000000000Z,19513.42972759,flash,2026-03-01T10:41:50.293047000Z,2041658863.149188,flash,2026-03-01T10:48:45.373896000Z,21893.83561147,flash,2026-03-01T10:45:11.174784000Z,2290716913.8641047,flash,2026-03-01T10:48:45.387240000Z,-2380.405883880001,-249058050.7149167,2025-06-17
btc,2025-06-18T00:00:00.000000000Z,21454.6658445,flash,2026-03-01T10:49:51.113076000Z,2248735765.636362,flash,2026-03-01T10:53:58.324679000Z,22143.49157156,flash,2026-03-01T10:53:06.408775000Z,2320933909.3854704,flash,2026-03-01T10:53:58.340199000Z,-688.8257270600006,-72198143.74910831,2025-06-18
btc,2025-06-19T00:00:00.000000000Z,14160.58917608,flash,2026-03-01T10:54:50.040488000Z,1482751338.5248847,flash,2026-03-01T11:12:21.960701000Z,15246.34103953,flash,2026-03-01T11:11:42.472483000Z,1596440112.9690871,flash,2026-03-01T11:12:21.978214000Z,-1085.7518634499993,-113688774.44420242,2025-06-19
btc,2025-06-20T00:00:00.000000000Z,18861.50706488,flash,2026-03-01T11:13:22.732153000Z,1947921365.777684,flash,2026-03-01T11:17:48.408475000Z,19447.7534834,flash,2026-03-01T11:16:59.120726000Z,2008465940.5201807,flash,2026-03-01T11:17:48.425815000Z,-586.2464185200006,-60544574.74249673,2025-06-20
btc,2025-06-21T00:00:00.000000000Z,11546.54232034,flash,2026-03-01T11:18:40.659506000Z,1172530547.0748959,flash,2026-03-01T11:32:32.213751000Z,12407.70886705,flash,2026-03-01T11:31:44.500883000Z,1259980456.6775086,flash,2026-03-01T11:32:32.241047000Z,-861.1665467099992,-87449909.60261273,2025-06-21
btc,2025-06-22T00:00:00.000000000Z,19545.27396075,flash,2026-03-01T11:33:20.449529000Z,1972103173.9298816,flash,2026-03-01T11:46:10.455935000Z,17850.21947446,flash,2026-03-01T11:45:28.846496000Z,1801073474.41738,flash,2026-03-01T11:46:10.473387000Z,1695.0544862900024,171029699.51250148,2025-06-22
btc,2025-06-23T00:00:00.000000000Z,18310.36504905,flash,2026-03-01T11:47:05.425948000Z,1931687620.1998436,flash,2026-03-01T11:52:56.036790000Z,24382.96495054,flash,2026-03-01T11:50:02.948035000Z,2572328373.167444,flash,2026-03-01T11:52:56.063692000Z,-6072.599901490001,-640640752.9676006,2025-06-23
btc,2025-06-24T00:00:00.000000000Z,19076.95562621,flash,2026-03-01T11:54:22.277679000Z,2021471768.586835,flash,2026-03-01T12:00:22.495684000Z,20974.50804221,flash,2026-03-01T11:57:07.699330000Z,2222544136.396279,flash,2026-03-01T12:00:22.518108000Z,-1897.5524159999986,-201072367.80944395,2025-06-24
btc,2025-06-25T00:00:00.000000000Z,19781.20526587,flash,2026-03-01T12:02:17.354917000Z,2122623520.7806728,flash,2026-03-01T12:18:06.365885000Z,22826.69143327,flash,2026-03-01T12:17:14.277997000Z,2449419612.5379825,flash,2026-03-01T12:18:06.399789000Z,-3045.4861673999985,-326796091.7573097,2025-06-25
btc,2025-06-26T00:00:00.000000000Z,19674.54542452,flash,2026-03-01T12:19:31.967692000Z,2105428643.6584527,flash,2026-03-01T12:30:33.869103000Z,23892.51813269,flash,2026-03-01T12:29:36.372802000Z,2556805809.7546496,flash,2026-03-01T12:30:33.881949000Z,-4217.972708169997,-451377166.0961969,2025-06-26
btc,2025-06-27T00:00:00.000000000Z,26440.58113185,flash,2026-03-01T12:31:47.886994000Z,2831547191.2792926,flash,2026-03-01T12:35:20.719922000Z,33423.17300585,flash,2026-03-01T12:34:31.376538000Z,3579319651.72865,flash,2026-03-01T12:35:20.734975000Z,-6982.591874000005,-747772460.4493575,2025-06-27
btc,2025-06-28T00:00:00.000000000Z,12515.85796417,flash,2026-03-01T12:36:23.018814000Z,1343672687.8870406,flash,2026-03-01T12:40:35.202731000Z,15105.14669125,flash,2026-03-01T12:39:47.231499000Z,1621652555.7947156,flash,2026-03-01T12:40:35.221798000Z,-2589.28872708,-277979867.907675,2025-06-28
btc,2025-06-29T00:00:00.000000000Z,9149.54285628,flash,2026-03-01T12:41:30.031697000Z,991452714.0161363,flash,2026-03-01T12:45:09.073204000Z,11802.33197906,flash,2026-03-01T12:44:25.397334000Z,1278911335.3709154,flash,2026-03-01T12:45:09.102309000Z,-2652.789122779999,-287458621.3547791,2025-06-29
btc,2025-06-30T00:00:00.000000000Z,18427.95257668,flash,2026-03-01T12:46:03.827450000Z,1974612266.1762848,flash,2026-03-01T13:04:02.530900000Z,27515.77746956,flash,2026-03-01T13:00:55.148011000Z,2948400886.0282683,flash,2026-03-01T13:04:02.573725000Z,-9087.824892879999,-973788619.8519835,2025-06-30
btc,2025-07-01T00:00:00.000000000Z,14465.29431153,flash,2026-03-01T13:05:04.936045000Z,1527048417.5844924,flash,2026-03-01T13:11:42.243296000Z,16840.09251987,flash,2026-03-01T13:08:19.221491000Z,1777747212.0941575,flash,2026-03-01T13:11:42.260208000Z,-2374.7982083399984,-250698794.509665,2025-07-01
btc,2025-07-02T00:00:00.000000000Z,24382.72372152,flash,2026-03-01T13:12:45.645995000Z,2655940226.7392354,flash,2026-03-01T13:27:08.102096000Z,29026.68723026,flash,2026-03-01T13:26:20.747051000Z,3161793864.5543447,flash,2026-03-01T13:27:08.121121000Z,-4643.963508739998,-505853637.81510925,2025-07-02
btc,2025-07-03T00:00:00.000000000Z,17563.25315847,flash,2026-03-01T13:28:12.101827000Z,1925497365.0541124,flash,2026-03-01T13:40:49.062099000Z,19902.40543319,flash,2026-03-01T13:40:08.039295000Z,2181943679.458092,flash,2026-03-01T13:40:49.079286000Z,-2339.1522747199997,-256446314.40397978,2025-07-03
btc,2025-07-04T00:00:00.000000000Z,17919.09195303,flash,2026-03-01T13:41:52.852725000Z,1936720469.0105565,flash,2026-03-01T13:45:28.980553000Z,17956.80410399,flash,2026-03-01T13:44:38.425992000Z,1940796450.9233727,flash,2026-03-01T13:45:29.002977000Z,-37.712150960000145,-4075981.912816286,2025-07-04
btc,2025-07-05T00:00:00.000000000Z,8894.97079613,flash,2026-03-01T13:46:30.864683000Z,962834235.3324728,flash,2026-03-01T13:50:07.478945000Z,10148.80425457,flash,2026-03-01T13:49:15.940583000Z,1098555173.2490523,flash,2026-03-01T13:50:07.495516000Z,-1253.83345844,-135720937.91657948,2025-07-05
btc,2025-07-06T00:00:00.000000000Z,11281.10677589,flash,2026-03-01T13:51:10.909517000Z,1231671300.352029,flash,2026-03-01T14:09:25.030602000Z,12170.67438482,flash,2026-03-01T14:08:40.116673000Z,1328794296.8281813,flash,2026-03-01T14:09:25.051015000Z,-889.5676089299996,-97122996.47615218,2025-07-06
btc,2025-07-07T00:00:00.000000000Z,15621.64137742,flash,2026-03-01T14:10:26.511053000Z,1691033321.806438,flash,2026-03-01T14:16:48.125752000Z,21919.28543734,flash,2026-03-01T14:13:52.192534000Z,2372749519.0297494,flash,2026-03-01T14:16:48.146083000Z,-6297.644059920001,-681716197.2233114,2025-07-07
btc,2025-07-08T00:00:00.000000000Z,15664.264555,flash,2026-03-01T14:17:52.817922000Z,1706725504.0190272,flash,2026-03-01T14:24:30.883262000Z,20914.3006782,flash,2026-03-01T14:21:02.063120000Z,2278751756.32249,flash,2026-03-01T14:24:30.899851000Z,-5250.036123200001,-572026252.303463,2025-07-08
btc,2025-07-09T00:00:00.000000000Z,19894.8788122,flash,2026-03-01T14:25:37.740621000Z,2216623867.3376455,flash,2026-03-01T14:30:31.863778000Z,25738.56849822,flash,2026-03-01T14:29:40.591786000Z,2867709111.616868,flash,2026-03-01T14:30:31.894389000Z,-5843.6896860199995,-651085244.2792225,2025-07-09
btc,2025-07-10T00:00:00.000000000Z,30169.48718561,flash,2026-03-01T14:32:33.412859000Z,3495856255.350512,flash,2026-03-01T14:37:41.122841000Z,33945.46133547,flash,2026-03-01T14:36:48.162995000Z,3933393120.681325,flash,2026-03-01T14:37:41.139386000Z,-3775.974149859998,-437536865.33081293,2025-07-10
btc,2025-07-11T00:00:00.000000000Z,38236.90605057,flash,2026-03-01T14:39:33.606046000Z,4497371552.513926,flash,2026-03-01T15:00:30.560585000Z,37811.10278256,flash,2026-03-01T14:59:34.861833000Z,4447289166.089068,flash,2026-03-01T15:00:30.576572000Z,425.80326801000047,50082386.42485714,2025-07-11
btc,2025-07-12T00:00:00.000000000Z,13385.44053117,flash,2026-03-01T15:01:28.497109000Z,1571214767.05402,flash,2026-03-01T15:05:37.292124000Z,22042.91933356,flash,2026-03-01T15:04:42.509712000Z,2587450169.1012115,flash,2026-03-01T15:05:37.310176000Z,-8657.47880239,-1016235402.0471916,2025-07-12
btc,2025-07-13T00:00:00.000000000Z,13517.95638102,flash,2026-03-01T15:06:52.873983000Z,1607281459.938418,flash,2026-03-01T15:11:02.286433000Z,13444.61669056,flash,2026-03-01T15:10:21.288418000Z,1598561390.0231543,flash,2026-03-01T15:11:02.304946000Z,73.33969045999947,8720069.915263653,2025-07-13
btc,2025-07-14T00:00:00.000000000Z,38071.74158198,flash,2026-03-01T15:12:12.710390000Z,4563701397.592753,flash,2026-03-01T15:18:53.926895000Z,35660.65494836,flash,2026-03-01T15:15:49.436441000Z,4274681799.792769,flash,2026-03-01T15:18:53.939684000Z,2411.086633619998,289019597.79998446,2025-07-14
btc,2025-07-15T00:00:00.000000000Z,51337.27433212,flash,2026-03-01T15:20:02.214608000Z,6042956303.550326,flash,2026-03-01T15:27:13.046930000Z,51988.4247118,flash,2026-03-01T15:23:53.194604000Z,6119603794.922585,flash,2026-03-01T15:27:13.063863000Z,-651.1503796799952,-76647491.37225819,2025-07-15
btc,2025-07-16T00:00:00.000000000Z,30087.89630867,flash,2026-03-01T15:28:10.807576000Z,3572341578.983841,flash,2026-03-01T15:47:02.513080000Z,42949.10401882,flash,2026-03-01T15:46:14.597604000Z,5099355185.637265,flash,2026-03-01T15:47:02.528932000Z,-12861.20771015,-1527013606.6534243,2025-07-16
btc,2025-07-17T00:00:00.000000000Z,33477.37473658,flash,2026-03-01T15:48:04.010246000Z,4000601979.703004,flash,2026-03-01T16:00:06.909769000Z,39687.88193107,flash,2026-03-01T15:59:25.459936000Z,4742767922.305666,flash,2026-03-01T16:00:06.923864000Z,-6210.507194489997,-742165942.6026621,2025-07-17
btc,2025-07-18T00:00:00.000000000Z,37479.39931724,flash,2026-03-01T16:01:11.039293000Z,4421014144.620396,flash,2026-03-01T16:05:01.268105000Z,39175.90465085,flash,2026-03-01T16:04:09.772794000Z,4621131388.038001,flash,2026-03-01T16:05:01.286412000Z,-1696.5053336100027,-200117243.4176054,2025-07-18
btc,2025-07-19T00:00:00.000000000Z,14478.53507436,flash,2026-03-01T16:05:58.344896000Z,1707142710.9029386,flash,2026-03-01T16:20:24.899611000Z,23033.75166875,flash,2026-03-01T16:19:42.004465000Z,2715875678.3129263,flash,2026-03-01T16:20:24.918617000Z,-8555.21659439,-1008732967.4099877,2025-07-19
btc,2025-07-20T00:00:00.000000000Z,20980.5117741,flash,2026-03-01T16:21:23.039190000Z,2461133220.4206066,flash,2026-03-01T16:25:12.392424000Z,20299.4206048,flash,2026-03-01T16:24:24.062602000Z,2381237357.014231,flash,2026-03-01T16:25:12.410486000Z,681.091169299998,79895863.40637541,2025-07-20
btc,2025-07-21T00:00:00.000000000Z,33716.00736704,flash,2026-03-01T16:26:10.148964000Z,3959352864.9895687,flash,2026-03-01T16:42:03.631632000Z,33587.90487778,flash,2026-03-01T16:39:07.813666000Z,3944309477.664897,flash,2026-03-01T16:42:03.650537000Z,128.1024892600035,15043387.324671745,2025-07-21
btc,2025-07-22T00:00:00.000000000Z,24811.29220059,flash,2026-03-01T16:43:15.117055000Z,2979042375.5660634,flash,2026-03-01T16:49:56.489728000Z,42253.79654338,flash,2026-03-01T16:46:31.796467000Z,5073329087.965946,flash,2026-03-01T16:49:56.506851000Z,-17442.50434279,-2094286712.3998828,2025-07-22
btc,2025-07-23T00:00:00.000000000Z,25908.344557,flash,2026-03-01T16:50:57.317191000Z,3074040294.179136,flash,2026-03-01T16:55:12.357919000Z,25930.42518762,flash,2026-03-01T16:54:25.462236000Z,3076660173.967188,flash,2026-03-01T16:55:12.372354000Z,-22.080630619999283,-2619879.788052082,2025-07-23
btc,2025-07-24T00:00:00.000000000Z,33004.3973615,flash,2026-03-01T16:56:18.920380000Z,3906964250.739599,flash,2026-03-01T17:13:22.049534000Z,29511.66971324,flash,2026-03-01T17:12:34.063266000Z,3493505343.738322,flash,2026-03-01T17:13:22.064615000Z,3492.727648259999,413458907.00127745,2025-07-24
btc,2025-07-25T00:00:00.000000000Z,62241.58090168,flash,2026-03-01T17:14:32.576396000Z,7314641377.167134,flash,2026-03-01T17:17:55.917659000Z,47085.77154867,flash,2026-03-01T17:17:04.420389000Z,5533528034.736089,flash,2026-03-01T17:17:55.931345000Z,15155.809353009994,1781113342.4310455,2025-07-25
btc,2025-07-26T00:00:00.000000000Z,15772.93428634,flash,2026-03-01T17:20:25.089196000Z,1860941333.0282536,flash,2026-03-01T17:34:57.580938000Z,17623.69384545,flash,2026-03-01T17:33:56.582777000Z,2079299876.753864,flash,2026-03-01T17:34:57.603610000Z,-1850.7595591100016,-218358543.7256105,2025-07-26
btc,2025-07-27T00:00:00.000000000Z,12364.6533243,flash,2026-03-01T17:36:27.249720000Z,1476811494.4631972,flash,2026-03-01T17:39:35.756140000Z,14078.02894781,flash,2026-03-01T17:38:42.373418000Z,1681453933.5811467,flash,2026-03-01T17:39:35.769714000Z,-1713.3756235100009,-204642439.1179495,2025-07-27
btc,2025-07-28T00:00:00.000000000Z,22564.69222605,flash,2026-03-01T17:40:54.306253000Z,2663144486.8388634,flash,2026-03-01T17:57:31.024441000Z,33858.71370129,flash,2026-03-01T17:54:24.357762000Z,3996094687.2985783,flash,2026-03-01T17:57:31.041868000Z,-11294.021475239999,-1332950200.459715,2025-07-28
btc,2025-07-29T00:00:00.000000000Z,21712.80854813,flash,2026-03-01T17:58:32.894958000Z,2559318509.5570736,flash,2026-03-01T18:04:45.241425000Z,29714.07534713,flash,2026-03-01T18:01:13.070602000Z,3502438796.0549164,flash,2026-03-01T18:04:45.260024000Z,-8001.266799000001,-943120286.4978428,2025-07-29
btc,2025-07-30T00:00:00.000000000Z,21305.26677384,flash,2026-03-01T18:05:50.458435000Z,2508325381.1811886,flash,2026-03-01T18:09:32.123571000Z,28615.16603834,flash,2026-03-01T18:08:50.507897000Z,3368939146.484363,flash,2026-03-01T18:09:32.139895000Z,-7309.8992645,-860613765.3031745,2025-07-30
btc,2025-07-31T00:00:00.000000000Z,22765.31892944,flash,2026-03-01T18:10:39.605954000Z,2637324407.206907,flash,2026-03-01T18:14:21.891571000Z,25495.66002428,flash,2026-03-01T18:13:31.395904000Z,2953629890.6372104,flash,2026-03-01T18:14:21.905977000Z,-2730.3410948400015,-316305483.4303036,2025-07-31
btc,2025-08-01T00:00:00.000000000Z,34457.64426756,flash,2026-03-01T18:15:24.215433000Z,3903435831.398377,flash,2026-03-01T18:33:19.137196000Z,28958.24660752,flash,2026-03-01T18:32:33.762801000Z,3280452271.912329,flash,2026-03-01T18:33:19.161010000Z,5499.397660039998,622983559.4860477,2025-08-01
btc,2025-08-02T00:00:00.000000000Z,10981.89748698,flash,2026-03-01T18:34:08.068985000Z,1235965050.7291424,flash,2026-03-01T18:37:26.027718000Z,11003.77969317,flash,2026-03-01T18:36:38.446387000Z,1238427798.3659468,flash,2026-03-01T18:37:26.049589000Z,-21.882206189999124,-2462747.6368043423,2025-08-02
btc,2025-08-03T00:00:00.000000000Z,10218.52305058,flash,2026-03-01T18:38:21.130784000Z,1167606190.4488988,flash,2026-03-01T18:52:25.155937000Z,11843.30312515,flash,2026-03-01T18:51:41.884754000Z,1353259563.621872,flash,2026-03-01T18:52:25.173617000Z,-1624.7800745700006,-185653373.17297316,2025-08-03
btc,2025-08-04T00:00:00.000000000Z,29550.46575014,flash,2026-03-01T18:53:28.259069000Z,3404211694.016481,flash,2026-03-01T18:59:03.756588000Z,27026.06021397,flash,2026-03-01T18:55:59.615277000Z,3113400343.7206182,flash,2026-03-01T18:59:03.781674000Z,2524.405536170001,290811350.2958627,2025-08-04
btc,2025-08-05T00:00:00.000000000Z,18313.7888603,flash,2026-03-01T19:00:06.175027000Z,2089811372.2526288,flash,2026-03-01T19:18:12.741109000Z,17996.44320658,flash,2026-03-01T19:14:49.903017000Z,2053598627.7933624,flash,2026-03-01T19:18:12.763416000Z,317.34565372,36212744.459266424,2025-08-05
btc,2025-08-06T00:00:00.000000000Z,21108.23643634,flash,2026-03-01T19:19:15.920913000Z,2428179197.411823,flash,2026-03-01T19:23:02.671985000Z,22026.49572209,flash,2026-03-01T19:22:03.150578000Z,2533810859.3563395,flash,2026-03-01T19:23:02.687517000Z,-918.2592857499985,-105631661.94451666,2025-08-06
btc,2025-08-07T00:00:00.000000000Z,18246.21419138,flash,2026-03-01T19:24:09.848339000Z,2142925055.1512024,flash,2026-03-01T19:28:02.720462000Z,24941.2999719,flash,2026-03-01T19:27:07.942660000Z,2929228828.3602657,flash,2026-03-01T19:28:02.736976000Z,-6695.085780519999,-786303773.2090633,2025-08-07
btc,2025-08-08T00:00:00.000000000Z,23834.56654841,flash,2026-03-01T19:29:04.859574000Z,2782463690.391489,flash,2026-03-01T19:45:48.941693000Z,27826.32280077,flash,2026-03-01T19:44:58.403123000Z,3248464060.50629,flash,2026-03-01T19:45:48.957606000Z,-3991.7562523600027,-466000370.11480093,2025-08-08
btc,2025-08-09T00:00:00.000000000Z,14803.29741532,flash,2026-03-01T19:46:45.498816000Z,1724756692.2613437,flash,2026-03-01T19:49:37.358744000Z,14431.24469787,flash,2026-03-01T19:48:50.817033000Z,1681408214.1289103,flash,2026-03-01T19:49:37.374617000Z,372.05271744999845,43348478.132433414,2025-08-09
btc,2025-08-10T00:00:00.000000000Z,13744.0544038,flash,2026-03-01T19:50:44.924843000Z,1638142823.8601184,flash,2026-03-01T20:04:03.398508000Z,14396.04224069,flash,2026-03-01T20:03:14.272433000Z,1715852731.3492897,flash,2026-03-01T20:04:03.425052000Z,-651.987836889999,-77709907.48917127,2025-08-10
btc,2025-08-11T00:00:00.000000000Z,27443.99968007,flash,2026-03-01T20:06:05.989836000Z,3258756591.437844,flash,2026-03-01T20:11:06.601239000Z,26437.0555364,flash,2026-03-01T20:08:09.566940000Z,3139189986.5826006,flash,2026-03-01T20:11:06.613768000Z,1006.9441436699999,119566604.8552432,2025-08-11
btc,2025-08-12T00:00:00.000000000Z,21824.49431685,flash,2026-03-01T20:12:46.570937000Z,2622307381.6903834,flash,2026-03-01T20:18:23.193441000Z,24300.13351525,flash,2026-03-01T20:14:49.603429000Z,2919766138.3569326,flash,2026-03-01T20:18:23.209321000Z,-2475.6391984,-297458756.6665492,2025-08-12
btc,2025-08-13T00:00:00.000000000Z,28624.79045649,flash,2026-03-01T20:19:40.440715000Z,3533520843.2994924,flash,2026-03-01T20:24:28.533914000Z,35943.00968326,flash,2026-03-01T20:23:36.573483000Z,4436901436.178696,flash,2026-03-01T20:24:28.554614000Z,-7318.219226770001,-903380592.8792033,2025-08-13
btc,2025-08-14T00:00:00.000000000Z,29843.73850188,flash,2026-03-01T20:25:53.317295000Z,3536789545.8919497,flash,2026-03-01T20:43:01.523147000Z,33712.47294069,flash,2026-03-01T20:42:08.508628000Z,3995274313.7488127,flash,2026-03-01T20:43:01.540648000Z,-3868.734438809999,-458484767.856863,2025-08-14
btc,2025-08-15T00:00:00.000000000Z,38064.29621461,flash,2026-03-01T20:44:10.969353000Z,4465368644.744127,flash,2026-03-01T20:47:22.402216000Z,38843.64770475,flash,2026-03-01T20:46:31.590244000Z,4556795311.027005,flash,2026-03-01T20:47:22.419435000Z,-779.3514901399976,-91426666.28287792,2025-08-15
btc,2025-08-16T00:00:00.000000000Z,19344.91530741,flash,2026-03-01T20:48:28.949797000Z,2272300699.143162,flash,2026-03-01T21:01:12.205672000Z,21601.02630332,flash,2026-03-01T21:00:20.817296000Z,2537308971.957216,flash,2026-03-01T21:01:12.220328000Z,-2256.1109959099995,-265008272.814054,2025-08-16
btc,2025-08-17T00:00:00.000000000Z,12581.88240981,flash,2026-03-01T21:02:27.860496000Z,1479653934.1457074,flash,2026-03-01T21:05:48.046838000Z,12855.12741166,flash,2026-03-01T21:04:56.947213000Z,1511788079.8008733,flash,2026-03-01T21:05:48.062655000Z,-273.24500185000034,-32134145.65516591,2025-08-17
btc,2025-08-18T00:00:00.000000000Z,20765.60318778,flash,2026-03-01T21:07:10.061765000Z,2415307826.0028625,flash,2026-03-01T21:14:17.868739000Z,27400.46907811,flash,2026-03-01T21:10:54.842088000Z,3187028414.346953,flash,2026-03-01T21:14:17.886693000Z,-6634.865890329998,-771720588.3440905,2025-08-18
btc,2025-08-19T00:00:00.000000000Z,28786.29942499,flash,2026-03-01T21:15:29.846030000Z,3249573117.9915333,flash,2026-03-01T21:33:02.259834000Z,23891.13904466,flash,2026-03-01T21:29:29.770924000Z,2696977546.5590963,flash,2026-03-01T21:33:02.274553000Z,4895.160380329999,552595571.432437,2025-08-19
btc,2025-08-20T00:00:00.000000000Z,22742.96191744,flash,2026-03-01T21:34:11.654100000Z,2599004756.3532386,flash,2026-03-01T21:37:31.502760000Z,20274.08773015,flash,2026-03-01T21:36:52.456467000Z,2316868428.688547,flash,2026-03-01T21:37:31.524740000Z,2468.874187289999,282136327.66469145,2025-08-20
btc,2025-08-21T00:00:00.000000000Z,23498.98448242,flash,2026-03-01T21:38:54.211236000Z,2640042813.5526514,flash,2026-03-01T21:52:26.694924000Z,26040.59642774,flash,2026-03-01T21:51:37.505491000Z,2925585550.7761035,flash,2026-03-01T21:52:26.711841000Z,-2541.611945320001,-285542737.2234521,2025-08-21
btc,2025-08-22T00:00:00.000000000Z,31942.47739707,flash,2026-03-01T21:53:38.639227000Z,3730912568.898512,flash,2026-03-01T21:56:38.388590000Z,30443.23689386,flash,2026-03-01T21:55:47.821268000Z,3555799813.313029,flash,2026-03-01T21:56:38.405312000Z,1499.2405032099996,175112755.58548307,2025-08-22
btc,2025-08-23T00:00:00.000000000Z,19127.02806038,flash,2026-03-01T21:57:55.057634000Z,2204972301.0458584,flash,2026-03-01T22:11:58.008191000Z,20460.279258,flash,2026-03-01T22:11:07.504597000Z,2358670092.0360765,flash,2026-03-01T22:11:58.032886000Z,-1333.2511976200003,-153697790.99021816,2025-08-23
btc,2025-08-24T00:00:00.000000000Z,26823.66495295,flash,2026-03-01T22:13:26.591817000Z,3044918436.0113697,flash,2026-03-01T22:25:20.143947000Z,21109.28091495,flash,2026-03-01T22:24:28.530143000Z,2396243717.688,flash,2026-03-01T22:25:20.169799000Z,5714.384038,648674718.3233695,2025-08-24
btc,2025-08-25T00:00:00.000000000Z,27426.36604471,flash,2026-03-01T22:26:36.476448000Z,3019355838.3650093,flash,2026-03-01T22:40:27.019681000Z,26960.1928588,flash,2026-03-01T22:37:18.929025000Z,2968035049.8846097,flash,2026-03-01T22:40:27.034651000Z,466.17318591000003,51320788.48039961,2025-08-25
btc,2025-08-26T00:00:00.000000000Z,24110.68918167,flash,2026-03-01T22:42:07.284301000Z,2697872690.5784664,flash,2026-03-01T22:56:57.806909000Z,24261.02497639,flash,2026-03-01T22:53:23.694087000Z,2714694558.7521825,flash,2026-03-01T22:56:57.822707000Z,-150.33579471999838,-16821868.17371607,2025-08-26
btc,2025-08-27T00:00:00.000000000Z,20195.37328035,flash,2026-03-01T22:58:51.477595000Z,2246781872.932435,flash,2026-03-01T23:02:28.130548000Z,22144.09794162,flash,2026-03-01T23:01:38.235405000Z,2463581987.6665344,flash,2026-03-01T23:02:28.143627000Z,-1948.72466127,-216800114.7340994,2025-08-27
btc,2025-08-28T00:00:00.000000000Z,19991.37617404,flash,2026-03-01T23:03:45.324654000Z,2248653040.195755,flash,2026-03-01T23:07:47.441900000Z,20399.60060712,flash,2026-03-01T23:07:00.685902000Z,2294570595.0722194,flash,2026-03-01T23:07:47.459611000Z,-408.22443307999856,-45917554.87646437,2025-08-28
btc,2025-08-29T00:00:00.000000000Z,29848.54640008,flash,2026-03-01T23:09:53.835635000Z,3237771236.858561,flash,2026-03-01T23:27:18.932124000Z,37742.89204139,flash,2026-03-01T23:26:13.781000000Z,4094097200.2289166,flash,2026-03-01T23:27:18.965091000Z,-7894.345641309999,-856325963.3703556,2025-08-29
btc,2025-08-30T00:00:00.000000000Z,16343.55626064,flash,2026-03-01T23:30:03.187448000Z,1777298834.1339953,flash,2026-03-01T23:41:27.971245000Z,17141.15268958,flash,2026-03-01T23:40:32.796545000Z,1864034375.6928673,flash,2026-03-01T23:41:27.988978000Z,-797.5964289400017,-86735541.55887198,2025-08-30
btc,2025-08-31T00:00:00.000000000Z,17034.61414913,flash,2026-03-01T23:43:06.895702000Z,1845128878.8578184,flash,2026-03-01T23:55:30.908164000Z,13831.69458346,flash,2026-03-01T23:54:46.114920000Z,1498200011.8145761,flash,2026-03-01T23:55:30.924934000Z,3202.9195656700012,346928867.0432422,2025-08-31
btc,2025-09-01T00:00:00.000000000Z,22097.44864329,flash,2026-03-01T23:56:54.119364000Z,2408452295.689728,flash,2026-03-02T00:12:45.515350000Z,21698.18350823,flash,2026-03-02T00:09:36.496006000Z,2364935460.481871,flash,2026-03-02T00:12:45.528084000Z,399.26513506000265,43516835.207856655,2025-09-01
btc,2025-09-02T00:00:00.000000000Z,24154.35744403,flash,2026-03-02T00:14:19.399750000Z,2684538164.3667293,flash,2026-03-02T00:30:24.796377000Z,28232.07591282,flash,2026-03-02T00:26:31.691556000Z,3137739657.2392063,flash,2026-03-02T00:30:24.812615000Z,-4077.7184687900008,-453201492.87247705,2025-09-02
btc,2025-09-03T00:00:00.000000000Z,19222.23341326,flash,2026-03-02T00:31:30.151760000Z,2148675544.3443074,flash,2026-03-02T00:43:02.656503000Z,23590.59109328,flash,2026-03-02T00:42:17.016032000Z,2636973814.072568,flash,2026-03-02T00:43:02.675434000Z,-4368.357680019999,-488298269.7282605,2025-09-03
btc,2025-09-04T00:00:00.000000000Z,35842.17866033,flash,2026-03-02T00:44:39.163850000Z,3974920316.331828,flash,2026-03-02T00:56:12.453413000Z,44724.34283763,flash,2026-03-02T00:55:29.259467000Z,4959957949.672487,flash,2026-03-02T00:56:12.469065000Z,-8882.164177300001,-985037633.3406591,2025-09-04
btc,2025-09-05T00:00:00.000000000Z,43343.61536709,flash,2026-03-02T00:57:30.356609000Z,4798624947.606977,flash,2026-03-02T01:09:34.477906000Z,46156.08305321,flash,2026-03-02T01:08:50.450938000Z,5109996703.023604,flash,2026-03-02T01:09:34.492590000Z,-2812.4676861199987,-311371755.41662693,2025-09-05
btc,2025-09-06T00:00:00.000000000Z,32131.76904131,flash,2026-03-02T01:10:29.589995000Z,3542323523.9022484,flash,2026-03-02T01:23:34.572182000Z,32534.85325158,flash,2026-03-02T01:22:44.078308000Z,3586760998.7987366,flash,2026-03-02T01:23:34.646635000Z,-403.08421027000077,-44437474.89648819,2025-09-06
btc,2025-09-07T00:00:00.000000000Z,22301.8451726,flash,2026-03-02T01:24:34.412563000Z,2482368974.6642203,flash,2026-03-02T01:28:42.049713000Z,22963.74509721,flash,2026-03-02T01:27:48.034309000Z,2556043588.781044,flash,2026-03-02T01:28:42.063995000Z,-661.8999246100029,-73674614.11682367,2025-09-07
btc,2025-09-08T00:00:00.000000000Z,29474.35887111,flash,2026-03-02T01:29:45.425812000Z,3304438505.234256,flash,2026-03-02T01:36:42.257691000Z,29593.36988426,flash,2026-03-02T01:33:29.918517000Z,3317781105.021397,flash,2026-03-02T01:36:42.277646000Z,-119.01101315000051,-13342599.787141323,2025-09-08
btc,2025-09-09T00:00:00.000000000Z,32797.06197582,flash,2026-03-02T01:37:46.594317000Z,3656426264.649141,flash,2026-03-02T01:44:28.355279000Z,41690.0245332,flash,2026-03-02T01:41:11.343113000Z,4647870616.869432,flash,2026-03-02T01:44:28.367748000Z,-8892.96255738,-991444352.2202916,2025-09-09
btc,2025-09-10T00:00:00.000000000Z,32675.71457375,flash,2026-03-02T01:45:37.539310000Z,3722768616.6579447,flash,2026-03-02T01:52:34.348692000Z,33184.85415739,flash,2026-03-02T01:49:30.843274000Z,3780775270.474048,flash,2026-03-02T01:52:34.364011000Z,-509.13958364000064,-58006653.81610346,2025-09-10
btc,2025-09-11T00:00:00.000000000Z,28071.85106749,flash,2026-03-02T01:54:38.344299000Z,3240777667.010606,flash,2026-03-02T02:16:58.834664000Z,34277.85096104,flash,2026-03-02T02:13:46.590224000Z,3957234369.781412,flash,2026-03-02T02:16:58.849627000Z,-6205.999893550001,-716456702.7708063,2025-09-11
btc,2025-09-12T00:00:00.000000000Z,24408.68760352,flash,2026-03-02T02:18:42.141400000Z,2835048904.3529406,flash,2026-03-02T02:32:46.291685000Z,27720.79189644,flash,2026-03-02T02:29:32.165950000Z,3219747082.283301,flash,2026-03-02T02:32:46.309030000Z,-3312.104292920001,-384698177.9303603,2025-09-12
btc,2025-09-13T00:00:00.000000000Z,15102.3384182,flash,2026-03-02T02:33:45.859384000Z,1751352152.1581872,flash,2026-03-02T02:49:30.472917000Z,17305.68655258,flash,2026-03-02T02:46:15.943880000Z,2006864801.2754796,flash,2026-03-02T02:49:30.491854000Z,-2203.3481343799976,-255512649.1172924,2025-09-13
btc,2025-09-14T00:00:00.000000000Z,14263.99092611,flash,2026-03-02T02:51:24.322632000Z,1646006547.261899,flash,2026-03-02T02:57:36.813948000Z,17702.01803262,flash,2026-03-02T02:54:26.324191000Z,2042740894.3526988,flash,2026-03-02T02:57:36.833888000Z,-3438.0271065099987,-396734347.0907998,2025-09-14
btc,2025-09-15T00:00:00.000000000Z,24925.60171269,flash,2026-03-02T02:59:25.023991000Z,2876936175.7069035,flash,2026-03-02T03:16:25.539637000Z,30945.98301452,flash,2026-03-02T03:13:19.153353000Z,3571814195.440572,flash,2026-03-02T03:16:25.577857000Z,-6020.381301829999,-694878019.7336683,2025-09-15
btc,2025-09-16T00:00:00.000000000Z,21393.3923637,flash,2026-03-02T03:17:57.717396000Z,2498723990.455664,flash,2026-03-02T03:24:39.290180000Z,23027.93228841,flash,2026-03-02T03:21:34.231168000Z,2689636401.811265,flash,2026-03-02T03:24:39.306796000Z,-1634.5399247099995,-190912411.35560083,2025-09-16
btc,2025-09-17T00:00:00.000000000Z,17994.50364528,flash,2026-03-02T03:25:37.846571000Z,2097723255.49398,flash,2026-03-02T03:41:14.315638000Z,22963.591639,flash,2026-03-02T03:38:04.721708000Z,2676998552.4681506,flash,2026-03-02T03:41:14.332144000Z,-4969.087993719997,-579275296.9741707,2025-09-17
btc,2025-09-18T00:00:00.000000000Z,21276.59865339,flash,2026-03-02T03:42:18.615297000Z,2489668994.875274,flash,2026-03-02T03:57:46.962149000Z,22833.98796424,flash,2026-03-02T03:54:21.873042000Z,2671906012.329924,flash,2026-03-02T03:57:46.984285000Z,-1557.3893108500015,-182237017.45464993,2025-09-18
btc,2025-09-19T00:00:00.000000000Z,20641.54077143,flash,2026-03-02T03:58:58.993291000Z,2386417501.5011516,flash,2026-03-02T04:05:34.427352000Z,30264.75700075,flash,2026-03-02T04:02:40.044547000Z,3498980361.254581,flash,2026-03-02T04:05:34.443516000Z,-9623.216229319998,-1112562859.7534294,2025-09-19
btc,2025-09-20T00:00:00.000000000Z,10573.33509638,flash,2026-03-02T04:07:23.629912000Z,1223897012.1677713,flash,2026-03-02T04:13:51.116841000Z,17729.31442515,flash,2026-03-02T04:10:45.939330000Z,2052224275.0211437,flash,2026-03-02T04:13:51.134419000Z,-7155.979328770001,-828327262.8533723,2025-09-20
btc,2025-09-21T00:00:00.000000000Z,14298.54887513,flash,2026-03-02T04:16:17.329492000Z,1648920936.2890956,flash,2026-03-02T04:34:33.862084000Z,14675.29347517,flash,2026-03-02T04:31:36.572555000Z,1692367447.124914,flash,2026-03-02T04:34:33.885915000Z,-376.74460003999957,-43446510.83581829,2025-09-21
btc,2025-09-22T00:00:00.000000000Z,26056.66334279,flash,2026-03-02T04:36:40.929691000Z,2937307929.9368763,flash,2026-03-02T04:43:26.125201000Z,27029.82180395,flash,2026-03-02T04:40:16.033770000Z,3047009852.5294094,flash,2026-03-02T04:43:26.151899000Z,-973.1584611599974,-109701922.59253311,2025-09-22
btc,2025-09-23T00:00:00.000000000Z,28274.9287969,flash,2026-03-02T04:44:38.712791000Z,3168273441.571408,flash,2026-03-02T04:50:46.413961000Z,34356.87902229,flash,2026-03-02T04:47:40.048052000Z,3849770520.1484904,flash,2026-03-02T04:50:46.433653000Z,-6081.950225389999,-681497078.5770826,2025-09-23
btc,2025-09-24T00:00:00.000000000Z,22883.60794815,flash,2026-03-02T04:51:41.194833000Z,2593276257.155392,flash,2026-03-02T05:09:48.884108000Z,29962.3979483,flash,2026-03-02T05:06:41.428717000Z,3395477469.4105635,flash,2026-03-02T05:09:48.900841000Z,-7078.790000150002,-802201212.2551713,2025-09-24
btc,2025-09-25T00:00:00.000000000Z,29203.11365284,flash,2026-03-02T05:10:44.390349000Z,3187997266.9757247,flash,2026-03-02T05:25:44.573785000Z,30196.7735211,flash,2026-03-02T05:22:32.156562000Z,3296471485.922864,flash,2026-03-02T05:25:44.593630000Z,-993.6598682600015,-108474218.94713926,2025-09-25
btc,2025-09-26T00:00:00.000000000Z,32192.94723007,flash,2026-03-02T05:26:39.890243000Z,3530571618.826912,flash,2026-03-02T05:32:29.274670000Z,48045.31693154,flash,2026-03-02T05:29:25.165021000Z,5269086771.204277,flash,2026-03-02T05:32:29.295840000Z,-15852.369701470001,-1738515152.377365,2025-09-26
btc,2025-09-27T00:00:00.000000000Z,9822.3509381,flash,2026-03-02T05:33:27.387019000Z,1076969023.3788335,flash,2026-03-02T05:39:08.278066000Z,11703.02393543,flash,2026-03-02T05:36:08.804236000Z,1283174907.692434,flash,2026-03-02T05:39:08.295921000Z,-1880.672997329999,-206205884.31360054,2025-09-27
btc,2025-09-28T00:00:00.000000000Z,9621.7200634,flash,2026-03-02T05:41:56.994447000Z,1079268414.4271564,flash,2026-03-02T05:48:07.535973000Z,9537.1030469,flash,2026-03-02T05:44:57.116431000Z,1069776923.0275156,flash,2026-03-02T05:48:07.552343000Z,84.61701650000032,9491491.399640799,2025-09-28
btc,2025-09-29T00:00:00.000000000Z,23290.47559342,flash,2026-03-02T05:49:22.157413000Z,2663059563.9253874,flash,2026-03-02T06:10:25.911986000Z,23575.65478138,flash,2026-03-02T06:07:31.113745000Z,2695667277.790359,flash,2026-03-02T06:10:25.931987000Z,-285.17918795999867,-32607713.864971638,2025-09-29
btc,2025-09-30T00:00:00.000000000Z,23089.56687448,flash,2026-03-02T06:11:54.844741000Z,2631558177.1101027,flash,2026-03-02T06:27:20.812560000Z,39614.88203135,flash,2026-03-02T06:24:16.725158000Z,4514977145.806637,flash,2026-03-02T06:27:20.826668000Z,-16525.315156869998,-1883418968.6965342,2025-09-30
btc,2025-10-01T00:00:00.000000000Z,26513.85376507,flash,2026-03-02T06:29:12.045955000Z,3139061857.791387,flash,2026-03-02T06:35:28.422531000Z,31898.3867324,flash,2026-03-02T06:32:25.667240000Z,3776554325.296563,flash,2026-03-02T06:35:28.442316000Z,-5384.53296733,-637492467.5051761,2025-10-01
btc,2025-10-02T00:00:00.000000000Z,23779.70157495,flash,2026-03-02T06:36:43.360319000Z,2866847387.782325,flash,2026-03-02T06:54:22.751309000Z,29897.77666347,flash,2026-03-02T06:51:08.916540000Z,3604433918.4836273,flash,2026-03-02T06:54:22.765199000Z,-6118.07508852,-737586530.7013025,2025-10-02
btc,2025-10-03T00:00:00.000000000Z,29078.96616415,flash,2026-03-02T06:55:37.976459000Z,3557757063.898488,flash,2026-03-02T07:10:21.203570000Z,33156.87562696,flash,2026-03-02T07:07:08.441145000Z,4056681651.3598256,flash,2026-03-02T07:10:21.217815000Z,-4077.9094628099992,-498924587.46133757,2025-10-03
btc,2025-10-04T00:00:00.000000000Z,12743.276306,flash,2026-03-02T07:11:45.837464000Z,1559518896.09746,flash,2026-03-02T07:27:37.915294000Z,12461.19970982,flash,2026-03-02T07:24:28.539885000Z,1524998434.3789585,flash,2026-03-02T07:27:37.939250000Z,282.0765961799989,34520461.71850157,2025-10-04
btc,2025-10-05T00:00:00.000000000Z,22959.2161431,flash,2026-03-02T07:29:15.147235000Z,2836008895.527935,flash,2026-03-02T07:42:52.811254000Z,18596.7644075,flash,2026-03-02T07:39:41.660391000Z,2297142418.059319,flash,2026-03-02T07:42:52.846710000Z,4362.4517356,538866477.468616,2025-10-05
btc,2025-10-06T00:00:00.000000000Z,30020.75304025,flash,2026-03-02T07:44:08.744664000Z,3747324096.9169626,flash,2026-03-02T07:58:59.266930000Z,32542.99006961,flash,2026-03-02T07:55:45.328886000Z,4062160956.125151,flash,2026-03-02T07:58:59.283304000Z,-2522.2370293599997,-314836859.20818853,2025-10-06
btc,2025-10-07T00:00:00.000000000Z,27346.71904351,flash,2026-03-02T08:00:41.818746000Z,3325024650.17294,flash,2026-03-02T08:07:16.634412000Z,32387.05493794,flash,2026-03-02T08:04:00.687587000Z,3937867494.9568577,flash,2026-03-02T08:07:16.647985000Z,-5040.335894430002,-612842844.7839179,2025-10-07
btc,2025-10-08T00:00:00.000000000Z,23147.0022623,flash,2026-03-02T08:08:35.884717000Z,2856116782.2286,flash,2026-03-02T08:25:26.653591000Z,25830.69934136,flash,2026-03-02T08:22:19.622416000Z,3187259112.41298,flash,2026-03-02T08:25:26.673905000Z,-2683.697079059999,-331142330.18438005,2025-10-08
btc,2025-10-09T00:00:00.000000000Z,24471.34780525,flash,2026-03-02T08:26:16.934168000Z,2975797450.8859687,flash,2026-03-02T08:39:44.578558000Z,29079.9042664,flash,2026-03-02T08:36:33.041653000Z,3536213275.894677,flash,2026-03-02T08:39:44.598876000Z,-4608.556461150001,-560415825.0087085,2025-10-09
btc,2025-10-10T00:00:00.000000000Z,29845.44606722,flash,2026-03-02T08:40:40.856874000Z,3395064310.0450034,flash,2026-03-02T08:55:09.692664000Z,31490.96987616,flash,2026-03-02T08:51:54.169379000Z,3582250627.9334626,flash,2026-03-02T08:55:09.711266000Z,-1645.523808940001,-187186317.8884592,2025-10-10
btc,2025-10-11T00:00:00.000000000Z,33156.98243162,flash,2026-03-02T08:56:10.393182000Z,3678439399.1939344,flash,2026-03-02T09:10:44.941346000Z,31095.3104944,flash,2026-03-02T09:07:27.792956000Z,3449717280.1735272,flash,2026-03-02T09:10:44.961685000Z,2061.6719372200023,228722119.0204072,2025-10-11
btc,2025-10-12T00:00:00.000000000Z,12105.32995233,flash,2026-03-02T09:11:42.531364000Z,1393964055.8030467,flash,2026-03-02T09:26:20.187306000Z,14480.24083284,flash,2026-03-02T09:23:23.565787000Z,1667441971.4156897,flash,2026-03-02T09:26:20.207845000Z,-2374.9108805100004,-273477915.612643,2025-10-12
btc,2025-10-13T00:00:00.000000000Z,17482.91098168,flash,2026-03-02T09:27:16.424682000Z,2016343511.2843273,flash,2026-03-02T09:42:05.524704000Z,19512.20462036,flash,2026-03-02T09:39:02.850620000Z,2250386518.4889426,flash,2026-03-02T09:42:05.541995000Z,-2029.2936386799993,-234043007.20461535,2025-10-13
btc,2025-10-14T00:00:00.000000000Z,31925.59829817,flash,2026-03-02T09:44:33.816655000Z,3618034813.5576034,flash,2026-03-02T09:57:55.839558000Z,33383.39355514,flash,2026-03-02T09:54:54.027963000Z,3783242492.4081807,flash,2026-03-02T09:57:55.854780000Z,-1457.7952569699992,-165207678.85057735,2025-10-14
btc,2025-10-15T00:00:00.000000000Z,24433.33125147,flash,2026-03-02T09:59:20.030030000Z,2708749286.9249887,flash,2026-03-02T10:14:00.429526000Z,43227.52052527,flash,2026-03-02T10:10:47.834841000Z,4792327095.852544,flash,2026-03-02T10:14:00.448617000Z,-18794.189273800002,-2083577808.927555,2025-10-15
btc,2025-10-16T00:00:00.000000000Z,26893.46329975,flash,2026-03-02T10:15:24.178189000Z,2908125987.9898515,flash,2026-03-02T10:21:18.587106000Z,27950.3814259,flash,2026-03-02T10:18:07.712880000Z,3022415881.990336,flash,2026-03-02T10:21:18.620396000Z,-1056.918126149998,-114289894.00048447,2025-10-16
btc,2025-10-17T00:00:00.000000000Z,35839.44305798,flash,2026-03-02T10:22:37.903383000Z,3821404580.1499257,flash,2026-03-02T10:28:49.496637000Z,32919.72802966,flash,2026-03-02T10:25:36.606068000Z,3510088012.983844,flash,2026-03-02T10:28:49.511109000Z,2919.7150283200026,311316567.1660819,2025-10-17
btc,2025-10-18T00:00:00.000000000Z,14091.59145272,flash,2026-03-02T10:29:58.663210000Z,1509828261.8191888,flash,2026-03-02T10:47:10.020954000Z,12749.32779926,flash,2026-03-02T10:43:56.417705000Z,1366012880.4546227,flash,2026-03-02T10:47:10.036094000Z,1342.2636534600006,143815381.3645661,2025-10-18
btc,2025-10-19T00:00:00.000000000Z,11345.74762886,flash,2026-03-02T10:48:30.706360000Z,1233358372.640334,flash,2026-03-02T11:01:57.546854000Z,12815.7890625,flash,2026-03-02T10:58:43.747375000Z,1393161672.4860113,flash,2026-03-02T11:01:57.564194000Z,-1470.0414336400008,-159803299.84567738,2025-10-19
btc,2025-10-20T00:00:00.000000000Z,20422.49499797,flash,2026-03-02T11:03:46.855252000Z,2259549942.3042064,flash,2026-03-02T11:10:09.657280000Z,22204.939854,flash,2026-03-02T11:06:57.486578000Z,2456760085.922964,flash,2026-03-02T11:10:09.676869000Z,-1782.4448560300007,-197210143.61875772,2025-10-20
btc,2025-10-21T00:00:00.000000000Z,36079.92331411,flash,2026-03-02T11:11:46.782631000Z,3921901449.368177,flash,2026-03-02T11:17:49.627675000Z,36662.65275987,flash,2026-03-02T11:14:45.734872000Z,3985244362.766828,flash,2026-03-02T11:17:49.639511000Z,-582.7294457600001,-63342913.39865112,2025-10-21
btc,2025-10-22T00:00:00.000000000Z,31810.95644716,flash,2026-03-02T11:19:27.353050000Z,3425010294.694857,flash,2026-03-02T11:25:46.713547000Z,34517.48230879,flash,2026-03-02T11:22:42.189798000Z,3716415520.26041,flash,2026-03-02T11:25:46.726369000Z,-2706.5258616300016,-291405225.5655527,2025-10-22
btc,2025-10-23T00:00:00.000000000Z,27497.74246783,flash,2026-03-02T11:26:55.935459000Z,3026427295.8173823,flash,2026-03-02T11:45:54.688307000Z,28019.73335503,flash,2026-03-02T11:42:58.795355000Z,3083878101.862213,flash,2026-03-02T11:45:54.704788000Z,-521.9908871999978,-57450806.0448308,2025-10-23
btc,2025-10-24T00:00:00.000000000Z,27225.4650604,flash,2026-03-02T11:47:20.988376000Z,3022705710.4812727,flash,2026-03-02T11:53:36.560223000Z,28004.10948619,flash,2026-03-02T11:50:19.542041000Z,3109154663.586328,flash,2026-03-02T11:53:36.577049000Z,-778.6444257899966,-86448953.10505533,2025-10-24
btc,2025-10-25T00:00:00.000000000Z,15738.00276098,flash,2026-03-02T11:55:28.335800000Z,1756589873.4937634,flash,2026-03-02T12:12:58.158564000Z,16597.1313846,flash,2026-03-02T12:09:47.775488000Z,1852481116.0611625,flash,2026-03-02T12:12:58.206406000Z,-859.1286236200012,-95891242.56739902,2025-10-25
btc,2025-10-26T00:00:00.000000000Z,16998.20767629,flash,2026-03-02T12:13:51.990412000Z,1947265384.4220288,flash,2026-03-02T12:27:55.994033000Z,18175.14088629,flash,2026-03-02T12:24:48.205289000Z,2082091440.3953552,flash,2026-03-02T12:27:56.010090000Z,-1176.9332099999992,-134826055.97332644,2025-10-26
btc,2025-10-27T00:00:00.000000000Z,29381.77706976,flash,2026-03-02T12:28:53.069550000Z,3352101536.326212,flash,2026-03-02T12:34:55.614501000Z,35418.50281013,flash,2026-03-02T12:31:50.690012000Z,4040818137.116879,flash,2026-03-02T12:34:55.630840000Z,-6036.725740369999,-688716600.790667,2025-10-27
btc,2025-10-28T00:00:00.000000000Z,32534.16123937,flash,2026-03-02T12:35:56.174836000Z,3675731850.2577744,flash,2026-03-02T12:53:24.406196000Z,38858.33069264,flash,2026-03-02T12:50:10.425125000Z,4390240852.496369,flash,2026-03-02T12:53:24.420592000Z,-6324.169453269995,-714509002.238595,2025-10-28
btc,2025-10-29T00:00:00.000000000Z,20281.07756045,flash,2026-03-02T12:54:15.064161000Z,2235103491.0982,flash,2026-03-02T13:07:48.131607000Z,23740.37582205,flash,2026-03-02T13:04:43.526427000Z,2616340119.0932527,flash,2026-03-02T13:07:48.164519000Z,-3459.298261599997,-381236627.9950528,2025-10-29
btc,2025-10-30T00:00:00.000000000Z,34697.58684666,flash,2026-03-02T13:08:54.780001000Z,3748023749.1567287,flash,2026-03-02T13:15:09.387987000Z,30937.9144783,flash,2026-03-02T13:12:06.397823000Z,3341904978.19044,flash,2026-03-02T13:15:09.404138000Z,3759.6723683599994,406118770.96628857,2025-10-30
btc,2025-10-31T00:00:00.000000000Z,32249.05806212,flash,2026-03-02T13:18:17.352553000Z,3533021034.7052016,flash,2026-03-02T13:34:30.507732000Z,32143.4361972,flash,2026-03-02T13:31:40.443941000Z,3521449711.605831,flash,2026-03-02T13:34:30.522447000Z,105.62186491999819,11571323.09937048,2025-10-31
btc,2025-11-01T00:00:00.000000000Z,15325.74975792,flash,2026-03-02T13:35:33.796238000Z,1685913636.3250177,flash,2026-03-02T13:49:52.555342000Z,15782.21925325,flash,2026-03-02T13:46:45.907895000Z,1736127698.2077355,flash,2026-03-02T13:49:52.571039000Z,-456.4694953299986,-50214061.88271785,2025-11-01
btc,2025-11-02T00:00:00.000000000Z,11038.81572684,flash,2026-03-02T13:50:48.144198000Z,1218565690.713834,flash,2026-03-02T14:05:56.206668000Z,11701.44822264,flash,2026-03-02T14:02:38.363943000Z,1291713141.0305088,flash,2026-03-02T14:05:56.224695000Z,-662.6324958000005,-73147450.31667471,2025-11-02
btc,2025-11-03T00:00:00.000000000Z,27276.44748184,flash,2026-03-02T14:07:55.221980000Z,2904827171.834797,flash,2026-03-02T14:23:26.974976000Z,34081.49604604,flash,2026-03-02T14:20:19.842280000Z,3629536281.703458,flash,2026-03-02T14:23:26.993601000Z,-6805.048564200002,-724709109.8686609,2025-11-03
btc,2025-11-04T00:00:00.000000000Z,48090.56176824,flash,2026-03-02T14:25:01.607178000Z,4873965798.565778,flash,2026-03-02T14:32:39.474881000Z,38305.10873584,flash,2026-03-02T14:28:46.664880000Z,3882212705.032829,flash,2026-03-02T14:32:39.493092000Z,9785.4530324,991753093.532949,2025-11-04
btc,2025-11-05T00:00:00.000000000Z,33853.19639991,flash,2026-03-02T14:34:30.685031000Z,3517884856.911992,flash,2026-03-02T14:40:23.838807000Z,34950.58075997,flash,2026-03-02T14:37:08.167232000Z,3631920523.643816,flash,2026-03-02T14:40:23.857504000Z,-1097.3843600600012,-114035666.73182392,2025-11-05
btc,2025-11-06T00:00:00.000000000Z,18934.59017379,flash,2026-03-02T14:42:14.841643000Z,1916967706.1418517,flash,2026-03-02T14:49:41.880235000Z,21283.63819614,flash,2026-03-02T14:46:33.325042000Z,2154789024.5696793,flash,2026-03-02T14:49:41.899255000Z,-2349.0480223500017,-237821318.4278276,2025-11-06
btc,2025-11-07T00:00:00.000000000Z,21444.93831191,flash,2026-03-02T14:51:40.573612000Z,2218017196.308083,flash,2026-03-02T15:11:41.826711000Z,23551.39573028,flash,2026-03-02T15:08:36.805880000Z,2435884867.89008,flash,2026-03-02T15:11:41.846182000Z,-2106.4574183700024,-217867671.58199692,2025-11-07
btc,2025-11-08T00:00:00.000000000Z,8031.9427706,flash,2026-03-02T15:13:00.265025000Z,821949035.627915,flash,2026-03-02T15:26:41.944535000Z,8087.19569815,flash,2026-03-02T15:23:22.340043000Z,827603345.1533237,flash,2026-03-02T15:26:41.966158000Z,-55.252927550000095,-5654309.525408626,2025-11-08
btc,2025-11-09T00:00:00.000000000Z,6899.50995313,flash,2026-03-02T15:28:14.820581000Z,722278962.7188153,flash,2026-03-02T15:43:58.019021000Z,9092.21276813,flash,2026-03-02T15:40:59.349640000Z,951823252.8970408,flash,2026-03-02T15:43:58.036460000Z,-2192.7028150000006,-229544290.17822552,2025-11-09
btc,2025-11-10T00:00:00.000000000Z,23024.72790207,flash,2026-03-02T15:45:12.799157000Z,2442520194.740505,flash,2026-03-02T16:00:01.474797000Z,16053.96586835,flash,2026-03-02T15:56:49.243174000Z,1703044483.5612743,flash,2026-03-02T16:00:01.501355000Z,6970.7620337200005,739475711.1792309,2025-11-10
btc,2025-11-11T00:00:00.000000000Z,19157.11523855,flash,2026-03-02T16:01:36.125711000Z,1972692554.923205,flash,2026-03-02T16:08:45.883887000Z,19904.88756096,flash,2026-03-02T16:05:14.417131000Z,2049693965.3562036,flash,2026-03-02T16:08:45.897718000Z,-747.7723224100009,-77001410.43299866,2025-11-11
btc,2025-11-12T00:00:00.000000000Z,13968.05443821,flash,2026-03-02T16:09:43.373594000Z,1420301480.4797633,flash,2026-03-02T16:28:09.437872000Z,16597.68305979,flash,2026-03-02T16:25:10.734093000Z,1687687711.0291808,flash,2026-03-02T16:28:09.458290000Z,-2629.628621580001,-267386230.5494175,2025-11-12
btc,2025-11-13T00:00:00.000000000Z,29449.17878697,flash,2026-03-02T16:29:06.512225000Z,2945957733.4770784,flash,2026-03-02T16:35:22.222475000Z,26176.70379181,flash,2026-03-02T16:32:12.502462000Z,2618594682.393715,flash,2026-03-02T16:35:22.242694000Z,3272.474995159999,327363051.08336353,2025-11-13
btc,2025-11-14T00:00:00.000000000Z,47016.96418826,flash,2026-03-02T16:36:23.357329000Z,4443222896.329445,flash,2026-03-02T16:54:30.280872000Z,45455.69507696,flash,2026-03-02T16:51:21.447469000Z,4295678987.818392,flash,2026-03-02T16:54:30.304073000Z,1561.2691112999964,147543908.5110531,2025-11-14
btc,2025-11-15T00:00:00.000000000Z,13599.58067385,flash,2026-03-02T16:55:29.417866000Z,1299321832.4380333,flash,2026-03-02T17:01:47.853627000Z,9828.03409891,flash,2026-03-02T16:58:29.891536000Z,938983309.920256,flash,2026-03-02T17:01:47.875654000Z,3771.546574939999,360338522.5177773,2025-11-15
btc,2025-11-16T00:00:00.000000000Z,16286.23196562,flash,2026-03-02T17:02:53.831575000Z,1533874998.1995397,flash,2026-03-02T17:09:41.712547000Z,13056.28850899,flash,2026-03-02T17:06:43.915770000Z,1229671452.2730496,flash,2026-03-02T17:09:41.739588000Z,3229.9434566300006,304203545.92649007,2025-11-16
btc,2025-11-17T00:00:00.000000000Z,42366.46072973,flash,2026-03-02T17:11:22.289911000Z,3893963741.441387,flash,2026-03-02T17:30:11.268990000Z,36737.0972569,flash,2026-03-02T17:26:46.960676000Z,3376560661.905593,flash,2026-03-02T17:30:11.280240000Z,5629.363472830002,517403079.53579426,2025-11-17
btc,2025-11-18T00:00:00.000000000Z,36841.27634331,flash,2026-03-02T17:32:57.417191000Z,3420213011.178806,flash,2026-03-02T17:38:16.169145000Z,59710.62563925,flash,2026-03-02T17:35:10.323541000Z,5543322028.637439,flash,2026-03-02T17:38:16.183773000Z,-22869.349295940003,-2123109017.458633,2025-11-18
btc,2025-11-19T00:00:00.000000000Z,32108.84824108,flash,2026-03-02T17:39:16.780600000Z,2932195470.0101066,flash,2026-03-02T17:44:35.937968000Z,36353.7718089,flash,2026-03-02T17:41:28.183522000Z,3319843932.5973244,flash,2026-03-02T17:44:35.957520000Z,-4244.923567819998,-387648462.5872178,2025-11-19
btc,2025-11-20T00:00:00.000000000Z,34457.83826936,flash,2026-03-02T17:45:57.764787000Z,2994775452.2981906,flash,2026-03-02T18:02:32.296282000Z,30546.23479162,flash,2026-03-02T17:59:19.000257000Z,2654812916.555592,flash,2026-03-02T18:02:32.311684000Z,3911.603477739998,339962535.74259853,2025-11-20
btc,2025-11-21T00:00:00.000000000Z,60793.87889851,flash,2026-03-02T18:04:36.312412000Z,5164321240.677915,flash,2026-03-02T18:09:50.269031000Z,52050.95718176,flash,2026-03-02T18:06:45.020873000Z,4421627121.706295,flash,2026-03-02T18:09:50.294401000Z,8742.921716750003,742694118.9716196,2025-11-21
btc,2025-11-22T00:00:00.000000000Z,14625.60267541,flash,2026-03-02T18:11:00.576860000Z,1239885489.4087565,flash,2026-03-02T18:26:31.468752000Z,15368.86943573,flash,2026-03-02T18:23:10.971780000Z,1302895930.1634507,flash,2026-03-02T18:26:31.495375000Z,-743.2667603199989,-63010440.75469422,2025-11-22
btc,2025-11-23T00:00:00.000000000Z,12953.47630541,flash,2026-03-02T18:28:00.861984000Z,1125300283.0707843,flash,2026-03-02T18:33:59.510244000Z,13466.68907942,flash,2026-03-02T18:30:47.936934000Z,1169884336.5134728,flash,2026-03-02T18:33:59.530535000Z,-513.2127740100004,-44584053.442688465,2025-11-23
btc,2025-11-24T00:00:00.000000000Z,31200.91412894,flash,2026-03-02T18:35:33.074237000Z,2757461984.71878,flash,2026-03-02T18:41:59.930132000Z,29154.99935563,flash,2026-03-02T18:38:41.820028000Z,2576648942.25269,flash,2026-03-02T18:41:59.942670000Z,2045.9147733099999,180813042.4660902,2025-11-24
btc,2025-11-25T00:00:00.000000000Z,18279.04937998,flash,2026-03-02T18:43:17.930738000Z,1598220468.1303327,flash,2026-03-02T19:00:26.881733000Z,21398.63731291,flash,2026-03-02T18:57:18.605379000Z,1870980237.1367984,flash,2026-03-02T19:00:26.900980000Z,-3119.5879329300005,-272759769.0064657,2025-11-25
btc,2025-11-26T00:00:00.000000000Z,23412.50823293,flash,2026-03-02T19:02:23.235475000Z,2117644444.0055132,flash,2026-03-02T19:07:46.052389000Z,25255.77567131,flash,2026-03-02T19:04:42.913483000Z,2284366651.2490554,flash,2026-03-02T19:07:46.069853000Z,-1843.2674383800004,-166722207.2435422,2025-11-26
btc,2025-11-27T00:00:00.000000000Z,26257.71672971,flash,2026-03-02T19:09:37.632050000Z,2398280067.957487,flash,2026-03-02T19:26:34.747527000Z,26233.11813163,flash,2026-03-02T19:23:30.948510000Z,2396033325.4824185,flash,2026-03-02T19:26:34.765503000Z,24.598598079999647,2246742.475068569,2025-11-27
btc,2025-11-28T00:00:00.000000000Z,25288.40846109,flash,2026-03-02T19:28:00.296530000Z,2300995487.65165,flash,2026-03-02T19:33:32.526338000Z,25406.56863311,flash,2026-03-02T19:30:16.889064000Z,2311746896.664064,flash,2026-03-02T19:33:32.546181000Z,-118.16017202000148,-10751409.012413979,2025-11-28
btc,2025-11-29T00:00:00.000000000Z,6275.52378081,flash,2026-03-02T19:34:58.857347000Z,570081594.5829422,flash,2026-03-02T19:40:15.701451000Z,9756.8340486,flash,2026-03-02T19:37:10.305917000Z,886331038.9350647,flash,2026-03-02T19:40:15.728514000Z,-3481.3102677899997,-316249444.3521224,2025-11-29
btc,2025-11-30T00:00:00.000000000Z,10528.07984527,flash,2026-03-02T19:41:13.503340000Z,953925122.8461024,flash,2026-03-02T19:58:53.396289000Z,10944.93234059,flash,2026-03-02T19:55:47.761571000Z,991695169.5831139,flash,2026-03-02T19:58:53.411313000Z,-416.85249531999943,-37770046.73701155,2025-11-30
btc,2025-12-01T00:00:00.000000000Z,29783.70809936,flash,2026-03-02T19:59:46.831050000Z,2576428852.157127,flash,2026-03-02T20:05:36.778027000Z,31085.80303667,flash,2026-03-02T20:02:13.327375000Z,2689066101.8085666,flash,2026-03-02T20:05:36.810652000Z,-1302.0949373100011,-112637249.65143967,2025-12-01
btc,2025-12-02T00:00:00.000000000Z,19916.77108786,flash,2026-03-02T20:06:29.351626000Z,1822942713.702741,flash,2026-03-02T20:23:50.838040000Z,29015.55244043,flash,2026-03-02T20:20:37.146325000Z,2655736196.997428,flash,2026-03-02T20:23:50.853993000Z,-9098.78135257,-832793483.294687,2025-12-02
btc,2025-12-03T00:00:00.000000000Z,34387.31466207,flash,2026-03-02T20:25:02.947167000Z,3218965365.996846,flash,2026-03-02T20:30:27.167739000Z,32904.19047667,flash,2026-03-02T20:27:15.726777000Z,3080131454.9109983,flash,2026-03-02T20:30:27.181920000Z,1483.1241853999963,138833911.08584785,2025-12-03
btc,2025-12-04T00:00:00.000000000Z,17823.35624637,flash,2026-03-02T20:34:01.196933000Z,1643413131.1342795,flash,2026-03-02T20:39:27.446708000Z,22482.22257645,flash,2026-03-02T20:36:20.899365000Z,2072986663.594654,flash,2026-03-02T20:39:27.464191000Z,-4658.86633008,-429573532.4603746,2025-12-04
btc,2025-12-05T00:00:00.000000000Z,20480.84393016,flash,2026-03-02T20:40:30.349122000Z,1828526355.756884,flash,2026-03-02T20:57:09.624547000Z,28988.47463753,flash,2026-03-02T20:53:56.774235000Z,2588086216.987226,flash,2026-03-02T20:57:09.641454000Z,-8507.630707369997,-759559861.2303419,2025-12-05
btc,2025-12-06T00:00:00.000000000Z,8890.97562625,flash,2026-03-02T20:59:42.408090000Z,792804358.43353,flash,2026-03-02T21:05:25.559894000Z,11719.19921907,flash,2026-03-02T21:02:16.971073000Z,1044995803.4749726,flash,2026-03-02T21:05:25.576771000Z,-2828.2235928200007,-252191445.04144263,2025-12-06
btc,2025-12-07T00:00:00.000000000Z,8266.70725771,flash,2026-03-02T21:08:03.236189000Z,744564527.7835485,flash,2026-03-02T21:14:11.655633000Z,7336.26677072,flash,2026-03-02T21:11:03.686153000Z,660761755.9870409,flash,2026-03-02T21:14:11.677052000Z,930.4404869900009,83802771.7965076,2025-12-07
btc,2025-12-08T00:00:00.000000000Z,16843.09642108,flash,2026-03-02T21:16:57.298915000Z,1527216514.666074,flash,2026-03-02T21:33:21.960546000Z,19472.12526087,flash,2026-03-02T21:30:12.543158000Z,1765598826.4027436,flash,2026-03-02T21:33:21.977386000Z,-2629.0288397900003,-238382311.73666954,2025-12-08
btc,2025-12-09T00:00:00.000000000Z,18759.17875514,flash,2026-03-18T11:57:24.759663000Z,1741017841.8712437,flash,2026-03-18T12:26:24.620119000Z,20483.12461118,flash,2026-03-18T12:26:19.502189000Z,1901015277.4180024,flash,2026-03-18T12:26:24.672937000Z,-1723.945856039998,-159997435.54675865,2025-12-09
btc,2025-12-10T00:00:00.000000000Z,18869.50411188,flash,2026-03-18T12:32:38.185258000Z,1737936618.0826464,flash,2026-03-18T12:35:34.997560000Z,22926.53594265,flash,2026-03-18T12:35:29.111264000Z,2111601137.1720972,flash,2026-03-18T12:35:35.063649000Z,-4057.03183077,-373664519.08945084,2025-12-10
btc,2025-12-11T00:00:00.000000000Z,27039.97924325,flash,2026-03-18T12:40:49.897623000Z,2504543462.7400026,flash,2026-03-18T12:43:33.236323000Z,30625.89282228,flash,2026-03-18T12:43:27.759839000Z,2836684117.5651035,flash,2026-03-18T12:43:33.306391000Z,-3585.913579029999,-332140654.8251009,2025-12-11
btc,2025-12-12T00:00:00.000000000Z,25154.27405328,flash,2026-03-18T12:48:28.874798000Z,2272226031.082556,flash,2026-03-18T13:01:09.017663000Z,25368.02961229,flash,2026-03-18T13:01:03.235642000Z,2291534914.512956,flash,2026-03-18T13:01:09.097695000Z,-213.75555900999825,-19308883.43040037,2025-12-12
btc,2025-12-13T00:00:00.000000000Z,10465.35857603,flash,2026-03-18T13:05:53.641912000Z,944449081.7092323,flash,2026-03-18T13:09:04.026548000Z,9316.28806303,flash,2026-03-18T13:08:58.899256000Z,840750906.1581669,flash,2026-03-18T13:09:04.107853000Z,1149.0705129999988,103698175.55106544,2025-12-13
btc,2025-12-14T00:00:00.000000000Z,10689.77491461,flash,2026-03-18T13:13:21.037519000Z,941730500.9378083,flash,2026-03-18T13:16:35.186904000Z,9905.65131227,flash,2026-03-18T13:16:30.624582000Z,872652048.0491915,flash,2026-03-18T13:16:35.252365000Z,784.1236023399997,69078452.8886168,2025-12-14
btc,2025-12-15T00:00:00.000000000Z,27800.71432997,flash,2026-03-18T13:20:55.533393000Z,2400663415.368852,flash,2026-03-18T13:24:18.468683000Z,23279.87643574,flash,2026-03-18T13:24:13.292630000Z,2010277398.2803895,flash,2026-03-18T13:24:18.537736000Z,4520.8378942300005,390386017.0884626,2025-12-15
btc,2025-12-16T00:00:00.000000000Z,28769.28209828,flash,2026-03-18T13:28:44.021790000Z,2524574385.67711,flash,2026-03-18T13:31:53.784173000Z,26470.01010274,flash,2026-03-18T13:31:48.937109000Z,2322807683.0595284,flash,2026-03-18T13:31:53.842271000Z,2299.271995539999,201766702.61758184,2025-12-16
btc,2025-12-17T00:00:00.000000000Z,31695.59225095,flash,2026-03-18T13:36:05.642967000Z,2727708476.595612,flash,2026-03-18T13:53:14.406520000Z,30684.05460721,flash,2026-03-18T13:53:08.851042000Z,2640655999.917488,flash,2026-03-18T13:53:14.485966000Z,1011.5376437400009,87052476.67812395,2025-12-17
btc,2025-12-18T00:00:00.000000000Z,30297.70278347,flash,2026-03-18T13:59:23.548932000Z,2588459783.0399895,flash,2026-03-18T14:02:34.256148000Z,25856.53294609,flash,2026-03-18T14:02:28.282218000Z,2209032022.596702,flash,2026-03-18T14:02:34.387202000Z,4441.169837379999,379427760.4432874,2025-12-18
btc,2025-12-19T00:00:00.000000000Z,26097.66606086,flash,2026-03-18T14:07:26.453353000Z,2300980948.1112456,flash,2026-03-18T14:22:49.764483000Z,25927.44276952,flash,2026-03-18T14:22:43.712510000Z,2285972688.39236,flash,2026-03-18T14:22:49.906223000Z,170.2232913400003,15008259.718885422,2025-12-19
btc,2025-12-20T00:00:00.000000000Z,9893.29284294,flash,2026-03-18T14:28:05.394060000Z,873503099.6559728,flash,2026-03-18T14:31:02.563548000Z,9590.8802962,flash,2026-03-18T14:30:57.724139000Z,846802353.8935795,flash,2026-03-18T14:31:02.630523000Z,302.412546739999,26700745.762393355,2025-12-20
btc,2025-12-21T00:00:00.000000000Z,9255.63539879,flash,2026-03-18T14:38:35.629932000Z,819433157.7830564,flash,2026-03-18T14:51:36.228720000Z,9463.74573094,flash,2026-03-18T14:51:31.968938000Z,837857879.5113181,flash,2026-03-18T14:51:36.298793000Z,-208.11033214999952,-18424721.72826171,2025-12-21
btc,2025-12-22T00:00:00.000000000Z,17885.38032463,flash,2026-03-18T14:56:27.272430000Z,1582399406.0578399,flash,2026-03-18T14:59:28.252587000Z,16459.75402528,flash,2026-03-18T14:59:23.239634000Z,1456267885.877346,flash,2026-03-18T14:59:28.312441000Z,1425.6262993500022,126131520.18049383,2025-12-22
btc,2025-12-23T00:00:00.000000000Z,23137.1270202,flash,2026-03-18T15:04:35.248743000Z,2021398095.5018127,flash,2026-03-18T15:07:49.727496000Z,27244.76850378,flash,2026-03-18T15:07:44.390693000Z,2380266275.83655,flash,2026-03-18T15:07:49.795939000Z,-4107.641483579999,-358868180.33473754,2025-12-23
btc,2025-12-24T00:00:00.000000000Z,22823.23812102,flash,2026-03-18T15:13:14.942605000Z,1999901549.945072,flash,2026-03-18T15:29:53.870809000Z,20123.37648144,flash,2026-03-18T15:29:48.840495000Z,1763324362.7377741,flash,2026-03-18T15:29:53.948310000Z,2699.861639580002,236577187.2072978,2025-12-24
btc,2025-12-25T00:00:00.000000000Z,12894.38008396,flash,2026-03-18T15:35:24.635769000Z,1124793598.9055185,flash,2026-03-18T15:38:46.111489000Z,14549.1716423,flash,2026-03-18T15:38:41.965804000Z,1269143225.6595097,flash,2026-03-18T15:38:46.167218000Z,-1654.791558339999,-144349626.75399113,2025-12-25
btc,2025-12-26T00:00:00.000000000Z,23343.976682,flash,2026-03-18T15:43:49.316074000Z,2038741716.3626451,flash,2026-03-18T15:47:21.151250000Z,20487.27667674,flash,2026-03-18T15:47:16.541042000Z,1789252370.5157673,flash,2026-03-18T15:47:21.216927000Z,2856.7000052600015,249489345.8468778,2025-12-26
btc,2025-12-27T00:00:00.000000000Z,9995.23182335,flash,2026-03-18T15:51:46.226933000Z,876536011.842121,flash,2026-03-18T15:55:21.815253000Z,11389.65902322,flash,2026-03-18T15:55:17.780303000Z,998820885.0876695,flash,2026-03-18T15:55:21.876031000Z,-1394.4271998700005,-122284873.24554849,2025-12-27
btc,2025-12-28T00:00:00.000000000Z,9694.73697015,flash,2026-03-18T15:59:54.523676000Z,850690378.3055683,flash,2026-03-18T16:18:13.235365000Z,7902.19371188,flash,2026-03-18T16:18:08.739149000Z,693398921.3839468,flash,2026-03-18T16:18:13.313486000Z,1792.5432582699996,157291456.92162156,2025-12-28
btc,2025-12-29T00:00:00.000000000Z,31392.70919228,flash,2026-03-18T16:22:58.573312000Z,2735356952.8640194,flash,2026-03-18T16:40:48.547346000Z,32943.72873519,flash,2026-03-18T16:40:43.414597000Z,2870502730.335502,flash,2026-03-18T16:40:48.621924000Z,-1551.0195429100022,-135145777.47148275,2025-12-29
btc,2025-12-30T00:00:00.000000000Z,21638.22362017,flash,2026-03-18T16:45:14.304694000Z,1913435490.2089937,flash,2026-03-18T17:01:29.546855000Z,26750.24203726,flash,2026-03-18T17:01:24.119044000Z,2365483571.306751,flash,2026-03-18T17:01:29.622762000Z,-5112.018417089999,-452048081.0977571,2025-12-30
btc,2025-12-31T00:00:00.000000000Z,32061.7646401,flash,2026-03-18T17:06:10.222794000Z,2805948751.8574486,flash,2026-03-18T17:20:02.054622000Z,43365.19251908,flash,2026-03-18T17:19:56.639063000Z,3795190601.292835,flash,2026-03-18T17:20:02.154407000Z,-11303.427878980005,-989241849.4353867,2025-12-31
btc,2026-01-01T00:00:00.000000000Z,15487.60887589,flash,2026-03-18T17:24:28.047828000Z,1373506479.4856465,flash,2026-03-18T17:39:26.344504000Z,16540.00263996,flash,2026-03-18T17:39:21.862273000Z,1466837197.3197365,flash,2026-03-18T17:39:26.419120000Z,-1052.3937640699987,-93330717.83409,2026-01-01
btc,2026-01-02T00:00:00.000000000Z,22290.89769729,flash,2026-03-18T17:43:45.940329000Z,2004847354.981854,flash,2026-03-18T17:57:43.501340000Z,24912.10313825,flash,2026-03-18T17:57:38.252903000Z,2240599044.59692,flash,2026-03-18T17:57:43.583798000Z,-2621.2054409599987,-235751689.61506605,2026-01-02
btc,2026-01-03T00:00:00.000000000Z,9254.54462131,flash,2026-03-18T18:02:01.888135000Z,838444438.3879192,flash,2026-03-18T18:16:28.082349000Z,8656.15288319,flash,2026-03-18T18:16:23.572505000Z,784231265.7971565,flash,2026-03-18T18:16:28.159974000Z,598.3917381200008,54213172.590762734,2026-01-03
btc,2026-01-04T00:00:00.000000000Z,9695.1800533,flash,2026-03-18T18:21:04.127804000Z,885749358.5273167,flash,2026-03-18T18:34:00.944938000Z,9693.22825223,flash,2026-03-18T18:33:55.938918000Z,885571042.4428064,flash,2026-03-18T18:34:01.006837000Z,1.9518010700012383,178316.0845103264,2026-01-04
btc,2026-01-05T00:00:00.000000000Z,25927.44960839,flash,2026-03-18T18:38:29.409502000Z,2435847130.2367854,flash,2026-03-18T18:52:05.904474000Z,31132.16702013,flash,2026-03-18T18:52:00.875762000Z,2924822951.7143364,flash,2026-03-18T18:52:05.974328000Z,-5204.717411739999,-488975821.477551,2026-01-05
btc,2026-01-06T00:00:00.000000000Z,24085.22535301,flash,2026-03-18T18:56:32.964513000Z,2253757792.34496,flash,2026-03-18T19:10:16.188276000Z,24217.97454294,flash,2026-03-18T19:10:11.260296000Z,2266179703.157384,flash,2026-03-18T19:10:16.253848000Z,-132.74918993000028,-12421910.812423706,2026-01-06
btc,2026-01-07T00:00:00.000000000Z,27000.83562143,flash,2026-03-18T19:14:36.701618000Z,2462718035.1964493,flash,2026-03-18T19:29:19.595226000Z,27097.21069433,flash,2026-03-18T19:29:14.274209000Z,2471508305.005204,flash,2026-03-18T19:29:19.660988000Z,-96.37507289999849,-8790269.808754921,2026-01-07
btc,2026-01-08T00:00:00.000000000Z,24237.16651059,flash,2026-03-18T19:34:01.037231000Z,2207931125.461254,flash,2026-03-18T19:37:26.007959000Z,24316.16633937,flash,2026-03-18T19:37:21.040862000Z,2215127766.2399216,flash,2026-03-18T19:37:26.075754000Z,-78.99982878000083,-7196640.77866745,2026-01-08
btc,2026-01-09T00:00:00.000000000Z,35288.72130544,flash,2026-03-18T19:43:47.055615000Z,3195026825.4467187,flash,2026-03-18T19:47:04.706743000Z,32185.71709945,flash,2026-03-18T19:46:59.423211000Z,2914082055.8190446,flash,2026-03-18T19:47:04.769115000Z,3103.004205989997,280944769.6276741,2026-01-09
btc,2026-01-10T00:00:00.000000000Z,26449.51239313,flash,2026-03-18T19:51:31.870609000Z,2391198384.1268625,flash,2026-03-18T20:08:11.458145000Z,26940.84569826,flash,2026-03-18T20:08:05.866029000Z,2435617932.8819366,flash,2026-03-18T20:08:11.529042000Z,-491.33330512999964,-44419548.755074024,2026-01-10
btc,2026-01-11T00:00:00.000000000Z,25618.4583902,flash,2026-03-18T20:12:17.245481000Z,2324034975.264027,flash,2026-03-18T20:27:52.450937000Z,24067.02031012,flash,2026-03-18T20:27:48.567596000Z,2183292846.8679767,flash,2026-03-18T20:27:52.575818000Z,1551.4380800800027,140742128.39605045,2026-01-11
btc,2026-01-12T00:00:00.000000000Z,26574.75818117,flash,2026-03-18T20:33:33.197489000Z,2422054017.588796,flash,2026-03-18T20:48:36.547742000Z,29086.59050933,flash,2026-03-18T20:48:31.631724000Z,2650985304.2049847,flash,2026-03-18T20:48:36.697865000Z,-2511.8323281599987,-228931286.61618853,2026-01-12
btc,2026-01-13T00:00:00.000000000Z,28720.07948367,flash,2026-03-18T20:53:24.487852000Z,2737152766.162795,flash,2026-03-18T21:08:07.796658000Z,36202.53095249,flash,2026-03-18T21:08:02.440294000Z,3450264049.409927,flash,2026-03-18T21:08:07.896543000Z,-7482.45146882,-713111283.2471318,2026-01-13
btc,2026-01-14T00:00:00.000000000Z,32665.90009474,flash,2026-03-18T21:13:11.167736000Z,3170029371.1786404,flash,2026-03-18T21:28:29.538852000Z,43576.73073842,flash,2026-03-18T21:28:24.107628000Z,4228859940.7973537,flash,2026-03-18T21:28:29.650763000Z,-10910.830643680001,-1058830569.6187134,2026-01-14
btc,2026-01-15T00:00:00.000000000Z,24462.85886257,flash,2026-03-18T21:33:16.251812000Z,2337331731.278116,flash,2026-03-18T21:47:37.081667000Z,26296.04128593,flash,2026-03-18T21:47:31.627401000Z,2512485235.2660184,flash,2026-03-18T21:47:37.149895000Z,-1833.1824233600018,-175153503.98790216,2026-01-15
btc,2026-01-16T00:00:00.000000000Z,23349.56225103,flash,2026-03-18T21:52:44.179201000Z,2229629384.3037195,flash,2026-03-18T21:56:32.533485000Z,21672.00878376,flash,2026-03-18T21:56:17.081807000Z,2069441263.2522943,flash,2026-03-18T21:56:32.596743000Z,1677.5534672700014,160188121.05142522,2026-01-16
btc,2026-01-17T00:00:00.000000000Z,9086.36439699,flash,2026-03-18T22:01:13.816820000Z,864176681.1805468,flash,2026-03-18T22:04:42.136705000Z,10822.29509505,flash,2026-03-18T22:04:37.001653000Z,1029275808.165358,flash,2026-03-18T22:04:42.183114000Z,-1735.9306980599995,-165099126.9848112,2026-01-17
btc,2026-01-18T00:00:00.000000000Z,8144.9269639,flash,2026-03-18T22:09:07.533737000Z,767751643.7382736,flash,2026-03-18T22:25:44.813083000Z,7909.45569465,flash,2026-03-18T22:25:39.883086000Z,745555808.8558866,flash,2026-03-18T22:25:44.899362000Z,235.47126925000066,22195834.882387042,2026-01-18
btc,2026-01-19T00:00:00.000000000Z,15123.77281158,flash,2026-03-18T22:30:38.805137000Z,1399345862.5780833,flash,2026-03-18T22:46:23.826909000Z,13915.28068723,flash,2026-03-18T22:46:19.228482000Z,1287528627.868466,flash,2026-03-18T22:46:23.937401000Z,1208.4921243499994,111817234.70961738,2026-01-19
btc,2026-01-20T00:00:00.000000000Z,32994.13768753,flash,2026-03-18T22:51:02.162315000Z,2911289315.0406995,flash,2026-03-18T23:05:48.478951000Z,23778.48786581,flash,2026-03-18T23:05:43.881186000Z,2098132047.1885307,flash,2026-03-18T23:05:48.571553000Z,9215.649821719999,813157267.8521688,2026-01-20
btc,2026-01-21T00:00:00.000000000Z,31159.02175637,flash,2026-03-18T23:10:27.330888000Z,2791828466.0177193,flash,2026-03-18T23:27:07.527999000Z,21885.6599267,flash,2026-03-18T23:27:02.856761000Z,1960941163.6439817,flash,2026-03-18T23:27:07.599165000Z,9273.36182967,830887302.3737376,2026-01-21
btc,2026-01-22T00:00:00.000000000Z,26540.19077814,flash,2026-03-18T23:31:31.557013000Z,2372578952.2743587,flash,2026-03-18T23:47:08.785363000Z,24583.28191602,flash,2026-03-18T23:47:03.926236000Z,2197639713.268992,flash,2026-03-18T23:47:08.833471000Z,1956.908862119999,174939239.0053668,2026-01-22
btc,2026-01-23T00:00:00.000000000Z,20720.66718851,flash,2026-03-18T23:51:31.340661000Z,1853251746.7696505,flash,2026-03-19T00:07:08.534493000Z,21895.89572797,flash,2026-03-19T00:07:03.288601000Z,1958363919.2587447,flash,2026-03-19T00:07:08.615928000Z,-1175.2285394600003,-105112172.48909426,2026-01-23
btc,2026-01-24T00:00:00.000000000Z,8599.1925957,flash,2026-03-19T00:11:33.746279000Z,766919324.4277139,flash,2026-03-19T00:27:07.716820000Z,8813.39330743,flash,2026-03-19T00:27:03.868655000Z,786022823.1927085,flash,2026-03-19T00:27:07.782211000Z,-214.20071172999997,-19103498.76499462,2026-01-24
btc,2026-01-25T00:00:00.000000000Z,12832.88114156,flash,2026-03-19T00:31:24.706938000Z,1109347015.917745,flash,2026-03-19T00:47:01.854226000Z,11547.46985102,flash,2026-03-19T00:46:58.093048000Z,998228774.9196692,flash,2026-03-19T00:47:01.925396000Z,1285.4112905399998,111118240.99807596,2026-01-25
btc,2026-01-26T00:00:00.000000000Z,19425.0667855,flash,2026-03-19T00:51:32.211685000Z,1715960954.3169596,flash,2026-03-19T00:54:49.066916000Z,21757.09069064,flash,2026-03-19T00:54:44.632535000Z,1921966010.049436,flash,2026-03-19T00:54:49.142420000Z,-2332.023905140002,-206005055.73247647,2026-01-26
btc,2026-01-27T00:00:00.000000000Z,22815.35182461,flash,2026-03-19T01:01:40.715970000Z,2036506986.012806,flash,2026-03-19T01:18:40.212692000Z,18338.29753984,flash,2026-03-19T01:18:34.644762000Z,1636883416.8571494,flash,2026-03-19T01:18:40.284367000Z,4477.054284769998,399623569.1556566,2026-01-27
btc,2026-01-28T00:00:00.000000000Z,23634.30398306,flash,2026-03-19T01:21:51.110919000Z,2107654979.6890275,flash,2026-03-19T01:39:22.885283000Z,24847.85132793,flash,2026-03-19T01:39:18.305952000Z,2215876449.055628,flash,2026-03-19T01:39:22.931407000Z,-1213.5473448699995,-108221469.36660028,2026-01-28
btc,2026-01-29T00:00:00.000000000Z,29701.58686628,flash,2026-03-19T01:41:16.423906000Z,2510389922.6943865,flash,2026-03-19T01:58:19.179746000Z,26911.85554739,flash,2026-03-19T01:58:14.057706000Z,2274600723.231876,flash,2026-03-19T01:58:19.278156000Z,2789.731318889997,235789199.4625106,2026-01-29
btc,2026-01-30T00:00:00.000000000Z,36939.26148132,flash,2026-03-19T02:01:07.923239000Z,3103527188.8904176,flash,2026-03-19T02:18:55.631612000Z,32308.84415564,flash,2026-03-19T02:18:49.495562000Z,2714493258.869259,flash,2026-03-19T02:18:55.687975000Z,4630.417325679999,389033930.0211587,2026-01-30
btc,2026-01-31T00:00:00.000000000Z,43872.0803216,flash,2026-03-19T02:21:07.949519000Z,3452837378.2729106,flash,2026-03-19T02:24:39.195813000Z,35335.90404521,flash,2026-03-19T02:24:33.905086000Z,2781019942.25006,flash,2026-03-19T02:24:39.261872000Z,8536.176276389997,671817436.0228505,2026-01-31
btc,2026-02-01T00:00:00.000000000Z,31089.07787541,flash,2026-03-19T02:26:32.747026000Z,2391093696.8365226,flash,2026-03-19T02:42:03.161825000Z,28854.9278048,flash,2026-03-19T02:41:58.710604000Z,2219262863.7371674,flash,2026-03-19T02:42:03.254862000Z,2234.150070609998,171830833.09935522,2026-02-01
btc,2026-02-02T00:00:00.000000000Z,38455.03163954,flash,2026-03-19T02:46:33.544728000Z,3027049413.1176944,flash,2026-03-19T03:02:39.461909000Z,40518.77578826,flash,2026-03-19T03:02:34.462399000Z,3189500339.5079,flash,2026-03-19T03:02:39.516405000Z,-2063.7441487199976,-162450926.39020586,2026-02-02
btc,2026-02-03T00:00:00.000000000Z,49774.41595014,flash,2026-03-19T03:07:54.380020000Z,3767165025.354831,flash,2026-03-19T03:11:52.129498000Z,48849.75959779,flash,2026-03-19T03:11:46.877773000Z,3697182625.671138,flash,2026-03-19T03:11:52.180313000Z,924.6563523500008,69982399.68369341,2026-02-03
btc,2026-02-04T00:00:00.000000000Z,54977.86320503,flash,2026-03-19T03:13:48.784506000Z,4018617437.2884874,flash,2026-03-19T03:17:32.887072000Z,47956.16321896,flash,2026-03-19T03:17:18.374272000Z,3505364932.3994365,flash,2026-03-19T03:17:32.952879000Z,7021.699986070002,513252504.88905096,2026-02-04
btc,2026-02-05T00:00:00.000000000Z,78885.79919256,flash,2026-03-19T03:19:24.018108000Z,5008829242.517374,flash,2026-03-19T03:35:41.481479000Z,71999.01494497,flash,2026-03-19T03:35:34.799208000Z,4571555022.3242655,flash,2026-03-19T03:35:41.549228000Z,6886.784247590011,437274220.19310856,2026-02-05
btc,2026-02-06T00:00:00.000000000Z,54668.9753371,flash,2026-03-19T03:37:59.629856000Z,3862237271.5507135,flash,2026-03-19T03:53:09.503732000Z,70313.4754417,flash,2026-03-19T03:53:03.039087000Z,4967485193.725697,flash,2026-03-19T03:53:09.566429000Z,-15644.500104599996,-1105247922.174983,2026-02-06
btc,2026-02-07T00:00:00.000000000Z,22526.66827423,flash,2026-03-19T03:55:34.986581000Z,1558085382.2289784,flash,2026-03-19T04:09:45.834060000Z,22632.32343667,flash,2026-03-19T04:09:41.264225000Z,1565393154.6057355,flash,2026-03-19T04:09:45.889296000Z,-105.65516244000173,-7307772.376757145,2026-02-07
btc,2026-02-08T00:00:00.000000000Z,13122.15680182,flash,2026-03-19T04:11:38.404131000Z,925408474.0688807,flash,2026-03-19T04:26:45.920067000Z,16333.76722416,flash,2026-03-19T04:26:41.868536000Z,1151899556.6803274,flash,2026-03-19T04:26:45.983093000Z,-3211.61042234,-226491082.61144674,2026-02-08
btc,2026-02-09T00:00:00.000000000Z,35733.12848254,flash,2026-03-19T04:30:55.037025000Z,2510041513.9497066,flash,2026-03-19T04:44:59.376489000Z,46570.45468272,flash,2026-03-19T04:44:54.685060000Z,3271299758.549201,flash,2026-03-19T04:44:59.494580000Z,-10837.326200180003,-761258244.5994945,2026-02-09
btc,2026-02-10T00:00:00.000000000Z,27554.05402561,flash,2026-03-19T04:50:51.277642000Z,1892654716.4001307,flash,2026-03-19T05:04:04.115086000Z,30555.24115516,flash,2026-03-19T05:03:59.423005000Z,2098802638.2363412,flash,2026-03-19T05:04:04.203509000Z,-3001.1871295500023,-206147921.8362105,2026-02-10
btc,2026-02-11T00:00:00.000000000Z,31089.82595368,flash,2026-03-19T05:05:41.104479000Z,2082698629.5332277,flash,2026-03-19T05:18:39.494291000Z,27726.15990843,flash,2026-03-19T05:18:34.668091000Z,1857367594.4516237,flash,2026-03-19T05:18:39.618002000Z,3363.66604525,225331035.081604,2026-02-11
btc,2026-02-12T00:00:00.000000000Z,34945.00379938,flash,2026-03-19T05:20:21.939965000Z,2314112117.5666566,flash,2026-03-19T05:35:27.529871000Z,33835.64090636,flash,2026-03-19T05:35:22.785190000Z,2240648393.5889845,flash,2026-03-19T05:35:27.588473000Z,1109.3628930199993,73463723.9776721,2026-02-12
btc,2026-02-13T00:00:00.000000000Z,31930.51931091,flash,2026-03-19T05:37:09.895228000Z,2198762418.5320063,flash,2026-03-19T05:40:42.644001000Z,33620.90500194,flash,2026-03-19T05:40:37.604558000Z,2315163799.106831,flash,2026-03-19T05:40:42.709058000Z,-1690.385691030002,-116401380.57482481,2026-02-13
btc,2026-02-14T00:00:00.000000000Z,16493.12560875,flash,2026-03-19T05:45:29.405259000Z,1151188486.2641213,flash,2026-03-19T05:58:54.310312000Z,11238.59322375,flash,2026-03-19T05:58:49.687497000Z,784432219.0890967,flash,2026-03-19T05:58:54.390815000Z,5254.532385,366756267.1750246,2026-02-14
btc,2026-02-15T00:00:00.000000000Z,11167.8599321,flash,2026-03-19T06:01:26.577748000Z,766449780.1580148,flash,2026-03-19T06:16:56.770781000Z,13217.96585194,flash,2026-03-19T06:16:52.655792000Z,907148467.3832713,flash,2026-03-19T06:16:56.846633000Z,-2050.10591984,-140698687.22525656,2026-02-15
btc,2026-02-16T00:00:00.000000000Z,15996.25191483,flash,2026-03-19T06:22:23.807055000Z,1099701337.205262,flash,2026-03-19T06:38:38.444465000Z,16362.25982978,flash,2026-03-19T06:38:34.509355000Z,1124863443.6562784,flash,2026-03-19T06:38:38.492501000Z,-366.00791494999976,-25162106.451016426,2026-02-16
btc,2026-02-17T00:00:00.000000000Z,23395.62982054,flash,2026-03-19T06:45:28.240551000Z,1578527729.2094388,flash,2026-03-19T07:02:21.065068000Z,19515.80525198,flash,2026-03-19T07:02:16.526811000Z,1316751888.4683132,flash,2026-03-19T07:02:21.123952000Z,3879.8245685600014,261775840.74112558,2026-02-17
btc,2026-02-18T00:00:00.000000000Z,18010.73061342,flash,2026-03-19T07:04:46.456493000Z,1195565031.0053563,flash,2026-03-19T07:20:10.206384000Z,25837.7734465,flash,2026-03-19T07:20:05.600291000Z,1715129667.6802833,flash,2026-03-19T07:20:10.364007000Z,-7827.042833079999,-519564636.674927,2026-02-18
btc,2026-02-19T00:00:00.000000000Z,21823.79186457,flash,2026-03-19T07:22:12.209436000Z,1460717723.67782,flash,2026-03-19T07:39:18.706238000Z,18946.91091511,flash,2026-03-19T07:39:13.971923000Z,1268161314.6969604,flash,2026-03-19T07:39:18.793440000Z,2876.8809494600027,192556408.98085952,2026-02-19
btc,2026-02-20T00:00:00.000000000Z,36143.3733202,flash,2026-03-19T07:41:20.383973000Z,2456929265.9320726,flash,2026-03-19T07:55:03.726551000Z,31825.44782413,flash,2026-03-19T07:54:58.259688000Z,2163408309.1186833,flash,2026-03-19T07:55:03.817076000Z,4317.925496070002,293520956.8133893,2026-02-20
btc,2026-02-21T00:00:00.000000000Z,8593.84127314,flash,2026-03-19T07:56:44.233787000Z,584558822.0331796,flash,2026-03-19T08:12:30.919389000Z,9900.05459008,flash,2026-03-19T08:12:26.867636000Z,673408324.0900767,flash,2026-03-19T08:12:30.984455000Z,-1306.2133169400004,-88849502.05689704,2026-02-21
btc,2026-02-22T00:00:00.000000000Z,9589.10922553,flash,2026-03-19T08:15:39.654432000Z,647744559.0601497,flash,2026-03-19T08:29:33.184875000Z,10188.99156776,flash,2026-03-19T08:29:29.285685000Z,688266625.7210666,flash,2026-03-19T08:29:33.261921000Z,-599.8823422300011,-40522066.660916924,2026-02-22
btc,2026-02-23T00:00:00.000000000Z,23183.10558866,flash,2026-03-19T08:35:21.136456000Z,1499713068.0861113,flash,2026-03-19T08:50:09.056488000Z,22373.3602085,flash,2026-03-19T08:49:53.877501000Z,1447330710.4332898,flash,2026-03-19T08:50:09.114413000Z,809.7453801600022,52382357.65282154,2026-02-23
btc,2026-02-24T00:00:00.000000000Z,28770.79182204,flash,2026-03-19T08:56:12.435492000Z,1844891093.114156,flash,2026-03-19T08:59:54.885831000Z,28493.26599924,flash,2026-03-19T08:59:49.246968000Z,1827095096.3352048,flash,2026-03-19T08:59:54.958214000Z,277.5258227999984,17795996.778951168,2026-02-24
btc,2026-02-25T00:00:00.000000000Z,22070.15743035,flash,2026-03-19T09:01:34.665416000Z,1501620895.8283184,flash,2026-03-19T09:17:30.709254000Z,27013.00446682,flash,2026-03-19T09:17:25.376192000Z,1837924903.5486984,flash,2026-03-19T09:17:30.790179000Z,-4942.847036470001,-336304007.72038007,2026-02-25
btc,2026-02-26T00:00:00.000000000Z,25247.19049669,flash,2026-03-19T09:19:11.193436000Z,1704671733.7656896,flash,2026-03-19T09:34:09.789589000Z,29657.99507582,flash,2026-03-19T09:34:04.267508000Z,2002486014.9306748,flash,2026-03-19T09:34:09.853858000Z,-4410.804579129999,-297814281.1649852,2026-02-26
btc,2026-02-27T00:00:00.000000000Z,21697.25434569,flash,2026-03-19T09:35:42.238708000Z,1429070907.0819538,flash,2026-03-19T09:52:49.232951000Z,19930.64797965,flash,2026-03-19T09:52:44.029449000Z,1312714905.4538016,flash,2026-03-19T09:52:49.337262000Z,1766.6063660399996,116356001.62815213,2026-02-27
btc,2026-02-28T00:00:00.000000000Z,11284.69483967,flash,2026-03-19T09:54:30.741069000Z,755686759.2086803,flash,2026-03-19T10:08:54.778055000Z,12251.53274961,flash,2026-03-19T10:08:49.875988000Z,820431674.0888083,flash,2026-03-19T10:08:54.838218000Z,-966.837909939999,-64744914.880128026,2026-02-28
btc,2026-03-01T00:00:00.000000000Z,11583.96510488,flash,2026-03-19T10:10:32.000092000Z,761454816.4942902,flash,2026-03-19T10:27:17.544114000Z,12061.08512603,flash,2026-03-19T10:27:13.282217000Z,792817595.5480251,flash,2026-03-19T10:27:17.619140000Z,-477.12002114999996,-31362779.0537349,2026-03-01
btc,2026-03-02T00:00:00.000000000Z,24671.12972749,flash,2026-03-19T10:31:21.771188000Z,1700399005.2023537,flash,2026-03-19T10:46:11.414004000Z,29666.21512043,flash,2026-03-19T10:46:06.266512000Z,2044673399.0738215,flash,2026-03-19T10:46:11.487227000Z,-4995.08539294,-344274393.8714678,2026-03-02
btc,2026-03-03T00:00:00.000000000Z,27897.28391897,flash,2026-03-19T10:53:00.660995000Z,1909043890.8424327,flash,2026-03-19T11:07:15.951024000Z,30646.11203924,flash,2026-03-19T11:07:11.461204000Z,2097149426.3210664,flash,2026-03-19T11:07:16.018484000Z,-2748.828120270002,-188105535.47863364,2026-03-03
btc,2026-03-04T00:00:00.000000000Z,32261.55811666,flash,2026-03-19T11:10:03.518440000Z,2344365582.621996,flash,2026-03-19T11:13:15.742179000Z,64315.73670454,flash,2026-03-19T11:13:10.274472000Z,4673661420.997476,flash,2026-03-19T11:13:15.876771000Z,-32054.178587880004,-2329295838.3754797,2026-03-04
btc,2026-03-05T00:00:00.000000000Z,29271.14858514,flash,2026-03-19T11:15:01.251785000Z,2077883528.5602832,flash,2026-03-19T11:18:28.973856000Z,33404.9475086,flash,2026-03-19T11:18:23.820512000Z,2371331278.6017146,flash,2026-03-19T11:18:29.033756000Z,-4133.798923460003,-293447750.0414314,2026-03-05
btc,2026-03-06T00:00:00.000000000Z,23539.71998998,flash,2026-03-19T11:21:03.412480000Z,1606037540.784259,flash,2026-03-19T11:36:47.823425000Z,24878.50507324,flash,2026-03-19T11:36:42.831766000Z,1697378436.2440515,flash,2026-03-19T11:36:47.906752000Z,-1338.7850832600016,-91340895.45979238,2026-03-06
btc,2026-03-07T00:00:00.000000000Z,15451.59289785,flash,2026-03-19T11:39:01.042931000Z,1040132519.3130964,flash,2026-03-19T11:54:04.174780000Z,15335.18799582,flash,2026-03-19T11:53:59.479871000Z,1032296658.971105,flash,2026-03-19T11:54:04.239521000Z,116.404902029999,7835860.341991425,2026-03-07
btc,2026-03-08T00:00:00.000000000Z,7988.32235266,flash,2026-03-19T11:56:16.737699000Z,528848491.22666925,flash,2026-03-19T12:10:53.667737000Z,6868.02905474,flash,2026-03-19T12:10:49.770225000Z,454682052.4951303,flash,2026-03-19T12:10:53.729487000Z,1120.2932979200004,74166438.73153895,2026-03-08
btc,2026-03-09T00:00:00.000000000Z,25624.17497274,flash,2026-03-19T12:15:42.542130000Z,1755987260.3788798,flash,2026-03-19T12:29:52.317638000Z,27071.56247415,flash,2026-03-19T12:29:46.823671000Z,1855174610.4501083,flash,2026-03-19T12:29:52.398390000Z,-1447.3875014100013,-99187350.0712285,2026-03-09
btc,2026-03-10T00:00:00.000000000Z,28491.36987933,flash,2026-03-19T12:36:18.500036000Z,1991313805.0703013,flash,2026-03-19T13:12:00.878538000Z,32884.61095352,flash,2026-03-19T13:08:09.247500000Z,2298365436.391938,flash,2026-03-19T13:12:00.906468000Z,-4393.241074190002,-307051631.3216369,2026-03-10
btc,2026-03-11T00:00:00.000000000Z,25979.87233464,flash,2026-03-19T13:16:25.119532000Z,1826348012.9782672,flash,2026-03-19T13:16:29.848890000Z,32584.18154728,flash,2026-03-19T13:16:25.132009000Z,2290621541.8176174,flash,2026-03-19T13:16:29.866898000Z,-6604.309212640001,-464273528.8393502,2026-03-11
btc,2026-03-12T00:00:00.000000000Z,18561.02295982,flash,2026-03-19T13:21:17.914601000Z,1309259432.1500509,flash,2026-03-19T13:21:23.246908000Z,26241.61833351,flash,2026-03-19T13:21:17.921451000Z,1851034093.9938607,flash,2026-03-19T13:21:23.261018000Z,-7680.595373690001,-541774661.8438098,2026-03-12
btc,2026-03-13T00:00:00.000000000Z,24931.00548382,flash,2026-03-19T13:26:15.831326000Z,1768356550.0353687,flash,2026-03-19T13:26:21.222030000Z,25594.14356745,flash,2026-03-19T13:26:15.837416000Z,1815392943.1133,flash,2026-03-19T13:26:21.239888000Z,-663.1380836299977,-47036393.077931404,2026-03-13
btc,2026-03-14T00:00:00.000000000Z,8160.69161934,flash,2026-03-19T13:30:40.504090000Z,580520737.4107159,flash,2026-03-19T13:30:44.828275000Z,6138.62053153,flash,2026-03-19T13:30:40.510327000Z,436678247.858674,flash,2026-03-19T13:30:44.844741000Z,2022.0710878099999,143842489.55204195,2026-03-14
btc,2026-03-15T00:00:00.000000000Z,9691.07854105,flash,2026-03-19T13:34:40.802752000Z,704659119.6717293,flash,2026-03-19T13:34:44.930992000Z,12389.9234229,flash,2026-03-19T13:34:40.809476000Z,900897923.2805713,flash,2026-03-19T13:34:44.955895000Z,-2698.84488185,-196238803.60884202,2026-03-15
btc,2026-03-16T00:00:00.000000000Z,30962.96596613,flash,2026-03-19T13:41:18.827284000Z,2313675354.582866,flash,2026-03-19T13:41:24.120518000Z,28075.37532192,flash,2026-03-19T13:41:18.834267000Z,2097903153.8531,flash,2026-03-19T13:41:24.139654000Z,2887.5906442099986,215772200.72976613,2026-03-16
btc,2026-03-17T00:00:00.000000000Z,21335.63674494,flash,2026-03-19T13:48:08.080432000Z,1580672274.2547865,flash,2026-03-19T13:48:13.156385000Z,21402.0201006,flash,2026-03-19T13:48:08.086749000Z,1585590352.4456632,flash,2026-03-19T13:48:13.170471000Z,-66.38335566000023,-4918078.190876722,2026-03-17
btc,2026-03-18T00:00:00.000000000Z,24800.86219694,flash,2026-03-19T14:03:28.530192000Z,1767159591.5471773,flash,2026-03-19T14:30:24.708955000Z,28158.84038249,flash,2026-03-19T14:03:28.546546000Z,2006428827.9019127,flash,2026-03-19T14:30:24.770494000Z,-3357.9781855500005,-239269236.35473537,2026-03-18
btc,2026-03-19T00:00:00.000000000Z,19289.53712415,flash,2026-03-20T01:16:11.837728000Z,1349281996.448448,flash,2026-03-20T01:49:03.955717000Z,21124.60968649,flash,2026-03-20T01:16:19.781409000Z,1477643312.4616747,flash,2026-03-20T01:55:08.193049000Z,-1835.0725623399994,-128361316.01322675,2026-03-19
btc,2026-03-20T00:00:00.000000000Z,20215.92391362,flash,2026-03-21T02:20:13.792949000Z,1425433279.3626215,flash,2026-03-21T02:52:14.421937000Z,20640.31707577,flash,2026-03-21T02:20:22.340923000Z,1455357419.3350213,flash,2026-03-21T02:58:52.875290000Z,-424.3931621499978,-29924139.97239971,2026-03-20
btc,2026-03-21T00:00:00.000000000Z,6842.97306032,flash,2026-03-22T02:06:33.836773000Z,477005073.4250389,flash,2026-03-22T02:35:48.237846000Z,6528.272467,flash,2026-03-22T02:06:44.890950000Z,455068149.47396165,flash,2026-03-22T02:43:10.072121000Z,314.7005933199998,21936923.951077223,2026-03-21
btc,2026-03-22T00:00:00.000000000Z,9619.222479,flash,2026-03-23T02:18:07.054134000Z,654281750.9501798,flash,2026-03-23T02:19:47.544572000Z,18903.97688445,flash,2026-03-23T02:18:06.854434000Z,1285813601.138944,flash,2026-03-23T02:19:47.010356000Z,-9284.75440545,-631531850.1887641,2026-03-22
