asset,time,FlowInExNtv,FlowInExNtv-status,FlowInExNtv-status-time,FlowInExUSD,FlowInExUSD-status,FlowInExUSD-status-time,FlowOutExNtv,FlowOutExNtv-status,FlowOutExNtv-status-time,FlowOutExUSD,FlowOutExUSD-status,FlowOutExUSD-status-time,NetFlowNtv,NetFlowUSD,date
eth,2024-09-01T00:00:00.000000000Z,124615.15947977,flash,2024-09-02T00:53:33.371221000Z,302309299.2157041,flash,2024-09-02T00:57:22.927608000Z,102188.92295901023,flash,2024-09-02T00:53:42.209903000Z,247904523.14400053,flash,2024-09-02T00:58:03.399056000Z,22426.23652075976,54404776.07170355,2024-09-01
eth,2024-09-02T00:00:00.000000000Z,178761.4282559114,flash,2024-09-03T01:10:56.502454000Z,453805103.1080349,flash,2024-09-03T01:44:50.490509000Z,197393.1721092312,flash,2024-09-03T01:14:59.675746000Z,501103787.8574877,flash,2024-09-03T01:48:43.017161000Z,-18631.743853319815,-47298684.74945277,2024-09-02
eth,2024-09-03T00:00:00.000000000Z,614647.382001329,flash,2024-09-04T00:54:01.772524000Z,1499619923.9647167,flash,2024-09-04T01:28:44.746217000Z,338097.6150460474,flash,2024-09-04T00:58:12.589478000Z,824892344.1553183,flash,2024-09-04T01:32:30.829065000Z,276549.7669552816,674727579.8093984,2024-09-03
eth,2024-09-04T00:00:00.000000000Z,385112.2665086836,flash,2024-09-05T00:45:09.331913000Z,944652563.8652544,flash,2024-09-05T01:11:03.595749000Z,373505.42332426173,flash,2024-09-05T01:09:13.189965000Z,916181816.1740776,flash,2024-09-05T01:45:57.824968000Z,11606.843184421887,28470747.691176772,2024-09-04
eth,2024-09-05T00:00:00.000000000Z,314156.21920441167,flash,2024-09-06T00:25:29.542073000Z,743660072.542659,flash,2024-09-06T00:52:09.038671000Z,242524.0815114524,flash,2024-09-06T00:50:03.417737000Z,574094877.0866024,flash,2024-09-06T01:25:24.393633000Z,71632.13769295928,169565195.4560566,2024-09-05
eth,2024-09-06T00:00:00.000000000Z,409792.6143772345,flash,2024-09-07T00:45:53.384322000Z,909978103.8177885,flash,2024-09-07T01:19:23.616683000Z,366293.5052857832,flash,2024-09-07T01:17:11.300603000Z,813384765.0897174,flash,2024-09-07T02:04:20.506556000Z,43499.109091451275,96593338.7280711,2024-09-06
eth,2024-09-07T00:00:00.000000000Z,137889.87665695723,flash,2024-09-08T00:32:42.286868000Z,312966897.7931743,flash,2024-09-08T00:58:52.039875000Z,182316.5613057224,flash,2024-09-08T00:57:04.194693000Z,413801578.4155255,flash,2024-09-08T01:31:32.392913000Z,-44426.684648765164,-100834680.62235117,2024-09-07
eth,2024-09-08T00:00:00.000000000Z,122822.78015852308,flash,2024-09-09T00:47:24.467335000Z,282500795.37815994,flash,2024-09-09T01:13:38.947500000Z,105399.97819816474,flash,2024-09-09T01:11:50.391096000Z,242427159.15884623,flash,2024-09-09T01:48:29.688017000Z,17422.801960358338,40073636.21931371,2024-09-08
eth,2024-09-09T00:00:00.000000000Z,357050.6774082992,flash,2024-09-10T00:53:33.828060000Z,843368707.435548,flash,2024-09-10T01:28:22.545992000Z,247959.324681804,flash,2024-09-10T00:53:33.834105000Z,585690347.0157754,flash,2024-09-10T01:28:30.096873000Z,109091.35272649518,257678360.4197725,2024-09-09
eth,2024-09-10T00:00:00.000000000Z,303970.1026910875,flash,2024-09-11T01:14:27.534823000Z,726341522.7677832,flash,2024-09-11T01:45:26.282254000Z,437184.4735663475,flash,2024-09-11T01:14:27.541618000Z,1044659436.7319106,flash,2024-09-11T01:45:33.735368000Z,-133214.37087525998,-318317913.9641274,2024-09-10
eth,2024-09-11T00:00:00.000000000Z,472100.3975798856,flash,2024-09-12T00:58:04.468494000Z,1105804413.3383684,flash,2024-09-12T01:35:36.798161000Z,436212.4379442162,flash,2024-09-12T00:58:04.474843000Z,1021743767.8606929,flash,2024-09-12T01:35:44.292882000Z,35887.959635669424,84060645.47767556,2024-09-11
eth,2024-09-12T00:00:00.000000000Z,320087.8371142679,flash,2024-09-13T01:15:37.502092000Z,756153470.9421698,flash,2024-09-13T01:49:02.325271000Z,228688.0659039597,flash,2024-09-13T01:15:37.510913000Z,540236943.5693337,flash,2024-09-13T01:49:09.821625000Z,91399.77121030822,215916527.3728361,2024-09-12
eth,2024-09-13T00:00:00.000000000Z,313490.56392909784,flash,2024-09-14T00:54:34.135129000Z,765786034.4000677,flash,2024-09-14T01:27:15.327925000Z,286292.38131190266,flash,2024-09-14T00:54:34.141198000Z,699347070.0233874,flash,2024-09-14T01:27:23.018734000Z,27198.182617195183,66438964.376680255,2024-09-13
eth,2024-09-14T00:00:00.000000000Z,124070.87972668276,flash,2024-09-15T01:13:57.267217000Z,299902296.78605,flash,2024-09-15T01:46:59.976354000Z,135882.0139493682,flash,2024-09-15T01:13:57.274346000Z,328451995.8680168,flash,2024-09-15T01:47:07.328217000Z,-11811.134222685447,-28549699.081966758,2024-09-14
eth,2024-09-15T00:00:00.000000000Z,120629.55195115224,flash,2024-09-16T00:55:43.048649000Z,279774976.78541195,flash,2024-09-16T01:33:32.180696000Z,91351.45258359986,flash,2024-09-16T00:55:43.055261000Z,211870558.35405672,flash,2024-09-16T01:33:39.558891000Z,29278.09936755238,67904418.43135524,2024-09-15
eth,2024-09-16T00:00:00.000000000Z,261291.78946604315,flash,2024-09-17T01:34:47.796118000Z,599714717.643684,flash,2024-09-17T02:07:42.806773000Z,292049.6912983856,flash,2024-09-17T01:34:47.802337000Z,670309995.2465136,flash,2024-09-17T02:07:50.130641000Z,-30757.901832342468,-70595277.60282958,2024-09-16
eth,2024-09-17T00:00:00.000000000Z,277983.6334039793,flash,2024-09-18T01:22:24.808720000Z,649666032.6288581,flash,2024-09-18T01:54:45.602183000Z,258022.3014139534,flash,2024-09-18T01:22:24.814863000Z,603015087.0276772,flash,2024-09-18T01:54:52.982749000Z,19961.33199002591,46650945.60118091,2024-09-17
eth,2024-09-18T00:00:00.000000000Z,368324.5584999777,flash,2024-09-19T01:48:47.175531000Z,868802024.6067389,flash,2024-09-19T02:27:53.757682000Z,320973.7462734794,flash,2024-09-19T01:48:47.180466000Z,757111178.6400893,flash,2024-09-19T02:28:02.628815000Z,47350.81222649827,111690845.96664965,2024-09-18
eth,2024-09-19T00:00:00.000000000Z,493319.6279496312,flash,2024-09-20T01:30:23.608997000Z,1217726896.1604853,flash,2024-09-20T02:08:34.876386000Z,371911.0732691893,flash,2024-09-20T01:30:23.614059000Z,918037903.3003837,flash,2024-09-20T02:08:43.601045000Z,121408.55468044191,299688992.8601016,2024-09-19
eth,2024-09-20T00:00:00.000000000Z,273921.3627001547,flash,2024-09-21T02:33:02.987891000Z,699795984.1583024,flash,2024-09-21T03:26:27.449524000Z,326939.3630611598,flash,2024-09-21T02:33:12.038309000Z,835242826.9127606,flash,2024-09-21T03:26:27.688243000Z,-53018.00036100508,-135446842.7544582,2024-09-20
eth,2024-09-21T00:00:00.000000000Z,152977.60089437355,flash,2024-09-22T02:52:22.679431000Z,398467404.7757127,flash,2024-09-22T03:47:33.903784000Z,130727.84777286043,flash,2024-09-22T02:52:30.779187000Z,340512505.94479686,flash,2024-09-22T03:47:34.103416000Z,22249.753121513117,57954898.83091587,2024-09-21
eth,2024-09-22T00:00:00.000000000Z,144283.96544568887,flash,2024-09-23T02:18:51.072904000Z,372412504.20278865,flash,2024-09-23T03:09:53.140080000Z,117056.88712880744,flash,2024-09-23T02:18:58.865119000Z,302136473.2745145,flash,2024-09-23T03:09:53.348338000Z,27227.078316881423,70276030.92827415,2024-09-22
eth,2024-09-23T00:00:00.000000000Z,264092.9905830617,flash,2024-09-24T01:09:35.822374000Z,699301790.0821935,flash,2024-09-24T02:03:15.713164000Z,335303.97780493426,flash,2024-09-24T01:09:44.697381000Z,887864048.8828992,flash,2024-09-24T02:03:15.960525000Z,-71210.98722187255,-188562258.80070567,2024-09-23
eth,2024-09-24T00:00:00.000000000Z,364248.8901443885,flash,2024-09-25T02:09:17.797559000Z,967258591.8009337,flash,2024-09-25T03:02:12.779406000Z,384072.6341902221,flash,2024-09-25T02:09:26.822171000Z,1019900308.1350436,flash,2024-09-25T03:02:13.021703000Z,-19823.74404583359,-52641716.3341099,2024-09-24
eth,2024-09-25T00:00:00.000000000Z,388094.629029106,flash,2024-09-26T02:31:31.745425000Z,999263025.1240971,flash,2024-09-26T03:21:05.074528000Z,350438.3546239103,flash,2024-09-26T02:31:40.536599000Z,902305943.3650064,flash,2024-09-26T03:21:05.275742000Z,37656.27440519573,96957081.75909066,2024-09-25
eth,2024-09-26T00:00:00.000000000Z,268250.2158542205,flash,2024-09-27T03:09:06.719365000Z,705419937.9571215,flash,2024-09-27T04:03:49.998063000Z,299514.63017769455,flash,2024-09-27T03:09:16.083371000Z,787636241.6499252,flash,2024-09-27T04:03:50.220619000Z,-31264.414323474048,-82216303.69280374,2024-09-26
eth,2024-09-27T00:00:00.000000000Z,415317.7230387224,flash,2024-09-28T01:39:21.968152000Z,1120609804.0858457,flash,2024-09-28T02:01:08.250492000Z,410838.3932098658,flash,2024-09-28T01:37:39.597326000Z,1108523681.4777746,flash,2024-09-28T01:59:12.053939000Z,4479.329828856629,12086122.608071089,2024-09-27
eth,2024-09-28T00:00:00.000000000Z,101171.6141143409,flash,2024-09-29T02:26:04.159953000Z,270603482.08033204,flash,2024-09-29T02:45:51.816480000Z,123049.54721932588,flash,2024-09-29T02:24:12.809940000Z,329120339.11335945,flash,2024-09-29T02:43:53.610145000Z,-21877.93310498497,-58516857.03302741,2024-09-28
eth,2024-09-29T00:00:00.000000000Z,117842.83879222386,flash,2024-09-30T02:58:12.518021000Z,313025963.6614365,flash,2024-09-30T03:18:41.752531000Z,121592.2671329086,flash,2024-09-30T02:56:21.807849000Z,322985571.14841926,flash,2024-09-30T03:16:11.224321000Z,-3749.428340684739,-9959607.486982763,2024-09-29
eth,2024-09-30T00:00:00.000000000Z,427064.36347602576,flash,2024-10-01T03:10:58.436834000Z,1108767857.0532787,flash,2024-10-01T03:30:12.061302000Z,418141.09409468743,flash,2024-10-01T03:08:55.075958000Z,1085600777.0625103,flash,2024-10-01T03:28:45.110504000Z,8923.269381338323,23167079.990768433,2024-09-30
eth,2024-10-01T00:00:00.000000000Z,557229.4839472498,flash,2024-10-02T02:03:15.911244000Z,1365115964.57556,flash,2024-10-02T02:23:20.838576000Z,475325.0481719676,flash,2024-10-02T02:03:15.904262000Z,1164464247.3434265,flash,2024-10-02T02:23:20.829317000Z,81904.43577528221,200651717.23213363,2024-10-01
eth,2024-10-02T00:00:00.000000000Z,337842.3049896078,flash,2024-10-03T02:01:09.682574000Z,800037446.8889384,flash,2024-10-03T02:22:50.990849000Z,441008.5982406096,flash,2024-10-03T02:01:09.676203000Z,1044343434.145525,flash,2024-10-03T02:22:50.982629000Z,-103166.2932510018,-244305987.25658655,2024-10-02
eth,2024-10-03T00:00:00.000000000Z,318191.7842423546,flash,2024-10-04T02:35:01.348367000Z,747594007.9371535,flash,2024-10-04T02:56:20.002422000Z,324787.2216927805,flash,2024-10-04T02:35:01.342609000Z,763090038.1989126,flash,2024-10-04T02:56:19.993619000Z,-6595.437450425874,-15496030.261759162,2024-10-03
eth,2024-10-04T00:00:00.000000000Z,283759.3173246425,flash,2024-10-05T03:06:02.736228000Z,685315226.3155813,flash,2024-10-05T03:19:55.844695000Z,339643.66296357283,flash,2024-10-05T03:10:09.320473000Z,820283104.5164775,flash,2024-10-05T03:20:58.411987000Z,-55884.34563893033,-134967878.20089614,2024-10-04
eth,2024-10-05T00:00:00.000000000Z,85225.31753934684,flash,2024-10-06T01:26:03.197764000Z,205762182.83651665,flash,2024-10-06T01:40:43.100584000Z,76522.60965851716,flash,2024-10-06T01:30:04.939352000Z,184750959.62433735,flash,2024-10-06T01:44:23.876425000Z,8702.70788082968,21011223.212179303,2024-10-05
eth,2024-10-06T00:00:00.000000000Z,98027.63221132751,flash,2024-10-07T01:56:08.435397000Z,239040646.332406,flash,2024-10-07T02:14:58.770248000Z,78941.82579899085,flash,2024-10-07T02:00:43.821856000Z,192499855.7648568,flash,2024-10-07T02:18:44.729670000Z,19085.806412336664,46540790.56754923,2024-10-06
eth,2024-10-07T00:00:00.000000000Z,342142.0019205835,flash,2024-10-08T01:51:48.531608000Z,830235380.4036301,flash,2024-10-08T02:13:44.373804000Z,330964.06198468345,flash,2024-10-08T02:09:42.800860000Z,803111200.4937779,flash,2024-10-08T02:24:51.604597000Z,11177.939935900038,27124179.909852266,2024-10-07
eth,2024-10-08T00:00:00.000000000Z,282117.9025444204,flash,2024-10-09T02:24:16.409486000Z,688251972.3338588,flash,2024-10-09T02:47:34.528979000Z,267157.78237297246,flash,2024-10-09T02:42:35.839971000Z,651755414.9672828,flash,2024-10-09T02:58:34.977415000Z,14960.120171447925,36496557.366576076,2024-10-08
eth,2024-10-09T00:00:00.000000000Z,235972.42667570952,flash,2024-10-10T02:09:02.861017000Z,558587828.6484632,flash,2024-10-10T02:29:28.798913000Z,247881.16687588784,flash,2024-10-10T02:26:42.711842000Z,586777890.6148896,flash,2024-10-10T02:38:30.878067000Z,-11908.74020017832,-28190061.966426373,2024-10-09
eth,2024-10-10T00:00:00.000000000Z,260982.122998782,flash,2024-10-11T02:56:19.140158000Z,621691646.205432,flash,2024-10-11T03:12:56.866439000Z,224243.49260473208,flash,2024-10-11T03:10:04.769836000Z,534175691.6773266,flash,2024-10-11T03:44:26.439667000Z,36738.63039404992,87515954.52810544,2024-10-10
eth,2024-10-11T00:00:00.000000000Z,371252.8141585072,flash,2024-10-12T01:41:04.452962000Z,905000420.5938455,flash,2024-10-12T01:58:06.047192000Z,391512.699935418,flash,2024-10-12T01:54:42.983606000Z,954387804.2042477,flash,2024-10-12T02:30:06.325977000Z,-20259.885776910756,-49387383.61040223,2024-10-11
eth,2024-10-12T00:00:00.000000000Z,148151.76375048383,flash,2024-10-13T02:24:52.287396000Z,367155797.3368925,flash,2024-10-13T02:41:25.072316000Z,142255.3459873647,flash,2024-10-13T02:38:35.431251000Z,352543052.2001182,flash,2024-10-13T03:12:56.287891000Z,5896.417763119127,14612745.136774302,2024-10-12
eth,2024-10-13T00:00:00.000000000Z,121596.02742124804,flash,2024-10-14T01:52:55.998610000Z,299751060.1773855,flash,2024-10-14T02:11:20.058386000Z,117085.29553174652,flash,2024-10-14T02:06:40.945880000Z,288631480.90552396,flash,2024-10-14T02:43:31.240619000Z,4510.73188950152,11119579.271861553,2024-10-13
eth,2024-10-14T00:00:00.000000000Z,277487.54082444013,flash,2024-10-15T03:18:37.326928000Z,730049919.3193643,flash,2024-10-15T03:39:59.797431000Z,286052.7531140941,flash,2024-10-15T03:32:12.800781000Z,752584381.6683286,flash,2024-10-15T04:12:27.230338000Z,-8565.212289653951,-22534462.348964334,2024-10-14
eth,2024-10-15T00:00:00.000000000Z,440026.18759994314,flash,2024-10-16T02:05:19.720335000Z,1144298222.9964457,flash,2024-10-16T02:23:09.839169000Z,457313.46179971134,flash,2024-10-16T02:19:00.430795000Z,1189254177.2207704,flash,2024-10-16T02:56:43.081211000Z,-17287.274199768202,-44955954.2243247,2024-10-15
eth,2024-10-16T00:00:00.000000000Z,348186.62067497155,flash,2024-10-17T02:39:20.213794000Z,909458994.4790077,flash,2024-10-17T02:57:20.698452000Z,354483.28543700126,flash,2024-10-17T02:53:23.737252000Z,925905802.2051224,flash,2024-10-17T03:28:36.203033000Z,-6296.664762029715,-16446807.72611463,2024-10-16
eth,2024-10-17T00:00:00.000000000Z,347704.8986644836,flash,2024-10-18T03:09:18.918862000Z,905160785.011866,flash,2024-10-18T03:26:17.589961000Z,328455.8178191265,flash,2024-10-18T03:23:14.769941000Z,855050725.6032606,flash,2024-10-18T03:57:03.919076000Z,19249.08084535715,50110059.40860534,2024-10-17
eth,2024-10-18T00:00:00.000000000Z,462063.26918324025,flash,2024-10-19T02:34:20.731416000Z,1220515838.4299848,flash,2024-10-19T02:53:18.555805000Z,382699.3501808984,flash,2024-10-19T02:48:28.727101000Z,1010880217.937028,flash,2024-10-19T03:23:58.138272000Z,79363.91900234186,209635620.49295676,2024-10-18
eth,2024-10-19T00:00:00.000000000Z,140581.6708189219,flash,2024-10-20T01:54:41.957992000Z,372499442.9755159,flash,2024-10-20T02:12:21.896414000Z,121023.19385113004,flash,2024-10-20T02:08:47.750904000Z,320675320.1470416,flash,2024-10-20T02:42:55.714847000Z,19558.476967791867,51824122.82847428,2024-10-19
eth,2024-10-20T00:00:00.000000000Z,263740.0428064213,flash,2024-10-21T03:01:53.128040000Z,724260957.6311798,flash,2024-10-21T03:19:35.044175000Z,141879.8247714548,flash,2024-10-21T03:15:55.672341000Z,389618567.82945806,flash,2024-10-21T03:50:07.467635000Z,121860.2180349665,334642389.80172175,2024-10-20
eth,2024-10-21T00:00:00.000000000Z,316192.5948917962,flash,2024-10-22T01:47:33.223523000Z,843388862.5402383,flash,2024-10-22T02:07:13.233047000Z,346482.6618753398,flash,2024-10-22T02:03:55.445514000Z,924182358.5051283,flash,2024-10-22T02:09:44.211908000Z,-30290.066983543627,-80793495.96489,2024-10-21
eth,2024-10-22T00:00:00.000000000Z,293002.99731384957,flash,2024-10-23T02:38:58.133388000Z,768629805.7324731,flash,2024-10-23T02:59:24.680905000Z,302642.4642164243,flash,2024-10-23T02:56:25.707232000Z,793916856.1743302,flash,2024-10-23T03:05:39.079293000Z,-9639.466902574757,-25287050.4418571,2024-10-22
eth,2024-10-23T00:00:00.000000000Z,356941.1013195266,flash,2024-10-24T01:42:28.307227000Z,900092240.0808653,flash,2024-10-24T02:02:27.905581000Z,353401.3355987021,flash,2024-10-24T01:59:21.564688000Z,891166073.7042835,flash,2024-10-24T02:05:11.607383000Z,3539.7657208245364,8926166.376581788,2024-10-23
eth,2024-10-24T00:00:00.000000000Z,278332.67829686793,flash,2024-10-25T02:07:35.648279000Z,704777202.2838686,flash,2024-10-25T02:27:54.574258000Z,277246.3234991452,flash,2024-10-25T02:24:51.751256000Z,702026400.2590698,flash,2024-10-25T02:32:15.093344000Z,1086.3547977227136,2750802.024798751,2024-10-24
eth,2024-10-25T00:00:00.000000000Z,717998.9135514491,flash,2024-10-26T02:21:10.434731000Z,1734117611.5699382,flash,2024-10-26T02:41:57.721306000Z,752647.9445884173,flash,2024-10-26T02:38:42.843103000Z,1817802271.5478177,flash,2024-10-26T02:45:48.085404000Z,-34649.03103696823,-83684659.97787952,2024-10-25
eth,2024-10-26T00:00:00.000000000Z,178051.24377251763,flash,2024-10-27T01:59:47.623609000Z,441670265.7011608,flash,2024-10-27T02:19:55.787460000Z,176772.7325377134,flash,2024-10-27T02:16:47.542487000Z,438498816.93835765,flash,2024-10-27T02:23:40.510530000Z,1278.5112348042312,3171448.7628031373,2024-10-26
eth,2024-10-27T00:00:00.000000000Z,143350.70117407688,flash,2024-10-28T01:32:02.247232000Z,359594478.9547479,flash,2024-10-28T01:51:28.343487000Z,126107.65829179404,flash,2024-10-28T01:48:23.689470000Z,316340396.6930969,flash,2024-10-28T01:54:23.115921000Z,17243.04288228284,43254082.26165104,2024-10-27
eth,2024-10-28T00:00:00.000000000Z,385079.229389064,flash,2024-10-29T04:08:14.741101000Z,988184642.671702,flash,2024-10-29T04:12:30.306766000Z,423509.2641015615,flash,2024-10-29T04:04:25.881393000Z,1086803231.3202775,flash,2024-10-29T04:12:05.644696000Z,-38430.034712497494,-98618588.64857543,2024-10-28
eth,2024-10-29T00:00:00.000000000Z,652310.6821802708,flash,2024-10-30T03:18:49.981983000Z,1718981941.368368,flash,2024-10-30T03:24:06.754354000Z,447451.6779244472,flash,2024-10-30T03:15:00.039342000Z,1179133463.5457287,flash,2024-10-30T03:23:42.162250000Z,204859.00425582356,539848477.8226392,2024-10-29
eth,2024-10-30T00:00:00.000000000Z,413243.40202405234,flash,2024-10-31T03:12:17.754095000Z,1099585830.4591134,flash,2024-10-31T03:16:57.455116000Z,488384.8333552656,flash,2024-10-31T03:08:34.116477000Z,1299527203.4308941,flash,2024-10-31T03:16:33.125216000Z,-75141.43133121327,-199941372.97178078,2024-10-30
eth,2024-10-31T00:00:00.000000000Z,334725.4300457021,flash,2024-11-01T02:28:16.532775000Z,842767069.3210973,flash,2024-11-01T02:33:31.347981000Z,388393.97851599514,flash,2024-11-01T02:24:00.829184000Z,977893000.1559623,flash,2024-11-01T02:33:06.694601000Z,-53668.548470293055,-135125930.8348651,2024-10-31
eth,2024-11-01T00:00:00.000000000Z,391142.8936474212,flash,2024-11-02T02:21:38.171044000Z,982744993.9334445,flash,2024-11-02T02:26:38.241055000Z,386317.76780297345,flash,2024-11-02T02:17:38.344013000Z,970621884.078343,flash,2024-11-02T02:26:14.094035000Z,4825.125844447757,12123109.855101466,2024-11-01
eth,2024-11-02T00:00:00.000000000Z,183683.31885752123,flash,2024-11-03T02:53:29.066937000Z,457164517.16014063,flash,2024-11-03T02:57:15.694733000Z,139057.31996998168,flash,2024-11-03T02:49:16.976836000Z,346096057.8079014,flash,2024-11-03T02:56:51.052472000Z,44625.99888753955,111068459.35223925,2024-11-02
eth,2024-11-03T00:00:00.000000000Z,164481.67532493625,flash,2024-11-04T03:17:41.804573000Z,403736192.57018703,flash,2024-11-04T03:23:40.514545000Z,144946.897420742,flash,2024-11-04T03:13:42.611269000Z,355786189.3971107,flash,2024-11-04T03:23:16.257871000Z,19534.777904194256,47950003.17307633,2024-11-03
eth,2024-11-04T00:00:00.000000000Z,377439.91467782337,flash,2024-11-05T02:31:22.062495000Z,904598783.2633718,flash,2024-11-05T02:36:18.881948000Z,369377.74710646167,flash,2024-11-05T02:27:18.403685000Z,885276431.0374702,flash,2024-11-05T02:35:53.889208000Z,8062.1675713617005,19322352.225901604,2024-11-04
eth,2024-11-05T00:00:00.000000000Z,586273.8359274325,flash,2024-11-06T04:09:53.125826000Z,1424043519.08968,flash,2024-11-06T04:16:29.268598000Z,481797.9410962751,flash,2024-11-06T04:05:38.442357000Z,1170274355.5723436,flash,2024-11-06T04:16:03.633775000Z,104475.8948311574,253769163.51733637,2024-11-05
eth,2024-11-06T00:00:00.000000000Z,669409.7508582153,flash,2024-11-07T02:02:36.684825000Z,1822792447.4479148,flash,2024-11-07T02:07:14.179018000Z,639774.8132887678,flash,2024-11-07T01:58:18.960438000Z,1742096968.6131277,flash,2024-11-07T02:06:49.321318000Z,29634.937569447444,80695478.83478713,2024-11-06
eth,2024-11-07T00:00:00.000000000Z,571843.5653790652,flash,2024-11-08T03:25:55.743600000Z,1653700462.0453358,flash,2024-11-08T03:31:37.099611000Z,595851.4917729836,flash,2024-11-08T03:21:37.530015000Z,1723128398.939328,flash,2024-11-08T03:31:12.966740000Z,-24007.926393918344,-69427936.89399219,2024-11-07
eth,2024-11-08T00:00:00.000000000Z,498944.3431220013,flash,2024-11-09T03:18:39.802479000Z,1477008284.8700857,flash,2024-11-09T03:23:12.442038000Z,507897.8030242693,flash,2024-11-09T03:14:03.008755000Z,1503512913.3646278,flash,2024-11-09T03:22:48.508867000Z,-8953.45990226802,-26504628.494542122,2024-11-08
eth,2024-11-09T00:00:00.000000000Z,379555.48637233,flash,2024-11-10T03:20:04.154215000Z,1191799101.6660943,flash,2024-11-10T03:23:08.430665000Z,451774.468483235,flash,2024-11-10T03:15:25.145940000Z,1418565730.2443051,flash,2024-11-10T03:22:44.835890000Z,-72218.982110905,-226766628.57821083,2024-11-09
eth,2024-11-10T00:00:00.000000000Z,478088.47053483006,flash,2024-11-11T02:33:58.503288000Z,1523924522.431648,flash,2024-11-11T02:37:01.911041000Z,465346.7448868733,flash,2024-11-11T02:29:29.952546000Z,1483309804.926966,flash,2024-11-11T02:36:36.830749000Z,12741.725647956773,40614717.504682064,2024-11-10
eth,2024-11-11T00:00:00.000000000Z,611258.6443626947,flash,2024-11-12T02:59:31.426994000Z,2060088153.2038305,flash,2024-11-12T03:05:59.332053000Z,503271.3231274323,flash,2024-11-12T02:54:42.257288000Z,1696144995.54931,flash,2024-11-12T03:05:33.467195000Z,107987.32123526238,363943157.6545205,2024-11-11
eth,2024-11-12T00:00:00.000000000Z,965558.4611637805,flash,2024-11-13T03:27:15.034528000Z,3143020806.713733,flash,2024-11-13T03:30:22.394232000Z,895624.2479573215,flash,2024-11-13T03:22:43.640971000Z,2915375670.7122054,flash,2024-11-13T03:29:56.525669000Z,69934.21320645907,227645136.0015278,2024-11-12
eth,2024-11-13T00:00:00.000000000Z,692180.0005604192,flash,2024-11-14T03:32:47.008296000Z,2208680092.00092,flash,2024-11-14T03:37:04.263429000Z,698529.143786517,flash,2024-11-14T03:27:49.016651000Z,2228939599.9806237,flash,2024-11-14T03:36:38.784054000Z,-6349.143226097804,-20259507.979703903,2024-11-13
eth,2024-11-14T00:00:00.000000000Z,466978.48119715386,flash,2024-11-15T04:47:02.634963000Z,1427277799.0422,flash,2024-11-15T04:50:21.012323000Z,567261.6358458345,flash,2024-11-15T04:43:15.239901000Z,1733784257.0722191,flash,2024-11-15T04:49:51.587805000Z,-100283.15464868065,-306506458.03001904,2024-11-14
eth,2024-11-15T00:00:00.000000000Z,482787.45649425336,flash,2024-11-16T02:54:34.602797000Z,1495414544.2677348,flash,2024-11-16T03:22:46.456925000Z,487555.9580165664,flash,2024-11-16T02:55:51.482927000Z,1510184784.121542,flash,2024-11-16T03:22:46.632683000Z,-4768.501522313047,-14770239.85380721,2024-11-15
eth,2024-11-16T00:00:00.000000000Z,303210.12607377674,flash,2024-11-17T03:14:16.525848000Z,950377616.5581089,flash,2024-11-17T03:39:54.312874000Z,238291.83025933287,flash,2024-11-17T03:14:46.272764000Z,746898609.9495586,flash,2024-11-17T03:39:54.473486000Z,64918.295814443874,203479006.6085503,2024-11-16
eth,2024-11-17T00:00:00.000000000Z,283111.4481476883,flash,2024-11-18T03:03:45.375280000Z,869206229.2858163,flash,2024-11-18T03:29:20.423683000Z,234368.77521326984,flash,2024-11-18T03:04:19.057262000Z,719556911.9451194,flash,2024-11-18T03:29:20.597962000Z,48742.67293441846,149649317.34069693,2024-11-17
eth,2024-11-18T00:00:00.000000000Z,508510.6818436776,flash,2024-11-19T02:25:22.089682000Z,1621583612.5167518,flash,2024-11-19T02:53:18.094649000Z,477461.2606180865,flash,2024-11-19T02:25:52.234853000Z,1522570485.6833093,flash,2024-11-19T02:53:18.257721000Z,31049.421225591097,99013126.83344245,2024-11-18
eth,2024-11-19T00:00:00.000000000Z,400711.4473476312,flash,2024-11-20T02:51:32.495375000Z,1246930989.3333063,flash,2024-11-20T03:20:22.310002000Z,417474.71706050873,flash,2024-11-20T02:51:46.025459000Z,1299094811.0207,flash,2024-11-20T03:20:22.471803000Z,-16763.269712877518,-52163821.687393665,2024-11-19
eth,2024-11-20T00:00:00.000000000Z,454823.583012809,flash,2024-11-21T04:01:21.508966000Z,1397868098.1002214,flash,2024-11-21T04:28:21.872543000Z,437688.0043915652,flash,2024-11-21T04:01:44.965108000Z,1345203109.7580264,flash,2024-11-21T04:28:22.060341000Z,17135.578621243767,52664988.342195034,2024-11-20
eth,2024-11-21T00:00:00.000000000Z,740512.2323631379,flash,2024-11-22T02:06:31.903594000Z,2492067090.6568966,flash,2024-11-22T02:32:14.705496000Z,689433.6204663499,flash,2024-11-22T02:06:46.447825000Z,2320170770.540473,flash,2024-11-22T02:32:14.900535000Z,51078.611896788,171896320.1164236,2024-11-21
eth,2024-11-22T00:00:00.000000000Z,820386.7051824752,flash,2024-11-23T02:20:19.504218000Z,2728093966.040308,flash,2024-11-23T02:46:56.398027000Z,731477.9948310863,flash,2024-11-23T02:20:34.044178000Z,2432439106.318879,flash,2024-11-23T02:46:56.571652000Z,88908.7103513889,295654859.7214289,2024-11-22
eth,2024-11-23T00:00:00.000000000Z,297310.9818880332,flash,2024-11-24T02:07:49.202545000Z,1010075848.8265058,flash,2024-11-24T02:33:21.151401000Z,414067.0786737374,flash,2024-11-24T02:08:10.169418000Z,1406739681.482721,flash,2024-11-24T02:33:21.342486000Z,-116756.0967857042,-396663832.6562153,2024-11-23
eth,2024-11-24T00:00:00.000000000Z,192025.4423012889,flash,2024-11-25T03:10:30.340719000Z,645950143.449069,flash,2024-11-25T03:38:09.616283000Z,240851.500062406,flash,2024-11-25T03:10:53.088541000Z,810195040.5672382,flash,2024-11-25T03:38:09.802740000Z,-48826.05776111712,-164244897.1181692,2024-11-24
eth,2024-11-25T00:00:00.000000000Z,774704.7675732394,flash,2024-11-26T03:07:26.171511000Z,2657161892.4228773,flash,2024-11-26T03:34:39.183452000Z,796558.0529850448,flash,2024-11-26T03:07:45.243968000Z,2732116532.7594624,flash,2024-11-26T03:34:39.362051000Z,-21853.28541180538,-74954640.33658504,2024-11-25
eth,2024-11-26T00:00:00.000000000Z,529169.1125523534,flash,2024-11-27T01:40:03.370398000Z,1759203902.6162868,flash,2024-11-27T02:06:54.136730000Z,508382.7259465009,flash,2024-11-27T01:40:17.414900000Z,1690100299.3051827,flash,2024-11-27T02:06:54.309530000Z,20786.386605852516,69103603.31110406,2024-11-26
eth,2024-11-27T00:00:00.000000000Z,704115.3379437451,flash,2024-11-28T03:01:41.970545000Z,2583560914.1017313,flash,2024-11-28T03:27:30.786907000Z,646432.1811295657,flash,2024-11-28T03:01:56.681958000Z,2371908161.6104603,flash,2024-11-28T03:27:30.979572000Z,57683.15681417938,211652752.49127102,2024-11-27
eth,2024-11-28T00:00:00.000000000Z,489258.6386344525,flash,2024-11-29T03:11:56.475006000Z,1753604724.412295,flash,2024-11-29T03:36:46.606052000Z,442218.20600656245,flash,2024-11-29T03:12:13.823753000Z,1585002029.6803205,flash,2024-11-29T03:36:46.797389000Z,47040.432627890026,168602694.7319746,2024-11-28
eth,2024-11-29T00:00:00.000000000Z,497797.3801461041,flash,2024-11-30T02:04:36.604128000Z,1789887246.2715256,flash,2024-11-30T02:29:24.340950000Z,506714.2322876496,flash,2024-11-30T02:04:58.211636000Z,1821948804.973094,flash,2024-11-30T02:29:24.522517000Z,-8916.852141545503,-32061558.701568365,2024-11-29
eth,2024-11-30T00:00:00.000000000Z,277404.60205190897,flash,2024-12-01T02:06:45.498701000Z,1030059030.792114,flash,2024-12-01T02:32:54.259250000Z,315822.88021953247,flash,2024-12-01T02:06:59.597651000Z,1172713817.6317317,flash,2024-12-01T02:32:54.455932000Z,-38418.2781676235,-142654786.83961773,2024-11-30
eth,2024-12-01T00:00:00.000000000Z,213169.11170880892,flash,2024-12-02T02:32:42.940063000Z,792153712.0411147,flash,2024-12-02T02:58:46.842839000Z,259142.13390451812,flash,2024-12-02T02:33:00.144247000Z,962993191.9927248,flash,2024-12-02T02:58:47.006688000Z,-45973.0221957092,-170839479.9516101,2024-12-01
eth,2024-12-02T00:00:00.000000000Z,772168.0530060809,flash,2024-12-03T02:58:57.929360000Z,2808442017.746889,flash,2024-12-03T03:24:18.030174000Z,882050.9383895338,flash,2024-12-03T02:59:12.937265000Z,3208095579.0937533,flash,2024-12-03T03:24:18.178280000Z,-109882.88538345287,-399653561.3468642,2024-12-02
eth,2024-12-03T00:00:00.000000000Z,607677.9698114097,flash,2024-12-04T03:11:41.805784000Z,2202171275.398633,flash,2024-12-04T03:48:43.015497000Z,727995.3844692246,flash,2024-12-04T02:32:36.871413000Z,2638190956.3028064,flash,2024-12-04T03:14:16.591163000Z,-120317.4146578149,-436019680.9041734,2024-12-03
eth,2024-12-04T00:00:00.000000000Z,901318.202418243,flash,2024-12-05T02:57:27.803179000Z,3465263129.5375366,flash,2024-12-05T03:36:49.209967000Z,880638.7485189278,flash,2024-12-05T02:20:03.726400000Z,3385757635.3136272,flash,2024-12-05T03:02:02.990752000Z,20679.45389931521,79505494.22390938,2024-12-04
eth,2024-12-05T00:00:00.000000000Z,775485.5757925177,flash,2024-12-06T03:01:20.255229000Z,2942724911.131908,flash,2024-12-06T03:40:29.136868000Z,798620.3269786123,flash,2024-12-06T02:24:42.149955000Z,3030514047.0659766,flash,2024-12-06T03:06:13.963588000Z,-23134.751186094596,-87789135.93406868,2024-12-05
eth,2024-12-06T00:00:00.000000000Z,897617.3499763628,flash,2024-12-07T02:40:32.475740000Z,3602557981.5308976,flash,2024-12-07T03:24:31.692565000Z,855013.5574471686,flash,2024-12-07T02:03:18.357389000Z,3431569048.6369686,flash,2024-12-07T02:46:33.963239000Z,42603.79252919415,170988932.893929,2024-12-06
eth,2024-12-07T00:00:00.000000000Z,308200.1493339081,flash,2024-12-08T04:26:03.592642000Z,1234709282.7391992,flash,2024-12-08T05:05:06.375090000Z,319701.84065140504,flash,2024-12-08T03:48:02.258304000Z,1280787278.0536287,flash,2024-12-08T04:31:03.194369000Z,-11501.691317496938,-46077995.31442952,2024-12-07
eth,2024-12-08T00:00:00.000000000Z,158265.5090336628,flash,2024-12-09T02:52:10.045860000Z,633322627.7136812,flash,2024-12-09T03:31:40.762564000Z,179980.83022393085,flash,2024-12-09T02:14:23.285975000Z,720219667.7689592,flash,2024-12-09T02:57:07.149321000Z,-21715.321190268063,-86897040.05527794,2024-12-08
eth,2024-12-09T00:00:00.000000000Z,663687.1209977691,flash,2024-12-10T02:59:30.173291000Z,2465050943.497568,flash,2024-12-10T03:39:29.057348000Z,627470.0306338455,flash,2024-12-10T02:21:09.872028000Z,2330534286.5551972,flash,2024-12-10T03:04:22.589640000Z,36217.09036392358,134516656.9423709,2024-12-09
eth,2024-12-10T00:00:00.000000000Z,604233.5412313543,flash,2024-12-11T02:40:22.342546000Z,2194789109.487716,flash,2024-12-11T03:23:51.023280000Z,688677.525796666,flash,2024-12-11T02:01:16.061780000Z,2501519413.3169293,flash,2024-12-11T02:45:45.815775000Z,-84443.9845653117,-306730303.82921314,2024-12-10
eth,2024-12-11T00:00:00.000000000Z,944260.0945673033,flash,2024-12-12T03:34:22.754482000Z,3622981359.3991847,flash,2024-12-12T03:41:58.637245000Z,735656.9307470054,flash,2024-12-12T03:19:50.650298000Z,2822602969.6092887,flash,2024-12-12T03:40:55.668556000Z,208603.16382029792,800378389.789896,2024-12-11
eth,2024-12-12T00:00:00.000000000Z,557077.4428335687,flash,2024-12-13T03:08:30.988874000Z,2159816695.7313933,flash,2024-12-13T03:16:13.684521000Z,555366.9156882147,flash,2024-12-13T02:54:06.058776000Z,2153184897.703016,flash,2024-12-13T03:15:06.668711000Z,1710.5271453539608,6631798.028377533,2024-12-12
eth,2024-12-13T00:00:00.000000000Z,593183.075487895,flash,2024-12-14T02:26:44.813907000Z,2316648109.62413,flash,2024-12-14T02:37:54.406381000Z,593197.4758625682,flash,2024-12-14T02:10:29.973816000Z,2316704349.5981674,flash,2024-12-14T02:36:49.471261000Z,-14.400374673190527,-56239.97403764725,2024-12-13
eth,2024-12-14T00:00:00.000000000Z,129834.95771915533,flash,2024-12-15T02:56:26.833116000Z,502279858.3936439,flash,2024-12-15T03:04:33.049151000Z,130377.00668389544,flash,2024-12-15T02:40:29.467804000Z,504376830.4421196,flash,2024-12-15T03:03:27.290207000Z,-542.0489647401118,-2096972.0484756827,2024-12-14
eth,2024-12-15T00:00:00.000000000Z,185009.401276438,flash,2024-12-16T03:41:18.608266000Z,730356275.5009334,flash,2024-12-16T03:50:42.603206000Z,150598.51064038265,flash,2024-12-16T03:25:52.275758000Z,594513395.3649819,flash,2024-12-16T03:49:33.811254000Z,34410.89063605535,135842880.13595152,2024-12-15
eth,2024-12-16T00:00:00.000000000Z,481408.343675084,flash,2024-12-17T02:21:40.878541000Z,1923311746.8812532,flash,2024-12-17T03:06:05.662988000Z,479737.8853566282,flash,2024-12-17T02:21:22.137042000Z,1916637969.5178728,flash,2024-12-17T03:02:15.618679000Z,1670.458318455785,6673777.363380432,2024-12-16
eth,2024-12-17T00:00:00.000000000Z,587265.754142628,flash,2024-12-18T02:56:27.122267000Z,2277262994.6510863,flash,2024-12-18T03:39:43.971480000Z,583984.7079120527,flash,2024-12-18T02:56:08.040109000Z,2264539955.5296636,flash,2024-12-18T03:37:09.566118000Z,3281.0462305753026,12723039.121422768,2024-12-17
eth,2024-12-18T00:00:00.000000000Z,508824.66340704326,flash,2024-12-19T02:54:07.634123000Z,1850360036.3309448,flash,2024-12-19T03:37:56.473074000Z,596378.0725336954,flash,2024-12-19T02:53:49.812401000Z,2168751303.3888683,flash,2024-12-19T03:35:34.335479000Z,-87553.40912665211,-318391267.05792356,2024-12-18
eth,2024-12-19T00:00:00.000000000Z,559335.2745433736,flash,2024-12-20T03:59:49.541655000Z,1918447686.8312695,flash,2024-12-20T04:42:30.544296000Z,665732.7316295997,flash,2024-12-20T03:59:32.372222000Z,2283377210.717344,flash,2024-12-20T04:40:26.518984000Z,-106397.45708622609,-364929523.8860743,2024-12-19
eth,2024-12-20T00:00:00.000000000Z,688421.1212627058,flash,2024-12-21T02:58:51.666771000Z,2389870512.9417562,flash,2024-12-21T03:41:41.494638000Z,712431.4357328062,flash,2024-12-21T02:58:34.501021000Z,2473222898.25687,flash,2024-12-21T03:39:28.074659000Z,-24010.31447010045,-83352385.31511354,2024-12-20
eth,2024-12-21T00:00:00.000000000Z,347246.40970611956,flash,2024-12-22T02:37:03.927433000Z,1155926357.92897,flash,2024-12-22T03:21:53.806004000Z,291502.37870216224,flash,2024-12-22T02:36:48.366248000Z,970363619.3848416,flash,2024-12-22T03:17:21.797921000Z,55744.03100395732,185562738.54412854,2024-12-21
eth,2024-12-22T00:00:00.000000000Z,267726.8838614242,flash,2024-12-23T02:46:23.037961000Z,877701497.9533889,flash,2024-12-23T03:31:05.727265000Z,284472.9240427238,flash,2024-12-23T02:46:06.300479000Z,932600820.5015197,flash,2024-12-23T03:26:37.623356000Z,-16746.040181299555,-54899322.54813075,2024-12-22
eth,2024-12-23T00:00:00.000000000Z,551888.2421823688,flash,2024-12-24T02:35:18.749555000Z,1888846573.067452,flash,2024-12-24T03:21:06.736269000Z,641069.2715796984,flash,2024-12-24T02:35:03.410642000Z,2194070110.8867455,flash,2024-12-24T03:15:40.270117000Z,-89181.02939732966,-305223537.8192935,2024-12-23
eth,2024-12-24T00:00:00.000000000Z,577612.3939749548,flash,2024-12-25T03:17:43.419087000Z,2018609842.6886244,flash,2024-12-25T04:02:12.524587000Z,599717.0283136219,flash,2024-12-25T03:17:24.621329000Z,2095859972.551664,flash,2024-12-25T03:59:14.111897000Z,-22104.634338667034,-77250129.86303973,2024-12-24
eth,2024-12-25T00:00:00.000000000Z,166880.74888553657,flash,2024-12-26T01:48:11.045310000Z,582539524.1398369,flash,2024-12-26T02:35:19.314970000Z,209428.236004429,flash,2024-12-26T01:47:54.183615000Z,731062305.0184503,flash,2024-12-26T02:28:14.983517000Z,-42547.48711889243,-148522780.87861335,2024-12-25
eth,2024-12-26T00:00:00.000000000Z,372042.74491092126,flash,2024-12-27T02:30:50.027376000Z,1237129317.9945927,flash,2024-12-27T03:14:56.123912000Z,336929.07003895886,flash,2024-12-27T02:30:32.888640000Z,1120368119.8773289,flash,2024-12-27T03:10:44.416397000Z,35113.6748719624,116761198.1172638,2024-12-26
eth,2024-12-27T00:00:00.000000000Z,400553.6376944424,flash,2024-12-28T03:34:43.557301000Z,1330677265.6288297,flash,2024-12-28T04:17:06.214429000Z,389853.4128867599,flash,2024-12-28T03:34:25.904785000Z,1295130101.5320144,flash,2024-12-28T04:14:47.950735000Z,10700.224807682505,35547164.09681535,2024-12-27
eth,2024-12-28T00:00:00.000000000Z,105553.95555972862,flash,2024-12-29T01:15:24.647285000Z,358576858.6339434,flash,2024-12-29T01:57:32.636101000Z,110093.19795065414,flash,2024-12-29T01:15:09.513967000Z,373997098.1549064,flash,2024-12-29T01:55:09.089069000Z,-4539.242390925516,-15420239.520963013,2024-12-28
eth,2024-12-29T00:00:00.000000000Z,95419.17905368202,flash,2024-12-30T01:51:31.393743000Z,319361157.292794,flash,2024-12-30T02:33:50.876880000Z,189492.37159095128,flash,2024-12-30T01:51:15.120407000Z,634217394.1299192,flash,2024-12-30T02:32:05.042538000Z,-94073.19253726926,-314856236.8371252,2024-12-29
eth,2024-12-30T00:00:00.000000000Z,530928.5244871841,flash,2024-12-31T02:53:04.539080000Z,1781513169.0430028,flash,2024-12-31T03:38:18.075358000Z,400887.4472552016,flash,2024-12-31T02:52:48.493730000Z,1345164619.435348,flash,2024-12-31T03:34:05.026174000Z,130041.07723198255,436348549.6076548,2024-12-30
eth,2024-12-31T00:00:00.000000000Z,477862.7372575135,flash,2025-01-01T04:03:46.655170000Z,1592455994.235211,flash,2025-01-01T04:42:49.498015000Z,523982.01278991567,flash,2025-01-01T04:05:37.336496000Z,1746146397.451944,flash,2025-01-01T04:42:49.747713000Z,-46119.27553240216,-153690403.21673322,2024-12-31
eth,2025-01-01T00:00:00.000000000Z,514748.18103202456,flash,2025-01-02T02:53:16.284897000Z,1724864692.9151616,flash,2025-01-02T03:32:26.823729000Z,585228.5472826476,flash,2025-01-02T02:55:02.108650000Z,1961036669.3672075,flash,2025-01-02T03:32:27.073181000Z,-70480.36625062302,-236171976.45204592,2025-01-01
eth,2025-01-02T00:00:00.000000000Z,395224.3339398375,flash,2025-01-03T03:38:58.071395000Z,1362570650.1867557,flash,2025-01-03T04:19:05.993110000Z,339121.7109431185,flash,2025-01-03T03:40:42.726110000Z,1169151923.3290658,flash,2025-01-03T04:19:06.264538000Z,56102.62299671903,193418726.85768986,2025-01-02
eth,2025-01-03T00:00:00.000000000Z,324083.4290950803,flash,2025-01-04T02:19:35.576845000Z,1168725977.881582,flash,2025-01-04T02:58:58.588515000Z,322361.3699659268,flash,2025-01-04T02:21:25.732895000Z,1162515801.5535002,flash,2025-01-04T02:58:58.827312000Z,1722.0591291534947,6210176.328081846,2025-01-03
eth,2025-01-04T00:00:00.000000000Z,156170.5442276043,flash,2025-01-05T03:35:26.712915000Z,571239350.5679958,flash,2025-01-05T04:13:35.101505000Z,146496.2410137903,flash,2025-01-05T03:37:13.244936000Z,535852762.70413566,flash,2025-01-05T04:13:35.346811000Z,9674.303213813982,35386587.86386013,2025-01-04
eth,2025-01-05T00:00:00.000000000Z,116329.3609715804,flash,2025-01-06T03:02:15.359433000Z,423232203.49640226,flash,2025-01-06T03:42:39.134838000Z,123627.65436220857,flash,2025-01-06T03:04:01.079386000Z,449785025.30923265,flash,2025-01-06T03:42:39.377217000Z,-7298.293390628169,-26552821.81283039,2025-01-05
eth,2025-01-06T00:00:00.000000000Z,364559.661687387,flash,2025-01-07T03:16:09.668168000Z,1342700933.1802137,flash,2025-01-07T03:54:35.732937000Z,359393.717091903,flash,2025-01-07T03:18:10.363571000Z,1323674366.7273912,flash,2025-01-07T03:54:36.210056000Z,5165.944595484005,19026566.452822447,2025-01-06
eth,2025-01-07T00:00:00.000000000Z,415731.2300875643,flash,2025-01-08T02:57:47.199938000Z,1406238930.914926,flash,2025-01-08T03:39:40.286058000Z,436749.8824106242,flash,2025-01-08T02:59:45.744711000Z,1477335940.311662,flash,2025-01-08T03:39:40.527480000Z,-21018.652323059854,-71097009.3967359,2025-01-07
eth,2025-01-08T00:00:00.000000000Z,530746.478009976,flash,2025-01-09T02:23:21.126247000Z,1765020245.563652,flash,2025-01-09T03:10:40.181283000Z,504955.79471886175,flash,2025-01-09T02:41:45.865633000Z,1679252218.7527776,flash,2025-01-09T03:15:27.252585000Z,25790.683291114226,85768026.81087446,2025-01-08
eth,2025-01-09T00:00:00.000000000Z,455973.44268026575,flash,2025-01-10T02:13:42.957866000Z,1467020297.497336,flash,2025-01-10T03:02:07.188737000Z,499290.5504683493,flash,2025-01-10T02:31:55.287915000Z,1606386037.7046187,flash,2025-01-10T03:03:36.719439000Z,-43317.10778808355,-139365740.20728278,2025-01-09
eth,2025-01-10T00:00:00.000000000Z,353733.60603493045,flash,2025-01-11T02:16:34.257510000Z,1156628948.8447847,flash,2025-01-11T03:04:18.740987000Z,358511.88162489294,flash,2025-01-11T02:35:03.265923000Z,1172252830.1459107,flash,2025-01-11T03:08:46.774515000Z,-4778.27558996249,-15623881.301126003,2025-01-10
eth,2025-01-11T00:00:00.000000000Z,115379.84131617952,flash,2025-01-12T03:27:44.445420000Z,379181879.2486311,flash,2025-01-12T04:17:02.169977000Z,105958.5226004516,flash,2025-01-12T03:46:23.816018000Z,348219855.9447468,flash,2025-01-12T04:18:40.607288000Z,9421.318715727917,30962023.303884327,2025-01-11
eth,2025-01-12T00:00:00.000000000Z,226250.64264236685,flash,2025-01-13T02:45:29.481250000Z,737163549.5472909,flash,2025-01-13T03:33:05.096294000Z,207769.66062154705,flash,2025-01-13T03:04:25.997840000Z,676949328.0693797,flash,2025-01-13T03:34:44.667338000Z,18480.982020819793,60214221.477911234,2025-01-12
eth,2025-01-13T00:00:00.000000000Z,589425.2530497103,flash,2025-01-14T02:12:42.510798000Z,1846751536.2785604,flash,2025-01-14T03:00:12.529244000Z,566002.8886996573,flash,2025-01-14T02:31:26.383105000Z,1773366001.6023111,flash,2025-01-14T03:01:49.005299000Z,23422.364350053016,73385534.67624927,2025-01-13
eth,2025-01-14T00:00:00.000000000Z,332115.4971458456,flash,2025-01-15T04:17:13.567173000Z,1071597077.0161772,flash,2025-01-15T05:03:29.750246000Z,323732.6980240786,flash,2025-01-15T04:35:42.711753000Z,1044549308.6545748,flash,2025-01-15T05:05:04.926383000Z,8382.799121766991,27047768.361602426,2025-01-14
eth,2025-01-15T00:00:00.000000000Z,289504.07673188375,flash,2025-01-16T02:24:32.640547000Z,996195707.540294,flash,2025-01-16T02:45:27.325418000Z,315200.09630855336,flash,2025-01-16T02:24:32.723119000Z,1084616791.9413152,flash,2025-01-16T02:45:27.434869000Z,-25696.019576669612,-88421084.40102112,2025-01-15
eth,2025-01-16T00:00:00.000000000Z,443974.576478716,flash,2025-01-17T02:43:09.039781000Z,1466507708.482767,flash,2025-01-17T03:05:33.776249000Z,437749.4986273828,flash,2025-01-17T02:43:09.124624000Z,1445945439.5184245,flash,2025-01-17T03:05:33.906720000Z,6225.07785133319,20562268.964342594,2025-01-16
eth,2025-01-17T00:00:00.000000000Z,550800.1608900235,flash,2025-01-18T02:59:31.450324000Z,1916180570.6710129,flash,2025-01-18T03:19:58.793986000Z,532067.1926198766,flash,2025-01-18T02:59:31.532833000Z,1851010383.0438907,flash,2025-01-18T03:19:58.905937000Z,18732.96827014687,65170187.627122164,2025-01-17
eth,2025-01-18T00:00:00.000000000Z,412976.9946554369,flash,2025-01-19T03:18:10.007332000Z,1364217100.6367507,flash,2025-01-19T03:41:22.056925000Z,373971.91133149265,flash,2025-01-19T03:18:10.089308000Z,1235368757.0948,flash,2025-01-19T03:41:22.169980000Z,39005.08332394424,128848343.5419507,2025-01-18
eth,2025-01-19T00:00:00.000000000Z,523699.2035736084,flash,2025-01-20T02:59:43.470656000Z,1677958903.027279,flash,2025-01-20T03:22:13.533950000Z,549314.563125696,flash,2025-01-20T02:59:43.556606000Z,1760031818.7800124,flash,2025-01-20T03:22:13.646212000Z,-25615.35955208761,-82072915.75273347,2025-01-19
eth,2025-01-20T00:00:00.000000000Z,533828.151197938,flash,2025-01-21T02:40:55.525938000Z,1753854633.473209,flash,2025-01-21T03:14:19.009721000Z,501543.4015437383,flash,2025-01-21T03:08:54.048146000Z,1647785371.9618475,flash,2025-01-21T03:41:31.235228000Z,32284.749654199695,106069261.51136136,2025-01-20
eth,2025-01-21T00:00:00.000000000Z,576358.4726282388,flash,2025-01-22T03:55:47.384896000Z,1915032292.382508,flash,2025-01-22T04:26:01.085974000Z,589256.883470825,flash,2025-01-22T04:21:43.837430000Z,1957889081.0948024,flash,2025-01-22T04:53:37.109369000Z,-12898.410842586192,-42856788.71229434,2025-01-21
eth,2025-01-22T00:00:00.000000000Z,495093.6776884849,flash,2025-01-23T03:47:38.652147000Z,1603942642.9225292,flash,2025-01-23T04:17:09.493953000Z,425495.1000644952,flash,2025-01-23T04:13:48.489002000Z,1378465866.3677087,flash,2025-01-23T04:43:20.551027000Z,69598.57762398972,225476776.55482054,2025-01-22
eth,2025-01-23T00:00:00.000000000Z,545020.6138913808,flash,2025-01-24T03:20:43.111310000Z,1818102460.853532,flash,2025-01-24T03:50:45.625772000Z,505017.779093722,flash,2025-01-24T03:47:40.182764000Z,1684659338.643047,flash,2025-01-24T04:15:14.646215000Z,40002.83479765884,133443122.21048498,2025-01-23
eth,2025-01-24T00:00:00.000000000Z,509608.316336768,flash,2025-01-25T03:15:04.068840000Z,1687021436.3055902,flash,2025-01-25T03:43:54.165285000Z,484911.4262910756,flash,2025-01-25T03:41:05.318903000Z,1605264169.8295226,flash,2025-01-25T04:09:19.145052000Z,24696.890045692388,81757266.47606754,2025-01-24
eth,2025-01-25T00:00:00.000000000Z,335738.37023983826,flash,2025-01-26T03:12:29.825106000Z,1115814802.4139867,flash,2025-01-26T03:41:20.774215000Z,321888.9886961913,flash,2025-01-26T03:38:32.947760000Z,1069786864.2916892,flash,2025-01-26T04:06:29.414843000Z,13849.381543646974,46027938.122297525,2025-01-25
eth,2025-01-26T00:00:00.000000000Z,162829.6533078282,flash,2025-01-27T02:29:44.172543000Z,527734328.8387138,flash,2025-01-27T03:02:24.443432000Z,155688.06578479052,flash,2025-01-27T02:57:20.606491000Z,504588293.5696452,flash,2025-01-27T03:28:03.819142000Z,7141.587523037684,23146035.2690686,2025-01-26
eth,2025-01-27T00:00:00.000000000Z,574666.6658838143,flash,2025-01-28T02:03:06.013952000Z,1821978236.2095735,flash,2025-01-28T02:42:36.177334000Z,591882.8622418531,flash,2025-01-28T02:03:25.221949000Z,1876562114.0240552,flash,2025-01-28T02:46:01.382028000Z,-17216.19635803881,-54583877.814481735,2025-01-27
eth,2025-01-28T00:00:00.000000000Z,505097.21785709064,flash,2025-01-29T02:46:14.514933000Z,1551032160.1590185,flash,2025-01-29T03:26:22.044622000Z,508634.36222549673,flash,2025-01-29T02:46:31.081615000Z,1561893880.39141,flash,2025-01-29T03:29:37.300464000Z,-3537.144368406094,-10861720.232391596,2025-01-28
eth,2025-01-29T00:00:00.000000000Z,283260.76530834805,flash,2025-01-30T02:36:11.010766000Z,884821475.3694617,flash,2025-01-30T03:16:33.533538000Z,281562.01455935615,flash,2025-01-30T02:36:27.561684000Z,879515088.7176719,flash,2025-01-30T03:20:28.929578000Z,1698.750748991908,5306386.651789784,2025-01-29
eth,2025-01-30T00:00:00.000000000Z,356455.87255423306,flash,2025-01-31T02:10:30.990723000Z,1160567055.8834617,flash,2025-01-31T02:50:08.424136000Z,331532.864777236,flash,2025-01-31T02:10:47.359112000Z,1079421466.8032615,flash,2025-01-31T02:53:44.452221000Z,24923.007776997052,81145589.0802002,2025-01-30
eth,2025-01-31T00:00:00.000000000Z,540968.8311403906,flash,2025-02-01T03:09:37.384048000Z,1781206857.5451448,flash,2025-02-01T03:57:15.569238000Z,563268.1365711448,flash,2025-02-01T03:09:52.270852000Z,1854630081.70396,flash,2025-02-01T03:59:09.908353000Z,-22299.305430754204,-73423224.15881515,2025-01-31
eth,2025-02-01T00:00:00.000000000Z,214886.7888928021,flash,2025-02-02T01:47:14.477604000Z,670436332.8993033,flash,2025-02-02T02:27:24.074195000Z,213745.04619128164,flash,2025-02-02T01:47:33.101109000Z,666874151.1855463,flash,2025-02-02T02:28:57.824273000Z,1141.742701520474,3562181.713757038,2025-02-01
eth,2025-02-02T00:00:00.000000000Z,457524.9306472741,flash,2025-02-03T03:33:38.681296000Z,1301319624.597504,flash,2025-02-03T04:14:33.743085000Z,342681.69098210486,flash,2025-02-03T03:33:54.370159000Z,974675650.6457218,flash,2025-02-03T04:18:06.247185000Z,114843.23966516921,326643973.9517821,2025-02-02
eth,2025-02-03T00:00:00.000000000Z,1415545.8761906524,flash,2025-02-04T03:02:14.597735000Z,4073346339.0128465,flash,2025-02-04T03:43:34.705781000Z,1418927.1070477664,flash,2025-02-04T03:02:33.141226000Z,4083076100.9123654,flash,2025-02-04T03:45:04.409437000Z,-3381.2308571140748,-9729761.899518967,2025-02-03
eth,2025-02-04T00:00:00.000000000Z,854932.9179069836,flash,2025-02-05T02:43:52.966632000Z,2328506364.8688955,flash,2025-02-05T03:25:26.798316000Z,1002247.8083631088,flash,2025-02-05T02:44:13.919753000Z,2729735107.9459887,flash,2025-02-05T03:29:01.212269000Z,-147314.89045612514,-401228743.0770931,2025-02-04
eth,2025-02-05T00:00:00.000000000Z,757878.3415332016,flash,2025-02-06T14:05:51.573424000Z,2107553097.7508605,flash,2025-02-06T17:53:06.873985000Z,1113848.4279316168,flash,2025-02-06T14:21:30.798268000Z,3097455852.826168,flash,2025-02-06T17:53:06.974954000Z,-355970.08639841515,-989902755.0753076,2025-02-05
eth,2025-02-06T00:00:00.000000000Z,537435.2103979472,flash,2025-02-07T01:36:53.167363000Z,1443084415.089912,flash,2025-02-07T02:18:01.308827000Z,518586.4690858355,flash,2025-02-07T01:37:11.214856000Z,1392473058.9574597,flash,2025-02-07T02:20:25.010064000Z,18848.741312111728,50611356.13245225,2025-02-06
eth,2025-02-07T00:00:00.000000000Z,418031.07657570107,flash,2025-02-08T02:36:47.468093000Z,1092295524.7252617,flash,2025-02-08T03:17:54.910355000Z,616190.5782840136,flash,2025-02-08T02:37:07.062583000Z,1610076974.541902,flash,2025-02-08T03:22:02.964741000Z,-198159.50170831248,-517781449.8166404,2025-02-07
eth,2025-02-08T00:00:00.000000000Z,647831.4380746407,flash,2025-02-09T03:40:02.942635000Z,1708434806.3277957,flash,2025-02-09T04:20:37.377624000Z,621436.0546703151,flash,2025-02-09T03:40:21.038420000Z,1638825971.24511,flash,2025-02-09T04:23:49.802654000Z,26395.383404325577,69608835.08268571,2025-02-08
eth,2025-02-09T00:00:00.000000000Z,526647.9772052983,flash,2025-02-10T03:04:47.643675000Z,1381631393.7284389,flash,2025-02-10T03:46:27.448769000Z,479297.54398456967,flash,2025-02-10T03:05:05.363817000Z,1257410191.18711,flash,2025-02-10T03:50:32.891149000Z,47350.43322072859,124221202.5413289,2025-02-09
eth,2025-02-10T00:00:00.000000000Z,318977.1889267,flash,2025-02-11T03:31:27.117383000Z,848133643.3673352,flash,2025-02-11T04:11:39.975141000Z,422823.035799624,flash,2025-02-11T03:31:49.116816000Z,1124251057.133681,flash,2025-02-11T04:15:45.447408000Z,-103845.84687292401,-276117413.76634586,2025-02-10
eth,2025-02-11T00:00:00.000000000Z,329766.77466516866,flash,2025-02-12T03:20:24.592748000Z,858701632.7883805,flash,2025-02-12T03:56:58.435961000Z,444565.42072003504,flash,2025-02-12T03:20:40.650598000Z,1157633460.9244952,flash,2025-02-12T03:59:21.392698000Z,-114798.64605486637,-298931828.1361147,2025-02-11
eth,2025-02-12T00:00:00.000000000Z,512011.2646468144,flash,2025-02-13T02:36:05.995502000Z,1402217294.852728,flash,2025-02-13T03:20:41.105731000Z,425449.8267619336,flash,2025-02-13T02:36:27.767424000Z,1165156211.141559,flash,2025-02-13T03:24:42.642156000Z,86561.43788488075,237061083.711169,2025-02-12
eth,2025-02-13T00:00:00.000000000Z,407672.57628061326,flash,2025-02-14T03:51:15.965032000Z,1090488102.437142,flash,2025-02-14T04:36:38.326479000Z,394670.7564658126,flash,2025-02-14T03:51:40.035011000Z,1055709383.820778,flash,2025-02-14T04:38:40.369763000Z,13001.819814800634,34778718.61636388,2025-02-13
eth,2025-02-14T00:00:00.000000000Z,462491.8224003343,flash,2025-02-15T04:10:15.670687000Z,1260328500.011125,flash,2025-02-15T04:54:16.286683000Z,450828.6018821213,flash,2025-02-15T04:10:39.741669000Z,1228545258.6454117,flash,2025-02-15T04:55:58.013636000Z,11663.220518212998,31783241.365713358,2025-02-14
eth,2025-02-15T00:00:00.000000000Z,153030.8008980165,flash,2025-02-16T01:44:34.286761000Z,412299405.2563676,flash,2025-02-16T02:29:39.125443000Z,144913.0683575934,flash,2025-02-16T01:44:55.601170000Z,390428407.5303792,flash,2025-02-16T02:31:06.522019000Z,8117.73254042308,21870997.725988448,2025-02-15
eth,2025-02-16T00:00:00.000000000Z,174559.20681751292,flash,2025-02-17T02:53:00.548691000Z,464688534.074112,flash,2025-02-17T03:37:18.511177000Z,152944.77961816711,flash,2025-02-17T02:53:17.860557000Z,407149452.2162542,flash,2025-02-17T03:38:41.761352000Z,21614.42719934581,57539081.85785782,2025-02-16
eth,2025-02-17T00:00:00.000000000Z,211504.92221549983,flash,2025-02-18T04:36:27.650566000Z,580239032.559863,flash,2025-02-18T05:02:49.010141000Z,302329.0704372153,flash,2025-02-18T04:36:27.635723000Z,829404467.317673,flash,2025-02-18T05:02:48.977332000Z,-90824.1482217155,-249165434.75781,2025-02-17
eth,2025-02-18T00:00:00.000000000Z,349667.639029471,flash,2025-02-19T03:04:48.497986000Z,932607057.3265501,flash,2025-02-19T03:29:04.665986000Z,382019.85412255034,flash,2025-02-19T03:04:48.472053000Z,1018894436.3922724,flash,2025-02-19T03:29:04.631277000Z,-32352.215093079314,-86287379.06572223,2025-02-18
eth,2025-02-19T00:00:00.000000000Z,309950.99538364797,flash,2025-02-20T02:21:52.492460000Z,842503685.9892074,flash,2025-02-20T03:16:07.723341000Z,298616.04928144097,flash,2025-02-20T02:56:51.932756000Z,811693222.3551803,flash,2025-02-20T03:19:01.907281000Z,11334.946102207003,30810463.634027123,2025-02-19
eth,2025-02-20T00:00:00.000000000Z,295833.68394945073,flash,2025-02-21T02:57:41.595189000Z,810796369.4262626,flash,2025-02-21T03:54:36.558081000Z,318625.4566304812,flash,2025-02-21T03:34:31.624514000Z,873262165.3960202,flash,2025-02-21T03:57:39.920820000Z,-22791.772681030445,-62465795.96975756,2025-02-20
eth,2025-02-21T00:00:00.000000000Z,618582.5189274928,flash,2025-02-22T03:21:52.277740000Z,1642794100.204893,flash,2025-02-22T04:16:33.698397000Z,1012384.0478825012,flash,2025-02-22T03:58:29.735260000Z,2688628420.8071294,flash,2025-02-22T04:19:46.695310000Z,-393801.52895500837,-1045834320.6022363,2025-02-21
eth,2025-02-22T00:00:00.000000000Z,511670.373723122,flash,2025-02-23T02:19:09.514379000Z,1415463513.0528836,flash,2025-02-23T03:13:15.777963000Z,469429.09519625927,flash,2025-02-23T02:54:46.125023000Z,1298609007.5547152,flash,2025-02-23T03:16:19.510748000Z,42241.278526862734,116854505.49816847,2025-02-22
eth,2025-02-23T00:00:00.000000000Z,440790.0858782353,flash,2025-02-24T03:14:34.816785000Z,1243847868.971216,flash,2025-02-24T04:09:51.196985000Z,279388.7053683156,flash,2025-02-24T03:50:44.979644000Z,788395785.0245411,flash,2025-02-24T04:12:55.744877000Z,161401.38050991966,455452083.9466748,2025-02-23
eth,2025-02-24T00:00:00.000000000Z,549813.2471340396,flash,2025-02-25T02:32:46.419625000Z,1385252114.945716,flash,2025-02-25T03:28:57.443280000Z,537553.4473451717,flash,2025-02-25T03:10:36.926651000Z,1354363602.028165,flash,2025-02-25T03:32:13.252788000Z,12259.799788867938,30888512.917550802,2025-02-24
eth,2025-02-25T00:00:00.000000000Z,1019235.963545414,flash,2025-02-26T03:05:41.671152000Z,2547451067.130542,flash,2025-02-26T03:59:41.776661000Z,999241.108519035,flash,2025-02-26T03:42:03.567527000Z,2497476462.0382247,flash,2025-02-26T04:03:01.298039000Z,19994.855026378995,49974605.092317104,2025-02-25
eth,2025-02-26T00:00:00.000000000Z,545260.3211337137,flash,2025-02-27T02:25:45.191324000Z,1270689992.1585443,flash,2025-02-27T03:23:50.814981000Z,531285.6049189016,flash,2025-02-27T03:04:31.000187000Z,1238122920.3413696,flash,2025-02-27T03:27:02.912029000Z,13974.716214812128,32567071.817174673,2025-02-26
eth,2025-02-27T00:00:00.000000000Z,673338.6104917217,flash,2025-02-28T03:31:34.215379000Z,1547666444.842808,flash,2025-02-28T04:29:12.704506000Z,616521.7036287881,flash,2025-02-28T04:09:48.174813000Z,1417072982.8292367,flash,2025-02-28T04:32:26.481675000Z,56816.90686293354,130593462.01357126,2025-02-27
eth,2025-02-28T00:00:00.000000000Z,875139.5147354925,flash,2025-03-01T03:14:35.280138000Z,1951498819.7929957,flash,2025-03-01T04:10:08.337018000Z,822841.1636793616,flash,2025-03-01T03:51:20.013634000Z,1834877219.8712888,flash,2025-03-01T04:13:26.445566000Z,52298.35105613095,116621599.92170691,2025-02-28
eth,2025-03-01T00:00:00.000000000Z,318782.63909404824,flash,2025-03-02T02:39:11.931057000Z,704176063.8150762,flash,2025-03-02T03:32:58.039667000Z,287179.1987109593,flash,2025-03-02T03:13:51.351857000Z,634365529.8561913,flash,2025-03-02T03:36:05.832165000Z,31603.44038308895,69810533.95888495,2025-03-01
eth,2025-03-02T00:00:00.000000000Z,483397.5782215674,flash,2025-03-03T01:28:36.899859000Z,1217847648.291654,flash,2025-03-03T02:21:22.188279000Z,415813.07071871654,flash,2025-03-03T02:03:17.437775000Z,1047578624.9628478,flash,2025-03-03T02:24:45.377806000Z,67584.50750285084,170269023.32880628,2025-03-02
eth,2025-03-03T00:00:00.000000000Z,664407.6800671075,flash,2025-03-04T03:34:06.623926000Z,1430868231.8443468,flash,2025-03-04T03:57:38.414244000Z,620933.8921377567,flash,2025-03-04T03:49:23.150132000Z,1337243091.8403008,flash,2025-03-04T03:58:03.737144000Z,43473.78792935086,93625140.00404596,2025-03-03
eth,2025-03-04T00:00:00.000000000Z,770413.6531330525,flash,2025-03-05T02:16:51.077384000Z,1671847096.0952144,flash,2025-03-05T02:22:37.529860000Z,721520.09830476,flash,2025-03-05T02:16:51.096263000Z,1565744942.6286583,flash,2025-03-05T02:22:37.568033000Z,48893.554828292574,106102153.46655607,2025-03-04
eth,2025-03-05T00:00:00.000000000Z,395721.1222829984,flash,2025-03-06T04:10:24.012756000Z,886838318.0532607,flash,2025-03-06T04:15:59.328551000Z,441954.6284717528,flash,2025-03-06T04:10:24.030531000Z,990450792.9941808,flash,2025-03-06T04:15:59.364788000Z,-46233.5061887544,-103612474.94092011,2025-03-05
eth,2025-03-06T00:00:00.000000000Z,453525.1624970443,flash,2025-03-07T04:23:00.397917000Z,1000628681.2691668,flash,2025-03-07T04:29:00.669742000Z,446913.76395808253,flash,2025-03-07T04:23:00.418938000Z,986041717.7477561,flash,2025-03-07T04:29:00.708485000Z,6611.398538961774,14586963.521410704,2025-03-06
eth,2025-03-07T00:00:00.000000000Z,551672.7435665975,flash,2025-03-08T05:21:05.756000000Z,1177677192.4414234,flash,2025-03-08T05:26:54.761220000Z,968822.2013163728,flash,2025-03-08T05:21:05.777406000Z,2068182311.5726392,flash,2025-03-08T05:26:54.798829000Z,-417149.4577497754,-890505119.1312158,2025-03-07
eth,2025-03-08T00:00:00.000000000Z,177987.7505398807,flash,2025-03-09T03:56:45.208516000Z,391528047.645576,flash,2025-03-09T04:02:46.387683000Z,207985.73787940264,flash,2025-03-09T03:56:45.228705000Z,457516034.9127563,flash,2025-03-09T04:02:46.433062000Z,-29997.987339521933,-65987987.26718032,2025-03-08
eth,2025-03-09T00:00:00.000000000Z,270213.46918474714,flash,2025-03-10T03:51:17.225139000Z,544667182.4549052,flash,2025-03-10T03:57:04.162039000Z,237099.06670794947,flash,2025-03-10T03:51:17.242760000Z,477918739.6399264,flash,2025-03-10T03:57:04.199709000Z,33114.402476797666,66748442.81497878,2025-03-09
eth,2025-03-10T00:00:00.000000000Z,811859.2580070964,flash,2025-03-11T03:52:33.467743000Z,1526046272.683013,flash,2025-03-11T03:58:22.018163000Z,738874.4796875223,flash,2025-03-11T03:52:33.490623000Z,1388857286.0222137,flash,2025-03-11T03:58:22.060471000Z,72984.77831957408,137188986.66079926,2025-03-10
eth,2025-03-11T00:00:00.000000000Z,659985.6585872457,flash,2025-03-12T05:32:53.118026000Z,1269160668.583892,flash,2025-03-12T05:38:36.210599000Z,634935.8300458523,flash,2025-03-12T05:32:53.138750000Z,1220989535.2784193,flash,2025-03-12T05:38:36.243453000Z,25049.82854139339,48171133.30547285,2025-03-11
eth,2025-03-12T00:00:00.000000000Z,519069.95874264016,flash,2025-03-13T04:15:18.942392000Z,989616494.4573783,flash,2025-03-13T04:21:07.280814000Z,494833.5238419436,flash,2025-03-13T04:15:18.963764000Z,943409282.2298183,flash,2025-03-13T04:21:07.322214000Z,24236.434900696564,46207212.227559924,2025-03-12
eth,2025-03-13T00:00:00.000000000Z,407249.8504353796,flash,2025-03-14T03:52:48.606375000Z,758920809.9802326,flash,2025-03-14T03:58:29.144764000Z,391325.99393077864,flash,2025-03-14T03:52:48.626468000Z,729246284.468287,flash,2025-03-14T03:58:29.181211000Z,15923.85650460096,29674525.511945605,2025-03-13
eth,2025-03-14T00:00:00.000000000Z,363987.6971998901,flash,2025-03-15T02:45:28.916052000Z,696928536.7188848,flash,2025-03-15T02:51:13.767668000Z,377423.71456319373,flash,2025-03-15T02:45:28.935373000Z,722654526.889356,flash,2025-03-15T02:51:13.805745000Z,-13436.017363303632,-25725990.17047119,2025-03-14
eth,2025-03-15T00:00:00.000000000Z,130688.559445461,flash,2025-03-16T02:50:13.866601000Z,253489115.59513485,flash,2025-03-16T02:55:43.961379000Z,163432.6599650325,flash,2025-03-16T02:50:13.886576000Z,317000972.4622101,flash,2025-03-16T02:55:43.999567000Z,-32744.10051957151,-63511856.867075264,2025-03-15
eth,2025-03-16T00:00:00.000000000Z,129483.96345503128,flash,2025-03-17T03:04:57.477050000Z,244038208.57831937,flash,2025-03-17T03:10:34.313658000Z,117348.75338340511,flash,2025-03-17T03:04:57.496282000Z,221166998.52588913,flash,2025-03-17T03:10:34.347714000Z,12135.210071626163,22871210.052430242,2025-03-16
eth,2025-03-17T00:00:00.000000000Z,406092.44570085086,flash,2025-03-18T04:27:33.034526000Z,782895273.201397,flash,2025-03-18T04:33:20.209349000Z,385928.4655367612,flash,2025-03-18T04:27:33.054621000Z,744021649.9008011,flash,2025-03-18T04:33:20.246516000Z,20163.980164089648,38873623.30059588,2025-03-17
eth,2025-03-18T00:00:00.000000000Z,395751.7943041959,flash,2025-03-19T04:01:33.648431000Z,764002510.1902556,flash,2025-03-19T04:07:06.238468000Z,352302.0981487117,flash,2025-03-19T04:01:33.666269000Z,680122468.6906136,flash,2025-03-19T04:07:06.273505000Z,43449.696155484184,83880041.49964201,2025-03-18
eth,2025-03-19T00:00:00.000000000Z,481490.473203939,flash,2025-03-20T03:18:20.890135000Z,990409506.5333936,flash,2025-03-20T03:24:10.960322000Z,602054.8917721584,flash,2025-03-20T03:18:20.909812000Z,1238406409.7848098,flash,2025-03-20T03:24:10.998758000Z,-120564.41856821947,-247996903.2514162,2025-03-19
eth,2025-03-20T00:00:00.000000000Z,500739.1516090626,flash,2025-03-21T03:44:40.859200000Z,990564466.0129421,flash,2025-03-21T03:50:53.310875000Z,614919.1017833373,flash,2025-03-21T03:44:40.880346000Z,1216435762.4959984,flash,2025-03-21T03:50:53.348217000Z,-114179.95017427468,-225871296.4830563,2025-03-20
eth,2025-03-21T00:00:00.000000000Z,280536.8780358136,flash,2025-03-22T03:13:08.982121000Z,551564978.5118357,flash,2025-03-22T03:19:10.355604000Z,540221.6516713855,flash,2025-03-22T03:13:09.001620000Z,1062132528.821103,flash,2025-03-22T03:19:10.393445000Z,-259684.77363557188,-510567550.3092673,2025-03-21
eth,2025-03-22T00:00:00.000000000Z,163006.53139784365,flash,2025-03-23T03:31:35.485733000Z,322546309.2422907,flash,2025-03-23T03:37:20.028487000Z,137821.9625560288,flash,2025-03-23T03:31:35.507369000Z,272712786.2532037,flash,2025-03-23T03:37:20.075219000Z,25184.56884181485,49833522.989086986,2025-03-22
eth,2025-03-23T00:00:00.000000000Z,151838.04185972604,flash,2025-03-24T02:29:48.395662000Z,303354832.8482842,flash,2025-03-24T02:35:46.278573000Z,149590.79463942812,flash,2025-03-24T02:29:48.413506000Z,298865093.01409924,flash,2025-03-24T02:35:46.316402000Z,2247.247220297926,4489739.834184945,2025-03-23
eth,2025-03-24T00:00:00.000000000Z,425845.3664625381,flash,2025-03-25T03:21:54.448465000Z,883165269.2200187,flash,2025-03-25T03:27:45.950729000Z,438748.7946301041,flash,2025-03-25T03:21:54.468648000Z,909925827.1806092,flash,2025-03-25T03:27:45.994038000Z,-12903.428167566017,-26760557.96059048,2025-03-24
eth,2025-03-25T00:00:00.000000000Z,257315.29907833604,flash,2025-03-26T05:11:23.839305000Z,531383753.31466526,flash,2025-03-26T05:17:35.260258000Z,262413.6894469225,flash,2025-03-26T05:11:23.864308000Z,541912477.4893519,flash,2025-03-26T05:17:35.299515000Z,-5098.390368586464,-10528724.17468661,2025-03-25
eth,2025-03-26T00:00:00.000000000Z,306625.2252490317,flash,2025-03-27T02:18:11.114142000Z,614916080.5667298,flash,2025-03-27T02:24:17.888864000Z,330563.1773962295,flash,2025-03-27T02:18:11.142417000Z,662922019.0839992,flash,2025-03-27T02:24:17.929200000Z,-23937.95214719785,-48005938.51726937,2025-03-26
eth,2025-03-27T00:00:00.000000000Z,295077.1136097568,flash,2025-03-28T04:15:40.336787000Z,591148714.440178,flash,2025-03-28T04:21:51.952657000Z,367976.01628083695,flash,2025-03-28T04:15:40.358371000Z,737192208.1931405,flash,2025-03-28T04:21:51.989704000Z,-72898.90267108014,-146043493.75296247,2025-03-27
eth,2025-03-28T00:00:00.000000000Z,527455.9947346774,flash,2025-03-29T01:50:39.168169000Z,1000070733.651432,flash,2025-03-29T02:31:33.427411000Z,561034.5264679802,flash,2025-03-29T02:28:32.282144000Z,1063736531.747734,flash,2025-03-29T02:55:03.906851000Z,-33578.531733302865,-63665798.09630191,2025-03-28
eth,2025-03-29T00:00:00.000000000Z,176511.8274331876,flash,2025-03-30T03:26:19.676301000Z,321886760.8401187,flash,2025-03-30T04:04:37.858859000Z,168974.13741811825,flash,2025-03-30T04:03:42.309251000Z,308141038.196768,flash,2025-03-30T04:26:43.734985000Z,7537.690015069355,13745722.64335072,2025-03-29
eth,2025-03-30T00:00:00.000000000Z,138511.31430570316,flash,2025-03-31T02:18:36.993936000Z,249708223.69970852,flash,2025-03-31T02:57:42.743595000Z,123597.97216406734,flash,2025-03-31T02:55:55.073873000Z,222822447.65837505,flash,2025-03-31T03:20:37.601982000Z,14913.342141635818,26885776.041333467,2025-03-30
eth,2025-03-31T00:00:00.000000000Z,452318.08851591113,flash,2025-04-01T02:13:18.517187000Z,824776471.9599702,flash,2025-04-01T02:52:35.825244000Z,433775.28551109944,flash,2025-04-01T02:50:53.915322000Z,790964718.6145824,flash,2025-04-01T03:12:57.869373000Z,18542.803004811693,33811753.34538782,2025-03-31
eth,2025-04-01T00:00:00.000000000Z,357290.0613068261,flash,2025-04-02T03:20:32.846007000Z,681811271.7407575,flash,2025-04-02T03:59:29.829644000Z,312024.2122237045,flash,2025-04-02T03:58:26.941182000Z,595431130.0236762,flash,2025-04-02T04:21:14.714192000Z,45265.849083121575,86380141.71708131,2025-04-01
eth,2025-04-02T00:00:00.000000000Z,346484.65331720276,flash,2025-04-03T03:28:14.695008000Z,622109510.5687201,flash,2025-04-03T03:52:14.787692000Z,399635.2808007893,flash,2025-04-03T03:13:04.853896000Z,717540897.0202388,flash,2025-04-03T03:38:44.466828000Z,-53150.62748358655,-95431386.45151865,2025-04-02
eth,2025-04-03T00:00:00.000000000Z,376488.64301613334,flash,2025-04-04T05:22:30.272003000Z,682778431.3574959,flash,2025-04-04T05:45:20.464675000Z,413324.96211090765,flash,2025-04-04T05:07:13.749243000Z,749582688.6307663,flash,2025-04-04T05:32:07.072544000Z,-36836.31909477431,-66804257.27327037,2025-04-03
eth,2025-04-04T00:00:00.000000000Z,294701.61263960786,flash,2025-04-05T02:54:16.689059000Z,534293290.14800614,flash,2025-04-05T03:15:27.148815000Z,346586.9110253185,flash,2025-04-05T02:39:06.029332000Z,628361206.9690577,flash,2025-04-05T03:01:22.220036000Z,-51885.29838571063,-94067916.82105154,2025-04-04
eth,2025-04-05T00:00:00.000000000Z,163205.8566719328,flash,2025-04-06T02:51:43.929202000Z,294256105.66429365,flash,2025-04-06T03:17:45.200572000Z,132716.990944255,flash,2025-04-06T02:35:31.083670000Z,239285438.07861933,flash,2025-04-06T03:03:10.374795000Z,30488.865727677796,54970667.585674316,2025-04-05
eth,2025-04-06T00:00:00.000000000Z,430825.2102685508,flash,2025-04-07T03:15:15.099404000Z,676007926.5686328,flash,2025-04-07T03:39:01.128104000Z,396915.7575334369,flash,2025-04-07T02:58:57.274689000Z,622800597.2662166,flash,2025-04-07T03:24:39.009765000Z,33909.45273511391,53207329.302416205,2025-04-06
eth,2025-04-07T00:00:00.000000000Z,846389.9932277491,flash,2025-04-08T03:57:38.564390000Z,1320570052.1156936,flash,2025-04-08T04:55:13.310905000Z,871227.463040592,flash,2025-04-08T03:56:35.113918000Z,1359322422.8521254,flash,2025-04-08T04:54:58.633223000Z,-24837.4698128429,-38752370.73643184,2025-04-07
eth,2025-04-08T00:00:00.000000000Z,476690.18014604365,flash,2025-04-09T03:47:38.457703000Z,701254519.9917911,flash,2025-04-09T04:44:29.056852000Z,476135.8051473124,flash,2025-04-09T03:46:30.697758000Z,700438984.052889,flash,2025-04-09T04:44:13.574653000Z,554.3749987312476,815535.9389021397,2025-04-08
eth,2025-04-09T00:00:00.000000000Z,583145.7280236946,flash,2025-04-10T02:57:35.285740000Z,969718306.537472,flash,2025-04-10T03:55:35.885970000Z,574183.8339510793,flash,2025-04-10T02:56:29.299872000Z,954815491.8106672,flash,2025-04-10T03:55:21.289233000Z,8961.894072615309,14902814.726804852,2025-04-09
eth,2025-04-10T00:00:00.000000000Z,583144.8944347132,flash,2025-04-11T03:18:56.910066000Z,887703189.2798856,flash,2025-04-11T03:57:35.787641000Z,603402.2372364146,flash,2025-04-11T03:33:38.678218000Z,918540307.0923258,flash,2025-04-11T03:57:48.646980000Z,-20257.342801701394,-30837117.812440157,2025-04-10
eth,2025-04-11T00:00:00.000000000Z,339133.1196622292,flash,2025-04-12T02:24:01.852260000Z,530936882.83681774,flash,2025-04-12T03:01:42.237587000Z,322409.3669559862,flash,2025-04-12T02:38:53.761783000Z,504754665.2461854,flash,2025-04-12T03:01:55.839716000Z,16723.752706243016,26182217.59063232,2025-04-11
eth,2025-04-12T00:00:00.000000000Z,151546.365002371,flash,2025-04-13T02:12:51.514378000Z,249513574.39270383,flash,2025-04-13T02:52:13.964943000Z,152174.38803712904,flash,2025-04-13T02:27:52.536817000Z,250547583.17411524,flash,2025-04-13T02:52:27.919818000Z,-628.0230347580509,-1034008.7814114094,2025-04-12
eth,2025-04-13T00:00:00.000000000Z,260362.89367219215,flash,2025-04-14T02:03:25.489043000Z,414839210.8454983,flash,2025-04-14T02:42:17.278527000Z,231269.1393141609,flash,2025-04-14T02:18:04.836301000Z,368483795.41670007,flash,2025-04-14T02:42:30.395404000Z,29093.754358031263,46355415.42879826,2025-04-13
eth,2025-04-14T00:00:00.000000000Z,480771.06262746017,flash,2025-04-15T03:49:07.665500000Z,780509405.0327264,flash,2025-04-15T05:43:14.010641000Z,456323.7275843097,flash,2025-04-15T04:03:42.784459000Z,740820296.406089,flash,2025-04-15T05:44:07.776404000Z,24447.335043150466,39689108.62663746,2025-04-14
eth,2025-04-15T00:00:00.000000000Z,352542.4956546527,flash,2025-04-16T03:24:09.133201000Z,560825934.4755268,flash,2025-04-16T10:16:32.087008000Z,369497.9717908012,flash,2025-04-16T03:38:44.080698000Z,587798769.993909,flash,2025-04-16T10:16:32.021978000Z,-16955.4761361485,-26972835.51838219,2025-04-15
eth,2025-04-16T00:00:00.000000000Z,416228.1161491852,flash,2025-04-17T03:30:08.120608000Z,656708964.5919408,flash,2025-04-17T05:31:26.520239000Z,395272.6192443724,flash,2025-04-17T03:44:39.672994000Z,623646174.8837684,flash,2025-04-17T05:32:20.391852000Z,20955.49690481281,33062789.70817232,2025-04-16
eth,2025-04-17T00:00:00.000000000Z,391693.44045840454,flash,2025-04-18T04:41:45.657661000Z,620665641.4094261,flash,2025-04-18T06:47:56.773036000Z,411434.61132854805,flash,2025-04-18T04:56:06.903666000Z,651946906.8448422,flash,2025-04-18T06:48:51.939079000Z,-19741.170870143513,-31281265.435416102,2025-04-17
eth,2025-04-18T00:00:00.000000000Z,171343.7424017073,flash,2025-04-19T03:29:33.308336000Z,272295239.2486863,flash,2025-04-19T05:36:40.646810000Z,199415.0741305312,flash,2025-04-19T03:44:20.884054000Z,316905505.6172652,flash,2025-04-19T05:37:32.589548000Z,-28071.33172882389,-44610266.36857891,2025-04-18
eth,2025-04-19T00:00:00.000000000Z,263312.1499231899,flash,2025-04-20T02:20:57.591472000Z,425186527.7802,flash,2025-04-20T04:34:39.720675000Z,267496.97001340333,flash,2025-04-20T02:35:31.723478000Z,431944017.4139359,flash,2025-04-20T04:35:31.248684000Z,-4184.820090213441,-6757489.633735895,2025-04-19
eth,2025-04-20T00:00:00.000000000Z,304532.35992017767,flash,2025-04-21T02:53:28.022619000Z,482770040.58765936,flash,2025-04-21T05:11:57.984163000Z,308357.9352616401,flash,2025-04-21T03:08:18.732985000Z,488834660.9890943,flash,2025-04-21T05:12:49.366416000Z,-3825.5753414624487,-6064620.401434958,2025-04-20
eth,2025-04-21T00:00:00.000000000Z,462774.573508774,flash,2025-04-22T02:20:59.054614000Z,729782380.2893748,flash,2025-04-22T04:49:03.961728000Z,405988.2389414841,flash,2025-04-22T02:35:19.865963000Z,640231940.8730228,flash,2025-04-22T04:49:58.092061000Z,56786.334567289916,89550439.41635203,2025-04-21
eth,2025-04-22T00:00:00.000000000Z,768465.5089259605,flash,2025-04-23T03:47:10.375712000Z,1350966031.633184,flash,2025-04-23T05:57:07.200440000Z,747066.5338295746,flash,2025-04-23T03:47:10.537360000Z,1313346531.302731,flash,2025-04-23T05:57:07.516578000Z,21398.975096385926,37619500.33045292,2025-04-22
eth,2025-04-23T00:00:00.000000000Z,725893.5638126825,flash,2025-04-24T04:01:01.026626000Z,1305029515.32958,flash,2025-04-24T06:16:28.007901000Z,693199.1109036789,flash,2025-04-24T04:01:01.190515000Z,1246250614.1781528,flash,2025-04-24T06:16:28.379485000Z,32694.452909003594,58778901.15142727,2025-04-23
eth,2025-04-24T00:00:00.000000000Z,597143.510696836,flash,2025-04-25T03:28:10.326413000Z,1056631951.3066432,flash,2025-04-25T05:42:17.628293000Z,515676.9717012949,flash,2025-04-25T03:28:10.489252000Z,912478751.0740792,flash,2025-04-25T05:42:17.969209000Z,81466.53899554117,144153200.2325641,2025-04-24
eth,2025-04-25T00:00:00.000000000Z,520793.33937956527,flash,2025-04-26T02:54:44.045459000Z,931994357.711828,flash,2025-04-26T05:04:23.304589000Z,557539.8856603244,flash,2025-04-26T02:54:44.217739000Z,997754749.0406882,flash,2025-04-26T05:04:23.713519000Z,-36746.546280759096,-65760391.32886016,2025-04-25
eth,2025-04-26T00:00:00.000000000Z,189621.7870399996,flash,2025-04-27T02:17:00.772173000Z,345121257.7925277,flash,2025-04-27T04:22:36.445138000Z,241233.3023390406,flash,2025-04-27T02:17:00.923812000Z,439056830.0420705,flash,2025-04-27T04:22:36.770138000Z,-51611.515299041,-93935572.24954283,2025-04-26
eth,2025-04-27T00:00:00.000000000Z,156760.54440525125,flash,2025-04-28T02:15:25.382967000Z,281134404.08457106,flash,2025-04-28T04:19:50.214683000Z,156507.02871515788,flash,2025-04-28T02:15:25.537756000Z,280679748.9752073,flash,2025-04-28T04:19:50.518135000Z,253.51569009336527,454655.1093637347,2025-04-27
eth,2025-04-28T00:00:00.000000000Z,596998.4986634555,flash,2025-04-29T04:32:15.967686000Z,1074533063.5564573,flash,2025-04-29T06:31:44.838368000Z,629092.6844344969,flash,2025-04-29T04:32:16.158972000Z,1132299144.7712579,flash,2025-04-29T06:31:45.189460000Z,-32094.185771041433,-57766081.214800596,2025-04-28
eth,2025-04-29T00:00:00.000000000Z,481958.166298908,flash,2025-04-30T04:03:10.492834000Z,864125259.5232414,flash,2025-04-30T06:00:08.941441000Z,511777.544810059,flash,2025-04-30T04:03:10.643163000Z,917589813.0811726,flash,2025-04-30T06:00:09.284189000Z,-29819.378511151008,-53464553.557931185,2025-04-29
eth,2025-04-30T00:00:00.000000000Z,369050.75096413377,flash,2025-05-01T02:27:20.432693000Z,662550469.35076,flash,2025-05-01T04:21:22.124643000Z,371379.60690838704,flash,2025-05-01T02:27:20.589600000Z,666731424.3952472,flash,2025-05-01T04:21:22.448656000Z,-2328.8559442532714,-4180955.044487238,2025-04-30
eth,2025-05-01T00:00:00.000000000Z,328020.23643763375,flash,2025-05-02T05:23:31.800558000Z,602968728.494416,flash,2025-05-02T05:26:41.924375000Z,388547.8595883615,flash,2025-05-02T05:23:32.239437000Z,714230961.4783938,flash,2025-05-02T05:48:45.771991000Z,-60527.62315072777,-111262232.9839778,2025-05-01
eth,2025-05-02T00:00:00.000000000Z,335375.797169956,flash,2025-05-03T03:35:20.321560000Z,617531471.3121023,flash,2025-05-03T03:39:32.508798000Z,317645.66716097144,flash,2025-05-03T03:35:20.647769000Z,584884770.615765,flash,2025-05-03T04:02:42.401356000Z,17730.13000898453,32646700.696337342,2025-05-02
eth,2025-05-03T00:00:00.000000000Z,97070.47507673025,flash,2025-05-04T02:15:07.772544000Z,178166905.86270475,flash,2025-05-04T02:18:12.063234000Z,110755.9341199725,flash,2025-05-04T02:15:08.138610000Z,203285726.9163554,flash,2025-05-04T02:44:03.696103000Z,-13685.459043242256,-25118821.053650647,2025-05-03
eth,2025-05-04T00:00:00.000000000Z,209512.5249544673,flash,2025-05-05T02:48:05.347339000Z,379064487.61356574,flash,2025-05-05T02:52:51.717145000Z,153279.408803096,flash,2025-05-05T02:48:05.704868000Z,277323661.543782,flash,2025-05-05T03:14:59.677719000Z,56233.1161513713,101740826.06978375,2025-05-04
eth,2025-05-05T00:00:00.000000000Z,356906.9004140987,flash,2025-05-06T02:53:21.517631000Z,650437239.8892648,flash,2025-05-06T05:01:14.887080000Z,383859.3036939261,flash,2025-05-06T02:53:21.471455000Z,699556062.6897577,flash,2025-05-06T05:01:14.795189000Z,-26952.403279827384,-49118822.80049288,2025-05-05
eth,2025-05-06T00:00:00.000000000Z,318115.0755808877,flash,2025-05-07T03:42:01.734267000Z,577132901.1247994,flash,2025-05-07T05:42:31.055829000Z,310537.3493028628,flash,2025-05-07T03:42:01.691230000Z,563385186.8966063,flash,2025-05-07T05:42:30.953648000Z,7577.726278024842,13747714.228193045,2025-05-06
eth,2025-05-07T00:00:00.000000000Z,364014.3793731231,flash,2025-05-08T04:26:01.041659000Z,660522987.1440873,flash,2025-05-08T06:32:57.333770000Z,365004.75628840755,flash,2025-05-08T04:26:00.994754000Z,662320077.466752,flash,2025-05-08T06:32:57.231186000Z,-990.3769152844325,-1797090.3226647377,2025-05-07
eth,2025-05-08T00:00:00.000000000Z,669857.9717557542,flash,2025-05-09T04:56:25.319989000Z,1469046279.8967783,flash,2025-05-09T06:59:54.770837000Z,804080.4899497469,flash,2025-05-09T04:56:25.275578000Z,1763405829.7494729,flash,2025-05-09T06:59:54.659971000Z,-134222.51819399267,-294359549.8526945,2025-05-08
eth,2025-05-09T00:00:00.000000000Z,744829.0821605342,flash,2025-05-10T03:07:37.553268000Z,1744544632.692469,flash,2025-05-10T05:12:12.347649000Z,904089.0560019056,flash,2025-05-10T03:07:37.511287000Z,2117564617.0381188,flash,2025-05-10T05:12:12.243250000Z,-159259.97384137136,-373019984.34564996,2025-05-09
eth,2025-05-10T00:00:00.000000000Z,324323.3216994162,flash,2025-05-11T03:18:50.074722000Z,838250078.0394737,flash,2025-05-11T05:23:41.048667000Z,373128.1391272128,flash,2025-05-11T03:18:50.020854000Z,964391614.2175869,flash,2025-05-11T05:23:40.911929000Z,-48804.8174277966,-126141536.17811322,2025-05-10
eth,2025-05-11T00:00:00.000000000Z,300579.7153058517,flash,2025-05-12T03:47:54.124286000Z,753747026.9457773,flash,2025-05-12T05:53:08.318465000Z,334335.7641749136,flash,2025-05-12T03:47:54.074971000Z,838395192.4103096,flash,2025-05-12T05:53:08.106896000Z,-33756.048869061866,-84648165.46453226,2025-05-11
eth,2025-05-12T00:00:00.000000000Z,632368.7856259027,flash,2025-05-13T03:23:02.406827000Z,1576866175.3845773,flash,2025-05-13T05:23:09.183267000Z,682319.3038061896,flash,2025-05-13T03:23:02.360728000Z,1701422105.9614902,flash,2025-05-13T05:23:09.073445000Z,-49950.51818028686,-124555930.57691288,2025-05-12
eth,2025-05-13T00:00:00.000000000Z,621457.2108835961,flash,2025-05-14T02:44:56.932418000Z,1663331306.3962464,flash,2025-05-14T04:43:32.040698000Z,579459.345048541,flash,2025-05-14T02:44:56.889221000Z,1550923945.4035983,flash,2025-05-14T04:43:31.932244000Z,41997.86583505513,112407360.99264812,2025-05-13
eth,2025-05-14T00:00:00.000000000Z,560079.5976808916,flash,2025-05-15T03:45:18.971485000Z,1457920525.0282536,flash,2025-05-15T05:50:04.111056000Z,561256.0998755936,flash,2025-05-15T03:45:18.923596000Z,1460983030.2587585,flash,2025-05-15T05:50:03.980743000Z,-1176.5021947019268,-3062505.2305049896,2025-05-14
eth,2025-05-15T00:00:00.000000000Z,604168.0056535242,flash,2025-05-16T04:31:20.764359000Z,1535001274.473591,flash,2025-05-16T06:32:30.752334000Z,1020629.095080432,flash,2025-05-16T04:31:20.714918000Z,2593098189.6643777,flash,2025-05-16T06:32:30.639893000Z,-416461.0894269078,-1058096915.1907866,2025-05-15
eth,2025-05-16T00:00:00.000000000Z,431455.10256627126,flash,2025-05-17T03:31:07.398452000Z,1098788843.9078956,flash,2025-05-17T05:27:56.791045000Z,647539.4135233006,flash,2025-05-17T03:31:07.357685000Z,1649091827.488068,flash,2025-05-17T05:27:56.687775000Z,-216084.3109570293,-550302983.5801725,2025-05-16
eth,2025-05-17T00:00:00.000000000Z,285492.2010025388,flash,2025-05-18T02:36:40.126211000Z,706481935.1136472,flash,2025-05-18T04:31:04.909862000Z,370713.5014158821,flash,2025-05-18T02:36:40.085617000Z,917371441.0878748,flash,2025-05-18T04:31:04.810608000Z,-85221.3004133433,-210889505.97422755,2025-05-17
eth,2025-05-18T00:00:00.000000000Z,254925.78206136863,flash,2025-05-19T03:25:40.852113000Z,628630220.284754,flash,2025-05-19T05:16:12.058499000Z,231822.504815506,flash,2025-05-19T03:25:40.808701000Z,571659057.3567528,flash,2025-05-19T05:16:11.955888000Z,23103.277245862642,56971162.928001285,2025-05-18
eth,2025-05-19T00:00:00.000000000Z,533855.9252256217,flash,2025-05-20T01:59:41.863844000Z,1348764069.8551207,flash,2025-05-20T03:47:11.330266000Z,731270.2240791686,flash,2025-05-20T01:59:41.819656000Z,1847522818.4009469,flash,2025-05-20T03:47:11.225550000Z,-197414.29885354696,-498758748.5458262,2025-05-19
eth,2025-05-20T00:00:00.000000000Z,424674.2106668262,flash,2025-05-21T02:19:57.412345000Z,1072439512.6119132,flash,2025-05-21T04:03:18.125798000Z,427647.8500683316,flash,2025-05-21T02:19:57.374759000Z,1079948912.312513,flash,2025-05-21T04:03:18.020105000Z,-2973.639401505352,-7509399.700599909,2025-05-20
eth,2025-05-21T00:00:00.000000000Z,956055.0694250627,flash,2025-05-22T01:19:12.761723000Z,2445580995.082077,flash,2025-05-22T03:01:10.377766000Z,963101.794352844,flash,2025-05-22T01:19:12.714578000Z,2463606459.4220304,flash,2025-05-22T03:01:10.274099000Z,-7046.724927781266,-18025464.339953423,2025-05-21
eth,2025-05-22T00:00:00.000000000Z,553650.0899043281,flash,2025-05-23T03:18:17.451794000Z,1471282813.403613,flash,2025-05-23T04:39:54.020244000Z,598642.2696654177,flash,2025-05-23T02:38:25.545208000Z,1590846093.582066,flash,2025-05-23T04:37:34.004321000Z,-44992.17976108962,-119563280.17845297,2025-05-22
eth,2025-05-23T00:00:00.000000000Z,859861.5551574387,flash,2025-05-24T02:33:58.218594000Z,2168433628.8576264,flash,2025-05-24T03:57:37.618879000Z,730946.1131373235,flash,2025-05-24T01:52:32.235728000Z,1843329455.8907592,flash,2025-05-24T03:55:10.401513000Z,128915.44202011521,325104172.9668672,2025-05-23
eth,2025-05-24T00:00:00.000000000Z,136924.28187294176,flash,2025-05-25T03:26:33.236907000Z,346370352.6691222,flash,2025-05-25T04:50:55.381535000Z,135316.88306949133,flash,2025-05-25T02:45:11.629858000Z,342304198.12870485,flash,2025-05-25T04:47:58.916560000Z,1607.398803450429,4066154.540417373,2025-05-24
eth,2025-05-25T00:00:00.000000000Z,205975.90220531367,flash,2025-05-26T03:09:15.017432000Z,524619668.6983554,flash,2025-05-26T04:31:43.916428000Z,193369.76895050876,flash,2025-05-26T02:27:04.323345000Z,492511905.6984345,flash,2025-05-26T04:29:06.978364000Z,12606.13325480491,32107762.999920905,2025-05-25
eth,2025-05-26T00:00:00.000000000Z,206986.85207687825,flash,2025-05-27T02:25:44.948322000Z,530285421.34311306,flash,2025-05-27T03:49:15.225484000Z,313708.87520352716,flash,2025-05-27T01:45:04.999744000Z,803699565.4419123,flash,2025-05-27T03:46:30.436343000Z,-106722.02312664891,-273414144.0987992,2025-05-26
eth,2025-05-27T00:00:00.000000000Z,555578.5489558767,flash,2025-05-28T01:33:04.128458000Z,1478630287.9941292,flash,2025-05-28T02:55:03.129319000Z,551844.7863796987,flash,2025-05-28T00:50:44.871349000Z,1468693161.2931585,flash,2025-05-28T02:52:31.268553000Z,3733.7625761780655,9937126.70097065,2025-05-27
eth,2025-05-28T00:00:00.000000000Z,346126.7448584112,flash,2025-05-29T03:09:48.199366000Z,926622181.4238093,flash,2025-05-29T04:28:06.321064000Z,413801.2905492589,flash,2025-05-29T02:26:58.516117000Z,1107794934.1406517,flash,2025-05-29T04:25:34.738983000Z,-67674.54569084768,-181172752.7168424,2025-05-28
eth,2025-05-29T00:00:00.000000000Z,591312.8565542294,flash,2025-05-30T02:18:11.453599000Z,1557146263.8502667,flash,2025-05-30T03:37:06.547351000Z,544986.2431139572,flash,2025-05-30T01:35:25.146570000Z,1435151092.8747485,flash,2025-05-30T03:34:22.744656000Z,46326.613440272165,121995170.97551823,2025-05-29
eth,2025-05-30T00:00:00.000000000Z,533951.4166911704,flash,2025-05-31T02:39:53.692575000Z,1348376638.18619,flash,2025-05-31T03:58:11.423637000Z,611101.1163122449,flash,2025-05-31T01:57:22.118558000Z,1543201203.4186976,flash,2025-05-31T03:55:33.504723000Z,-77149.69962107448,-194824565.2325077,2025-05-30
eth,2025-05-31T00:00:00.000000000Z,140490.7299866429,flash,2025-06-01T02:23:25.832944000Z,355801025.32510954,flash,2025-06-01T03:39:44.597984000Z,234406.6681079132,flash,2025-06-01T01:41:30.581087000Z,593648654.7102971,flash,2025-06-01T03:37:13.045271000Z,-93915.9381212703,-237847629.38518757,2025-05-31
eth,2025-06-01T00:00:00.000000000Z,216249.009849271,flash,2025-06-02T02:29:14.442506000Z,549108257.6072117,flash,2025-06-02T03:43:56.961561000Z,186629.4061565977,flash,2025-06-02T01:47:29.960664000Z,473896958.438552,flash,2025-06-02T03:41:27.757402000Z,29619.60369267332,75211299.16865969,2025-06-01
eth,2025-06-02T00:00:00.000000000Z,701298.7759944848,flash,2025-06-03T02:10:37.968932000Z,1829262562.4496129,flash,2025-06-03T03:23:52.602360000Z,737162.8824688675,flash,2025-06-03T01:28:09.908842000Z,1922810233.6490436,flash,2025-06-03T03:21:25.576920000Z,-35864.10647438269,-93547671.1994307,2025-06-02
eth,2025-06-03T00:00:00.000000000Z,530492.0780340089,flash,2025-06-04T02:41:43.086022000Z,1376668896.949469,flash,2025-06-04T03:51:01.511529000Z,708595.4546239725,flash,2025-06-04T02:00:13.989310000Z,1838861244.6688688,flash,2025-06-04T03:48:11.909808000Z,-178103.37658996368,-462192347.7193997,2025-06-03
eth,2025-06-04T00:00:00.000000000Z,424811.98525896383,flash,2025-06-05T02:21:48.350266000Z,1108731135.6835392,flash,2025-06-05T03:27:56.103855000Z,477526.4527047821,flash,2025-06-05T01:41:44.744998000Z,1246312403.1294813,flash,2025-06-05T03:25:15.433446000Z,-52714.46744581824,-137581267.44594216,2025-06-04
eth,2025-06-05T00:00:00.000000000Z,660054.458528122,flash,2025-06-06T03:22:17.745328000Z,1598161360.6251073,flash,2025-06-06T04:26:55.616002000Z,619037.8567959331,flash,2025-06-06T02:41:23.068954000Z,1498849633.8643973,flash,2025-06-06T04:24:18.265470000Z,41016.60173218895,99311726.76071,2025-06-05
eth,2025-06-06T00:00:00.000000000Z,404942.4246640583,flash,2025-06-07T03:27:51.649020000Z,1004230412.1791056,flash,2025-06-07T04:35:14.368304000Z,456610.6828309893,flash,2025-06-07T02:47:39.452729000Z,1132364272.7855833,flash,2025-06-07T04:32:53.720000000Z,-51668.25816693099,-128133860.60647762,2025-06-06
eth,2025-06-07T00:00:00.000000000Z,129531.67332534358,flash,2025-06-08T03:21:42.216550000Z,327339351.9085941,flash,2025-06-08T04:28:53.519702000Z,177817.40665142384,flash,2025-06-08T02:40:38.202601000Z,449362176.50139445,flash,2025-06-08T04:26:16.109946000Z,-48285.733326080255,-122022824.59280038,2025-06-07
eth,2025-06-08T00:00:00.000000000Z,395210.7722752808,flash,2025-06-09T03:12:37.547428000Z,991808593.8909155,flash,2025-06-09T04:23:45.501849000Z,137215.54683205293,flash,2025-06-09T02:31:40.051956000Z,344351844.9154976,flash,2025-06-09T04:21:18.159837000Z,257995.22544322786,647456748.9754179,2025-06-08
eth,2025-06-09T00:00:00.000000000Z,434153.77416371566,flash,2025-06-10T02:42:05.964449000Z,1162103042.041447,flash,2025-06-10T03:48:50.256145000Z,379770.6088493584,flash,2025-06-10T02:00:03.755304000Z,1016535168.1483924,flash,2025-06-10T03:46:00.577002000Z,54383.16531435726,145567873.8930545,2025-06-09
eth,2025-06-10T00:00:00.000000000Z,712344.554574334,flash,2025-06-11T02:43:08.623990000Z,1998991530.1964204,flash,2025-06-11T03:57:00.955634000Z,773620.2814316872,flash,2025-06-11T02:01:01.743627000Z,2170944355.8450603,flash,2025-06-11T03:54:33.313773000Z,-61275.726857353235,-171952825.64863992,2025-06-10
eth,2025-06-11T00:00:00.000000000Z,637055.7539388423,flash,2025-06-12T03:46:02.647561000Z,1767552440.8042817,flash,2025-06-12T04:55:42.377657000Z,613582.3061766236,flash,2025-06-12T03:04:58.035418000Z,1702423840.0033777,flash,2025-06-12T04:53:14.394311000Z,23473.44776221877,65128600.800904036,2025-06-11
eth,2025-06-12T00:00:00.000000000Z,522730.4654129018,flash,2025-06-13T02:51:32.580386000Z,1386771826.9207194,flash,2025-06-13T03:59:07.779319000Z,564346.0497302813,flash,2025-06-13T02:08:51.817602000Z,1497175416.7451613,flash,2025-06-13T03:56:32.781371000Z,-41615.58431737957,-110403589.82444191,2025-06-12
eth,2025-06-13T00:00:00.000000000Z,595913.4871696177,flash,2025-06-14T03:34:13.838932000Z,1536278227.3440187,flash,2025-06-14T04:44:16.973135000Z,741434.2287471306,flash,2025-06-14T02:54:34.827386000Z,1911433936.56336,flash,2025-06-14T04:41:50.599422000Z,-145520.74157751293,-375155709.2193413,2025-06-13
eth,2025-06-14T00:00:00.000000000Z,135387.1287755115,flash,2025-06-15T03:32:31.967371000Z,342947868.75368583,flash,2025-06-15T04:41:38.430510000Z,130482.32051669629,flash,2025-06-15T02:52:59.111862000Z,330523544.8595344,flash,2025-06-15T04:38:59.109021000Z,4904.808258815203,12424323.89415145,2025-06-14
eth,2025-06-15T00:00:00.000000000Z,134286.90646580842,flash,2025-06-16T02:04:34.915849000Z,341973663.0772165,flash,2025-06-16T03:10:44.326233000Z,140937.985003599,flash,2025-06-16T01:23:44.079399000Z,358911231.68195325,flash,2025-06-16T03:08:13.707849000Z,-6651.07853779057,-16937568.604736745,2025-06-15
eth,2025-06-16T00:00:00.000000000Z,425690.0538258714,flash,2025-06-17T02:54:55.061770000Z,1091904482.6184945,flash,2025-06-17T04:04:22.910967000Z,489553.0962664253,flash,2025-06-17T02:13:38.053707000Z,1255714610.8744392,flash,2025-06-17T04:01:46.908596000Z,-63863.042440553894,-163810128.25594473,2025-06-16
eth,2025-06-17T00:00:00.000000000Z,447863.18739634566,flash,2025-06-18T02:41:08.236470000Z,1125659512.279385,flash,2025-06-18T03:46:14.405933000Z,411326.9867558668,flash,2025-06-18T02:00:54.362780000Z,1033829411.1438196,flash,2025-06-18T03:43:55.681637000Z,36536.20064047887,91830101.13556552,2025-06-17
eth,2025-06-18T00:00:00.000000000Z,594343.2735579738,flash,2025-06-19T02:22:28.442435000Z,1499227084.4394848,flash,2025-06-19T03:30:13.053811000Z,344056.10566706874,flash,2025-06-19T01:41:14.683735000Z,867879313.4057882,flash,2025-06-19T03:27:42.721292000Z,250287.16789090505,631347771.0336967,2025-06-18
eth,2025-06-19T00:00:00.000000000Z,283630.2026291856,flash,2025-06-20T02:32:35.686650000Z,715611834.2153984,flash,2025-06-20T03:34:39.227880000Z,288451.07815108023,flash,2025-06-20T01:52:38.399763000Z,727775121.2799199,flash,2025-06-20T03:32:24.022640000Z,-4820.875521894661,-12163287.064521432,2025-06-19
eth,2025-06-20T00:00:00.000000000Z,503874.88472488546,flash,2025-06-21T02:23:40.349159000Z,1210898539.4050972,flash,2025-06-21T03:41:32.968467000Z,659296.6738197835,flash,2025-06-21T01:43:54.625117000Z,1584403993.0644834,flash,2025-06-21T03:39:06.704099000Z,-155421.78909489803,-373505453.65938616,2025-06-20
eth,2025-06-21T00:00:00.000000000Z,198849.95381454163,flash,2025-06-22T03:01:00.118858000Z,450601660.0158018,flash,2025-06-22T04:18:35.020394000Z,282998.86432683794,flash,2025-06-22T02:19:48.358160000Z,641286334.7566665,flash,2025-06-22T04:16:08.572449000Z,-84148.91051229631,-190684674.74086475,2025-06-21
eth,2025-06-22T00:00:00.000000000Z,372258.4129752329,flash,2025-06-23T02:24:28.468984000Z,829149841.1931419,flash,2025-06-23T03:45:52.792554000Z,517618.27360235696,flash,2025-06-23T01:43:51.982657000Z,1152917152.1628363,flash,2025-06-23T03:43:27.883969000Z,-145359.8606271241,-323767310.9696944,2025-06-22
eth,2025-06-23T00:00:00.000000000Z,450348.5113835824,flash,2025-06-24T02:24:03.246400000Z,1090497341.0939076,flash,2025-06-24T03:41:48.334691000Z,510743.29517205857,flash,2025-06-24T01:43:32.234928000Z,1236740416.118038,flash,2025-06-24T03:39:32.532093000Z,-60394.7837884762,-146243075.02413034,2025-06-23
eth,2025-06-24T00:00:00.000000000Z,609562.430253315,flash,2025-06-25T01:32:03.959650000Z,1489263247.9605007,flash,2025-06-25T01:55:07.382536000Z,586939.9954978982,flash,2025-06-25T01:32:04.358940000Z,1433992845.802307,flash,2025-06-25T01:55:38.925370000Z,22622.43475541682,55270402.15819383,2025-06-24
eth,2025-06-25T00:00:00.000000000Z,373864.6174524433,flash,2025-06-26T02:29:23.003828000Z,903999439.7382224,flash,2025-06-26T02:50:53.102141000Z,387944.5030432664,flash,2025-06-26T02:29:23.394999000Z,938044407.0646675,flash,2025-06-26T02:51:23.733536000Z,-14079.885590823134,-34044967.3264451,2025-06-25
eth,2025-06-26T00:00:00.000000000Z,610191.5459290495,flash,2025-06-27T02:29:37.360273000Z,1473768071.529686,flash,2025-06-27T02:51:35.502741000Z,315261.8114060424,flash,2025-06-27T02:29:37.759554000Z,761437609.0960511,flash,2025-06-27T02:52:07.185348000Z,294929.73452300706,712330462.4336349,2025-06-26
eth,2025-06-27T00:00:00.000000000Z,324515.6382734475,flash,2025-06-28T02:10:41.084679000Z,785989076.3396723,flash,2025-06-28T02:33:33.417005000Z,330472.49104692513,flash,2025-06-28T02:10:41.482432000Z,800416797.7099806,flash,2025-06-28T02:34:06.329629000Z,-5956.852773477614,-14427721.37030828,2025-06-27
eth,2025-06-28T00:00:00.000000000Z,172741.97674787915,flash,2025-06-29T02:01:12.380661000Z,421182669.6522549,flash,2025-06-29T02:23:44.980371000Z,174652.0765110876,flash,2025-06-29T02:01:12.701607000Z,425839910.0793716,flash,2025-06-29T02:24:15.308987000Z,-1910.0997632084473,-4657240.427116692,2025-06-28
eth,2025-06-29T00:00:00.000000000Z,135962.54082471767,flash,2025-06-30T03:41:52.730521000Z,340344766.0161846,flash,2025-06-30T04:04:14.558799000Z,151283.79192728663,flash,2025-06-30T03:41:53.113695000Z,378697297.4557196,flash,2025-06-30T04:04:46.122770000Z,-15321.25110256896,-38352531.43953496,2025-06-29
eth,2025-06-30T00:00:00.000000000Z,402059.2876668252,flash,2025-07-01T02:30:56.084405000Z,1000710756.6048764,flash,2025-07-01T02:53:41.804942000Z,410941.790495548,flash,2025-07-01T02:30:57.941082000Z,1022818978.9465576,flash,2025-07-01T02:54:16.515425000Z,-8882.502828722761,-22108222.341681242,2025-06-30
eth,2025-07-01T00:00:00.000000000Z,512978.3140159439,flash,2025-07-02T03:22:05.249480000Z,1231509352.4070113,flash,2025-07-02T04:50:35.104516000Z,270049.52502384037,flash,2025-07-02T03:24:45.484030000Z,648309112.8674768,flash,2025-07-02T04:51:09.552860000Z,242928.78899210354,583200239.5395344,2025-07-01
eth,2025-07-02T00:00:00.000000000Z,417135.1807726041,flash,2025-07-03T02:15:54.791126000Z,1076191450.5292935,flash,2025-07-03T02:20:34.386682000Z,428548.5732785701,flash,2025-07-03T02:16:58.483064000Z,1105637529.4088204,flash,2025-07-03T03:44:28.709359000Z,-11413.39250596601,-29446078.879526854,2025-07-02
eth,2025-07-03T00:00:00.000000000Z,408970.23595143855,flash,2025-07-04T03:22:12.494813000Z,1059363948.4285532,flash,2025-07-04T03:26:33.870124000Z,405068.3233716466,flash,2025-07-04T03:23:18.098748000Z,1049256744.6430868,flash,2025-07-04T04:51:36.459408000Z,3901.9125797919696,10107203.785466433,2025-07-03
eth,2025-07-04T00:00:00.000000000Z,175934.57639632953,flash,2025-07-05T03:02:19.128774000Z,441611105.9161314,flash,2025-07-05T03:06:38.138387000Z,222533.0578243735,flash,2025-07-05T03:03:27.164207000Z,558577351.7727369,flash,2025-07-05T04:31:05.971100000Z,-46598.481428043975,-116966245.85660553,2025-07-04
eth,2025-07-05T00:00:00.000000000Z,125302.04488809212,flash,2025-07-06T02:55:47.360519000Z,315568017.0425219,flash,2025-07-06T02:59:58.079543000Z,89859.19332389417,flash,2025-07-06T02:56:48.073298000Z,226306661.44026148,flash,2025-07-06T04:23:52.425187000Z,35442.85156419795,89261355.60226041,2025-07-05
eth,2025-07-06T00:00:00.000000000Z,104036.5609456228,flash,2025-07-07T02:10:01.811413000Z,267348090.36429903,flash,2025-07-07T02:14:25.997683000Z,112033.66611223837,flash,2025-07-07T02:10:58.862534000Z,287898661.9643602,flash,2025-07-07T03:39:34.803787000Z,-7997.105166615569,-20550571.60006115,2025-07-06
eth,2025-07-07T00:00:00.000000000Z,480541.67882693466,flash,2025-07-08T02:37:00.540511000Z,1221912387.4052668,flash,2025-07-08T02:41:43.603635000Z,476615.74855876405,flash,2025-07-08T02:38:13.355296000Z,1211929605.3946047,flash,2025-07-08T04:04:12.206965000Z,3925.930268170603,9982782.010662079,2025-07-07
eth,2025-07-08T00:00:00.000000000Z,444800.53351026634,flash,2025-07-09T02:50:51.501387000Z,1163345160.1818008,flash,2025-07-09T02:55:12.208879000Z,399796.9087529669,flash,2025-07-09T02:51:58.780013000Z,1045641279.2109976,flash,2025-07-09T04:15:23.222936000Z,45003.62475729943,117703880.97080326,2025-07-08
eth,2025-07-09T00:00:00.000000000Z,530142.8253886354,flash,2025-07-10T03:06:35.934065000Z,1471588976.0946045,flash,2025-07-10T03:11:06.566537000Z,576215.0169351997,flash,2025-07-10T03:07:43.186759000Z,1599477774.9946764,flash,2025-07-10T04:31:11.276037000Z,-46072.19154656434,-127888798.90007186,2025-07-09
eth,2025-07-10T00:00:00.000000000Z,719181.1863234665,flash,2025-07-11T02:38:26.937476000Z,2121895735.7157288,flash,2025-07-11T02:43:14.325676000Z,762423.2896998818,flash,2025-07-11T02:39:36.422016000Z,2249478654.321897,flash,2025-07-11T04:01:23.785679000Z,-43242.103376415325,-127582918.60616827,2025-07-10
eth,2025-07-11T00:00:00.000000000Z,1030328.0379034602,flash,2025-07-12T03:25:52.098590000Z,3048372102.0875034,flash,2025-07-12T03:30:05.368989000Z,1075067.864554606,flash,2025-07-12T03:26:56.118740000Z,3180741245.116068,flash,2025-07-12T04:49:23.543505000Z,-44739.826651145704,-132369143.02856445,2025-07-11
eth,2025-07-12T00:00:00.000000000Z,178845.572059571,flash,2025-07-13T02:23:38.455732000Z,525876713.34514016,flash,2025-07-13T02:28:07.916557000Z,266525.5163615604,flash,2025-07-13T02:24:39.387604000Z,783690426.0629307,flash,2025-07-13T03:47:49.926889000Z,-87679.9443019894,-257813712.71779054,2025-07-12
eth,2025-07-13T00:00:00.000000000Z,223720.3099053093,flash,2025-07-14T03:55:37.307012000Z,664368647.0842243,flash,2025-07-14T04:00:01.275183000Z,206127.81714397352,flash,2025-07-14T03:56:38.267279000Z,612125287.4194956,flash,2025-07-14T05:17:58.958119000Z,17592.492761335772,52243359.66472876,2025-07-13
eth,2025-07-14T00:00:00.000000000Z,777643.4479688723,flash,2025-07-15T03:14:50.923710000Z,2342094317.909742,flash,2025-07-15T03:19:19.539735000Z,746981.0297940106,flash,2025-07-15T03:15:56.203037000Z,2249745728.6323714,flash,2025-07-15T04:35:11.506017000Z,30662.418174861697,92348589.27737045,2025-07-14
eth,2025-07-15T00:00:00.000000000Z,661889.7227072509,flash,2025-07-16T02:24:43.033517000Z,2073611553.6691823,flash,2025-07-16T02:29:10.660134000Z,820982.5693190576,flash,2025-07-16T02:25:48.395063000Z,2572028062.526614,flash,2025-07-16T03:42:52.286135000Z,-159092.84661180677,-498416508.8574319,2025-07-15
eth,2025-07-16T00:00:00.000000000Z,980986.7443599369,flash,2025-07-17T03:05:20.988134000Z,3302303069.3399067,flash,2025-07-17T04:22:56.192710000Z,1013956.6731393368,flash,2025-07-17T02:47:03.499670000Z,3413289989.0206294,flash,2025-07-17T04:22:56.172636000Z,-32969.92877939984,-110986919.68072271,2025-07-16
eth,2025-07-17T00:00:00.000000000Z,1116740.8924520111,flash,2025-07-18T01:56:50.213331000Z,3896751619.243996,flash,2025-07-18T03:09:12.700063000Z,1134602.8914371114,flash,2025-07-18T01:37:49.226587000Z,3959079213.709795,flash,2025-07-18T03:09:12.682209000Z,-17861.998985100305,-62327594.465798855,2025-07-17
eth,2025-07-18T00:00:00.000000000Z,1318806.8372891988,flash,2025-07-19T03:06:29.292932000Z,4671661023.458229,flash,2025-07-19T04:16:58.762223000Z,1424370.85184539,flash,2025-07-19T02:48:07.987050000Z,5045604559.644032,flash,2025-07-19T04:16:58.743818000Z,-105564.01455619116,-373943536.18580246,2025-07-18
eth,2025-07-19T00:00:00.000000000Z,303639.6574606078,flash,2025-07-20T04:25:23.513967000Z,1090707933.7279162,flash,2025-07-20T05:37:03.325869000Z,294308.5657467875,flash,2025-07-20T04:06:39.599894000Z,1057189598.712909,flash,2025-07-20T05:37:03.306267000Z,9331.091713820293,33518335.015007257,2025-07-19
eth,2025-07-20T00:00:00.000000000Z,377567.60713543737,flash,2025-07-21T03:49:29.986580000Z,1417791719.749309,flash,2025-07-21T05:00:14.428071000Z,334087.51557142154,flash,2025-07-21T03:30:42.689019000Z,1254521056.0896204,flash,2025-07-21T05:00:14.408683000Z,43480.091564015835,163270663.6596887,2025-07-20
eth,2025-07-21T00:00:00.000000000Z,927724.7244993178,flash,2025-07-22T03:38:36.827495000Z,3493722159.2570486,flash,2025-07-22T04:47:23.387570000Z,933112.9394945616,flash,2025-07-22T03:19:31.493408000Z,3514013659.1282897,flash,2025-07-22T04:47:23.374316000Z,-5388.214995243819,-20291499.871241093,2025-07-21
eth,2025-07-22T00:00:00.000000000Z,758160.0843610278,flash,2025-07-23T06:32:03.750208000Z,2839992494.0974426,flash,2025-07-23T07:36:24.378826000Z,807484.1439417247,flash,2025-07-23T06:12:55.801083000Z,3024755530.133101,flash,2025-07-23T07:36:24.359704000Z,-49324.05958069686,-184763036.03565836,2025-07-22
eth,2025-07-23T00:00:00.000000000Z,994346.6250754641,flash,2025-07-24T07:42:40.341169000Z,3609033575.004837,flash,2025-07-24T08:47:47.048374000Z,955808.616682824,flash,2025-07-24T07:19:59.754694000Z,3469157838.822496,flash,2025-07-24T08:47:47.022662000Z,38538.00839264016,139875736.1823411,2025-07-23
eth,2025-07-24T00:00:00.000000000Z,745627.0298258736,flash,2025-07-25T05:01:25.973659000Z,2765910234.434313,flash,2025-07-25T06:06:01.777295000Z,879842.3140480604,flash,2025-07-25T04:42:52.661943000Z,3263783049.3916106,flash,2025-07-25T06:06:01.756204000Z,-134215.2842221869,-497872814.9572978,2025-07-24
eth,2025-07-25T00:00:00.000000000Z,788567.957615329,flash,2025-07-26T05:00:17.134075000Z,2935490708.5576487,flash,2025-07-26T06:06:11.955950000Z,1073207.223319568,flash,2025-07-26T04:42:01.453620000Z,3995077154.717889,flash,2025-07-26T06:06:11.938655000Z,-284639.265704239,-1059586446.1602402,2025-07-25
eth,2025-07-26T00:00:00.000000000Z,257265.3605445852,flash,2025-07-27T03:32:01.376499000Z,963036493.9976124,flash,2025-07-27T04:37:37.889179000Z,244109.25323966768,flash,2025-07-27T03:13:09.984356000Z,913788466.8758713,flash,2025-07-27T04:37:37.871377000Z,13156.107304917503,49248027.12174106,2025-07-26
eth,2025-07-27T00:00:00.000000000Z,207592.5308126468,flash,2025-07-28T03:52:00.231312000Z,802034051.6962286,flash,2025-07-28T04:47:11.803082000Z,253499.15133918417,flash,2025-07-28T03:33:24.173452000Z,979394348.4104156,flash,2025-07-28T04:47:11.784661000Z,-45906.62052653739,-177360296.71418703,2025-07-27
eth,2025-07-28T00:00:00.000000000Z,761290.515458706,flash,2025-07-29T04:19:18.004942000Z,2885979370.781792,flash,2025-07-29T05:16:40.797165000Z,763498.9757092504,flash,2025-07-29T04:02:03.153825000Z,2894351431.900172,flash,2025-07-29T05:16:40.777707000Z,-2208.460250544478,-8372061.11838007,2025-07-28
eth,2025-07-29T00:00:00.000000000Z,500317.184212522,flash,2025-07-30T02:32:06.019332000Z,1896638321.5588365,flash,2025-07-30T03:41:53.447964000Z,521238.25189102173,flash,2025-07-30T02:32:06.011900000Z,1975947407.752673,flash,2025-07-30T03:41:53.435645000Z,-20921.067678499734,-79309086.19383645,2025-07-29
eth,2025-07-30T00:00:00.000000000Z,596345.0183516786,flash,2025-07-31T04:21:09.215970000Z,2266622931.5562778,flash,2025-07-31T05:32:19.354530000Z,622799.7585074195,flash,2025-07-31T04:21:09.207914000Z,2367173651.0895853,flash,2025-07-31T05:32:19.339752000Z,-26454.740155740874,-100550719.53330755,2025-07-30
eth,2025-07-31T00:00:00.000000000Z,391644.8128170063,flash,2025-08-01T08:25:43.980669000Z,1449652894.2334993,flash,2025-08-01T10:10:25.232889000Z,658519.1957348415,flash,2025-08-01T07:40:59.530753000Z,2437474534.997536,flash,2025-08-01T10:10:25.210197000Z,-266874.3829178352,-987821640.7640369,2025-07-31
eth,2025-08-01T00:00:00.000000000Z,522308.7670094413,flash,2025-08-02T06:44:16.648032000Z,1818837063.6179547,flash,2025-08-02T07:43:29.360175000Z,517780.4063567064,flash,2025-08-02T06:25:19.854217000Z,1803067942.5293276,flash,2025-08-02T07:43:29.340722000Z,4528.360652734875,15769121.0886271,2025-08-01
eth,2025-08-02T00:00:00.000000000Z,226319.99254666455,flash,2025-08-03T06:18:03.060277000Z,768021554.3063917,flash,2025-08-03T07:17:33.269172000Z,225085.5400137029,flash,2025-08-03T05:59:41.019788000Z,763832414.220205,flash,2025-08-03T07:17:33.249447000Z,1234.4525329616445,4189140.0861867666,2025-08-02
eth,2025-08-03T00:00:00.000000000Z,237945.16792887036,flash,2025-08-04T04:13:21.098403000Z,833800435.8488064,flash,2025-08-04T05:17:29.664465000Z,213378.9971356784,flash,2025-08-04T03:55:24.561983000Z,747716385.0870663,flash,2025-08-04T05:17:29.646739000Z,24566.170793191966,86084050.76174009,2025-08-03
eth,2025-08-04T00:00:00.000000000Z,491584.2357698877,flash,2025-08-05T04:43:01.997093000Z,1828266699.0100863,flash,2025-08-05T05:48:05.996921000Z,528477.744277874,flash,2025-08-05T04:24:07.119266000Z,1965478529.8759787,flash,2025-08-05T05:48:05.976191000Z,-36893.50850798632,-137211830.8658924,2025-08-04
eth,2025-08-05T00:00:00.000000000Z,704929.7746184778,flash,2025-08-06T04:12:21.904470000Z,2547672939.1340795,flash,2025-08-06T05:17:35.175027000Z,678801.572423406,flash,2025-08-06T03:52:36.090515000Z,2453243513.569476,flash,2025-08-06T05:17:35.151066000Z,26128.202195071848,94429425.56460333,2025-08-05
eth,2025-08-06T00:00:00.000000000Z,488627.4326214548,flash,2025-08-07T05:00:13.236630000Z,1799134966.0801113,flash,2025-08-07T06:05:21.655475000Z,479826.273548624,flash,2025-08-07T04:41:46.722106000Z,1766728940.603784,flash,2025-08-07T06:05:21.637594000Z,8801.159072830807,32406025.47632718,2025-08-06
eth,2025-08-07T00:00:00.000000000Z,547581.2399156702,flash,2025-08-08T05:31:35.978122000Z,2137890421.9343393,flash,2025-08-08T06:36:31.277605000Z,608659.7110382814,flash,2025-08-08T05:12:52.325434000Z,2376355637.4693584,flash,2025-08-08T06:36:31.262090000Z,-61078.4711226112,-238465215.53501916,2025-08-07
eth,2025-08-08T00:00:00.000000000Z,904601.0763595289,flash,2025-08-09T03:56:05.228342000Z,3633109376.0272,flash,2025-08-09T05:01:36.807661000Z,921269.7343278953,flash,2025-08-09T03:37:03.785248000Z,3700054971.3103456,flash,2025-08-09T05:01:36.788694000Z,-16668.657968366402,-66945595.28314543,2025-08-08
eth,2025-08-09T00:00:00.000000000Z,472485.0721503212,flash,2025-08-10T05:51:13.303983000Z,2013693784.013127,flash,2025-08-10T06:58:25.356891000Z,474025.7725674862,flash,2025-08-10T05:32:13.155695000Z,2020260126.6045487,flash,2025-08-10T06:58:25.339349000Z,-1540.7004171650042,-6566342.591421604,2025-08-09
eth,2025-08-10T00:00:00.000000000Z,408308.19730917254,flash,2025-08-11T05:48:52.805202000Z,1734784609.4888003,flash,2025-08-11T06:56:03.146085000Z,404772.185390488,flash,2025-08-11T05:30:08.538962000Z,1719761107.399132,flash,2025-08-11T06:56:03.128218000Z,3536.011918684526,15023502.089668274,2025-08-10
eth,2025-08-11T00:00:00.000000000Z,944867.5059648848,flash,2025-08-12T05:21:38.286706000Z,3994561900.005791,flash,2025-08-12T06:37:11.955065000Z,984989.0932075668,flash,2025-08-12T05:03:31.118672000Z,4164181622.0891657,flash,2025-08-12T06:37:11.936242000Z,-40121.587242682,-169619722.0833745,2025-08-11
eth,2025-08-12T00:00:00.000000000Z,1191392.8677406167,flash,2025-08-13T03:52:13.894296000Z,5479708938.250567,flash,2025-08-13T04:14:07.838424000Z,1365214.4132797092,flash,2025-08-13T04:10:23.138536000Z,6279186174.132816,flash,2025-08-13T05:25:49.564760000Z,-173821.5455390925,-799477235.8822489,2025-08-12
eth,2025-08-13T00:00:00.000000000Z,1251336.3035655615,flash,2025-08-14T04:45:01.269209000Z,5957395362.802192,flash,2025-08-14T05:07:08.995018000Z,1242172.9975026865,flash,2025-08-14T05:03:10.518095000Z,5913770450.065814,flash,2025-08-14T06:22:33.790990000Z,9163.306062875083,43624912.736377716,2025-08-13
eth,2025-08-14T00:00:00.000000000Z,1517552.486713606,flash,2025-08-15T05:41:13.230377000Z,6921200282.587815,flash,2025-08-15T06:06:44.417802000Z,1614015.8842077549,flash,2025-08-15T06:01:36.996132000Z,7361147170.646838,flash,2025-08-15T07:22:52.554703000Z,-96463.39749414893,-439946888.0590229,2025-08-14
eth,2025-08-15T00:00:00.000000000Z,962513.0888472951,flash,2025-08-16T04:38:27.734923000Z,4263920040.5770607,flash,2025-08-16T05:02:23.893262000Z,1123739.1024331925,flash,2025-08-16T04:57:43.434178000Z,4978149112.739138,flash,2025-08-16T06:19:29.791599000Z,-161226.0135858974,-714229072.162077,2025-08-15
eth,2025-08-16T00:00:00.000000000Z,286638.4904061999,flash,2025-08-17T03:12:02.491978000Z,1267707620.3942487,flash,2025-08-17T03:35:08.619487000Z,415505.0436329675,flash,2025-08-17T03:31:07.286377000Z,1837641934.89614,flash,2025-08-17T04:55:40.222541000Z,-128866.55322676763,-569934314.5018914,2025-08-16
eth,2025-08-17T00:00:00.000000000Z,198377.48904354163,flash,2025-08-18T01:39:33.823563000Z,890260582.5727834,flash,2025-08-18T02:05:16.967714000Z,246079.0055765831,flash,2025-08-18T01:59:56.344873000Z,1104331141.1984637,flash,2025-08-18T03:31:03.861393000Z,-47701.51653304146,-214070558.62568033,2025-08-17
eth,2025-08-18T00:00:00.000000000Z,1110465.0990982314,flash,2025-08-19T03:25:35.154806000Z,4798903669.340564,flash,2025-08-19T03:51:19.995050000Z,950415.2887783428,flash,2025-08-19T03:45:45.948675000Z,4107244271.269348,flash,2025-08-19T05:20:44.769667000Z,160049.81031988864,691659398.0712156,2025-08-18
eth,2025-08-19T00:00:00.000000000Z,585773.5063495251,flash,2025-08-20T03:30:20.483004000Z,2397872506.802711,flash,2025-08-20T03:54:51.145977000Z,702931.1078794966,flash,2025-08-20T03:49:34.937384000Z,2877458880.420706,flash,2025-08-20T05:21:09.248279000Z,-117157.60152997158,-479586373.6179948,2025-08-19
eth,2025-08-20T00:00:00.000000000Z,640164.5188368679,flash,2025-08-21T03:10:23.155081000Z,2776813400.270085,flash,2025-08-21T03:35:35.629606000Z,620968.4248318995,flash,2025-08-21T03:30:11.273310000Z,2693547349.9074535,flash,2025-08-21T05:07:41.518389000Z,19196.094004968414,83266050.36263132,2025-08-20
eth,2025-08-21T00:00:00.000000000Z,608223.9404898005,flash,2025-08-22T04:33:12.563462000Z,2568277054.0259237,flash,2025-08-22T04:55:44.070665000Z,606961.3101375488,flash,2025-08-22T04:50:36.563955000Z,2562945490.5251613,flash,2025-08-22T06:26:03.501143000Z,1262.6303522516973,5331563.500762463,2025-08-21
eth,2025-08-22T00:00:00.000000000Z,786460.4028140036,flash,2025-08-23T02:54:40.262130000Z,3799472766.64024,flash,2025-08-23T03:17:34.158737000Z,1009049.9145339704,flash,2025-08-23T03:12:38.626046000Z,4874826064.649541,flash,2025-08-23T04:47:17.552387000Z,-222589.51171996677,-1075353298.0093007,2025-08-22
eth,2025-08-23T00:00:00.000000000Z,497092.5844597799,flash,2025-08-24T02:41:06.251134000Z,2375291062.4210396,flash,2025-08-24T03:02:20.924634000Z,419358.7836228612,flash,2025-08-24T02:58:32.154158000Z,2003850392.9195824,flash,2025-08-24T04:30:35.331621000Z,77733.8008369187,371440669.5014572,2025-08-23
eth,2025-08-24T00:00:00.000000000Z,471182.31579012313,flash,2025-08-25T02:26:40.717161000Z,2255669311.7110977,flash,2025-08-25T02:49:30.201140000Z,543412.2487180231,flash,2025-08-25T02:44:38.011403000Z,2601452329.520677,flash,2025-08-25T04:16:15.399367000Z,-72229.93292789994,-345783017.8095794,2025-08-24
eth,2025-08-25T00:00:00.000000000Z,736556.4359918154,flash,2025-08-26T03:35:42.324487000Z,3224281079.7197814,flash,2025-08-26T03:56:55.455993000Z,743046.7809775133,flash,2025-08-26T03:53:11.837557000Z,3252692611.4309406,flash,2025-08-26T05:19:00.042031000Z,-6490.344985697884,-28411531.71115923,2025-08-25
eth,2025-08-26T00:00:00.000000000Z,845909.2063765579,flash,2025-08-27T05:13:46.186659000Z,3892846538.7484,flash,2025-08-27T05:23:33.271049000Z,954521.0701712761,flash,2025-08-27T05:13:46.211998000Z,4392674788.462552,flash,2025-08-27T05:23:33.313872000Z,-108611.86379471817,-499828249.71415186,2025-08-26
eth,2025-08-27T00:00:00.000000000Z,812724.566196125,flash,2025-08-28T03:29:48.243591000Z,3662978078.5057454,flash,2025-08-28T03:42:01.465202000Z,934372.7107351089,flash,2025-08-28T03:29:48.271644000Z,4211250525.618741,flash,2025-08-28T03:42:01.506314000Z,-121648.14453898394,-548272447.1129956,2025-08-27
eth,2025-08-28T00:00:00.000000000Z,457841.0265624548,flash,2025-08-29T05:23:30.349104000Z,2062136641.0712,flash,2025-08-29T05:34:28.415903000Z,807111.2835908226,flash,2025-08-29T05:23:30.376878000Z,3635265637.5315104,flash,2025-08-29T05:34:28.457400000Z,-349270.2570283678,-1573128996.4603105,2025-08-28
eth,2025-08-29T00:00:00.000000000Z,620193.21717023,flash,2025-08-30T02:41:21.169843000Z,2708255827.2871375,flash,2025-08-30T02:52:02.191844000Z,626711.375756954,flash,2025-08-30T02:41:21.192737000Z,2736719281.073721,flash,2025-08-30T02:52:02.232721000Z,-6518.158586723963,-28463453.786583424,2025-08-29
eth,2025-08-30T00:00:00.000000000Z,123199.72735556983,flash,2025-08-31T03:54:01.858014000Z,538642492.8318048,flash,2025-08-31T04:04:23.732445000Z,280742.8532106641,flash,2025-08-31T03:54:01.884373000Z,1227438027.2097979,flash,2025-08-31T04:04:23.772299000Z,-157543.1258550943,-688795534.3779931,2025-08-30
eth,2025-08-31T00:00:00.000000000Z,225341.83871891367,flash,2025-09-01T03:36:52.292919000Z,990741219.6696736,flash,2025-09-01T03:47:06.076608000Z,282698.3099098968,flash,2025-09-01T03:36:52.315292000Z,1242915518.7113435,flash,2025-09-01T03:47:06.120691000Z,-57356.47119098314,-252174299.04166996,2025-08-31
eth,2025-09-01T00:00:00.000000000Z,414076.27124954655,flash,2025-09-02T03:21:59.271425000Z,1780768749.3046963,flash,2025-09-02T03:34:21.953451000Z,627611.0052748369,flash,2025-09-02T03:21:59.297391000Z,2699092274.813268,flash,2025-09-02T03:34:21.996966000Z,-213534.73402529035,-918323525.5085719,2025-09-01
eth,2025-09-02T00:00:00.000000000Z,460545.3612961087,flash,2025-09-03T04:31:06.494471000Z,1990631624.6494005,flash,2025-09-03T04:42:27.712434000Z,542073.5657310347,flash,2025-09-03T04:31:06.521518000Z,2343023887.579389,flash,2025-09-03T04:42:27.751079000Z,-81528.20443492604,-352392262.9299886,2025-09-02
eth,2025-09-03T00:00:00.000000000Z,536852.551726002,flash,2025-09-04T05:28:56.158860000Z,2392146488.531593,flash,2025-09-04T05:39:51.465937000Z,534394.7130717743,flash,2025-09-04T05:28:56.184927000Z,2381194673.0150514,flash,2025-09-04T05:39:51.506129000Z,2457.838654227671,10951815.516541481,2025-09-03
eth,2025-09-04T00:00:00.000000000Z,539281.9538853525,flash,2025-09-05T05:19:33.539166000Z,2328027692.940911,flash,2025-09-05T05:31:52.184191000Z,546889.1042241817,flash,2025-09-05T04:59:12.828102000Z,2360867020.35687,flash,2025-09-05T05:24:15.058089000Z,-7607.150338829262,-32839327.41595936,2025-09-04
eth,2025-09-05T00:00:00.000000000Z,555723.7001038981,flash,2025-09-06T05:36:39.224753000Z,2394485210.2351737,flash,2025-09-06T05:49:33.482612000Z,509040.76243439113,flash,2025-09-06T05:15:57.317757000Z,2193339202.247632,flash,2025-09-06T05:41:51.455571000Z,46682.93766950694,201146007.98754168,2025-09-05
eth,2025-09-06T00:00:00.000000000Z,135615.91542908954,flash,2025-09-07T05:33:00.581409000Z,580050476.9812996,flash,2025-09-07T05:45:34.630924000Z,114016.35459953804,flash,2025-09-07T05:12:26.860889000Z,487665777.721433,flash,2025-09-07T05:37:53.803543000Z,21599.560829551498,92384699.25986665,2025-09-06
eth,2025-09-07T00:00:00.000000000Z,138807.77375754295,flash,2025-09-08T04:52:17.254864000Z,599108627.604748,flash,2025-09-08T05:04:01.120846000Z,139169.23129441045,flash,2025-09-08T04:31:23.701456000Z,600668715.5089625,flash,2025-09-08T04:56:23.035617000Z,-361.4575368674996,-1560087.9042145014,2025-09-07
eth,2025-09-08T00:00:00.000000000Z,569589.6390773325,flash,2025-09-09T04:05:44.254545000Z,2452150873.6249237,flash,2025-09-09T05:26:10.352164000Z,694385.8676199368,flash,2025-09-09T04:06:02.254982000Z,2989413421.6964746,flash,2025-09-09T05:29:07.443991000Z,-124796.22854260437,-537262548.0715508,2025-09-08
eth,2025-09-09T00:00:00.000000000Z,519027.90690991766,flash,2025-09-10T04:17:28.337647000Z,2236872049.0005374,flash,2025-09-10T04:42:41.310421000Z,657590.918394331,flash,2025-09-10T03:55:50.482042000Z,2834041725.7913833,flash,2025-09-10T04:42:25.661562000Z,-138563.01148441335,-597169676.7908459,2025-09-09
eth,2025-09-10T00:00:00.000000000Z,435175.5598182451,flash,2025-09-11T05:40:06.613019000Z,1892406084.6232307,flash,2025-09-11T06:03:37.483010000Z,471184.19147835136,flash,2025-09-11T05:19:06.774604000Z,2048993356.3923583,flash,2025-09-11T06:03:21.487514000Z,-36008.63166010624,-156587271.7691276,2025-09-10
eth,2025-09-11T00:00:00.000000000Z,421684.7427659973,flash,2025-09-12T04:25:03.838317000Z,1881547071.536514,flash,2025-09-12T04:49:26.090312000Z,494640.40228772326,flash,2025-09-12T04:04:03.505936000Z,2207073450.851814,flash,2025-09-12T04:49:10.169080000Z,-72955.65952172596,-325526379.31529975,2025-09-11
eth,2025-09-12T00:00:00.000000000Z,542105.2549369149,flash,2025-09-13T03:39:03.770617000Z,2549455490.361996,flash,2025-09-13T04:03:55.440451000Z,534258.0659499076,flash,2025-09-13T03:17:13.521548000Z,2512551109.03634,flash,2025-09-13T04:03:39.671130000Z,7847.188987007248,36904381.32565594,2025-09-12
eth,2025-09-13T00:00:00.000000000Z,152522.39204564193,flash,2025-09-14T03:29:57.462707000Z,711723418.943554,flash,2025-09-14T03:53:12.073961000Z,191927.59063223735,flash,2025-09-14T03:08:44.807025000Z,895602010.7099932,flash,2025-09-14T03:52:56.650284000Z,-39405.19858659542,-183878591.7664392,2025-09-13
eth,2025-09-14T00:00:00.000000000Z,215910.4530307843,flash,2025-09-15T01:40:44.579250000Z,995324234.0738751,flash,2025-09-15T02:04:38.994714000Z,149470.2003169704,flash,2025-09-15T01:18:56.001134000Z,689041732.621188,flash,2025-09-15T02:04:22.242135000Z,66440.25271381388,306282501.452687,2025-09-14
eth,2025-09-15T00:00:00.000000000Z,525086.5589588968,flash,2025-09-16T04:11:18.542394000Z,2375555373.254308,flash,2025-09-16T04:36:12.109703000Z,511049.63285923714,flash,2025-09-16T03:49:48.283738000Z,2312050614.56055,flash,2025-09-16T04:35:55.833347000Z,14036.926099659642,63504758.69375801,2025-09-15
eth,2025-09-16T00:00:00.000000000Z,440271.5624903941,flash,2025-09-17T03:23:55.697848000Z,1984229743.169448,flash,2025-09-17T03:54:28.303283000Z,608934.90195201,flash,2025-09-17T03:20:09.759408000Z,2744366993.1180525,flash,2025-09-17T03:33:56.328068000Z,-168663.3394616159,-760137249.9486046,2025-09-16
eth,2025-09-17T00:00:00.000000000Z,370749.828231882,flash,2025-09-18T05:43:44.315829000Z,1703612545.0119276,flash,2025-09-18T06:12:15.671441000Z,368208.9666040237,flash,2025-09-18T05:40:23.446357000Z,1691937168.748094,flash,2025-09-18T05:52:17.415935000Z,2540.8616278583067,11675376.263833523,2025-09-17
eth,2025-09-18T00:00:00.000000000Z,414715.4143461837,flash,2025-09-19T02:10:44.603515000Z,1902024525.3078976,flash,2025-09-19T02:37:51.264563000Z,431534.92341145,flash,2025-09-19T02:07:20.650334000Z,1979164457.0276053,flash,2025-09-19T02:19:56.049658000Z,-16819.50906526629,-77139931.71970773,2025-09-18
eth,2025-09-19T00:00:00.000000000Z,545788.6574409354,flash,2025-09-20T03:54:31.368515000Z,2436182302.391459,flash,2025-09-20T04:23:58.176238000Z,672812.1457583035,flash,2025-09-20T03:51:06.808300000Z,3003164356.7231565,flash,2025-09-20T04:04:44.364263000Z,-127023.48831736809,-566982054.3316975,2025-09-19
eth,2025-09-20T00:00:00.000000000Z,157476.68293426096,flash,2025-09-21T03:43:13.977841000Z,706117174.701708,flash,2025-09-21T04:14:29.602760000Z,130703.44032521472,flash,2025-09-21T03:39:33.753125000Z,586067361.1264813,flash,2025-09-21T03:54:01.320026000Z,26773.24260904624,120049813.57522666,2025-09-20
eth,2025-09-21T00:00:00.000000000Z,217814.33793058552,flash,2025-09-24T15:21:00.872933000Z,969825307.3396522,flash,2025-09-24T15:21:23.567711000Z,238849.05639049396,flash,2025-09-24T15:21:00.860022000Z,1063483064.1659496,flash,2025-09-24T15:21:23.543435000Z,-21034.718459908443,-93657756.8262974,2025-09-21
eth,2025-09-22T00:00:00.000000000Z,648714.3800273406,flash,2025-09-24T16:10:13.216779000Z,2727582247.591679,flash,2025-09-24T16:10:37.304652000Z,764744.8803485982,flash,2025-09-24T16:10:13.185575000Z,3215443689.5441527,flash,2025-09-24T16:10:37.281482000Z,-116030.50032125763,-487861441.95247364,2025-09-22
eth,2025-09-23T00:00:00.000000000Z,392186.0614140882,flash,2025-09-24T16:44:21.846461000Z,1635590077.6499128,flash,2025-09-24T16:44:43.872295000Z,375762.51863617514,flash,2025-09-24T16:44:21.830910000Z,1567096609.242194,flash,2025-09-24T16:44:43.852578000Z,16423.54277791304,68493468.4077189,2025-09-23
eth,2025-09-24T00:00:00.000000000Z,521452.27922738943,flash,2025-09-25T03:35:43.476469000Z,2165659514.945601,flash,2025-09-25T04:02:57.520203000Z,640589.5273463329,flash,2025-09-25T03:32:24.718676000Z,2660452088.0176883,flash,2025-09-25T03:44:13.884077000Z,-119137.24811894348,-494792573.0720873,2025-09-24
eth,2025-09-25T00:00:00.000000000Z,587879.955748754,flash,2025-09-26T04:02:25.019902000Z,2278257396.751011,flash,2025-09-26T04:29:25.283746000Z,652617.3116303999,flash,2025-09-26T03:58:57.319085000Z,2529139160.011018,flash,2025-09-26T04:10:30.098533000Z,-64737.355881645926,-250881763.2600069,2025-09-25
eth,2025-09-26T00:00:00.000000000Z,552774.525305079,flash,2025-09-27T05:30:51.158047000Z,2228626608.2326326,flash,2025-09-27T05:58:45.150346000Z,644923.2096441372,flash,2025-09-27T05:27:26.341431000Z,2600143384.839357,flash,2025-09-27T05:40:00.097481000Z,-92148.68433905824,-371516776.60672426,2025-09-26
eth,2025-09-27T00:00:00.000000000Z,136468.66574573336,flash,2025-09-28T05:56:04.539434000Z,548619766.365385,flash,2025-09-28T06:24:14.811753000Z,152197.9268131948,flash,2025-09-28T05:52:35.614100000Z,611853208.8906384,flash,2025-09-28T06:05:21.191520000Z,-15729.261067461426,-63233442.525253296,2025-09-27
eth,2025-09-28T00:00:00.000000000Z,121490.09365773389,flash,2025-09-29T03:38:44.204552000Z,502540817.9195697,flash,2025-09-29T04:07:40.646799000Z,115670.26115124288,flash,2025-09-29T03:35:06.191460000Z,478467222.2879253,flash,2025-09-29T03:48:47.157986000Z,5819.832506491002,24073595.63164437,2025-09-28
eth,2025-09-29T00:00:00.000000000Z,504245.95338314126,flash,2025-09-30T05:40:22.184465000Z,2128130370.1130848,flash,2025-09-30T06:07:52.262380000Z,528723.553432716,flash,2025-09-30T05:36:39.690528000Z,2231436155.124315,flash,2025-09-30T05:48:46.508151000Z,-24477.6000495748,-103305785.01122999,2025-09-29
eth,2025-09-30T00:00:00.000000000Z,693503.3618210328,flash,2025-10-01T04:27:39.593798000Z,2871826161.76634,flash,2025-10-01T04:56:21.173721000Z,824515.615172275,flash,2025-10-01T04:24:18.713901000Z,3414353332.3601446,flash,2025-10-01T04:37:05.940461000Z,-131012.25335124217,-542527170.5938048,2025-09-30
eth,2025-10-01T00:00:00.000000000Z,458852.611405874,flash,2025-10-03T12:01:19.716890000Z,1990633512.9690833,flash,2025-10-03T12:01:19.814737000Z,472036.61261335626,flash,2025-10-03T12:01:19.761839000Z,2047829470.8567996,flash,2025-10-03T12:01:52.731105000Z,-13184.001207482244,-57195957.88771629,2025-10-01
eth,2025-10-02T00:00:00.000000000Z,534006.9876380803,flash,2025-10-03T13:12:26.966765000Z,2391612700.703022,flash,2025-10-03T13:12:27.113389000Z,552652.7048045765,flash,2025-10-03T13:12:27.014748000Z,2475119724.0593,flash,2025-10-03T13:12:59.247865000Z,-18645.717166496208,-83507023.35627794,2025-10-02
eth,2025-10-03T00:00:00.000000000Z,441026.2006501432,flash,2025-10-04T06:33:18.761865000Z,1993360323.0286028,flash,2025-10-04T07:01:30.396501000Z,496577.0615289953,flash,2025-10-04T06:29:42.180057000Z,2244440376.374068,flash,2025-10-04T06:42:36.051710000Z,-55550.86087885208,-251080053.34546494,2025-10-03
eth,2025-10-04T00:00:00.000000000Z,166845.83364864957,flash,2025-10-05T03:20:20.394347000Z,748929017.0672872,flash,2025-10-05T03:49:00.869046000Z,275131.0600182313,flash,2025-10-05T03:16:34.903858000Z,1234994184.979473,flash,2025-10-05T03:30:26.085181000Z,-108285.22636958171,-486065167.9121859,2025-10-04
eth,2025-10-05T00:00:00.000000000Z,196828.4406011204,flash,2025-10-06T02:13:22.186930000Z,889289372.6390845,flash,2025-10-06T02:41:44.744441000Z,191788.07303599195,flash,2025-10-06T02:09:06.714875000Z,866516518.7965491,flash,2025-10-06T02:23:18.762910000Z,5040.3675651284575,22772853.842535377,2025-10-05
eth,2025-10-06T00:00:00.000000000Z,651835.0398062816,flash,2025-10-07T04:44:34.904070000Z,3060876883.1461487,flash,2025-10-07T05:12:25.691523000Z,697962.4978939134,flash,2025-10-07T04:41:16.046165000Z,3277481486.33024,flash,2025-10-07T04:53:18.517839000Z,-46127.45808763185,-216604603.1840911,2025-10-06
eth,2025-10-07T00:00:00.000000000Z,581721.941243654,flash,2025-10-08T03:12:06.500156000Z,2596814036.445344,flash,2025-10-08T03:40:48.847919000Z,537104.2516075015,flash,2025-10-08T03:08:35.050926000Z,2397640110.7150893,flash,2025-10-08T03:21:52.416609000Z,44617.68963615247,199173925.73025465,2025-10-07
eth,2025-10-08T00:00:00.000000000Z,744383.1507584013,flash,2025-10-09T02:38:11.737089000Z,3371454370.1456823,flash,2025-10-09T03:09:18.178090000Z,905311.9010445088,flash,2025-10-09T02:34:12.714000000Z,4100331612.8417306,flash,2025-10-09T02:48:21.683280000Z,-160928.75028610753,-728877242.6960483,2025-10-08
eth,2025-10-09T00:00:00.000000000Z,595376.7954469298,flash,2025-10-10T04:37:54.625595000Z,2601146410.7153726,flash,2025-10-10T05:07:32.847661000Z,574780.0461244682,flash,2025-10-10T04:34:15.789295000Z,2511161109.0001655,flash,2025-10-10T04:48:38.483256000Z,20596.749322461546,89985301.7152071,2025-10-09
eth,2025-10-10T00:00:00.000000000Z,618496.4704133203,flash,2025-10-11T05:11:24.943860000Z,2391773839.510101,flash,2025-10-11T08:38:58.246903000Z,650841.7218384997,flash,2025-10-11T05:11:24.812075000Z,2516855436.4017076,flash,2025-10-11T08:08:56.800341000Z,-32345.251425179304,-125081596.89160681,2025-10-10
eth,2025-10-11T00:00:00.000000000Z,667697.7312136964,flash,2025-10-12T04:38:46.452575000Z,2503792908.132164,flash,2025-10-12T05:09:58.458605000Z,675267.7521020166,flash,2025-10-12T04:35:07.808959000Z,2532179652.205917,flash,2025-10-12T04:50:12.758608000Z,-7570.02088832017,-28386744.07375288,2025-10-11
eth,2025-10-12T00:00:00.000000000Z,323309.4800550612,flash,2025-10-13T03:42:17.724290000Z,1340952416.833796,flash,2025-10-13T04:10:27.478991000Z,336056.89692994335,flash,2025-10-13T03:38:47.955071000Z,1393823367.180968,flash,2025-10-13T03:51:43.928457000Z,-12747.416874882125,-52870950.34717202,2025-10-12
eth,2025-10-13T00:00:00.000000000Z,482428.2706367059,flash,2025-10-14T05:04:37.921564000Z,2050101497.1346805,flash,2025-10-14T05:32:47.044639000Z,746703.7252353556,flash,2025-10-14T05:00:59.624222000Z,3173152400.460861,flash,2025-10-14T05:13:58.282502000Z,-264275.45459864964,-1123050903.3261807,2025-10-13
eth,2025-10-14T00:00:00.000000000Z,1002994.6835322662,flash,2025-10-15T03:38:08.936131000Z,4147563711.965365,flash,2025-10-15T04:05:52.463887000Z,974937.7645170685,flash,2025-10-15T03:34:34.948348000Z,4031543297.2138414,flash,2025-10-15T03:46:56.720970000Z,28056.919015197665,116020414.7515235,2025-10-14
eth,2025-10-15T00:00:00.000000000Z,576600.3551549959,flash,2025-10-16T03:45:15.412452000Z,2297330033.79626,flash,2025-10-16T04:15:24.969357000Z,695698.4173027899,flash,2025-10-16T03:41:47.806744000Z,2771848567.635026,flash,2025-10-16T03:56:13.684246000Z,-119098.06214779394,-474518533.8387661,2025-10-15
eth,2025-10-16T00:00:00.000000000Z,496401.4916704597,flash,2025-10-17T19:22:14.682237000Z,1931054734.1995747,flash,2025-10-17T19:49:28.818129000Z,508370.48950762354,flash,2025-10-17T19:18:22.062295000Z,1977615412.0478663,flash,2025-10-17T19:30:39.372100000Z,-11968.997837163857,-46560677.848291636,2025-10-16
eth,2025-10-17T00:00:00.000000000Z,574867.6706111146,flash,2025-10-18T06:23:17.125193000Z,2206662437.348257,flash,2025-10-18T06:48:47.163733000Z,570604.5477777425,flash,2025-10-18T06:19:51.192581000Z,2190298196.4922647,flash,2025-10-18T06:32:18.320514000Z,4263.122833372094,16364240.855992317,2025-10-17
eth,2025-10-18T00:00:00.000000000Z,121936.04867398592,flash,2025-10-19T06:21:28.724952000Z,474168824.84942824,flash,2025-10-19T06:48:36.852555000Z,131917.6550677297,flash,2025-10-19T06:17:27.575218000Z,512983979.393966,flash,2025-10-19T06:31:10.106113000Z,-9981.606393743787,-38815154.54453778,2025-10-18
eth,2025-10-19T00:00:00.000000000Z,175384.6505647323,flash,2025-10-20T09:11:35.319420000Z,699476034.9990034,flash,2025-10-20T09:35:53.559300000Z,130890.04570268432,flash,2025-10-20T09:08:18.828552000Z,522020883.2081366,flash,2025-10-20T09:19:24.781414000Z,44494.60486204797,177455151.7908668,2025-10-19
eth,2025-10-20T00:00:00.000000000Z,439695.6578711236,flash,2025-10-21T02:00:43.649654000Z,1750932826.7531865,flash,2025-10-21T02:25:42.183528000Z,425120.2307506356,flash,2025-10-21T01:18:42.373506000Z,1692891330.6584232,flash,2025-10-21T02:01:26.863764000Z,14575.427120487962,58041496.09476328,2025-10-20
eth,2025-10-21T00:00:00.000000000Z,451988.1254418677,flash,2025-10-22T02:10:25.145425000Z,1754347617.2363076,flash,2025-10-22T02:35:50.493971000Z,454963.6677463164,flash,2025-10-22T01:28:06.696349000Z,1765896893.1087484,flash,2025-10-22T02:11:06.422005000Z,-2975.542304448725,-11549275.872440815,2025-10-21
eth,2025-10-22T00:00:00.000000000Z,361984.0373060569,flash,2025-10-23T01:59:00.532702000Z,1375198139.0156128,flash,2025-10-23T02:27:20.501381000Z,412133.2277454826,flash,2025-10-23T01:15:41.811373000Z,1565717792.5304108,flash,2025-10-23T02:00:37.308074000Z,-50149.1904394257,-190519653.51479793,2025-10-22
eth,2025-10-23T00:00:00.000000000Z,441484.01103085134,flash,2025-10-24T02:32:00.373209000Z,1702404593.0198517,flash,2025-10-24T02:55:27.424203000Z,625148.4279113879,flash,2025-10-24T01:48:58.722433000Z,2410632159.7252927,flash,2025-10-24T02:32:41.716468000Z,-183664.41688053653,-708227566.705441,2025-10-23
eth,2025-10-24T00:00:00.000000000Z,417418.5925775472,flash,2025-10-25T02:00:33.224230000Z,1641678618.4795997,flash,2025-10-25T02:27:51.783701000Z,402765.3109946949,flash,2025-10-25T01:17:35.230637000Z,1584048269.7292373,flash,2025-10-25T02:01:12.943709000Z,14653.281582852302,57630348.750362396,2025-10-24
eth,2025-10-25T00:00:00.000000000Z,119402.5855614898,flash,2025-10-26T01:54:22.461497000Z,472239689.0712392,flash,2025-10-26T02:18:04.720568000Z,117028.16525592974,flash,2025-10-26T01:11:25.228589000Z,462848807.7804427,flash,2025-10-26T01:55:08.451205000Z,2374.4203055600665,9390881.290796459,2025-10-25
eth,2025-10-26T00:00:00.000000000Z,241300.11668986897,flash,2025-10-27T01:41:56.291329000Z,1005319552.8769548,flash,2025-10-27T02:04:38.831859000Z,435947.5244544517,flash,2025-10-27T00:59:04.152739000Z,1816271688.445335,flash,2025-10-27T01:42:42.250962000Z,-194647.40776458272,-810952135.5683801,2025-10-26
eth,2025-10-27T00:00:00.000000000Z,453485.3162009439,flash,2025-10-28T02:11:44.620526000Z,1867867353.8991249,flash,2025-10-28T02:38:53.815419000Z,411357.02517586976,flash,2025-10-28T01:55:18.625240000Z,1694344514.96683,flash,2025-10-28T02:38:37.102187000Z,42128.29102507414,173522838.93229485,2025-10-27
eth,2025-10-28T00:00:00.000000000Z,402387.2942552069,flash,2025-10-29T01:56:10.473532000Z,1603258916.7903154,flash,2025-10-29T02:19:59.382958000Z,626731.683009172,flash,2025-10-29T01:39:41.035041000Z,2497129441.125375,flash,2025-10-29T02:19:44.053830000Z,-224344.3887539651,-893870524.3350594,2025-10-28
eth,2025-10-29T00:00:00.000000000Z,500137.14748744393,flash,2025-10-30T02:13:58.269666000Z,1951957427.186522,flash,2025-10-30T02:38:48.669967000Z,459372.2504939553,flash,2025-10-30T02:13:57.728589000Z,1792858380.345713,flash,2025-10-30T02:38:05.147902000Z,40764.896993488655,159099046.8408091,2025-10-29
eth,2025-10-30T00:00:00.000000000Z,431166.3054529917,flash,2025-10-31T01:54:22.182431000Z,1634587013.898774,flash,2025-10-31T02:19:29.895578000Z,450737.7621858964,flash,2025-10-31T01:54:21.707293000Z,1708784020.0518343,flash,2025-10-31T02:18:39.732156000Z,-19571.456732904713,-74197006.15306044,2025-10-30
eth,2025-10-31T00:00:00.000000000Z,493936.4363245268,flash,2025-11-01T02:10:22.552481000Z,1902220901.7339876,flash,2025-11-01T02:36:00.036549000Z,501008.6609657856,flash,2025-11-01T02:10:22.100556000Z,1929457065.2259269,flash,2025-11-01T02:35:06.997804000Z,-7072.224641258828,-27236163.491939306,2025-10-31
eth,2025-11-01T00:00:00.000000000Z,264524.0802415387,flash,2025-11-02T01:47:55.189228000Z,1024157164.0404272,flash,2025-11-02T02:13:02.820705000Z,421201.2525730165,flash,2025-11-02T01:47:54.768488000Z,1630763747.223178,flash,2025-11-02T02:12:19.421301000Z,-156677.1723314778,-606606583.1827507,2025-11-01
eth,2025-11-02T00:00:00.000000000Z,94678.7336155564,flash,2025-11-03T02:01:15.042342000Z,368581217.6893056,flash,2025-11-03T02:28:51.696474000Z,124481.9637892808,flash,2025-11-03T02:01:14.604754000Z,484604219.3605182,flash,2025-11-03T02:28:11.034080000Z,-29803.230173724398,-116023001.67121261,2025-11-02
eth,2025-11-03T00:00:00.000000000Z,569351.1011622521,flash,2025-11-04T01:50:50.430824000Z,2047206726.856652,flash,2025-11-04T02:00:20.850520000Z,584891.4644848084,flash,2025-11-04T01:33:46.479394000Z,2103084964.84862,flash,2025-11-04T01:58:56.368163000Z,-15540.363322556252,-55878237.99196792,2025-11-03
eth,2025-11-04T00:00:00.000000000Z,921913.7522721,flash,2025-11-05T02:22:21.619185000Z,3026385695.38919,flash,2025-11-05T02:35:01.092672000Z,885323.1470536317,flash,2025-11-05T02:05:20.724557000Z,2906268944.8299446,flash,2025-11-05T02:31:45.515021000Z,36590.605218468234,120116750.55924559,2025-11-04
eth,2025-11-05T00:00:00.000000000Z,688914.9996216549,flash,2025-11-06T01:43:27.126221000Z,2361611932.853524,flash,2025-11-06T01:53:46.260967000Z,838104.9978814936,flash,2025-11-06T01:27:04.515757000Z,2873037697.057129,flash,2025-11-06T01:52:01.832529000Z,-149189.9982598388,-511425764.2036047,2025-11-05
eth,2025-11-06T00:00:00.000000000Z,628288.5321297189,flash,2025-11-07T02:20:10.536516000Z,2075656046.01074,flash,2025-11-07T02:47:51.338958000Z,609763.3324079433,flash,2025-11-07T02:20:10.485863000Z,2014454956.320756,flash,2025-11-07T02:47:46.586166000Z,18525.1997217756,61201089.68998408,2025-11-06
eth,2025-11-07T00:00:00.000000000Z,410930.48889781913,flash,2025-11-08T02:17:12.393433000Z,1412805987.4535496,flash,2025-11-08T02:43:22.923503000Z,430391.9346004474,flash,2025-11-08T02:17:12.365792000Z,1479715714.903859,flash,2025-11-08T02:43:17.781144000Z,-19461.44570262829,-66909727.45030928,2025-11-07
eth,2025-11-08T00:00:00.000000000Z,151522.3916586066,flash,2025-11-09T02:15:32.912221000Z,515979624.7725772,flash,2025-11-09T02:42:12.439918000Z,129623.96654729715,flash,2025-11-09T02:15:32.884911000Z,441408856.3972879,flash,2025-11-09T02:42:07.645603000Z,21898.425111309436,74570768.37528932,2025-11-08
eth,2025-11-09T00:00:00.000000000Z,196579.8858673996,flash,2025-11-10T01:48:02.493915000Z,703049864.9660746,flash,2025-11-10T02:12:40.187058000Z,203714.5881042581,flash,2025-11-10T01:48:02.472344000Z,728566470.706603,flash,2025-11-10T02:12:35.255246000Z,-7134.702236858488,-25516605.740528464,2025-11-09
eth,2025-11-10T00:00:00.000000000Z,450583.1250981263,flash,2025-11-11T02:26:51.675486000Z,1608847176.2638123,flash,2025-11-11T02:54:43.028613000Z,443226.3357699264,flash,2025-11-11T02:26:51.639758000Z,1582579104.7854044,flash,2025-11-11T02:54:37.892441000Z,7356.789328199928,26268071.47840786,2025-11-10
eth,2025-11-11T00:00:00.000000000Z,341621.09153420624,flash,2025-11-12T02:00:48.378654000Z,1168249491.9251,flash,2025-11-12T02:25:33.580098000Z,324423.2431891948,flash,2025-11-12T02:00:48.343160000Z,1109437614.9972584,flash,2025-11-12T02:25:28.580909000Z,17197.848345011414,58811876.92784166,2025-11-11
eth,2025-11-12T00:00:00.000000000Z,376680.469665601,flash,2025-11-13T02:19:30.488707000Z,1284680541.8441138,flash,2025-11-13T02:46:12.484776000Z,404212.7764470266,flash,2025-11-13T02:19:30.454281000Z,1378580336.6106973,flash,2025-11-13T02:46:07.266597000Z,-27532.306781425606,-93899794.76658344,2025-11-12
eth,2025-11-13T00:00:00.000000000Z,479998.42445235915,flash,2025-11-14T02:10:11.767682000Z,1558886125.4707332,flash,2025-11-14T02:35:39.448804000Z,621126.5125115922,flash,2025-11-14T02:10:11.742705000Z,2017226418.2347283,flash,2025-11-14T02:35:35.031464000Z,-141128.0880592331,-458340292.7639952,2025-11-13
eth,2025-11-14T00:00:00.000000000Z,836641.1281378819,flash,2025-11-15T01:48:28.006617000Z,2603900592.959111,flash,2025-11-15T02:14:47.101984000Z,798695.3810312458,flash,2025-11-15T01:48:27.837336000Z,2485801027.843108,flash,2025-11-15T02:14:47.000774000Z,37945.74710663606,118099565.11600304,2025-11-14
eth,2025-11-15T00:00:00.000000000Z,128207.26806900608,flash,2025-11-16T01:24:12.540727000Z,406407479.9824503,flash,2025-11-16T01:51:00.156327000Z,119919.47628071948,flash,2025-11-16T01:24:12.118413000Z,380135797.9941569,flash,2025-11-16T01:51:00.047949000Z,8287.791788286602,26271681.98829341,2025-11-15
eth,2025-11-16T00:00:00.000000000Z,188454.2506386718,flash,2025-11-17T01:45:26.610965000Z,582419290.8662516,flash,2025-11-17T02:12:33.853171000Z,169339.90240147215,flash,2025-11-17T01:45:26.196880000Z,523346252.67288566,flash,2025-11-17T02:12:33.754131000Z,19114.34823719965,59073038.19336593,2025-11-16
eth,2025-11-17T00:00:00.000000000Z,559311.6903795575,flash,2025-11-18T01:30:15.177342000Z,1688069086.181006,flash,2025-11-18T01:57:41.089107000Z,539999.8848420173,flash,2025-11-18T01:30:14.902276000Z,1629783764.2630284,flash,2025-11-18T01:57:40.976784000Z,19311.805537540233,58285321.91797757,2025-11-17
eth,2025-11-18T00:00:00.000000000Z,882778.513549401,flash,2025-11-19T02:16:50.922424000Z,2752008624.9163103,flash,2025-11-19T02:41:18.929264000Z,780396.9311128525,flash,2025-11-19T01:56:57.055886000Z,2432840233.781477,flash,2025-11-19T02:22:30.605900000Z,102381.58243654843,319168391.13483334,2025-11-18
eth,2025-11-19T00:00:00.000000000Z,693496.3954873207,flash,2025-11-20T01:57:15.410357000Z,2091191835.270232,flash,2025-11-20T02:21:39.179094000Z,687818.9883844521,flash,2025-11-20T01:38:01.044623000Z,2074071995.201444,flash,2025-11-20T02:01:02.057481000Z,5677.407102868659,17119840.06878805,2025-11-19
eth,2025-11-20T00:00:00.000000000Z,594356.6123886529,flash,2025-11-21T02:02:29.694247000Z,1690810438.6070745,flash,2025-11-21T02:28:10.214773000Z,618045.1813405084,flash,2025-11-21T01:42:43.776577000Z,1758199071.667776,flash,2025-11-21T02:06:59.334498000Z,-23688.56895185553,-67388633.06070161,2025-11-20
eth,2025-11-21T00:00:00.000000000Z,748235.8484069207,flash,2025-11-22T01:47:13.151713000Z,2062913767.2566729,flash,2025-11-22T02:13:45.050739000Z,739404.2286272873,flash,2025-11-22T01:28:10.657420000Z,2038564666.5428112,flash,2025-11-22T01:52:25.515830000Z,8831.619779633358,24349100.713861704,2025-11-21
eth,2025-11-22T00:00:00.000000000Z,223629.44490083784,flash,2025-11-23T01:39:23.831190000Z,619929041.6411661,flash,2025-11-23T02:25:04.348738000Z,374242.8590968719,flash,2025-11-23T02:20:22.740286000Z,1037448432.0875068,flash,2025-11-23T02:49:47.281598000Z,-150613.41419603408,-417519390.4463407,2025-11-22
eth,2025-11-23T00:00:00.000000000Z,127573.88151232938,flash,2025-11-24T15:40:05.407664000Z,357496078.14935017,flash,2025-11-24T15:40:41.164693000Z,155443.82061840023,flash,2025-11-24T15:40:05.381716000Z,435595088.7820134,flash,2025-11-24T15:40:41.122147000Z,-27869.93910607086,-78099010.63266325,2025-11-23
eth,2025-11-24T00:00:00.000000000Z,558112.6250403224,flash,2025-11-25T02:18:38.104095000Z,1651265921.78211,flash,2025-11-25T02:43:59.101760000Z,546532.3347531212,flash,2025-11-25T01:57:44.215138000Z,1617003771.3528516,flash,2025-11-25T02:22:54.892547000Z,11580.290287201176,34262150.42925835,2025-11-24
eth,2025-11-25T00:00:00.000000000Z,345270.9579843024,flash,2025-11-26T02:03:17.108171000Z,1022877177.3432028,flash,2025-11-26T02:28:22.239853000Z,372816.067656374,flash,2025-11-26T02:03:17.341273000Z,1104480519.2386963,flash,2025-11-26T02:29:44.581042000Z,-27545.109672071587,-81603341.8954935,2025-11-25
eth,2025-11-26T00:00:00.000000000Z,388046.45038669975,flash,2025-11-27T02:16:58.025170000Z,1173591369.9291792,flash,2025-11-27T02:42:54.576681000Z,440641.0981717716,flash,2025-11-27T02:16:58.259848000Z,1332656411.4558177,flash,2025-11-27T02:44:29.707412000Z,-52594.647785071866,-159065041.5266385,2025-11-26
eth,2025-11-27T00:00:00.000000000Z,212240.2128568064,flash,2025-11-28T02:09:45.129189000Z,639912745.2027521,flash,2025-11-28T02:33:12.859889000Z,230654.3635635452,flash,2025-11-28T02:09:45.428677000Z,695432147.3495849,flash,2025-11-28T02:34:37.997432000Z,-18414.150706738787,-55519402.146832824,2025-11-27
eth,2025-11-28T00:00:00.000000000Z,349201.6074334924,flash,2025-11-29T02:30:41.396668000Z,1059977585.994417,flash,2025-11-29T02:56:35.330381000Z,354204.28481500235,flash,2025-11-29T02:30:41.653041000Z,1075162870.888536,flash,2025-11-29T02:58:10.791619000Z,-5002.677381509973,-15185284.894119024,2025-11-28
eth,2025-11-29T00:00:00.000000000Z,178935.24172154802,flash,2025-11-30T01:45:15.851056000Z,535254008.7880511,flash,2025-11-30T02:12:08.049179000Z,180386.7945934219,flash,2025-11-30T01:45:16.071047000Z,539596079.6186109,flash,2025-11-30T02:13:30.080758000Z,-1451.5528718738642,-4342070.8305597305,2025-11-29
eth,2025-11-30T00:00:00.000000000Z,82587.5703628438,flash,2025-12-01T02:46:51.997476000Z,247978285.6922868,flash,2025-12-01T03:11:03.052333000Z,84603.53738102043,flash,2025-12-01T02:46:52.317434000Z,254031448.9344464,flash,2025-12-01T03:12:46.643685000Z,-2015.9670181766269,-6053163.242159605,2025-11-30
eth,2025-12-01T00:00:00.000000000Z,455345.5680606229,flash,2025-12-02T01:50:26.787795000Z,1277149261.2303872,flash,2025-12-02T02:14:17.850673000Z,468785.7587169646,flash,2025-12-02T01:50:27.010190000Z,1314846190.26969,flash,2025-12-02T02:15:46.170571000Z,-13440.190656341729,-37696929.039302826,2025-12-01
eth,2025-12-02T00:00:00.000000000Z,441216.81167822896,flash,2025-12-09T13:19:42.810429000Z,1325141485.9904356,flash,2025-12-09T14:10:38.729964000Z,492743.3248109469,flash,2025-12-09T14:09:49.995718000Z,1479895154.4213445,flash,2025-12-09T14:10:38.856597000Z,-51526.513132717926,-154753668.43090892,2025-12-02
eth,2025-12-03T00:00:00.000000000Z,529355.2086578456,flash,2025-12-09T15:51:43.114948000Z,1688512106.7014368,flash,2025-12-09T15:53:52.781275000Z,528761.0419917908,flash,2025-12-09T15:53:05.525858000Z,1686616862.0856788,flash,2025-12-09T15:53:52.836955000Z,594.1666660548653,1895244.6157579422,2025-12-03
eth,2025-12-04T00:00:00.000000000Z,446135.48275613616,flash,2025-12-09T16:57:40.683676000Z,1399295214.3836908,flash,2025-12-09T17:15:33.294993000Z,485004.51594685327,flash,2025-12-09T17:14:46.244827000Z,1521207176.6322105,flash,2025-12-09T17:15:33.349898000Z,-38869.033190717106,-121911962.24851966,2025-12-04
eth,2025-12-05T00:00:00.000000000Z,354013.52610772086,flash,2025-12-09T18:45:09.174669000Z,1069634871.10571,flash,2025-12-09T18:47:29.486530000Z,368497.20684638736,flash,2025-12-09T18:46:37.197548000Z,1113396617.0208244,flash,2025-12-09T18:47:29.555251000Z,-14483.680738666502,-43761745.9151144,2025-12-05
eth,2025-12-06T00:00:00.000000000Z,84132.64538994945,flash,2025-12-09T19:40:32.373687000Z,255444860.6250128,flash,2025-12-09T20:00:13.506876000Z,109315.42133364263,flash,2025-12-09T19:56:44.345773000Z,331905200.85646474,flash,2025-12-09T20:00:13.557485000Z,-25182.77594369318,-76460340.23145196,2025-12-06
eth,2025-12-07T00:00:00.000000000Z,142763.76889463325,flash,2025-12-09T23:25:12.952138000Z,435157619.1363567,flash,2025-12-10T04:53:46.991926000Z,150793.51746096936,flash,2025-12-09T22:02:07.430443000Z,459633060.59776354,flash,2025-12-09T23:53:42.669501000Z,-8029.748566336115,-24475441.461406827,2025-12-07
eth,2025-12-08T00:00:00.000000000Z,245444.29453712728,flash,2025-12-10T14:23:52.034384000Z,767049093.4830384,flash,2025-12-10T17:53:57.581311000Z,269985.9086916305,flash,2025-12-10T13:22:26.197508000Z,843745204.6121349,flash,2025-12-10T14:50:34.437347000Z,-24541.614154503244,-76696111.12909651,2025-12-08
eth,2025-12-09T00:00:00.000000000Z,457711.6766931948,flash,2025-12-10T20:40:45.248185000Z,1522319632.1171048,flash,2025-12-10T21:16:57.347712000Z,352274.00367393496,flash,2025-12-10T19:31:24.904476000Z,1171640705.23984,flash,2025-12-10T21:00:35.292658000Z,105437.67301925982,350678926.87726474,2025-12-09
eth,2025-12-10T00:00:00.000000000Z,534399.960793188,flash,2025-12-11T02:38:27.877388000Z,1779449438.7739055,flash,2025-12-11T03:16:00.343295000Z,546271.5313916744,flash,2025-12-11T01:39:20.481862000Z,1818979493.3934584,flash,2025-12-11T03:03:06.111984000Z,-11871.570598486462,-39530054.61955285,2025-12-10
eth,2025-12-11T00:00:00.000000000Z,379060.2372669444,flash,2025-12-12T01:06:29.940587000Z,1227199343.433034,flash,2025-12-12T02:00:18.796159000Z,445158.8150066588,flash,2025-12-12T01:31:58.985627000Z,1441192063.3998892,flash,2025-12-12T02:08:03.436716000Z,-66098.57773971441,-213992719.9668553,2025-12-11
eth,2025-12-12T00:00:00.000000000Z,475672.69219354185,flash,2025-12-13T01:07:32.842865000Z,1468781509.5437803,flash,2025-12-13T02:03:02.790749000Z,653291.0187925191,flash,2025-12-13T01:33:42.609595000Z,2017231143.3910353,flash,2025-12-13T02:11:29.816089000Z,-177618.32659897726,-548449633.847255,2025-12-12
eth,2025-12-13T00:00:00.000000000Z,97467.56734450649,flash,2025-12-14T01:06:59.615205000Z,303598478.415886,flash,2025-12-14T02:03:01.986825000Z,93394.89457901272,flash,2025-12-14T01:32:00.487534000Z,290912645.69863576,flash,2025-12-14T02:11:13.795847000Z,4072.6727654937713,12685832.717250228,2025-12-13
eth,2025-12-14T00:00:00.000000000Z,207172.81456486363,flash,2025-12-15T12:34:22.102033000Z,634092974.5766997,flash,2025-12-15T13:30:14.583578000Z,236949.77575145304,flash,2025-12-15T13:00:40.215134000Z,725231196.2218367,flash,2025-12-15T13:39:27.165448000Z,-29776.96118658941,-91138221.64513695,2025-12-14
eth,2025-12-15T00:00:00.000000000Z,457852.8900368372,flash,2025-12-16T06:34:50.172666000Z,1356258190.7675507,flash,2025-12-16T07:31:03.167152000Z,481854.26021315256,flash,2025-12-16T06:59:57.579836000Z,1427355382.8998375,flash,2025-12-16T07:39:07.614733000Z,-24001.370176315366,-71097192.13228679,2025-12-15
eth,2025-12-16T00:00:00.000000000Z,455357.9705088316,flash,2025-12-17T02:32:36.540950000Z,1347074149.4420936,flash,2025-12-17T03:13:00.262257000Z,480312.87574870366,flash,2025-12-17T01:32:32.949217000Z,1420897624.4387977,flash,2025-12-17T03:02:45.913465000Z,-24954.905239872052,-73823474.9967041,2025-12-16
eth,2025-12-17T00:00:00.000000000Z,426664.167543977,flash,2025-12-20T04:02:44.431453000Z,1206046063.1186607,flash,2025-12-20T04:18:03.242205000Z,384451.112324104,flash,2025-12-20T04:16:54.540378000Z,1086722967.970552,flash,2025-12-20T04:18:03.297771000Z,42213.05521987297,119323095.14810872,2025-12-17
eth,2025-12-18T00:00:00.000000000Z,395355.25451570854,flash,2025-12-20T05:00:56.707329000Z,1117501091.4841824,flash,2025-12-20T05:15:56.672998000Z,453312.4180097191,flash,2025-12-20T05:15:02.561437000Z,1281321333.4668536,flash,2025-12-20T05:15:56.723106000Z,-57957.16349401057,-163820241.98267126,2025-12-18
eth,2025-12-19T00:00:00.000000000Z,593157.4177560192,flash,2025-12-23T14:52:51.447353000Z,1767889354.285845,flash,2025-12-23T15:07:03.823561000Z,538168.9635822017,flash,2025-12-23T15:06:17.687840000Z,1603997780.4262507,flash,2025-12-23T15:07:03.876617000Z,54988.454173817416,163891573.85959435,2025-12-19
eth,2025-12-20T00:00:00.000000000Z,68149.74421401035,flash,2025-12-23T15:48:26.845759000Z,202776747.68334067,flash,2025-12-23T16:00:03.162409000Z,80319.43571491913,flash,2025-12-23T15:59:20.327296000Z,238987161.8429958,flash,2025-12-23T16:00:03.224626000Z,-12169.691500908782,-36210414.159655124,2025-12-20
eth,2025-12-21T00:00:00.000000000Z,113593.62369551948,flash,2025-12-23T16:41:00.212630000Z,340887330.3867009,flash,2025-12-23T16:52:15.626786000Z,103923.33216502264,flash,2025-12-23T16:51:37.378044000Z,311867392.8528108,flash,2025-12-23T16:52:15.687756000Z,9670.291530496834,29019937.533890128,2025-12-21
eth,2025-12-22T00:00:00.000000000Z,373799.3290151848,flash,2025-12-23T17:34:19.853270000Z,1123179567.1892781,flash,2025-12-23T17:46:25.682852000Z,370484.55575001286,flash,2025-12-23T17:45:44.468414000Z,1113219448.7184525,flash,2025-12-23T17:46:25.726956000Z,3314.7732651719125,9960118.470825672,2025-12-22
eth,2025-12-23T00:00:00.000000000Z,378310.7017916311,flash,2025-12-24T02:35:28.156851000Z,1121031223.571904,flash,2025-12-24T03:14:21.480064000Z,418081.5589545076,flash,2025-12-24T01:46:53.119594000Z,1238882430.1506689,flash,2025-12-24T03:06:24.754620000Z,-39770.85716287646,-117851206.57876492,2025-12-23
eth,2025-12-24T00:00:00.000000000Z,270233.45220365043,flash,2025-12-25T02:09:41.593325000Z,796305430.858347,flash,2025-12-25T02:45:53.787273000Z,275906.3318738097,flash,2025-12-25T01:19:24.802615000Z,813021884.1808965,flash,2025-12-25T02:38:47.960711000Z,-5672.879670159251,-16716453.322549462,2025-12-24
eth,2025-12-25T00:00:00.000000000Z,119007.54195198028,flash,2025-12-26T02:07:53.924207000Z,345742424.6640072,flash,2025-12-26T02:46:27.189173000Z,121335.98199196132,flash,2025-12-26T01:19:40.151653000Z,352507042.1991936,flash,2025-12-26T02:38:31.485142000Z,-2328.44003998104,-6764617.53518641,2025-12-25
eth,2025-12-26T00:00:00.000000000Z,478947.5417216188,flash,2025-12-27T02:29:08.650029000Z,1401441399.8481045,flash,2025-12-27T03:07:21.239037000Z,368657.26327220735,flash,2025-12-27T01:40:37.773538000Z,1078722628.468296,flash,2025-12-27T03:01:01.852854000Z,110290.27844941145,322718771.3798084,2025-12-26
eth,2025-12-27T00:00:00.000000000Z,69467.00563584601,flash,2025-12-28T02:08:20.970875000Z,204393151.065971,flash,2025-12-28T02:45:53.703865000Z,84154.09403325571,flash,2025-12-28T01:20:52.118603000Z,247607051.68042308,flash,2025-12-28T02:38:11.783637000Z,-14687.088397409694,-43213900.614452094,2025-12-27
eth,2025-12-28T00:00:00.000000000Z,136488.09888476215,flash,2025-12-29T02:16:52.847578000Z,402105497.4872876,flash,2025-12-29T02:54:13.589946000Z,116514.346409652,flash,2025-12-29T01:21:57.968434000Z,343261131.26548815,flash,2025-12-29T02:46:03.250190000Z,19973.752475110145,58844366.22179943,2025-12-28
eth,2025-12-29T00:00:00.000000000Z,339483.47301324154,flash,2025-12-30T03:43:51.887708000Z,996012680.5170848,flash,2025-12-30T04:23:32.791554000Z,352603.0008553531,flash,2025-12-30T02:50:49.261350000Z,1034504145.1446733,flash,2025-12-30T04:14:52.969435000Z,-13119.527842111536,-38491464.62758851,2025-12-29
eth,2025-12-30T00:00:00.000000000Z,255584.4518197584,flash,2025-12-31T02:13:41.805489000Z,758881224.160964,flash,2025-12-31T02:52:50.288085000Z,267506.0587978442,flash,2025-12-31T01:23:46.808174000Z,794278853.5280112,flash,2025-12-31T02:44:19.764329000Z,-11921.606978085823,-35397629.36704719,2025-12-30
eth,2025-12-31T00:00:00.000000000Z,460202.2109551349,flash,2026-01-01T02:13:02.481562000Z,1365939074.5875287,flash,2026-01-01T02:50:50.064317000Z,398331.8601327188,flash,2026-01-01T01:23:17.067546000Z,1182299953.055764,flash,2026-01-01T02:42:42.274835000Z,61870.350822416076,183639121.53176475,2025-12-31
eth,2026-01-01T00:00:00.000000000Z,120475.15703361,flash,2026-01-02T02:17:47.398533000Z,361532550.94834447,flash,2026-01-02T02:55:49.510274000Z,151872.12121147785,flash,2026-01-02T01:24:33.052880000Z,455751349.5019057,flash,2026-01-02T02:47:55.400500000Z,-31396.96417786785,-94218798.55356121,2026-01-01
eth,2026-01-02T00:00:00.000000000Z,351312.332853,flash,2026-01-03T03:16:32.953842000Z,1097591763.5536149,flash,2026-01-03T03:55:23.833219000Z,386730.6540716232,flash,2026-01-03T02:23:32.569518000Z,1208247877.8230884,flash,2026-01-03T03:47:29.689733000Z,-35418.3212186232,-110656114.26947355,2026-01-02
eth,2026-01-03T00:00:00.000000000Z,251358.04368277025,flash,2026-01-04T02:48:57.103103000Z,785555648.309111,flash,2026-01-04T03:26:47.671459000Z,110244.88316643365,flash,2026-01-04T01:49:58.767630000Z,344542348.4353222,flash,2026-01-04T03:18:15.133008000Z,141113.16051633662,441013299.8737888,2026-01-03
eth,2026-01-04T00:00:00.000000000Z,124621.45337020802,flash,2026-01-05T02:26:11.091205000Z,391325999.9387804,flash,2026-01-05T03:05:08.750741000Z,229955.7760407184,flash,2026-01-05T01:27:45.946143000Z,722088144.2740805,flash,2026-01-05T02:56:24.966674000Z,-105334.32267051037,-330762144.3353001,2026-01-04
eth,2026-01-05T00:00:00.000000000Z,440821.75871173415,flash,2026-01-06T02:28:19.913852000Z,1423701768.6770992,flash,2026-01-06T03:06:56.575086000Z,457279.3208243325,flash,2026-01-06T01:28:39.350310000Z,1476854000.4459977,flash,2026-01-06T03:00:14.628941000Z,-16457.56211259833,-53152231.76889849,2026-01-05
eth,2026-01-06T00:00:00.000000000Z,492160.9779333151,flash,2026-01-07T02:27:08.556945000Z,1619720420.377849,flash,2026-01-07T03:06:23.097256000Z,494027.2675044419,flash,2026-01-07T01:29:47.064888000Z,1625862450.0474625,flash,2026-01-07T02:58:20.630483000Z,-1866.2895711268065,-6142029.669613361,2026-01-06
eth,2026-01-07T00:00:00.000000000Z,499494.8476433592,flash,2026-01-08T02:31:14.419216000Z,1580116207.1530745,flash,2026-01-08T03:12:11.682215000Z,495616.0158502693,flash,2026-01-08T01:31:13.587478000Z,1567845800.3410745,flash,2026-01-08T03:03:45.340660000Z,3878.831793089921,12270406.812000036,2026-01-07
eth,2026-01-08T00:00:00.000000000Z,476157.63220337307,flash,2026-01-09T02:25:29.187784000Z,1480425382.348396,flash,2026-01-09T03:04:24.045441000Z,476458.6852181055,flash,2026-01-09T01:27:02.139113000Z,1481361388.6082976,flash,2026-01-09T02:57:33.730008000Z,-301.0530147324316,-936006.2599015236,2026-01-08
eth,2026-01-09T00:00:00.000000000Z,402196.8665483687,flash,2026-01-10T02:23:24.663778000Z,1240778645.5542037,flash,2026-01-10T03:02:04.443972000Z,400206.7384689697,flash,2026-01-10T01:28:41.059902000Z,1234639093.9360435,flash,2026-01-10T02:55:32.711966000Z,1990.1280793990009,6139551.618160248,2026-01-09
eth,2026-01-10T00:00:00.000000000Z,113297.52708692275,flash,2026-01-11T02:29:12.257809000Z,349189246.5301816,flash,2026-01-11T03:13:27.483526000Z,137092.27775088634,flash,2026-01-11T01:30:07.323329000Z,422525984.49224097,flash,2026-01-11T03:04:42.747079000Z,-23794.750663963583,-73336737.96205938,2026-01-10
eth,2026-01-11T00:00:00.000000000Z,147787.38680324337,flash,2026-01-12T02:17:11.386458000Z,459995145.49728006,flash,2026-01-12T02:55:35.291320000Z,106418.21263795834,flash,2026-01-12T01:23:11.800146000Z,331231658.29523844,flash,2026-01-12T02:48:55.783985000Z,41369.17416528503,128763487.20204163,2026-01-11
eth,2026-01-12T00:00:00.000000000Z,373258.1473585049,flash,2026-01-13T02:44:46.612649000Z,1153768138.0267138,flash,2026-01-13T03:00:36.043178000Z,394648.4671296703,flash,2026-01-13T02:44:46.688756000Z,1219887175.451152,flash,2026-01-13T03:24:24.895781000Z,-21390.319771165436,-66119037.42443824,2026-01-12
eth,2026-01-13T00:00:00.000000000Z,418426.79960665543,flash,2026-01-14T02:33:17.773957000Z,1390138750.4580352,flash,2026-01-14T02:49:05.551566000Z,431385.3074538626,flash,2026-01-14T02:33:17.844681000Z,1433190782.3151045,flash,2026-01-14T03:12:19.614504000Z,-12958.507847207191,-43052031.857069254,2026-01-13
eth,2026-01-14T00:00:00.000000000Z,465616.78331028135,flash,2026-01-15T02:41:27.829020000Z,1562842094.4886208,flash,2026-01-15T03:00:25.821736000Z,512301.23519948754,flash,2026-01-15T02:41:27.902876000Z,1719538393.2170973,flash,2026-01-15T03:24:19.907346000Z,-46684.45188920619,-156696298.72847652,2026-01-14
eth,2026-01-15T00:00:00.000000000Z,437678.22764598345,flash,2026-01-16T02:40:33.354425000Z,1450702384.295478,flash,2026-01-16T03:18:40.915908000Z,410786.0094998108,flash,2026-01-16T02:40:32.937668000Z,1361567027.4981503,flash,2026-01-16T03:18:18.900643000Z,26892.218146172643,89135356.79732776,2026-01-15
eth,2026-01-16T00:00:00.000000000Z,338997.1851316053,flash,2026-01-17T03:53:24.806737000Z,1117135962.5569155,flash,2026-01-17T04:31:32.236276000Z,369643.204408478,flash,2026-01-17T03:53:24.288846000Z,1218127273.8272908,flash,2026-01-17T04:31:10.241157000Z,-30646.019276872685,-100991311.27037525,2026-01-16
eth,2026-01-17T00:00:00.000000000Z,115506.2114857446,flash,2026-01-18T02:25:43.936929000Z,381970415.98570526,flash,2026-01-18T03:04:05.924892000Z,118267.22911078036,flash,2026-01-18T02:25:43.142551000Z,391100895.09339327,flash,2026-01-18T03:03:44.825341000Z,-2761.0176250357617,-9130479.10768801,2026-01-17
eth,2026-01-18T00:00:00.000000000Z,82167.69117525293,flash,2026-01-19T02:28:51.158400000Z,271312043.5684862,flash,2026-01-19T03:09:29.272273000Z,97828.95041341172,flash,2026-01-19T02:28:50.236028000Z,323024440.3510361,flash,2026-01-19T03:09:05.286363000Z,-15661.25923815879,-51712396.78254986,2026-01-18
eth,2026-01-19T00:00:00.000000000Z,221296.03395838852,flash,2026-01-20T02:25:46.632024000Z,704850573.6349672,flash,2026-01-20T03:03:27.858736000Z,256635.54410131308,flash,2026-01-20T02:25:45.991863000Z,817410539.3544742,flash,2026-01-20T03:03:03.391151000Z,-35339.510142924555,-112559965.71950698,2026-01-19
eth,2026-01-20T00:00:00.000000000Z,483487.94201205514,flash,2026-01-21T02:42:40.121242000Z,1420399318.5732555,flash,2026-01-21T03:25:14.328543000Z,424854.4791816458,flash,2026-01-21T02:42:39.759798000Z,1248144907.6290689,flash,2026-01-21T03:24:50.288952000Z,58633.46283040935,172254410.9441867,2026-01-20
eth,2026-01-21T00:00:00.000000000Z,512321.6074728929,flash,2026-01-22T02:31:53.543768000Z,1532853743.6417384,flash,2026-01-22T03:14:37.804986000Z,518348.999096058,flash,2026-01-22T02:31:53.100730000Z,1550887552.2478929,flash,2026-01-22T03:14:17.188152000Z,-6027.391623165109,-18033808.60615444,2026-01-21
eth,2026-01-22T00:00:00.000000000Z,521667.05416157225,flash,2026-01-23T02:24:50.109267000Z,1537818632.2925272,flash,2026-01-23T03:02:35.802908000Z,523163.2956975823,flash,2026-01-23T02:24:49.607217000Z,1542229392.1711328,flash,2026-01-23T03:02:12.334050000Z,-1496.2415360100567,-4410759.878605604,2026-01-22
eth,2026-01-23T00:00:00.000000000Z,299374.93993845,flash,2026-01-24T02:28:34.553867000Z,883633461.8541903,flash,2026-01-24T03:07:43.455041000Z,339612.98258039315,flash,2026-01-24T02:28:34.099381000Z,1002399852.0044376,flash,2026-01-24T03:07:21.798338000Z,-40238.042641943146,-118766390.15024722,2026-01-23
eth,2026-01-24T00:00:00.000000000Z,101614.42902424908,flash,2026-01-25T02:26:06.057481000Z,299829841.0251075,flash,2026-01-25T03:03:52.890913000Z,86491.97958235802,flash,2026-01-25T02:26:05.474884000Z,255208603.1201009,flash,2026-01-25T03:03:29.087848000Z,15122.449441891062,44621237.90500662,2026-01-24
eth,2026-01-25T00:00:00.000000000Z,221873.4094479628,flash,2026-01-26T02:28:05.923122000Z,622759975.1807848,flash,2026-01-26T03:06:16.571304000Z,244714.03244658836,flash,2026-01-26T02:28:04.718523000Z,686869621.5197879,flash,2026-01-26T03:05:54.961142000Z,-22840.622998625564,-64109646.339003086,2026-01-25
eth,2026-01-26T00:00:00.000000000Z,590306.7996127225,flash,2026-01-27T01:37:48.157198000Z,1729704863.7879252,flash,2026-01-27T02:19:54.671629000Z,521787.6777618857,flash,2026-01-27T01:37:24.700412000Z,1528931539.8051677,flash,2026-01-27T01:52:06.471978000Z,68519.12185083679,200773323.98275757,2026-01-26
eth,2026-01-27T00:00:00.000000000Z,287263.29853987537,flash,2026-01-28T01:37:19.426474000Z,868346410.0186512,flash,2026-01-28T02:20:01.305405000Z,394009.0979022408,flash,2026-01-28T01:36:54.305073000Z,1191020180.500384,flash,2026-01-28T01:52:32.954027000Z,-106745.79936236545,-322673770.48173285,2026-01-27
eth,2026-01-28T00:00:00.000000000Z,410494.77292177,flash,2026-01-29T01:43:45.758842000Z,1234948832.9905827,flash,2026-01-29T02:27:17.344844000Z,408280.45455113304,flash,2026-01-29T01:43:21.610249000Z,1228287189.364225,flash,2026-01-29T01:58:36.891761000Z,2214.31837063696,6661643.626357794,2026-01-28
eth,2026-01-29T00:00:00.000000000Z,300845.8896361564,flash,2026-01-30T01:43:25.131148000Z,847944643.8743979,flash,2026-01-30T02:30:50.862444000Z,348601.24752112565,flash,2026-01-30T01:42:52.747918000Z,982544787.4357347,flash,2026-01-30T02:00:11.663021000Z,-47755.35788496927,-134600143.56133687,2026-01-29
eth,2026-01-30T00:00:00.000000000Z,495570.91787911823,flash,2026-01-31T01:41:28.823001000Z,1337863303.72963,flash,2026-01-31T02:22:55.851231000Z,465627.2470649226,flash,2026-01-31T01:41:01.897373000Z,1257026158.2959988,flash,2026-01-31T01:55:40.387728000Z,29943.670814195648,80837145.43363118,2026-01-30
eth,2026-01-31T00:00:00.000000000Z,563510.4676140512,flash,2026-02-01T01:38:59.803280000Z,1377356618.812898,flash,2026-02-01T02:26:39.291745000Z,591125.2023248029,flash,2026-02-01T01:38:30.624141000Z,1444853745.870113,flash,2026-02-01T01:56:49.862037000Z,-27614.734710751683,-67497127.05721498,2026-01-31
eth,2026-02-01T00:00:00.000000000Z,415268.9112638108,flash,2026-02-02T01:53:19.185487000Z,942754774.0977193,flash,2026-02-02T02:36:50.924101000Z,443722.8338120744,flash,2026-02-02T01:52:48.140326000Z,1007351642.7690196,flash,2026-02-02T02:08:19.759961000Z,-28453.922548263567,-64596868.67130029,2026-02-01
eth,2026-02-02T00:00:00.000000000Z,924565.6201522975,flash,2026-02-03T02:13:07.742891000Z,2168674492.1385984,flash,2026-02-03T02:55:32.973795000Z,858744.5124465495,flash,2026-02-03T02:12:42.267412000Z,2014283549.825332,flash,2026-02-03T02:27:41.825626000Z,65821.10770574806,154390942.31326652,2026-02-02
eth,2026-02-03T00:00:00.000000000Z,946298.1931369588,flash,2026-02-04T01:48:25.122515000Z,2111597214.7744608,flash,2026-02-04T02:35:01.863225000Z,1256300.7004372478,flash,2026-02-04T01:47:48.721002000Z,2803345794.3827586,flash,2026-02-04T02:03:57.898067000Z,-310002.507300289,-691748579.6082978,2026-02-03
eth,2026-02-04T00:00:00.000000000Z,705750.6294822043,flash,2026-02-05T01:53:25.912312000Z,1515524236.206324,flash,2026-02-05T02:37:20.966311000Z,703877.4497469469,flash,2026-02-05T01:52:38.182062000Z,1511501782.4259627,flash,2026-02-05T02:08:13.080721000Z,1873.1797352574067,4022453.780361414,2026-02-04
eth,2026-02-05T00:00:00.000000000Z,1025790.2397612128,flash,2026-02-06T01:46:43.002617000Z,1897750068.0627024,flash,2026-02-06T02:31:17.956949000Z,960500.044882328,flash,2026-02-06T01:46:05.669670000Z,1776960780.9623752,flash,2026-02-06T02:02:20.971100000Z,65290.194878884824,120789287.10032725,2026-02-05
eth,2026-02-06T00:00:00.000000000Z,860477.9775458352,flash,2026-02-07T03:12:21.541175000Z,1776092678.743163,flash,2026-02-07T03:56:46.361557000Z,841439.5614682822,flash,2026-02-07T03:11:52.072897000Z,1736795924.738315,flash,2026-02-07T03:27:47.519404000Z,19038.416077552945,39296754.004848,2026-02-06
eth,2026-02-07T00:00:00.000000000Z,405952.08945183805,flash,2026-02-08T01:45:56.245840000Z,846941472.1680813,flash,2026-02-08T08:22:03.230194000Z,442739.5667565992,flash,2026-02-08T01:20:48.611810000Z,923691514.8342384,flash,2026-02-08T08:22:03.678889000Z,-36787.47730476112,-76750042.66615713,2026-02-07
eth,2026-02-08T00:00:00.000000000Z,236624.1922978856,flash,2026-02-09T01:43:12.406781000Z,495446723.78950155,flash,2026-02-09T05:11:41.896004000Z,279030.8364236407,flash,2026-02-09T01:18:24.590494000Z,584238291.105505,flash,2026-02-09T05:11:42.305011000Z,-42406.64412575512,-88791567.31600344,2026-02-08
eth,2026-02-09T00:00:00.000000000Z,599967.6305552167,flash,2026-02-10T01:41:38.207687000Z,1264148407.671418,flash,2026-02-10T03:07:57.928639000Z,654739.9478229681,flash,2026-02-10T01:21:10.667474000Z,1379555196.5250533,flash,2026-02-10T03:07:58.281580000Z,-54772.31726775144,-115406788.85363531,2026-02-09
eth,2026-02-10T00:00:00.000000000Z,549860.4460575863,flash,2026-02-11T01:29:14.031583000Z,1109209802.9814713,flash,2026-02-11T02:23:27.355278000Z,692564.8292913837,flash,2026-02-11T01:48:38.171322000Z,1397081210.98374,flash,2026-02-11T02:26:03.890387000Z,-142704.3832337974,-287871408.0022688,2026-02-10
eth,2026-02-11T00:00:00.000000000Z,369304.93489705416,flash,2026-02-12T01:11:53.636869000Z,716473122.6756133,flash,2026-02-12T02:09:05.576915000Z,413842.35250346264,flash,2026-02-12T01:33:30.617819000Z,802878311.5942677,flash,2026-02-12T02:11:55.793666000Z,-44537.417606408475,-86405188.91865444,2026-02-11
eth,2026-02-12T00:00:00.000000000Z,605825.481132252,flash,2026-02-13T01:18:24.220043000Z,1178243619.180456,flash,2026-02-13T02:12:15.369491000Z,520225.5711127164,flash,2026-02-13T01:39:05.440529000Z,1011764078.580014,flash,2026-02-13T02:16:28.496990000Z,85599.91001953563,166479540.60044193,2026-02-12
eth,2026-02-13T00:00:00.000000000Z,632806.2605014974,flash,2026-02-14T01:09:01.965621000Z,1296311430.0491967,flash,2026-02-14T02:02:45.832991000Z,522841.5508442554,flash,2026-02-14T01:29:29.894822000Z,1071047365.9456671,flash,2026-02-14T02:06:07.088762000Z,109964.709657242,225264064.10352957,2026-02-13
eth,2026-02-14T00:00:00.000000000Z,130177.34884064316,flash,2026-02-15T01:09:17.235217000Z,271633188.3956317,flash,2026-02-15T02:03:21.150770000Z,121176.57236892868,flash,2026-02-15T01:29:18.052517000Z,252851813.3498,flash,2026-02-15T02:05:52.448987000Z,9000.776471714475,18781375.04583168,2026-02-14
eth,2026-02-15T00:00:00.000000000Z,337933.3639163112,flash,2026-02-16T01:07:55.993975000Z,662444720.6043112,flash,2026-02-16T01:59:09.980179000Z,311695.0510937599,flash,2026-02-16T01:26:38.457679000Z,611010225.9292959,flash,2026-02-16T02:02:25.872901000Z,26238.312822551292,51434494.67501533,2026-02-15
eth,2026-02-16T00:00:00.000000000Z,227673.0422800177,flash,2026-02-17T01:07:39.129930000Z,454524634.834384,flash,2026-02-17T02:02:27.874678000Z,220457.43907660004,flash,2026-02-17T01:27:29.252854000Z,440119462.49470246,flash,2026-02-17T02:05:52.693316000Z,7215.603203417646,14405172.339681566,2026-02-16
eth,2026-02-17T00:00:00.000000000Z,473812.7485813191,flash,2026-02-18T01:07:49.335752000Z,944039064.7463464,flash,2026-02-18T02:01:32.790975000Z,456350.4068770865,flash,2026-02-18T01:27:17.153084000Z,909246559.0991169,flash,2026-02-18T02:04:44.769828000Z,17462.34170423262,34792505.64722943,2026-02-17
eth,2026-02-18T00:00:00.000000000Z,329907.1227458049,flash,2026-02-19T01:09:30.122890000Z,643937129.0358452,flash,2026-02-19T02:01:33.292921000Z,388707.497990084,flash,2026-02-19T01:28:38.882120000Z,758708051.5484993,flash,2026-02-19T02:04:14.763885000Z,-58800.3752442791,-114770922.51265419,2026-02-18
eth,2026-02-19T00:00:00.000000000Z,411464.14693716256,flash,2026-02-20T01:09:42.954380000Z,801475158.9061213,flash,2026-02-20T02:01:19.948234000Z,397431.5094748682,flash,2026-02-20T01:30:01.191125000Z,774141525.0435288,flash,2026-02-20T02:04:15.469911000Z,14032.63746229437,27333633.86259246,2026-02-19
eth,2026-02-20T00:00:00.000000000Z,506771.1748324102,flash,2026-02-21T01:10:38.057582000Z,996872178.9544328,flash,2026-02-21T02:03:15.209192000Z,505493.6870533312,flash,2026-02-21T01:29:42.329940000Z,994359226.1876552,flash,2026-02-21T02:06:05.474625000Z,1277.4877790790051,2512952.7667776346,2026-02-20
eth,2026-02-21T00:00:00.000000000Z,104215.11207746089,flash,2026-02-22T01:07:51.634965000Z,205776891.44329983,flash,2026-02-22T02:03:23.957913000Z,105463.87820596927,flash,2026-02-22T01:27:27.966903000Z,208242629.9234652,flash,2026-02-22T02:06:17.595301000Z,-1248.7661285083886,-2465738.4801653624,2026-02-21
eth,2026-02-22T00:00:00.000000000Z,146655.37148686248,flash,2026-02-23T01:07:50.738233000Z,286387456.38204396,flash,2026-02-23T02:01:44.089084000Z,139695.7547030682,flash,2026-02-23T01:26:57.063106000Z,272796771.4456714,flash,2026-02-23T02:06:04.660942000Z,6959.616783794278,13590684.936372578,2026-02-22
eth,2026-02-23T00:00:00.000000000Z,445160.160911138,flash,2026-02-24T01:31:24.106885000Z,826579834.7074846,flash,2026-02-24T02:09:18.692526000Z,492386.6181862732,flash,2026-02-24T01:34:11.447182000Z,914270604.6281421,flash,2026-02-24T02:09:19.091778000Z,-47226.45727513521,-87690769.92065752,2026-02-23
eth,2026-02-24T00:00:00.000000000Z,419206.9380156274,flash,2026-02-25T01:45:36.815944000Z,777805157.1942285,flash,2026-02-25T02:23:16.469959000Z,432461.81109207706,flash,2026-02-25T01:46:57.914358000Z,802398520.7621593,flash,2026-02-25T02:23:16.859420000Z,-13254.873076449672,-24593363.567930818,2026-02-24
eth,2026-02-25T00:00:00.000000000Z,595360.4258184612,flash,2026-02-26T01:36:16.327934000Z,1224826952.7521524,flash,2026-02-26T02:15:42.972692000Z,556486.5313024033,flash,2026-02-26T01:38:21.411759000Z,1144852215.2706416,flash,2026-02-26T02:15:43.406749000Z,38873.89451605792,79974737.48151088,2026-02-25
eth,2026-02-26T00:00:00.000000000Z,577430.8841977196,flash,2026-02-27T01:36:21.721846000Z,1171296808.0354223,flash,2026-02-27T02:15:25.082168000Z,626065.5884436348,flash,2026-02-27T01:38:38.513137000Z,1269950474.4774852,flash,2026-02-27T02:15:25.489765000Z,-48634.70424591517,-98653666.44206285,2026-02-26
eth,2026-02-27T00:00:00.000000000Z,386162.1698837933,flash,2026-02-28T01:34:25.084472000Z,745179506.0761145,flash,2026-02-28T02:14:48.508572000Z,423511.37211453455,flash,2026-02-28T01:35:40.293460000Z,817252490.5401702,flash,2026-02-28T02:14:48.959791000Z,-37349.20223074127,-72072984.46405566,2026-02-27
eth,2026-02-28T00:00:00.000000000Z,264282.12281505414,flash,2026-03-01T01:35:14.458681000Z,518914937.86431354,flash,2026-03-01T02:13:22.435279000Z,277306.0374012112,flash,2026-03-01T01:37:07.564342000Z,544487245.8064412,flash,2026-03-01T02:13:22.860963000Z,-13023.914586157072,-25572307.942127645,2026-02-28
eth,2026-03-01T00:00:00.000000000Z,284501.1810390562,flash,2026-03-02T01:36:33.567961000Z,551496033.5963037,flash,2026-03-02T02:12:34.177351000Z,227469.79402938168,flash,2026-03-02T01:37:35.788497000Z,440942595.4296851,flash,2026-03-02T02:12:34.583489000Z,57031.38700967454,110553438.16661859,2026-03-01
eth,2026-03-02T00:00:00.000000000Z,492400.81443949713,flash,2026-03-03T01:34:08.467153000Z,1001143620.068723,flash,2026-03-03T02:08:37.009659000Z,509472.2258141041,flash,2026-03-03T01:35:27.123855000Z,1035853015.5085156,flash,2026-03-03T02:08:37.430920000Z,-17071.41137460695,-34709395.43979263,2026-03-02
eth,2026-03-03T00:00:00.000000000Z,397588.8664481257,flash,2026-03-04T01:52:16.257795000Z,790090763.5547044,flash,2026-03-04T02:27:28.578907000Z,421751.4805447776,flash,2026-03-04T01:53:32.071182000Z,838106842.0521946,flash,2026-03-04T02:27:29.007971000Z,-24162.6140966519,-48016078.49749017,2026-03-03
eth,2026-03-04T00:00:00.000000000Z,639329.3282572225,flash,2026-03-05T01:34:25.884372000Z,1360219690.0512187,flash,2026-03-05T02:17:04.538301000Z,610174.472846886,flash,2026-03-05T01:37:06.121542000Z,1298190612.646247,flash,2026-03-05T02:17:04.959168000Z,29154.855410336517,62029077.40497184,2026-03-04
eth,2026-03-05T00:00:00.000000000Z,465956.03450816486,flash,2026-03-06T01:36:00.515588000Z,967619811.5226548,flash,2026-03-06T02:11:33.227715000Z,569344.5294060039,flash,2026-03-06T01:37:36.340997000Z,1182319801.5168931,flash,2026-03-06T02:11:33.648243000Z,-103388.49489783903,-214699989.99423838,2026-03-05
eth,2026-03-06T00:00:00.000000000Z,492369.7997871232,flash,2026-03-07T01:33:26.702722000Z,976154540.6093348,flash,2026-03-07T02:09:55.979348000Z,507742.4998859864,flash,2026-03-07T01:34:22.845648000Z,1006631899.312933,flash,2026-03-07T02:09:56.389431000Z,-15372.700098863163,-30477358.70359814,2026-03-06
eth,2026-03-07T00:00:00.000000000Z,209767.9538070633,flash,2026-03-08T01:31:25.110680000Z,413323674.96269053,flash,2026-03-08T02:10:45.287347000Z,114020.0963103288,flash,2026-03-08T01:32:20.283603000Z,224663512.09170324,flash,2026-03-08T02:10:45.751877000Z,95747.85749673452,188660162.8709873,2026-03-07
eth,2026-03-08T00:00:00.000000000Z,206113.72832196276,flash,2026-03-09T01:34:24.965278000Z,400460681.1446782,flash,2026-03-09T02:14:38.162937000Z,233039.48960776688,flash,2026-03-09T01:36:50.529690000Z,452775045.6105369,flash,2026-03-09T02:14:38.599567000Z,-26925.761285804125,-52314364.4658587,2026-03-08
eth,2026-03-09T00:00:00.000000000Z,401983.3244265876,flash,2026-03-10T01:37:02.249882000Z,802764025.7559144,flash,2026-03-10T02:08:46.179128000Z,347063.42421054986,flash,2026-03-10T01:37:55.243097000Z,693088530.4989188,flash,2026-03-10T02:08:46.601565000Z,54919.90021603776,109675495.25699568,2026-03-09
eth,2026-03-10T00:00:00.000000000Z,387670.1981518197,flash,2026-03-11T01:36:18.906432000Z,788891074.1081654,flash,2026-03-11T02:14:50.747512000Z,490001.0187026992,flash,2026-03-11T01:37:53.218906000Z,997129600.8858637,flash,2026-03-11T02:14:51.154453000Z,-102330.82055087952,-208238526.77769828,2026-03-10
eth,2026-03-11T00:00:00.000000000Z,367903.2500356,flash,2026-03-12T12:26:29.008202000Z,756323738.5177251,flash,2026-03-12T12:28:01.948979000Z,328555.00867499993,flash,2026-03-12T12:26:29.101089000Z,675432882.0029563,flash,2026-03-12T12:28:02.076730000Z,39348.24136060005,80890856.51476884,2026-03-11
eth,2026-03-12T00:00:00.000000000Z,297577.03542152786,flash,2026-03-13T12:37:10.686905000Z,618644049.554566,flash,2026-03-13T12:38:02.823191000Z,363255.8939914625,flash,2026-03-13T12:37:10.764166000Z,755186289.7118739,flash,2026-03-13T12:38:02.979193000Z,-65678.85856993461,-136542240.15730786,2026-03-12
eth,2026-03-13T00:00:00.000000000Z,452649.0350916216,flash,2026-03-14T01:38:47.770364000Z,946984023.1434416,flash,2026-03-14T02:16:33.222132000Z,487637.3684739956,flash,2026-03-14T01:41:09.739722000Z,1020182881.7311285,flash,2026-03-14T02:16:33.732398000Z,-34988.33338237397,-73198858.5876869,2026-03-13
eth,2026-03-14T00:00:00.000000000Z,105210.12885572092,flash,2026-03-15T01:37:04.919212000Z,220555413.5870085,flash,2026-03-15T02:14:50.015615000Z,99014.90627689681,flash,2026-03-15T01:38:53.276289000Z,207568167.08330053,flash,2026-03-15T02:14:50.452308000Z,6195.222578824105,12987246.503707975,2026-03-14
eth,2026-03-15T00:00:00.000000000Z,141185.34110198024,flash,2026-03-16T01:53:05.062368000Z,307475146.62049776,flash,2026-03-16T02:32:10.427539000Z,147759.85694304184,flash,2026-03-16T01:56:34.322825000Z,321793206.88377285,flash,2026-03-16T02:32:10.910444000Z,-6574.515841061599,-14318060.263275087,2026-03-15
eth,2026-03-16T00:00:00.000000000Z,451485.9081852769,flash,2026-03-17T01:26:13.128446000Z,1061606926.5211184,flash,2026-03-17T02:14:25.644540000Z,438250.85603803315,flash,2026-03-17T01:26:13.299381000Z,1030486524.3609335,flash,2026-03-17T02:15:55.521416000Z,13235.052147243754,31120402.16018486,2026-03-16
eth,2026-03-17T00:00:00.000000000Z,391271.99281734694,flash,2026-03-18T01:27:50.345061000Z,909048190.9547884,flash,2026-03-18T02:17:02.440036000Z,429299.7624968388,flash,2026-03-18T01:27:50.496811000Z,997398688.4802396,flash,2026-03-18T02:19:19.598570000Z,-38027.769679491874,-88350497.52545118,2026-03-17
eth,2026-03-18T00:00:00.000000000Z,521016.5369738183,flash,2026-03-19T01:29:11.822948000Z,1146487941.5857933,flash,2026-03-19T02:16:26.045518000Z,580643.6981650314,flash,2026-03-19T01:29:11.967377000Z,1277696485.7402248,flash,2026-03-19T02:18:43.714445000Z,-59627.16119121306,-131208544.15443158,2026-03-18
eth,2026-03-19T00:00:00.000000000Z,366765.38586544496,flash,2026-03-20T01:30:11.241434000Z,784152226.3108919,flash,2026-03-20T02:24:11.800923000Z,393106.0488671023,flash,2026-03-20T01:30:11.414006000Z,840469126.2454787,flash,2026-03-20T02:26:57.700217000Z,-26340.663001657347,-56316899.93458688,2026-03-19
eth,2026-03-20T00:00:00.000000000Z,433589.78127855127,flash,2026-03-21T01:28:41.624858000Z,930735317.288708,flash,2026-03-21T02:19:15.023208000Z,366410.32275913935,flash,2026-03-21T01:28:41.790351000Z,786529209.7186137,flash,2026-03-21T02:21:08.895805000Z,67179.45851941191,144206107.57009423,2026-03-20
eth,2026-03-21T00:00:00.000000000Z,62193.54107495296,flash,2026-03-22T01:26:36.945476000Z,132136185.76077352,flash,2026-03-22T02:17:13.878850000Z,79008.85091440477,flash,2026-03-22T01:26:37.090704000Z,167861935.8333255,flash,2026-03-22T02:20:47.699649000Z,-16815.30983945181,-35725750.07255198,2026-03-21
eth,2026-03-22T00:00:00.000000000Z,99767.31351300856,flash,2026-03-23T01:47:14.584569000Z,205336349.1944897,flash,2026-03-23T02:42:19.971513000Z,914510.8883905816,flash,2026-03-23T01:47:14.673837000Z,1882202903.020404,flash,2026-03-23T02:44:17.791578000Z,-814743.5748775731,-1676866553.8259144,2026-03-22
